{"type":"FeatureCollection","features":[{"type":"Feature","id":229,"geometry":{"type":"Polygon","coordinates":[[[-6.8382987676729883,34.015164633024881],[-6.8377439757907741,34.013338209435389],[-6.8376542644881413,34.01335727619572],[-6.8382236604923738,34.01519508827792],[-6.8382987676729883,34.015164633024881]]]},"properties":{"arrondissement":"Hassan","PA":"PASP","objectid":229,"shape.STArea()":1688.5786521,"shape.STLength()":435.64532175369987,"Prefecture":"Rabat"}},{"type":"Feature","id":230,"geometry":{"type":"Polygon","coordinates":[[[-6.8399312421483476,34.020518350648913],[-6.8394029586762279,34.018803301989934],[-6.8393395347703674,34.018816272480876],[-6.8398707385323654,34.020539707731047],[-6.8399312421483476,34.020518350648913]]]},"properties":{"arrondissement":"Hassan","PA":"PASP","objectid":230,"shape.STArea()":1183.8999768199999,"shape.STLength()":405.74451059014467,"Prefecture":"Rabat"}},{"type":"Feature","id":231,"geometry":{"type":"Polygon","coordinates":[[[-6.8418349152382927,34.02655139542923],[-6.8418032048695441,34.026562868580029],[-6.8417584802325218,34.026579051296814],[-6.8417223068586077,34.026592139612596],[-6.8416826922755121,34.026606472402328],[-6.8416502593945498,34.026618207250699],[-6.8416044633640976,34.026634777414003],[-6.8415545671632199,34.02665283049982],[-6.8415990484981606,34.026784473828805],[-6.8417625334285557,34.026732645829242],[-6.8417549914586901,34.0266926443648],[-6.8418319724449157,34.026669489778492],[-6.8418944260545391,34.026654446866551],[-6.8418568080988678,34.026543474051358],[-6.8418349152382927,34.02655139542923]]]},"properties":{"arrondissement":"Hassan","PA":"PAS RABAT","objectid":231,"shape.STArea()":420.37931363000001,"shape.STLength()":92.57977104104657,"Prefecture":"Rabat"}},{"type":"Feature","id":232,"geometry":{"type":"Polygon","coordinates":[[[-6.841781674851739,34.026570658610432],[-6.8418418740532552,34.026548877614488],[-6.8418201129247525,34.026483078429877],[-6.8417072886708965,34.026136882149736],[-6.8416970528751531,34.02609491942426],[-6.8414930454643503,34.025438097202112],[-6.8414810241302595,34.025399619980796],[-6.8413808172062751,34.025082940774134],[-6.8413685289866901,34.025045998889091],[-6.8412701377145329,34.024732486800211],[-6.841262000629091,34.024695371803823],[-6.8411599303394537,34.024380207283272],[-6.841148933586318,34.024342033891934],[-6.8410513558000634,34.024028297565096],[-6.8410384382815099,34.023990816336656],[-6.8409983581757103,34.023873624210609],[-6.8409643060203438,34.023765453644053],[-6.8409350150998458,34.023670716740114],[-6.8409252905884506,34.023639101545847],[-6.8405996151480437,34.022596688565272],[-6.8405875741214839,34.022565011578358],[-6.8405042011219699,34.022296414296648],[-6.8404943295087701,34.022259500435254],[-6.8404348105124297,34.02205622849511],[-6.8403723628763666,34.022071381603219],[-6.8404310435814484,34.022271789835635],[-6.8404410111054865,34.022309067858053],[-6.8405250955902668,34.022579954974368],[-6.84053715136187,34.022611673283514],[-6.8408623697041335,34.023652625221644],[-6.8408720746777227,34.023684173906382],[-6.8409014112890345,34.023779057303848],[-6.8409356726448793,34.023887894670757],[-6.8409759586893708,34.024005687800667],[-6.8409886600161922,34.024042543817004],[-6.8410858794426508,34.024355127205943],[-6.8410969520111111,34.024393563077503],[-6.8411985574569512,34.024707293601452],[-6.8412066488413901,34.024744201696258],[-6.841305776374397,34.025060060153983],[-6.8413180816961505,34.025097055058502],[-6.8414181591973007,34.025413323643818],[-6.8414301427782211,34.02545168135579],[-6.8416337091943831,34.026107085589537],[-6.841644021703182,34.026149364896384],[-6.8417574277524578,34.026497345654938],[-6.841781674851739,34.026570658610432]]]},"properties":{"arrondissement":"Hassan","PA":"PAS RABAT","objectid":232,"shape.STArea()":3091.6714108149999,"shape.STLength()":1042.6191322711936,"Prefecture":"Rabat"}},{"type":"Feature","id":233,"geometry":{"type":"Polygon","coordinates":[[[-6.8403080535046366,34.02172663179141],[-6.8402918649524951,34.02167368844912],[-6.8400401467303302,34.021759361299473],[-6.8398933855124362,34.021809461922977],[-6.8398513598822568,34.021823091364809],[-6.8398324540892625,34.021829633407478],[-6.8396638592030152,34.021889483127644],[-6.8394181721310972,34.021976099132054],[-6.8393229149902481,34.022009269185226],[-6.8392358040686272,34.022038130258444],[-6.8392659531413589,34.022087911965656],[-6.8393862811112012,34.022046154981453],[-6.8394815393660924,34.022012985769855],[-6.8397272264791455,34.021926369642493],[-6.8398958213933208,34.021866519837857],[-6.8399147271746257,34.021859976884087],[-6.839956752812709,34.021846347421189],[-6.8401035140563673,34.021796246724158],[-6.8403080535046366,34.02172663179141]]]},"properties":{"arrondissement":"Hassan","PA":"PAS RABAT","objectid":233,"shape.STArea()":632.48885779,"shape.STLength()":222.03002466912744,"Prefecture":"Rabat"}},{"type":"Feature","id":234,"geometry":{"type":"Polygon","coordinates":[[[-6.8403677372330112,34.021877341617618],[-6.8403142714956315,34.021724789953375],[-6.8403085993556676,34.021726171875741],[-6.8402536497636381,34.021744947263478],[-6.8403049798161994,34.02189137632385],[-6.8403677372330112,34.021877341617618]]]},"properties":{"arrondissement":"Hassan","PA":"PAS RABAT","objectid":234,"shape.STArea()":103.75307543,"shape.STLength()":46.567448791178663,"Prefecture":"Rabat"}},{"type":"Feature","id":235,"geometry":{"type":"Polygon","coordinates":[[[-6.8418331090866316,34.021947416160906],[-6.8417059848887929,34.021793408162615],[-6.8414651371880879,34.021953210109864],[-6.8413898947421021,34.022171879827461],[-6.8413154067545587,34.022349731917274],[-6.8413254414854725,34.022362568322393],[-6.8411372153606411,34.022473387895793],[-6.8414161292412841,34.022785384311732],[-6.841052348367862,34.023044361351161],[-6.8413948052277176,34.023357538193203],[-6.8416418790690221,34.023181645818816],[-6.8415182709032623,34.023068607233171],[-6.8418580919043013,34.022826685642784],[-6.8415962138421076,34.022533747440491],[-6.8417676674101848,34.022432336374536],[-6.8416747073648709,34.022313429482622],[-6.8417492038041798,34.022109890801744],[-6.8418888798224415,34.022017888191805],[-6.8418331090866316,34.021947416160906]]]},"properties":{"arrondissement":"Hassan","PA":"PAS RABAT","objectid":235,"shape.STArea()":6082.7449956999999,"shape.STLength()":465.83780102141901,"Prefecture":"Rabat"}},{"type":"Feature","id":236,"geometry":{"type":"Polygon","coordinates":[[[-6.5796865209578081,33.809197985780443],[-6.5795246833687839,33.808294135051753],[-6.5773058045623589,33.808569382184587],[-6.574781546948345,33.808350397097541],[-6.5735213532599532,33.808805172082209],[-6.5695045836757435,33.809873258216321],[-6.5675312445457523,33.810043164547871],[-6.5659025930001729,33.810274712633735],[-6.5641348663135792,33.810554616069403],[-6.5611254834968413,33.811354941870285],[-6.5572766379074796,33.812383051132151],[-6.5592217487317859,33.815090927633833],[-6.5616165518024951,33.815930522665141],[-6.5602198745159086,33.82097855246365],[-6.5593690877240922,33.822412953607774],[-6.5583477335292413,33.823377554197158],[-6.5580301884598322,33.823430442251194],[-6.5563530094371174,33.823654048550573],[-6.5550252315978979,33.824914488274771],[-6.5526402223742739,33.828968672319867],[-6.5547718517336877,33.833113628788723],[-6.5599360695204822,33.833851971172244],[-6.5594729140123826,33.836746983679973],[-6.5591826704287097,33.83945490103229],[-6.5597706895003993,33.841298689236687],[-6.5598583993047699,33.843014859070315],[-6.5598273041671593,33.843664638585459],[-6.5588035385870462,33.843942180574423],[-6.5581388734689554,33.844020854586006],[-6.5565767005281579,33.843453910824898],[-6.5560502458588319,33.843377102168958],[-6.5548377187725864,33.841811417207843],[-6.5521965094340349,33.838301685134283],[-6.5496069932497694,33.835077256270033],[-6.5436354554595528,33.834137140106009],[-6.5427544342489874,33.832929618925071],[-6.5420206063100768,33.830741741838423],[-6.5413170986468625,33.828109411348855],[-6.5406716225625443,33.826197885759086],[-6.5426557065482589,33.825706491573712],[-6.541614938698272,33.821841269669022],[-6.5417012516225599,33.819691781807016],[-6.5417300342695919,33.819092758957886],[-6.5419776152415556,33.817914940685739],[-6.5422000662665409,33.8171021010087],[-6.5446874400243535,33.814615638565179],[-6.5440521439421957,33.80730654119229],[-6.5430685419531285,33.803820094478532],[-6.5429353711058802,33.803117170668166],[-6.5431600459037877,33.803065555351253],[-6.5481483754080347,33.800125243799762],[-6.5486003944697631,33.798961081338838],[-6.561712289431088,33.793506259543925],[-6.5638095991603604,33.791263150369744],[-6.5635600122262447,33.791094651215339],[-6.5628617152412794,33.790811350829749],[-6.5610114473072345,33.792790226384696],[-6.5477126676233057,33.798322734610615],[-6.5472316172697997,33.799561637663317],[-6.5426912937399742,33.802237861784249],[-6.5417174523517305,33.802461579906065],[-6.5420077787676796,33.803994142987882],[-6.5429808464890984,33.80744340164604],[-6.5435782349837277,33.814317378461247],[-6.5412044849685982,33.816690220227393],[-6.5409181424077847,33.817736478266511],[-6.5406533031662804,33.818996329560584],[-6.5406214729833856,33.81965860260712],[-6.5405303806364952,33.82192640172066],[-6.5413799538720276,33.825081738164897],[-6.5393424598415502,33.825586341047909],[-6.5402689022983829,33.828330052111738],[-6.5409721698528251,33.830961603768657],[-6.5417539181070392,33.833292435277087],[-6.5429625100222539,33.83494893878256],[-6.5489614641370979,33.835893394500744],[-6.5512897971243644,33.838792626812648],[-6.5539261680354315,33.842295977836137],[-6.5553988356204975,33.844197587243798],[-6.5562637024986445,33.844323771837473],[-6.5579880704289772,33.844949577486467],[-6.5590482527823353,33.844824087262644],[-6.560877218370603,33.844328251986624],[-6.5609401141526176,33.84301363044483],[-6.5608454515729173,33.841161895070911],[-6.560276110726714,33.83937674505124],[-6.5605472392481401,33.836846870002873],[-6.561087494206383,33.833469653490106],[-6.5612592400133138,33.833126130769067],[-6.5555332640115713,33.83230751423153],[-6.5538291750239859,33.828993981619959],[-6.555931781934075,33.825419762295219],[-6.5569076400445967,33.82449339065861],[-6.5582212181600292,33.824318258138042],[-6.5589162889943999,33.824202491376866],[-6.5602737983049506,33.822920407944821],[-6.5612442694236002,33.821284190561542],[-6.5628740881485603,33.8153932124576],[-6.559966408345959,33.814373827960893],[-6.5589042602058356,33.812895200520217],[-6.5614541150769901,33.812214062872997],[-6.5644004968546978,33.811430492192343],[-6.5660939829066702,33.81116234417933],[-6.5676775266848324,33.810937209237416],[-6.5697262969503374,33.810760806613509],[-6.5739006132739837,33.809650828187571],[-6.5749509029436259,33.8092718034803],[-6.5773262430627728,33.809477865493456],[-6.5796865209578081,33.809197985780443]]]},"properties":{"arrondissement":"Shoul","PA":"Shoul","objectid":236,"shape.STArea()":1486818.9641706049,"shape.STLength()":29939.143261863679,"Prefecture":"Salé"}},{"type":"Feature","id":237,"geometry":{"type":"Polygon","coordinates":[[[-6.4938659615419088,33.826824617701497],[-6.4932062809608491,33.826788076974353],[-6.4920067102066552,33.828251124792068],[-6.4916824593598808,33.828363113763906],[-6.4902241180735345,33.828866775705066],[-6.4884001996682183,33.829716448669949],[-6.4874929254551148,33.830083592586611],[-6.4872720581414942,33.830492205056927],[-6.4892768711851376,33.832592912378004],[-6.488977783048659,33.832944596595013],[-6.4883492876260469,33.834234516289861],[-6.4869616971910258,33.835433229898747],[-6.4862826521688088,33.836673111525535],[-6.4859343542523806,33.837452198731889],[-6.486692555503411,33.8382486828528],[-6.4867085875442658,33.838976777950435],[-6.4846599810953043,33.839220949068775],[-6.4834832930102992,33.839324322953189],[-6.4826116634279849,33.839870722812613],[-6.4825668928362052,33.84060424318114],[-6.4836870604907144,33.841953646634089],[-6.4818019371397195,33.842416833863254],[-6.4801108009819357,33.842522459847636],[-6.4795471959731978,33.84333667615379],[-6.479958989730255,33.843893529391188],[-6.4818708764472737,33.844135273453006],[-6.4833135635442822,33.84406061429933],[-6.4847053445879617,33.843908258887964],[-6.4861732887410772,33.845202264954779],[-6.4862742390301964,33.846832689892523],[-6.4870370470331835,33.847942557712074],[-6.4909743180984183,33.847460875701316],[-6.4928455278828885,33.847560105434447],[-6.4911436943338181,33.851137014456306],[-6.4896680385628196,33.853530806573616],[-6.4889796971452087,33.854517294679475],[-6.4942916411675471,33.854961962055192],[-6.4963716627399144,33.854952301167209],[-6.5017087193745935,33.854838559812052],[-6.504750433776155,33.854387027258369],[-6.5080260494307529,33.85404286723287],[-6.5129667240617035,33.854441089286965],[-6.5241529541845047,33.858528695757954],[-6.5283136412933596,33.858540607190527],[-6.5352117725587782,33.8555183391273],[-6.5350509695190606,33.854755373125769],[-6.5305607626983884,33.849705359494891],[-6.5304844860012228,33.849042632217959],[-6.5292852299157111,33.843186557844255],[-6.527637048062898,33.842831276120101],[-6.5267472230856614,33.840280594995328],[-6.5241252837120909,33.841395294607949],[-6.5223003964602757,33.841429577051009],[-6.5154617240840818,33.836812269009705],[-6.5158919330067802,33.835229907130966],[-6.5141096363950135,33.834392277423852],[-6.5156139405801081,33.830633336469674],[-6.5166543341452448,33.829811717476758],[-6.5159471991881874,33.829128540709625],[-6.5146746633756365,33.830133475777735],[-6.5128019888714856,33.834812735109665],[-6.5146597981067815,33.835685873681051],[-6.5142589360687042,33.837160205182499],[-6.5219286167195571,33.842338631662308],[-6.5243961714233505,33.842292277870712],[-6.5260744611108974,33.841578776954968],[-6.5267712265197924,33.843576086088973],[-6.52833767363337,33.843913757637537],[-6.5294123647631057,33.849161845194239],[-6.5295135653115803,33.850041223231706],[-6.5339638883757702,33.855046469997667],[-6.528048816514711,33.857638007117778],[-6.5243810557699362,33.85762750618278],[-6.5132423894416638,33.85355726471213],[-6.5080103034680601,33.853135554706498],[-6.5045881260271194,33.853495115599479],[-6.5015996186741036,33.853938750744064],[-6.4963548603071803,33.854050523668725],[-6.4943427230937365,33.854059870151893],[-6.4907431499625572,33.853758570135987],[-6.4921289407546272,33.851510507471133],[-6.494399148221623,33.846738809272551],[-6.4909297050353558,33.846554846002803],[-6.4876085020025007,33.846961170038519],[-6.4873403140925108,33.846570965638264],[-6.4872321094154266,33.844823727040612],[-6.4851113192909011,33.842954241380696],[-6.4832096985699863,33.843162411832473],[-6.4824294065187784,33.843202793809397],[-6.4854272948389626,33.842466166897921],[-6.4836623231766826,33.840340070092147],[-6.4838935630149326,33.840195111387658],[-6.4847930099949247,33.840116091915085],[-6.4893351277822138,33.839574676197159],[-6.4871602873296927,33.837290129863931],[-6.4872816734811822,33.837018600538222],[-6.4878676362662491,33.835948658587064],[-6.4892716987777384,33.834735701280515],[-6.4904696291588238,33.832276992826834],[-6.4887613865519267,33.830572565953439],[-6.4888997077873194,33.830516591088063],[-6.4906956795345065,33.829679935725835],[-6.4927169726185214,33.828981841632533],[-6.4941077930192828,33.827285518974811],[-6.4938659615419088,33.826824617701497]]]},"properties":{"arrondissement":"Shoul","PA":"Shoul","objectid":237,"shape.STArea()":1397349.0658640049,"shape.STLength()":27762.208036791806,"Prefecture":"Salé"}},{"type":"Feature","id":238,"geometry":{"type":"Polygon","coordinates":[[[-6.6272477195628232,33.862611587619249],[-6.6269008609799354,33.862440984384115],[-6.6252661229225467,33.861993987112754],[-6.620698664020451,33.861990811106537],[-6.6181755724837235,33.86170495378223],[-6.6178876653909269,33.86119548641669],[-6.6132276011508155,33.862041439469792],[-6.6109370964131742,33.862858010635279],[-6.6088671757117492,33.862774427869127],[-6.6087716219489723,33.86257714524681],[-6.6112935530790278,33.860732522659802],[-6.6104170798259343,33.85958471516102],[-6.6105761750141427,33.856000865746296],[-6.6084411613813412,33.854414084117415],[-6.608272059251564,33.852150654600891],[-6.6072414089114817,33.850723500073038],[-6.6016313296461764,33.848211800641216],[-6.5994192628316641,33.848276452101651],[-6.5974038370143173,33.843838201722392],[-6.5898677032298352,33.845534588401691],[-6.5865509203321002,33.849912028713561],[-6.5790397107016689,33.853490332958479],[-6.5758906856826149,33.854433294065416],[-6.5737111122504901,33.856827027824799],[-6.5728845200568244,33.859389851584339],[-6.5687063228372304,33.862360098762153],[-6.5695308811894586,33.866254542792525],[-6.5692851063849576,33.868642284150162],[-6.5690127673461109,33.872208431285948],[-6.5689173232237987,33.875850342753665],[-6.5688669564971001,33.879455126044441],[-6.5683326660467927,33.880501019651838],[-6.5673546750746725,33.881438092789189],[-6.5673859266958026,33.884478961689133],[-6.5737426415378915,33.88597203890474],[-6.5769021882512924,33.887841272871931],[-6.5804743767961611,33.887743443858135],[-6.5837616183131686,33.887081924848673],[-6.5854324971810509,33.886186346272098],[-6.5884264305538398,33.88459566893404],[-6.5903172636613103,33.883619048409066],[-6.5940581967258778,33.880686485932493],[-6.5942185370135373,33.878622569610819],[-6.5942707581525966,33.878210277409984],[-6.5955675821892923,33.878078724017371],[-6.5985886688878734,33.878193469117228],[-6.5992151941883872,33.878943636893432],[-6.5979322177807145,33.882352068279246],[-6.5978294346722972,33.883540871724854],[-6.6014522267033122,33.885166955549906],[-6.6032210834643665,33.884625015798903],[-6.6072558347280781,33.885504839089364],[-6.6130206362441726,33.887152093545915],[-6.6144037589862243,33.887547263113802],[-6.6193405102480503,33.889762348390633],[-6.621414998312348,33.892236497510574],[-6.6224648702218101,33.893488565145383],[-6.6249994457332333,33.893212120073073],[-6.6283430751083907,33.894545257037741],[-6.6302739378665851,33.894742543191782],[-6.6318644131182491,33.893994434010843],[-6.6292064691397767,33.895965167541434],[-6.6287653844653365,33.897438712765599],[-6.6283807437112827,33.897524372465902],[-6.6284676464547001,33.905478066754952],[-6.6295985964104114,33.907181485924426],[-6.6318058549080865,33.909199692876477],[-6.6332355045301572,33.91064120351291],[-6.6344782068433119,33.9118777117313],[-6.6388570485352707,33.911395136439928],[-6.6415679225153035,33.910292319155388],[-6.6446855983877269,33.910084535400976],[-6.650029729037886,33.910822251426325],[-6.6599699454747014,33.912419560464521],[-6.6603610593122751,33.913186739247884],[-6.6661888652749566,33.915904734663989],[-6.6704114777324186,33.917759825479351],[-6.6730332983837348,33.916569762092522],[-6.6728814386027704,33.919589995523189],[-6.675605706537989,33.921039319485033],[-6.6790422349562464,33.921015193124113],[-6.686380916553774,33.918878536950722],[-6.6895766118795406,33.916695404370941],[-6.6912882099265678,33.914555751603963],[-6.6924032464261822,33.912083720320545],[-6.6905868285617744,33.908715989549293],[-6.6869252515128634,33.906907961685469],[-6.6867251221717305,33.907161644205082],[-6.6861143461888748,33.904401974784527],[-6.6829344975796792,33.896993482563595],[-6.6850833605306637,33.895800097204315],[-6.6856179442921038,33.893623216864022],[-6.6874609638776654,33.888553424021012],[-6.6877118457202842,33.886455534955651],[-6.6870374856419064,33.884687374375865],[-6.6827165645765527,33.881852009792389],[-6.6792673839083605,33.880457080222534],[-6.6772076522171675,33.880965555409496],[-6.6752271370142902,33.880239750023875],[-6.672831566399573,33.880698645619503],[-6.6720008063181604,33.88147385580222],[-6.6710856333334956,33.88112955630379],[-6.6690238661203978,33.879903253714836],[-6.6673317698101977,33.878611659143452],[-6.6664496264060773,33.875255756369462],[-6.6641669594502639,33.874524794512965],[-6.6628138366157073,33.872247045070985],[-6.6600950983135379,33.87085956468615],[-6.6583725844992303,33.870412414697064],[-6.6544233603716627,33.874291682496349],[-6.6554340399963712,33.882474986352435],[-6.6546160173477276,33.884030937978665],[-6.6556554553812175,33.887281687038531],[-6.6530275524268054,33.887011313298501],[-6.6487070259796983,33.88965920847356],[-6.6476932432868887,33.891345293885166],[-6.6392119591606624,33.892666370749403],[-6.6372840076865467,33.888346676208997],[-6.6334766040453346,33.886646389409833],[-6.631369885052564,33.887787816960802],[-6.6313343337084945,33.887745813846976],[-6.6324278789904367,33.883537177211799],[-6.6301324719624368,33.879012165344754],[-6.6312084329713619,33.873441287751952],[-6.6354832924415952,33.870373737454564],[-6.6322905502327263,33.865091725831419],[-6.6272477195628232,33.862611587619249]],[[-6.6586802438039783,33.871436782172054],[-6.659645505565158,33.871687353283157],[-6.6619835577750113,33.872880561230751],[-6.6633855314924988,33.875240568003889],[-6.6655182706841458,33.875923531859293],[-6.6663490059683674,33.879083980172936],[-6.668342461360349,33.880605619472874],[-6.670544271648156,33.881915222055817],[-6.6722787560429921,33.882567752390202],[-6.6734086472848881,33.881513416802932],[-6.6751200910460486,33.881185572476724],[-6.6771350292768581,33.881923985787068],[-6.6791725618208906,33.881420999042355],[-6.6821397285368738,33.882620988365886],[-6.6861077525882342,33.885224802375596],[-6.6866136831542802,33.886551384719091],[-6.686393961282632,33.888388515587074],[-6.6848461529276841,33.893106031344963],[-6.6841470710448432,33.895236562573544],[-6.6835833528574842,33.895549629656138],[-6.6816314220401116,33.896633619735468],[-6.6850666012794102,33.904637277511029],[-6.6855874587131003,33.90699080167407],[-6.6843931829078205,33.907983017726188],[-6.6824296909540024,33.909306970983252],[-6.6821254172321343,33.911017869892184],[-6.6839733210595087,33.912290557950001],[-6.6872618679050468,33.90812230052358],[-6.6897408825209199,33.909346391379295],[-6.691233799660262,33.912114395194109],[-6.69031944458668,33.914141460284242],[-6.6887662109976906,33.916083118734058],[-6.6858434370814335,33.918079795723614],[-6.6788543637368498,33.92011466074748],[-6.6759172889630136,33.920135283394266],[-6.6739883101955133,33.919109063932972],[-6.6741642265748187,33.915609450666793],[-6.6731432834468265,33.915493007185994],[-6.6704031318550356,33.916736798927538],[-6.6667051219393132,33.915112170018595],[-6.6612118728083445,33.91255022400609],[-6.6607401161071476,33.911624873908657],[-6.6502204604107167,33.909934478305438],[-6.6447315282669495,33.909176772050991],[-6.6412776362540153,33.909406961702381],[-6.6385408703088347,33.910520315523506],[-6.6349256035178987,33.910918747085809],[-6.6340668169603711,33.910064243460106],[-6.6326227097319128,33.908608169165731],[-6.6304833579674494,33.906652070076369],[-6.6295492243566558,33.905245119505622],[-6.6296659067320665,33.901181329347814],[-6.6296419981509622,33.89823395072689],[-6.6301747967575135,33.896453958377883],[-6.6337762240390354,33.89378360833048],[-6.6350618095574196,33.893616751834429],[-6.6344055059780276,33.891763700603953],[-6.6300524333608193,33.893811339749874],[-6.6286500525355816,33.89366805022928],[-6.6251768738434933,33.892283253224022],[-6.6229751443321252,33.892523404441214],[-6.6200793355133536,33.889069775122479],[-6.6148380564941078,33.88671806076696],[-6.6075682716450341,33.88464082055831],[-6.6031665371936858,33.883680967416332],[-6.6015361432235657,33.884180491505155],[-6.5989582716765671,33.883023423840456],[-6.5990016313265603,33.882521841946271],[-6.6004057664464755,33.878791391884739],[-6.599170866430109,33.877312805042607],[-6.595526626852986,33.877174398574375],[-6.593285934579753,33.877401692546393],[-6.5931409812804471,33.878546003126999],[-6.5930067894870819,33.880273067751375],[-6.5896557565632525,33.882899958164003],[-6.5878512675416374,33.88383197786105],[-6.5848497003360373,33.885426705152348],[-6.583330540600711,33.88624096206005],[-6.580328295873243,33.886845127688247],[-6.5772307456217698,33.88692996190364],[-6.5742157517964905,33.885146244048563],[-6.5684602318144707,33.883794402181664],[-6.5684394246396449,33.881772290275499],[-6.5692604207396652,33.880985632117522],[-6.5699456361525224,33.879644268342084],[-6.5699983874458159,33.875865448408391],[-6.5700931725102381,33.872246964937723],[-6.5703632759332198,33.868709530659842],[-6.5706201132809561,33.866213998099546],[-6.569878529577899,33.862711668687162],[-6.5738411664950211,33.859894618472026],[-6.5746999444016554,33.857231917710337],[-6.5765575365321789,33.855191782961015],[-6.579493700851728,33.854312555141938],[-6.5873206759946603,33.850583803229249],[-6.5905560822355849,33.846313732847435],[-6.5967400541315744,33.844921732454978],[-6.5986829776036151,33.849200358196683],[-6.6013774549880972,33.849121619014667],[-6.6064687850866894,33.851401073544373],[-6.6072096990379494,33.852427041615286],[-6.6073899883793281,33.854840601134015],[-6.6094771184211725,33.856391819809232],[-6.6093243487689719,33.859832202663313],[-6.6098835216769354,33.860564500551675],[-6.6074817193784536,33.862321216507837],[-6.6081239957949327,33.863647305695181],[-6.6111332270052836,33.863768822720367],[-6.6135578882450696,33.862904427912326],[-6.617276771997548,33.862229341639626],[-6.6174481764053148,33.862532652198723],[-6.6206251383387018,33.862892598911294],[-6.625093044731261,33.862895709566118],[-6.6264527822286414,33.863267511991793],[-6.6314681270300904,33.86573415695301],[-6.6341372649171273,33.870150030820838],[-6.6302038609307479,33.872972506916511],[-6.6290155445130994,33.879124732376141],[-6.6312985521888956,33.883625431134796],[-6.6301768712885334,33.887942116504618],[-6.6310864651739809,33.889016790307359],[-6.6335296645768631,33.887693078011857],[-6.6364131662436794,33.888980774052783],[-6.6385159158684779,33.893692179314939],[-6.6484193710789805,33.8921495957009],[-6.6495570542226003,33.890257423740564],[-6.6533216346279787,33.88795024223738],[-6.6571131203694582,33.888340300386822],[-6.6557584042534055,33.884103785719397],[-6.6565388669047092,33.882619234491813],[-6.6555461319779603,33.874582092239102],[-6.6586802438039783,33.871436782172054]]]},"properties":{"arrondissement":"Shoul","PA":"Shoul","objectid":238,"shape.STArea()":4401146.996352125,"shape.STLength()":86172.486127167082,"Prefecture":"Salé"}},{"type":"Feature","id":239,"geometry":{"type":"Polygon","coordinates":[[[-6.5302352802201558,33.88572425861183],[-6.528706262507213,33.886362999750695],[-6.527942677016509,33.886373511690877],[-6.5263135107432717,33.888057379690103],[-6.5266992583498027,33.888512128056256],[-6.5269372795158471,33.88884879448041],[-6.5284664714793212,33.887268255614849],[-6.5289703474547398,33.887261316886146],[-6.5306339469221202,33.886566357228716],[-6.5342046706224206,33.885685009183376],[-6.53495742018863,33.8865873951449],[-6.5365233679161898,33.886363240886567],[-6.5382666652225589,33.885808598253384],[-6.5401716678981154,33.883523826377491],[-6.5429938894050315,33.880561139041184],[-6.542866270548223,33.876653569858661],[-6.5420004828103924,33.876105444618148],[-6.542294231113666,33.875263100494536],[-6.5424517670698483,33.873816918727158],[-6.5425872065974948,33.87128145410346],[-6.543003276470583,33.870407269312587],[-6.5435307366509203,33.869749920112049],[-6.5447943115016534,33.869383954835179],[-6.5471238670754586,33.86797125652425],[-6.5483602670605299,33.866552240413618],[-6.5493756832305614,33.865950721555826],[-6.5512143588457556,33.867681328597989],[-6.5643598309271862,33.869381207910521],[-6.562716538389993,33.867031370484433],[-6.5624003629022916,33.8667309648214],[-6.5622202114280901,33.864916344590348],[-6.5621068103397375,33.863864042018598],[-6.5616551634544118,33.861541205118002],[-6.5602993456611118,33.858716749223667],[-6.5601630247988609,33.857366508473],[-6.5618061113574635,33.857354252449028],[-6.5676509127515761,33.857276910787213],[-6.5701678294773469,33.856002554871516],[-6.5721685331167023,33.854794210169075],[-6.5761926555374561,33.852131007584362],[-6.5771010834097172,33.849391159038589],[-6.5771102103605417,33.848716111436985],[-6.5783426653010766,33.847794198602074],[-6.5791837488427047,33.847091031056891],[-6.580358048667331,33.846160423787147],[-6.5838030674779322,33.840845039888329],[-6.5849633099826921,33.840647475022386],[-6.5876210442873715,33.838991087347509],[-6.587117597255844,33.834036000364634],[-6.5839052187807967,33.831483407937824],[-6.5805078092213423,33.828903851311658],[-6.5793866750535699,33.828995304653581],[-6.5752190347723527,33.827718750293073],[-6.5728050223739105,33.827680879399168],[-6.5708974996584111,33.827396631895461],[-6.5685568658073272,33.826883153623257],[-6.5674967005532228,33.827209708869965],[-6.5668099089325818,33.826018823617666],[-6.5667715467945937,33.825959363547973],[-6.5675079635579507,33.825580391003044],[-6.5692089713458799,33.824576333309686],[-6.5701437396629752,33.824063150370009],[-6.5718567922116176,33.823841408202355],[-6.572662174899575,33.824496163309234],[-6.573782925846114,33.825199845250047],[-6.5753055094242887,33.825411457149407],[-6.5759923115054777,33.825863063071573],[-6.578338550889316,33.825950183033314],[-6.5791511192808683,33.825839435795018],[-6.5806108926620546,33.826194572148104],[-6.5827188619093926,33.825022407601558],[-6.5832777956557154,33.824700063485828],[-6.5856256159941777,33.824696090307377],[-6.5856611756485393,33.824152655249925],[-6.5881323503690163,33.825008156776647],[-6.5881074105281803,33.82317988406389],[-6.5878964742289527,33.823179674059887],[-6.5877254282797022,33.823560104456156],[-6.5874470283668094,33.823794555576697],[-6.5864239170182719,33.823440358262282],[-6.5859598876812937,33.823829568029709],[-6.5858832047283631,33.823521812711448],[-6.5856726746529208,33.823142208859039],[-6.5850603821919851,33.822888173565445],[-6.5846487055079415,33.823087637448367],[-6.584604015053575,33.823770502867845],[-6.5840091526147528,33.823926473712994],[-6.5836753237359789,33.823797541763298],[-6.5829397967122185,33.823798779996594],[-6.5821121070807296,33.824276117077602],[-6.5809551545334166,33.824919462336425],[-6.5806508003101145,33.825264898343512],[-6.5792185324918302,33.824916450493085],[-6.5782748077274951,33.825045074486297],[-6.5763878245310172,33.824975009683158],[-6.5757564675817495,33.82455986181229],[-6.5742212371573627,33.824346494667921],[-6.5733668082280206,33.823810029558899],[-6.5722242986516415,33.822881198880658],[-6.5697460984301088,33.823201987835873],[-6.5685999143938547,33.823831236273868],[-6.5669118304123026,33.824827661518235],[-6.5653370000852718,33.825638083667741],[-6.5658468609537408,33.826428374776576],[-6.5669491141670582,33.828339682012889],[-6.5686115221960293,33.82782763218998],[-6.5706647995883705,33.82827806829971],[-6.5726992385576173,33.82858122822428],[-6.5750171719052375,33.828617594372275],[-6.5792461107412832,33.829912916982927],[-6.5801354468716058,33.829840373344538],[-6.5831689087564103,33.832143597899737],[-6.5860754143958049,33.834453165893692],[-6.5864934624935154,33.838568230414516],[-6.5845103203656405,33.839804179501655],[-6.5830924885983562,33.840045601878032],[-6.5794891099940269,33.845605266576655],[-6.5784289408736623,33.84644542020569],[-6.577598832211895,33.847139407267512],[-6.5760347812219653,33.848309350661594],[-6.5760218661051155,33.849263723547942],[-6.5752448385879854,33.851607182889374],[-6.5715154243848328,33.854075324243844],[-6.569569513851258,33.855250571779209],[-6.5673406764921261,33.856379067956347],[-6.5617927190671725,33.856452475503566],[-6.5589880682112112,33.85647338279604],[-6.5592357361537728,33.858926820704447],[-6.5606072082582392,33.861783965974432],[-6.5610335428091462,33.863976753457074],[-6.5611431456548894,33.864993931747478],[-6.5613524240176933,33.867102180294665],[-6.561835290144967,33.867560969761506],[-6.5622821867340173,33.868200035516288],[-6.5517650139313384,33.866839947594983],[-6.5499070480552746,33.865091183738372],[-6.5491199193354541,33.864996136529129],[-6.547589915620053,33.865902488172196],[-6.5463498804503226,33.867325666336022],[-6.5442882722342537,33.868575869269641],[-6.5428338441380998,33.868997105902622],[-6.5420408722259165,33.869985340596294],[-6.5415152327774617,33.871089709591793],[-6.5413727716846939,33.873756006505467],[-6.541226918081315,33.875094798677772],[-6.5407972340341543,33.87632689735355],[-6.5410229761826066,33.87661877704857],[-6.5417995732218452,33.877110443072993],[-6.5419023088898172,33.880257334755903],[-6.5393036075426103,33.882985337945584],[-6.5375694368090222,33.885065204754852],[-6.5362364996308751,33.885489285495012],[-6.5354523102729711,33.885601539466606],[-6.5346464307952079,33.884635458004041],[-6.5302352802201558,33.88572425861183]]]},"properties":{"arrondissement":"Shoul","PA":"Shoul","objectid":239,"shape.STArea()":1544737.99516461,"shape.STLength()":31286.409919192196,"Prefecture":"Salé"}},{"type":"Feature","id":240,"geometry":{"type":"Polygon","coordinates":[[[-6.7172384604902922,33.998276751806308],[-6.7171374410667086,33.998373310772337],[-6.7171372330128554,33.998373514977835],[-6.7170428831816382,33.998474983861428],[-6.7169579365994494,33.998581546784834],[-6.716884644980742,33.998693738356451],[-6.7168845413954266,33.998693905388784],[-6.7168232496256897,33.998811188098493],[-6.7167745469048015,33.998932496979023],[-6.7167388045764529,33.999056895611695],[-6.7167193102255318,33.99916995114598],[-6.7167192856864766,33.99917011824931],[-6.7167129690994267,33.999284379074474],[-6.7167199286351904,33.999398614914199],[-6.7167400951084382,33.99951175778115],[-6.7167732793205763,33.999622751767674],[-6.7168191036389073,33.999730396840405],[-6.7168191764569869,33.999730557509366],[-6.7168773436631675,33.999834173163663],[-6.7169837680192819,34.000002074408471],[-6.7170485557873221,34.000092309731677],[-6.7171194741522369,34.000191083484872],[-6.7173282407979045,34.000494247404028],[-6.7174030160533871,34.000628686253471],[-6.7174628928939883,34.000766065770307],[-6.717492668369311,34.000857183051579],[-6.7175132566460896,34.000950344960131],[-6.7175320712630286,34.001094795739803],[-6.7175351483318524,34.001205491883042],[-6.7175816324127888,34.002877939280211],[-6.7186327895673044,34.001730205964755],[-6.7186134751938553,34.001035620938765],[-6.7185853774048123,34.000819914980404],[-6.7185493281857394,34.000656796671798],[-6.7184959083287366,34.000493329936504],[-6.7184049606859109,34.000284668667852],[-6.7182908996895181,34.000079601846899],[-6.7180537982595503,33.999735298531675],[-6.7179778205971212,33.999629479903739],[-6.7179278208155422,33.999559840557957],[-6.7178188991079075,33.999388001730765],[-6.7177954584133701,33.999309603627069],[-6.7177992552538939,33.999240857626916],[-6.7178233088202859,33.999157138607373],[-6.7178700430348082,33.999067701276346],[-6.7179161825633908,33.999009820212159],[-6.7172455308824741,33.998270726048332],[-6.7172384604902922,33.998276751806308]]]},"properties":{"arrondissement":"Shoul","PA":"Hssaine","objectid":240,"shape.STArea()":43078.582042740003,"shape.STLength()":1124.4941424891181,"Prefecture":"Salé"}},{"type":"Feature","id":241,"geometry":{"type":"Polygon","coordinates":[[[-6.6405366254148994,33.996803089435048],[-6.6428714295969877,33.99440451871601],[-6.6430471035239966,33.994345265112216],[-6.6470773629951259,33.994749978917049],[-6.6473818447870228,33.99478018866985],[-6.648054748463295,33.994848246330506],[-6.6483457566981521,33.994885363646773],[-6.6488393823385268,33.994200217846533],[-6.6425681999970676,33.993570501766371],[-6.6393406504671315,33.996886164058928],[-6.6417901801203252,33.998686737286775],[-6.643142557489397,33.999835486312072],[-6.6451606195482631,34.001652360886546],[-6.6455754185579599,34.000970238525468],[-6.644739180445618,34.000210579451355],[-6.6437698519453017,33.999337878341521],[-6.6423867676315611,33.99816305283624],[-6.6405366254148994,33.996803089435048]]]},"properties":{"arrondissement":"Shoul","PA":"Shoul","objectid":241,"shape.STArea()":132965.36517807,"shape.STLength()":3494.2390123235523,"Prefecture":"Salé"}},{"type":"Feature","id":242,"geometry":{"type":"Polygon","coordinates":[[[-6.6469960992185495,33.996637915034363],[-6.6448981413881212,34.000088100523456],[-6.6456801042994353,34.000798083552645],[-6.6484625087194757,33.996222181034533],[-6.6476233040236385,33.995888096593831],[-6.6482253616521678,33.995052469610968],[-6.6480253025466025,33.995026953104158],[-6.6470515996576198,33.994929057337075],[-6.6460824308360049,33.996274175943093],[-6.6469960992185495,33.996637915034363]]]},"properties":{"arrondissement":"Shoul","PA":"Shoul","objectid":242,"shape.STArea()":72982.469685864999,"shape.STLength()":1675.2279635147192,"Prefecture":"Salé"}},{"type":"Feature","id":243,"geometry":{"type":"Polygon","coordinates":[[[-6.6497301282475121,34.019583887209777],[-6.6496710208726189,34.020452756424078],[-6.6512875932074023,34.020607632539949],[-6.6563422800192491,34.021091758487955],[-6.6565979161020357,34.020679325745952],[-6.6560453523769931,34.020518829953573],[-6.6555345627027007,34.020370464344886],[-6.6546884841803422,34.020124705023818],[-6.6531658138133869,34.019964604970156],[-6.6513452346568043,34.019760072554476],[-6.6497301282475121,34.019583887209777]]]},"properties":{"arrondissement":"Shoul","PA":"Shoul","objectid":243,"shape.STArea()":54495.251045390003,"shape.STLength()":1416.5086741183359,"Prefecture":"Salé"}},{"type":"Feature","id":244,"geometry":{"type":"Polygon","coordinates":[[[-6.6543427837532967,34.024317511758582],[-6.6545673758778836,34.024348433044949],[-6.65679389253427,34.020756398184957],[-6.6565979161020357,34.020679325745952],[-6.6563422800192491,34.021091758487955],[-6.6543427837532967,34.024317511758582]]]},"properties":{"arrondissement":"Shoul","PA":"Shoul","objectid":244,"shape.STArea()":9022.5470179000004,"shape.STLength()":943.28625671592283,"Prefecture":"Salé"}},{"type":"Feature","id":245,"geometry":{"type":"Polygon","coordinates":[[[-6.5990483619296434,34.003856678640446],[-6.5975449453802693,34.004841619621764],[-6.6000277906039644,34.00445392612928],[-6.6037732342476083,34.002599049044328],[-6.6078380012082985,34.005014735361385],[-6.6124278441708215,34.006350867252657],[-6.6173442693095392,34.004755348669342],[-6.6221770514393548,34.006563851787213],[-6.6293695828817256,34.007409058791637],[-6.6352755163074777,34.011249869684164],[-6.6390784013426165,34.01276314838065],[-6.6421638257165716,34.014200171007914],[-6.6413663229544238,34.017864867033211],[-6.6481745576649232,34.019141563653569],[-6.6477343510582987,34.023905911360657],[-6.6455970167594129,34.026056073276195],[-6.6448637234821426,34.028218310633832],[-6.6454147931541074,34.028288969480528],[-6.6459688569700202,34.028360033544558],[-6.6463705221522291,34.026801442478067],[-6.6463879411570561,34.026705521602324],[-6.6463898185061545,34.026703650532546],[-6.6464528208096239,34.02652534141771],[-6.6465975204484451,34.026360681796227],[-6.6467888535976609,34.026286688316119],[-6.6489004992941352,34.023977189283855],[-6.649263387224976,34.018421341166679],[-6.6426170406035174,34.017175056752308],[-6.6433672587085288,34.013727395357627],[-6.639576655940945,34.011961959801774],[-6.635848932113305,34.010478595322716],[-6.6298077213136066,34.006549810430883],[-6.6224806028257923,34.005688800494347],[-6.6173740462408741,34.00377783434719],[-6.6124074687938554,34.005389647295708],[-6.6083411637840417,34.00420591735886],[-6.6038270808148072,34.001523187383903],[-6.5991143414148565,34.003857105128617],[-6.5990483619296434,34.003856678640446]]]},"properties":{"arrondissement":"Shoul","PA":"Shoul","objectid":245,"shape.STArea()":673891.36383855995,"shape.STLength()":13839.39339543938,"Prefecture":"Salé"}},{"type":"Feature","id":246,"geometry":{"type":"Polygon","coordinates":[[[-6.6788930881608222,34.01382168284713],[-6.6779254521668934,34.014163732773895],[-6.6777888107092007,34.018772598593692],[-6.6747690295214417,34.021588904879515],[-6.6746502502026948,34.023572690230338],[-6.6733205582585668,34.024553821995312],[-6.6729883819625462,34.024885997801277],[-6.6722114946063638,34.025484784204828],[-6.6718128916532322,34.025862453957828],[-6.6700405076910121,34.027569781698496],[-6.6684319138970762,34.02931099685977],[-6.6665221655374545,34.030139658239555],[-6.6658408893657111,34.030415883659849],[-6.6655560669535658,34.030531364012162],[-6.6650978881183836,34.030852380293609],[-6.6645111450705512,34.031249566253756],[-6.6630535109334286,34.03223625839032],[-6.6628826608891591,34.032351906997],[-6.6603922404634606,34.03369928211881],[-6.6595558410228683,34.034161964525218],[-6.6584582737617453,34.034840409167543],[-6.6566239324674683,34.035974234316463],[-6.6531200625427491,34.037294884237447],[-6.6527142070885334,34.038591141756342],[-6.6509279405382999,34.038907038377879],[-6.6475297377836258,34.040989910760722],[-6.646237206682363,34.039125179083058],[-6.6439063262576799,34.037744136811369],[-6.6408493947356595,34.037964110295803],[-6.6383566234462448,34.037971466194534],[-6.6387056044152768,34.041956382781713],[-6.6390626006093836,34.043232382196557],[-6.6366085715546221,34.040489500444139],[-6.6363071096178752,34.040475402879643],[-6.636520306333435,34.041156845941003],[-6.6360422486602841,34.041366218759876],[-6.6377142226458954,34.0432350198355],[-6.6390243616355722,34.044699316677978],[-6.6406011210505751,34.045216516784372],[-6.6412701384010049,34.044261644641878],[-6.6401321739768617,34.043079748500446],[-6.6397798465403124,34.04182049086306],[-6.6395214002050569,34.038869822572309],[-6.6408980370957842,34.038865753268766],[-6.6436027527849904,34.03867112993656],[-6.6454168761845009,34.03974599813634],[-6.6471967537299763,34.042313824152735],[-6.6513818402562865,34.039748673725427],[-6.6535936841351235,34.039357506113845],[-6.6540378445635167,34.037938869051878],[-6.6571764432178666,34.036755881485504],[-6.6603065110764739,34.034821117517396],[-6.6635212246555602,34.033081892760848],[-6.6651944514681487,34.031949260160673],[-6.6657882959354362,34.031547265596942],[-6.6661508639777551,34.031293236338733],[-6.6663151130623186,34.031226641103686],[-6.6669310108854365,34.030967685279734],[-6.669142722990089,34.030020691654641],[-6.6708801605269255,34.028139996780816],[-6.6726294016773302,34.026454947301751],[-6.6729882109322247,34.026114978060782],[-6.6737757158258502,34.025508003886799],[-6.6741003293950971,34.025183387432385],[-6.675573108927348,34.024096666948573],[-6.6757079653124221,34.024018205661143],[-6.6758316585347641,34.021951919078582],[-6.6788616457103069,34.019126048891295],[-6.6789908331403076,34.014766807550849],[-6.6812035957215077,34.01398458569291],[-6.6806404167465532,34.013914292965254],[-6.6788930881608222,34.01382168284713]]]},"properties":{"arrondissement":"Shoul","PA":"Shoul","objectid":246,"shape.STArea()":687377.66347800498,"shape.STLength()":13899.347426163435,"Prefecture":"Salé"}},{"type":"Feature","id":247,"geometry":{"type":"Polygon","coordinates":[[[-6.6341487041544216,34.029503062587139],[-6.6299222531894753,34.02892490599244],[-6.6299173501031445,34.029147615854953],[-6.62993050425123,34.02944014903597],[-6.6299686474189272,34.029587812157544],[-6.6299626065860187,34.029682014420537],[-6.6299970477510186,34.02979969674994],[-6.6300323063776094,34.029853841286084],[-6.6342293219012927,34.030427961708497],[-6.6396922487150194,34.028982336915298],[-6.6410715465560228,34.02783623414539],[-6.6448071995064799,34.028384975601476],[-6.6448637234821426,34.028218310633832],[-6.645104209833729,34.027509210659879],[-6.640704557181321,34.026867133319733],[-6.6391133938064844,34.028189284981757],[-6.6341487041544216,34.029503062587139]]]},"properties":{"arrondissement":"Shoul","PA":"Shoul","objectid":247,"shape.STArea()":147812.87093338501,"shape.STLength()":3153.9929222620322,"Prefecture":"Salé"}},{"type":"Feature","id":248,"geometry":{"type":"Polygon","coordinates":[[[-6.6208250226756045,34.025074122886679],[-6.6205482180930169,34.025515012456864],[-6.621687853453853,34.02564639223246],[-6.6217198975414391,34.025595351818893],[-6.6231531889516546,34.02428613830017],[-6.6233661453073118,34.025839849789641],[-6.6239638570084542,34.025908742343006],[-6.6254723359341279,34.026595767537664],[-6.629672821420872,34.028890779789137],[-6.6284375467077847,34.027757405764305],[-6.6273260574743249,34.026737570244286],[-6.6259554771057685,34.026086175325332],[-6.6252001247678756,34.025722617562735],[-6.6243869565973439,34.025334382736645],[-6.6241394818150932,34.023528974369256],[-6.6227995423320092,34.023270539359387],[-6.6208250226756045,34.025074122886679]]]},"properties":{"arrondissement":"Shoul","PA":"Shoul","objectid":248,"shape.STArea()":89386.141870930005,"shape.STLength()":2450.3372557572579,"Prefecture":"Salé"}},{"type":"Feature","id":249,"geometry":{"type":"MultiPolygon","coordinates":[[[[-6.6394520537056065,34.032261316909327],[-6.6408870883141899,34.032539286699254],[-6.6423410782116088,34.032737571492127],[-6.6438076452574668,34.032855301387819],[-6.6452803577038955,34.032891959925259],[-6.6467527552205263,34.032847385645923],[-6.6482183782797133,34.032721775412718],[-6.6496707995783613,34.032515678684547],[-6.6556940288897417,34.03148890365825],[-6.6567911646365454,34.031329717591355],[-6.6578976504822167,34.031224580528303],[-6.6590096505051788,34.031173857248191],[-6.6601233076918467,34.031177724387462],[-6.6612347611897649,34.031236167562582],[-6.6623401560586206,34.031348983976869],[-6.6640444322578807,34.031565494302008],[-6.6645111450705512,34.031249566253756],[-6.6650978881183836,34.030852380293609],[-6.6652869871852891,34.030719890744265],[-6.6625198836983097,34.030368372699776],[-6.6613448410770877,34.030248447020178],[-6.6601633589015616,34.030186321496124],[-6.6589795324432162,34.030182210917467],[-6.6577974681280159,34.030236129901105],[-6.6566212662220554,34.030347891262586],[-6.6554550035706166,34.030517107991237],[-6.6494318388039488,34.031543871920114],[-6.6480571960664792,34.031738931360046],[-6.6466700588628491,34.031857815243676],[-6.6452765110337548,34.03190000281819],[-6.6438826661970518,34.031865306981913],[-6.6424946352777905,34.031753881823363],[-6.6411185089954756,34.031566215577513],[-6.6397603220430987,34.031303130974429],[-6.6384260313108792,34.030965782737795],[-6.6371214896911139,34.03055564881101],[-6.6358524189217505,34.030074529704898],[-6.6273623411440488,34.026568348316403],[-6.6264009606239087,34.026202101167328],[-6.6254138896724752,34.0258867745275],[-6.6244050144044548,34.025623610455668],[-6.6233783066448382,34.025413643758405],[-6.6223378077169528,34.025257702158207],[-6.5989198584588893,34.022374008961094],[-6.598766539437416,34.022356015464126],[-6.5847183616331284,34.020789025665145],[-6.5846854082413087,34.020785389784194],[-6.5718876967051685,34.019371428562259],[-6.5718578764431195,34.019368180279834],[-6.5580379845327901,34.017769872031437],[-6.556976692036744,34.017617098673185],[-6.5559298661131589,34.017406187097038],[-6.5549020957345414,34.017138061256574],[-6.5538978853422805,34.016813898538189],[-6.552921636229958,34.016435117295543],[-6.5519776270392498,34.016003378819669],[-6.5510699951644886,34.015520575770523],[-6.5502027182102864,34.014988824214548],[-6.5493795954425176,34.014410454759052],[-6.5486042357076704,34.01378800092013],[-6.5478800335179645,34.013124193010114],[-6.5472101644557235,34.01242193831964],[-6.5465975601896051,34.011684315014584],[-6.5460449061050578,34.010914555905295],[-6.5455546205573638,34.010116034189402],[-6.5451288514674903,34.009292249938021],[-6.544769463107083,34.008446811262552],[-6.5444780273383811,34.00758342446057],[-6.5442558201063408,34.006705871489793],[-6.5440167264792253,34.005577891910633],[-6.5428437629401399,34.005750330786341],[-6.5430828407235264,34.006878311637699],[-6.5433213045158407,34.007820113667591],[-6.5436340653742251,34.008746713582021],[-6.544019755218792,34.009654050613079],[-6.5444766863297117,34.010538149773083],[-6.5450028580027606,34.011395137138919],[-6.5455959664698842,34.012221256010569],[-6.5462534159443457,34.013012885766599],[-6.5469723242345061,34.013766558967859],[-6.5477495445115439,34.014478971098846],[-6.5485816709729558,34.015147000378647],[-6.5494650563057046,34.01576771844519],[-6.5503958324653828,34.016338405518631],[-6.5513699183845038,34.016856559371234],[-6.5523830472642937,34.017319910429826],[-6.5534307774864864,34.017726426205328],[-6.554508516657692,34.018074325520352],[-6.5556115422924339,34.018362083747633],[-6.5567350192640452,34.018588438977332],[-6.5578740237825501,34.018752399926285],[-6.571700055713765,34.020351417310238],[-6.5717309282831238,34.020354769426277],[-6.5845297485701337,34.021768852423399],[-6.5845601054980758,34.02177220084922],[-6.5986084393973892,34.023339207792972],[-6.598745433979861,34.023355285185559],[-6.6221636408288411,34.026239009881493],[-6.6231305703444079,34.026383926179491],[-6.6240846829732662,34.026579046161032],[-6.6250222228252857,34.026823602383701],[-6.6259394983060949,34.027116633883608],[-6.6268329015709062,34.027456985075169],[-6.6353230437318667,34.030963201136672],[-6.6366639174156949,34.031471541954659],[-6.6380422695127059,34.031904880329535],[-6.6394520537056065,34.032261316909327]]],[[[-6.6679781175998523,34.03205033171151],[-6.6687448370927704,34.032103322862426],[-6.6747229501857408,34.032402029401581],[-6.6752639330299992,34.032425347966289],[-6.6877721893185527,34.032752750365802],[-6.6887526982196936,34.032754473736397],[-6.6897316493073653,34.032708455059719],[-6.6907056928567581,34.032614851497897],[-6.6916714924342884,34.032473983413169],[-6.6926257422264648,34.032286332383144],[-6.6935651757440731,34.03205254200973],[-6.7043800335361361,34.029070962594275],[-6.7040054596791423,34.028129299394706],[-6.6931907062342146,34.031110846679276],[-6.6923180589662259,34.031328017322338],[-6.6914316481880753,34.031502326865997],[-6.6905345101632392,34.031633181021853],[-6.6896297137003948,34.031720129545683],[-6.6887203592083129,34.031762877072076],[-6.6878095579743455,34.031761275213277],[-6.6753086840483116,34.031434066108744],[-6.6747942937520106,34.031411846348078],[-6.668816248554724,34.031113144002752],[-6.6681037921422321,34.031063902608629],[-6.667394782014135,34.030987611883333],[-6.6670012163823493,34.030937625800043],[-6.6669310108854365,34.030967685279734],[-6.6663151130623186,34.031226641103686],[-6.6661508639777551,34.031293236338733],[-6.6657882959354362,34.031547265596942],[-6.6654900925800566,34.031749131134063],[-6.6672151081254025,34.031968230818457],[-6.6679781175998523,34.03205033171151]]]]},"properties":{"arrondissement":"Shoul","PA":"Shoul","objectid":249,"shape.STArea()":1730915.2352333199,"shape.STLength()":31997.367073331112,"Prefecture":"Salé"}},{"type":"Feature","id":250,"geometry":{"type":"Polygon","coordinates":[[[-6.8400848805059331,34.021233642849474],[-6.8401460223942809,34.021216722775009],[-6.8399606388476872,34.020617052202198],[-6.8398988727881989,34.020637787078442],[-6.8400848805059331,34.021233642849474]]]},"properties":{"arrondissement":"Hassan","PA":"PASP","objectid":250,"shape.STArea()":411.93249872000001,"shape.STLength()":149.03481164440916,"Prefecture":"Rabat"}},{"type":"Feature","id":251,"geometry":{"type":"Polygon","coordinates":[[[-6.8393280576653908,34.018555981651453],[-6.8390496796890012,34.017657682397783],[-6.8386159058836471,34.016245563186914],[-6.8384516832005495,34.0157218370218],[-6.8383943334391173,34.015746286771765],[-6.8385529507943383,34.016262998527509],[-6.838986723663691,34.017675117946858],[-6.8392651010451324,34.018573417334359],[-6.8393280576653908,34.018555981651453]]]},"properties":{"arrondissement":"Hassan","PA":"PASP","objectid":251,"shape.STArea()":1971.5713634250001,"shape.STLength()":660.25722744051222,"Prefecture":"Rabat"}},{"type":"Feature","id":252,"geometry":{"type":"Polygon","coordinates":[[[-6.8383777201028737,34.015692667949033],[-6.8384533572606303,34.015659791307385],[-6.838311772595385,34.015208200390077],[-6.8382379345938471,34.015237732894981],[-6.8383777201028737,34.015692667949033]]]},"properties":{"arrondissement":"Hassan","PA":"PASP","objectid":252,"shape.STArea()":391.83330547499997,"shape.STLength()":119.27157749200701,"Prefecture":"Rabat"}},{"type":"Feature","id":253,"geometry":{"type":"Polygon","coordinates":[[[-6.8380377245803556,34.022472413046081],[-6.8380116094802812,34.022483225829383],[-6.8380047746507344,34.022471362547762],[-6.837512256521598,34.0226410102118],[-6.8374532209380856,34.022664741015028],[-6.8373801397905778,34.022690205744489],[-6.8372343796913295,34.02274090228719],[-6.8371958356102613,34.022755718347518],[-6.8371245222479997,34.022779365220366],[-6.8370828144176112,34.022792944078688],[-6.8369213488609351,34.022846148973244],[-6.8367266581118278,34.022916525613944],[-6.8366793167392146,34.022933770997284],[-6.8363333967945019,34.023056481890727],[-6.836288468085244,34.023072391757701],[-6.8359547574009589,34.023186328038612],[-6.835903926762497,34.02320552867964],[-6.835562162194929,34.023324200815452],[-6.8355192874840229,34.023340018332426],[-6.8351648682938979,34.023465818412745],[-6.8351108735214643,34.023484300993502],[-6.8345121395539659,34.023692904346213],[-6.834472140396409,34.0237086011036],[-6.8339178636935642,34.023900621355303],[-6.8338785707146572,34.023910224006002],[-6.8335171126414256,34.024037975769637],[-6.8334683396126756,34.024055836940349],[-6.8332154478867633,34.024146103407858],[-6.8331737229006144,34.024159308666739],[-6.8331509268707809,34.024170206019932],[-6.833042740379665,34.024209520119548],[-6.8327333773594097,34.024321903953329],[-6.8326957399815456,34.024334514886156],[-6.832358743195921,34.024451660796146],[-6.832316786493795,34.024465347307149],[-6.8320095220196357,34.024570115185973],[-6.8319727747353198,34.024586469318599],[-6.8317933801112805,34.024647972053636],[-6.8315902411697484,34.024717614578257],[-6.8315531063483146,34.024733531094718],[-6.8311617224254455,34.024864563272132],[-6.831127818958163,34.024877415178224],[-6.8309962389847891,34.024919305196157],[-6.8309136152456063,34.024949602654011],[-6.8308058246053358,34.024987092095934],[-6.8307356672036601,34.025011492274153],[-6.8306944667438545,34.025025485255284],[-6.8304563054796041,34.025106322899525],[-6.8304366702666384,34.02511298816686],[-6.8303350543043386,34.02514883115478],[-6.8302798846824269,34.02516825034656],[-6.8301440580464661,34.025217586870767],[-6.82997316717797,34.025276273484486],[-6.8299491870942148,34.025284965148586],[-6.829904223053731,34.025300380668227],[-6.8298198007312791,34.025328583925521],[-6.8297888397406039,34.025338928061409],[-6.8296872245488771,34.025372874772707],[-6.829691635656439,34.025380539061452],[-6.8293540905004564,34.025489658158371],[-6.8292033034599982,34.025537032236251],[-6.8291258631446858,34.02557032853349],[-6.8290908704784981,34.02557856750304],[-6.8289039824439879,34.025646502450847],[-6.8287427524630271,34.025707074859795],[-6.8286379029633677,34.025738175195812],[-6.8285684856303233,34.025762466498385],[-6.8284861101141496,34.025791292153947],[-6.828380728091199,34.02583026896896],[-6.8283638119509256,34.025835325545373],[-6.8283518206125198,34.025838910056969],[-6.8283045267925475,34.02585219246501],[-6.8282524141101888,34.025867528314961],[-6.8282173934686554,34.025877833542538],[-6.8280940758032651,34.02592687645248],[-6.8278607733024561,34.026006403725454],[-6.8277555998122503,34.026035823210272],[-6.8276819129698643,34.02606168140062],[-6.827539806102938,34.026117057877457],[-6.8273757626126317,34.026169664555837],[-6.8273665222337616,34.026172510575549],[-6.8273878626208475,34.026223789609197],[-6.8274051929600699,34.02621749829791],[-6.8274143837775458,34.026214668171704],[-6.8275784768942067,34.026162045547352],[-6.8277205838101462,34.026106669027563],[-6.8277942706939934,34.026080811716668],[-6.8278994442107441,34.026051391298203],[-6.8281327468117752,34.025971864856295],[-6.8282560645191888,34.02592282190917],[-6.8282910851594467,34.025912515769278],[-6.8283431978767855,34.025897180805195],[-6.8283904917005103,34.02588389748113],[-6.8284024830434484,34.02588031296586],[-6.8284193991903122,34.025875256384381],[-6.8285247812504783,34.025836279537486],[-6.8286071567964717,34.025807453856977],[-6.828676574154648,34.025783162533365],[-6.8287814237095796,34.025752063067273],[-6.8289426537322333,34.025691489707945],[-6.8291295418481015,34.025623555605364],[-6.8291645345138301,34.025615315723456],[-6.8292419737863508,34.025582020316939],[-6.8293927619667798,34.025534646180994],[-6.8297303072489663,34.025425526981827],[-6.829725896120789,34.025417861792853],[-6.8298275113501035,34.025383915050845],[-6.829858472367043,34.025373571807229],[-6.8299428947205731,34.025345368524391],[-6.8299878587775575,34.025329952991129],[-6.8300118388550208,34.025321260418082],[-6.8301827298007183,34.025262574654356],[-6.8304753421109181,34.025157974960301],[-6.8304949773460084,34.025151310588718],[-6.8307331386827421,34.025070471970672],[-6.8307743391575722,34.025056478977092],[-6.830844496584791,34.025032078777649],[-6.830952287279036,34.02499459020482],[-6.8310349110326642,34.024964291820297],[-6.8311664910555185,34.024922401762488],[-6.8312003945494855,34.024909550747843],[-6.8315917786017444,34.024778517550246],[-6.831628913450257,34.02476260192428],[-6.8318320524510314,34.024692958436503],[-6.8320114471405775,34.024631455647167],[-6.8320481944367213,34.0246151015035],[-6.8323554590233364,34.024510333531744],[-6.8323974157558771,34.024496647909636],[-6.8327344126490557,34.024379500995991],[-6.8327720500556621,34.024366890953502],[-6.8330814131711985,34.024254506124535],[-6.8331895997008312,34.024215191992177],[-6.8332123957524074,34.024204295533835],[-6.8332541207394915,34.024191089360663],[-6.8335070125561606,34.024100822816656],[-6.8335557856170892,34.024082962532887],[-6.8339172438056419,34.023955209758249],[-6.8339565368006996,34.023945607095584],[-6.834510813719854,34.023753587577808],[-6.8345508128763264,34.02373788990667],[-6.8351495470609622,34.023529286372863],[-6.8352035418680153,34.023510804677422],[-6.8355579611707498,34.023385003588224],[-6.8356008358968134,34.023369186058339],[-6.8359426006034036,34.023250514720779],[-6.8359934312447361,34.023231313162704],[-6.8363271420659064,34.023117377682482],[-6.8363720707914224,34.023101467801951],[-6.8367179908457016,34.022978755902145],[-6.8367653322350694,34.022961510504537],[-6.8369600230537273,34.022891133804947],[-6.8371214886703173,34.02283792886152],[-6.8371631965162551,34.022824349990522],[-6.8372345099049134,34.022800703096095],[-6.837273054014255,34.022785887925835],[-6.8374188141514862,34.022735190437309],[-6.8374918953254955,34.022709725685708],[-6.8375509309290097,34.022685994864723],[-6.8380581730613068,34.02251135849567],[-6.8380377245803556,34.022472413046081]]]},"properties":{"arrondissement":"Hassan","PA":"PAS RABAT","objectid":253,"shape.STArea()":6381.0204535499997,"shape.STLength()":2149.8129660973395,"Prefecture":"Rabat"}},{"type":"Feature","id":254,"geometry":{"type":"Polygon","coordinates":[[[-6.8208712644409468,34.048238662170029],[-6.8222245475983696,34.047005315598383],[-6.8224238061567632,34.046888738386066],[-6.8226907747788781,34.046743220066155],[-6.8230722719863461,34.046526824207682],[-6.8234198386562888,34.046308568574617],[-6.8237619473090101,34.046077213936549],[-6.8240281456855021,34.045909448837847],[-6.8242931842836496,34.045739335249131],[-6.824582869091758,34.045556641391741],[-6.8245984580076859,34.045546644752129],[-6.8245237848391351,34.045492080994883],[-6.8237017630723109,34.046013345665877],[-6.8233598516666625,34.046244566235011],[-6.8231566924248224,34.046373521353892],[-6.8230309507888887,34.046473296909319],[-6.8221740785618294,34.046929045819745],[-6.8207980704265205,34.04818550082198],[-6.8208712644409468,34.048238662170029]]]},"properties":{"arrondissement":"Bab lamrissa","PA":"Bab lamrissa","objectid":254,"shape.STArea()":4043.5491407,"shape.STLength()":933.94762710365876,"Prefecture":"Salé"}},{"type":"Feature","id":255,"geometry":{"type":"Polygon","coordinates":[[[-6.8084688076083433,34.051384245551318],[-6.8086139262230212,34.050736879919192],[-6.8086691288911858,34.050505149034791],[-6.8087839764753761,34.05006178475913],[-6.8089459265510754,34.049438673243223],[-6.8090407785058735,34.049072734303628],[-6.8091612805310113,34.048846055432868],[-6.8090693507014368,34.048795904508765],[-6.8089372175280758,34.049044688744246],[-6.8088400322033795,34.04941962914134],[-6.8085755704621418,34.050446594494652],[-6.8085193464955118,34.050668943041764],[-6.8083736258222078,34.05131810462791],[-6.8084688076083433,34.051384245551318]]]},"properties":{"arrondissement":"Bab lamrissa","PA":"Bab lamrissa","objectid":255,"shape.STArea()":2867.4165015799999,"shape.STLength()":598.4053997997845,"Prefecture":"Salé"}},{"type":"Feature","id":256,"geometry":{"type":"Polygon","coordinates":[[[-6.8180177496205392,34.039728700740469],[-6.8180209179193216,34.039713605560145],[-6.8180229804212686,34.039703771742296],[-6.8181755330383362,34.03961131292948],[-6.8181113198977483,34.039543135091847],[-6.8178179164069084,34.039240142747119],[-6.8176427750283901,34.039053150372581],[-6.8173629035365124,34.038759060435538],[-6.8170790462747881,34.038404602574268],[-6.8168367500524134,34.038134794149485],[-6.8168142620521257,34.038116302153881],[-6.8168123642628613,34.038114985235822],[-6.8167886011305594,34.038100939414264],[-6.8167843442135929,34.038098846499693],[-6.8167603886461832,34.038089075885757],[-6.8167534795043219,34.038086834376898],[-6.8167303052871242,34.038080999685178],[-6.8167206358058579,34.038079287201654],[-6.8166990822600493,34.038076908172648],[-6.8166867416869499,34.038076414533066],[-6.8166674751187761,34.03807689742473],[-6.8166527453485886,34.038078301252064],[-6.8166362487188072,34.038080969619621],[-6.8166196056661281,34.038084889625019],[-6.8166061575747747,34.03808902424047],[-6.8165882556576376,34.038095997754212],[-6.8165595785385245,34.038111312633234],[-6.8169054503163657,34.038502265442958],[-6.817184269439954,34.038851793324412],[-6.8180177496205392,34.039728700740469]]]},"properties":{"arrondissement":"Bab lamrissa","PA":"Bab lamrissa","objectid":256,"shape.STArea()":4220.2432081799998,"shape.STLength()":478.18527110726313,"Prefecture":"Salé"}},{"type":"Feature","id":257,"geometry":{"type":"Polygon","coordinates":[[[-6.8204502147796831,34.041806852933952],[-6.8205058306013564,34.041605575911582],[-6.8201241989942218,34.041330749333206],[-6.8198814138711192,34.041127030257378],[-6.8197902801408592,34.041111556548039],[-6.8193802119328248,34.040837740602612],[-6.8191391027876014,34.040949305622114],[-6.8194398845928976,34.041153700579528],[-6.8196483186657852,34.041298887105718],[-6.8203452103582274,34.041736477968129],[-6.8204502147796831,34.041806852933952]]]},"properties":{"arrondissement":"Bab lamrissa","PA":"Bab lamrissa","objectid":257,"shape.STArea()":3426.1924002400001,"shape.STLength()":337.84412971008919,"Prefecture":"Salé"}},{"type":"Feature","id":258,"geometry":{"type":"Polygon","coordinates":[[[-6.8190028020288418,34.040800251628724],[-6.8191853474119082,34.040685396117098],[-6.819094010053937,34.040607547639901],[-6.8188340208890708,34.040336399466199],[-6.8186819026590602,34.040165590782266],[-6.8186211901756097,34.0400974186864],[-6.81835816121212,34.039802068993133],[-6.8182517590497342,34.039789158680236],[-6.818140860737004,34.039858388688558],[-6.8183644674401895,34.040115731174197],[-6.818540250307608,34.040316703168557],[-6.8187873053073087,34.040579087910217],[-6.8190028020288418,34.040800251628724]]]},"properties":{"arrondissement":"Bab lamrissa","PA":"Bab lamrissa","objectid":258,"shape.STArea()":2626.5812225200002,"shape.STLength()":299.48340614548596,"Prefecture":"Salé"}},{"type":"Feature","id":259,"geometry":{"type":"Polygon","coordinates":[[[-6.8279050754217989,34.046632949764806],[-6.8278690080573856,34.046527357316585],[-6.8278409013488925,34.046462867713494],[-6.8276460008135604,34.046272703626464],[-6.8271522867767596,34.045926773176156],[-6.8270362481948164,34.04604153054553],[-6.8276875831683919,34.04648012229157],[-6.8279050754217989,34.046632949764806]]]},"properties":{"arrondissement":"Bab lamrissa","PA":"Bab lamrissa","objectid":259,"shape.STArea()":1402.3938877600001,"shape.STLength()":227.30943490402814,"Prefecture":"Salé"}},{"type":"Feature","id":260,"geometry":{"type":"MultiPolygon","coordinates":[[[[-6.8208039377917267,34.042035458619473],[-6.8215089323924669,34.042499557984577],[-6.8224439634854877,34.043114427046561],[-6.8225463625887457,34.043181763481151],[-6.8227080899299457,34.043288110357622],[-6.8227562622597588,34.043237346035554],[-6.822759460994841,34.043166601770992],[-6.8209644282331698,34.042006442893424],[-6.8208039377917267,34.042035458619473]]],[[[-6.8246336458703025,34.044471724624934],[-6.8245812202901401,34.044519569045534],[-6.8258087043937374,34.045284343061219],[-6.826465231396134,34.04569452028764],[-6.8264917755910615,34.045669478318864],[-6.8265392735120534,34.045624672555562],[-6.8257809646399998,34.045142815205736],[-6.8249825708287792,34.044625233356875],[-6.8247273855652706,34.044459800867799],[-6.8246336458703025,34.044471724624934]]],[[[-6.8229405713877291,34.04335952377604],[-6.8228989065624148,34.043414427812941],[-6.8244036827824468,34.044415678727766],[-6.8244518485443608,34.044371010447868],[-6.8244421710185934,34.044280721166089],[-6.8230266090761296,34.043356840816848],[-6.8229405713877291,34.04335952377604]]]]},"properties":{"arrondissement":"Bab lamrissa","PA":"Bab lamrissa","objectid":260,"shape.STArea()":7563.3121373800004,"shape.STLength()":1294.6423681185795,"Prefecture":"Salé"}},{"type":"Feature","id":261,"geometry":{"type":"Polygon","coordinates":[[[-6.8141818514907335,34.041281247813394],[-6.8143440691308861,34.040945181481675],[-6.8147941598145767,34.040427080637514],[-6.8151702239474936,34.040010023516125],[-6.8153152919179218,34.039839358264082],[-6.8152741347476073,34.039837169657183],[-6.8151027052435902,34.040028758093619],[-6.8148546930978888,34.040298302032163],[-6.8145979187023711,34.040583634947467],[-6.81430360248849,34.040928742523413],[-6.8141456823699844,34.041245705742448],[-6.8141818514907335,34.041281247813394]]]},"properties":{"arrondissement":"Bab lamrissa","PA":"Bab lamrissa","objectid":261,"shape.STArea()":782.88447512000005,"shape.STLength()":389.71528505476471,"Prefecture":"Salé"}},{"type":"Feature","id":262,"geometry":{"type":"Polygon","coordinates":[[[-6.8139478124941268,34.041766173947913],[-6.8140796592884065,34.041492966000312],[-6.8138370159727462,34.041666018053782],[-6.8139478124941268,34.041766173947913]]]},"properties":{"arrondissement":"Bab lamrissa","PA":"Bab lamrissa","objectid":262,"shape.STArea()":222.52606624000001,"shape.STLength()":77.243922669020236,"Prefecture":"Salé"}},{"type":"Feature","id":263,"geometry":{"type":"Polygon","coordinates":[[[-6.80630486919741,34.054184751279166],[-6.8058829908777723,34.054681401262698],[-6.8057327845550848,34.054858464422871],[-6.8051712851499699,34.055530389411665],[-6.8047493958035581,34.056020056721408],[-6.8051682359351595,34.055685633313971],[-6.8052600955627955,34.055582055322489],[-6.8058099596991957,34.054923788280327],[-6.8059714269704301,34.054733263876948],[-6.8062158720709585,34.05444543060505],[-6.8063942422666122,34.054235742719726],[-6.80630486919741,34.054184751279166]]]},"properties":{"arrondissement":"Bab lamrissa","PA":"Bab lamrissa","objectid":263,"shape.STArea()":2220.0062416599999,"shape.STLength()":509.25546976608683,"Prefecture":"Salé"}},{"type":"Feature","id":264,"geometry":{"type":"Polygon","coordinates":[[[-6.7987013323159706,34.06064126573294],[-6.8001962322432172,34.058874751698774],[-6.8001094965273348,34.058820595225995],[-6.7985297612763036,34.060684984119462],[-6.7985854491893862,34.060666517063297],[-6.7986427683166379,34.060651911567618],[-6.7987013323159706,34.06064126573294]]]},"properties":{"arrondissement":"Bab lamrissa","PA":"Bab lamrissa","objectid":264,"shape.STArea()":2476.8417635999999,"shape.STLength()":519.19509206794737,"Prefecture":"Salé"}},{"type":"Feature","id":265,"geometry":{"type":"Polygon","coordinates":[[[-6.7959313241843349,34.063549319425796],[-6.79664650082427,34.062882803629051],[-6.7965665360536924,34.06282191006111],[-6.79585173618017,34.063488141647639],[-6.7959313241843349,34.063549319425796]]]},"properties":{"arrondissement":"Bab lamrissa","PA":"Bab lamrissa","objectid":265,"shape.STArea()":990.69145532000005,"shape.STLength()":218.14183321341076,"Prefecture":"Salé"}},{"type":"Feature","id":266,"geometry":{"type":"Polygon","coordinates":[[[-6.7905761243739464,34.068453485591363],[-6.7905198234157558,34.068412015096762],[-6.7895007928047963,34.069348382999529],[-6.7879774707504019,34.070762228819426],[-6.7843632337437372,34.074079565813754],[-6.7850300218730952,34.073546791536344],[-6.7860505698274149,34.072614002731669],[-6.7880246759438458,34.070803066992333],[-6.7892611116085151,34.069667462035738],[-6.7905761243739464,34.068453485591363]]]},"properties":{"arrondissement":"Bab lamrissa","PA":"Bab lamrissa","objectid":266,"shape.STArea()":5217.21111122,"shape.STLength()":1701.6748136857573,"Prefecture":"Salé"}},{"type":"Feature","id":267,"geometry":{"type":"Polygon","coordinates":[[[-6.8152586523326208,34.047341714099375],[-6.8151744468659938,34.04730029880546],[-6.8150668643412988,34.047252839704299],[-6.8132689826890376,34.047009666788185],[-6.8132278475438941,34.047061913606377],[-6.8152586523326208,34.047341714099375]]]},"properties":{"arrondissement":"Bab lamrissa","PA":"Bab lamrissa","objectid":267,"shape.STArea()":1183.4215819799999,"shape.STLength()":385.33824515186404,"Prefecture":"Salé"}},{"type":"Feature","id":268,"geometry":{"type":"Polygon","coordinates":[[[-6.8164370842156279,34.047993934203348],[-6.8167163113594391,34.048174342234908],[-6.8167922324328769,34.04823928590065],[-6.8168469813619543,34.048283933408435],[-6.8170293553443901,34.04840928718982],[-6.8173654335743095,34.04852301505511],[-6.8177470511253597,34.048643569999506],[-6.817756919748593,34.048632848896013],[-6.8171045801155277,34.048359795887556],[-6.8164895318846694,34.047939071182171],[-6.8164370842156279,34.047993934203348]]]},"properties":{"arrondissement":"Bab lamrissa","PA":"Bab lamrissa","objectid":268,"shape.STArea()":904.49390201999995,"shape.STLength()":292.9035061117462,"Prefecture":"Salé"}},{"type":"Feature","id":269,"geometry":{"type":"Polygon","coordinates":[[[-6.8179614178922163,34.048711218456944],[-6.8185426022991527,34.048894622656348],[-6.8190814986465886,34.049066690269818],[-6.8196440881704472,34.049246319053111],[-6.8196802998518731,34.04920722273274],[-6.8188030431804965,34.048915701086095],[-6.8183551061523513,34.048773075347462],[-6.8180076494691573,34.048660947051438],[-6.8179614178922163,34.048711218456944]]]},"properties":{"arrondissement":"Bab lamrissa","PA":"Bab lamrissa","objectid":269,"shape.STArea()":1022.79169388,"shape.STLength()":344.62154185011974,"Prefecture":"Salé"}},{"type":"Feature","id":270,"geometry":{"type":"Polygon","coordinates":[[[-6.8198087103276235,34.049195615378061],[-6.8199277017979831,34.049095097202326],[-6.8203319188121769,34.048727888692973],[-6.8207849632265249,34.048318136537048],[-6.8207138479592393,34.048267933139357],[-6.8197428078407825,34.04914696133109],[-6.8198087103276235,34.049195615378061]]]},"properties":{"arrondissement":"Bab lamrissa","PA":"Bab lamrissa","objectid":270,"shape.STArea()":1136.87793444,"shape.STLength()":281.79283369087216,"Prefecture":"Salé"}},{"type":"Feature","id":271,"geometry":{"type":"Polygon","coordinates":[[[-6.823402345794646,34.045980359086755],[-6.8231138909157769,34.046199742013798],[-6.82305539991986,34.046237093778032],[-6.8228534025864178,34.046354065683957],[-6.8226607230204408,34.046473999651397],[-6.8225353128469077,34.046557936024918],[-6.8225008291360298,34.046585435512867],[-6.8223691624237395,34.046686808978727],[-6.8223198756792076,34.04672032765346],[-6.8220619364809609,34.046900035188564],[-6.8218335831091306,34.047070902057101],[-6.8216485312086723,34.047205731438808],[-6.8206336021733511,34.048079976305985],[-6.8207452221645406,34.048151592692761],[-6.8208247116851117,34.048079607050411],[-6.8211273308861404,34.047805549737753],[-6.8214289184216996,34.047540069231509],[-6.8221163068351576,34.046903309069613],[-6.8223325510821056,34.046776791978182],[-6.8229158220937709,34.046439331834925],[-6.8229860984028763,34.046394020000157],[-6.8231240150927102,34.046311546506644],[-6.8231823195489785,34.046274314071631],[-6.8234859262080203,34.046070339539888],[-6.8239798959628999,34.045764926757151],[-6.8243304020312783,34.04554283643634],[-6.8244916697918416,34.045434968346207],[-6.8252569772928435,34.044940598130147],[-6.8251281411971165,34.044860328694526],[-6.8243855709314545,34.045341662193316],[-6.8238308309130664,34.04569447800985],[-6.823402345794646,34.045980359086755]]]},"properties":{"arrondissement":"Bab lamrissa","PA":"Bab lamrissa","objectid":271,"shape.STArea()":6215.6232959400004,"shape.STLength()":1126.4664969493706,"Prefecture":"Salé"}},{"type":"Feature","id":272,"geometry":{"type":"Polygon","coordinates":[[[-6.8043810031627459,34.05636993960114],[-6.8026658813104204,34.056926763143153],[-6.8013776582933856,34.057337031099713],[-6.8010899628935917,34.057680432074427],[-6.8010897651399622,34.057680666963279],[-6.8004309717998686,34.05845578996513],[-6.8004414364873105,34.058463288355881],[-6.8005057359386978,34.058508999519148],[-6.80090205485455,34.058039930256314],[-6.8011159163717316,34.057807114438539],[-6.8014474835036678,34.057411346453428],[-6.8027040202777265,34.05701117054916],[-6.8041881722905293,34.056537056294282],[-6.8043810031627459,34.05636993960114]]]},"properties":{"arrondissement":"Bab lamrissa","PA":"Bab lamrissa","objectid":272,"shape.STArea()":4331.7017958599999,"shape.STLength()":904.23422103879057,"Prefecture":"Salé"}},{"type":"Feature","id":273,"geometry":{"type":"Polygon","coordinates":[[[-6.8063992350266167,34.054074596754916],[-6.8064886211254185,34.054125593394723],[-6.8071026480263859,34.053404886089751],[-6.8074169827215298,34.053033733115754],[-6.807329875642643,34.052980653498146],[-6.8063992350266167,34.054074596754916]]]},"properties":{"arrondissement":"Bab lamrissa","PA":"Bab lamrissa","objectid":273,"shape.STArea()":1489.1524098800001,"shape.STLength()":316.94250227105425,"Prefecture":"Salé"}},{"type":"Feature","id":274,"geometry":{"type":"Polygon","coordinates":[[[-6.8082777874460056,34.051744085140967],[-6.8082663346809884,34.051796061690816],[-6.8080130834034476,34.052099759213505],[-6.8080478557335065,34.052121199102636],[-6.8074232441758733,34.052869827511103],[-6.8075120976257235,34.052921424644524],[-6.8079462890313627,34.052401284830815],[-6.8081967326224868,34.052100771928082],[-6.8081619864968266,34.052079346215194],[-6.8083686769329628,34.051831482476572],[-6.8083736165166728,34.051809360288992],[-6.8083735576095208,34.051809335698678],[-6.8082777874460056,34.051744085140967]]]},"properties":{"arrondissement":"Bab lamrissa","PA":"Bab lamrissa","objectid":274,"shape.STArea()":1514.14179728,"shape.STLength()":324.08959298315,"Prefecture":"Salé"}},{"type":"Feature","id":275,"geometry":{"type":"Polygon","coordinates":[[[-6.8121020040099749,34.044759390326249],[-6.8129356121245559,34.043787069776911],[-6.8137540552028311,34.042209971199824],[-6.8136035011968854,34.042273087725569],[-6.8131299732219297,34.04318917681875],[-6.8128408127746809,34.043742411971671],[-6.8122660223854581,34.044413244036058],[-6.811857928705547,34.044888596744926],[-6.8121020040099749,34.044759390326249]]]},"properties":{"arrondissement":"Bab lamrissa","PA":"Bab lamrissa","objectid":275,"shape.STArea()":3264.67622734,"shape.STLength()":698.8964934829603,"Prefecture":"Salé"}},{"type":"Feature","id":276,"geometry":{"type":"MultiPolygon","coordinates":[[[[-6.8011186641782118,34.056997568142037],[-6.8010156593151727,34.057122648728985],[-6.8009466514486894,34.057228356256502],[-6.8010148105649977,34.057286200917048],[-6.801278819262822,34.057002489933339],[-6.8016028163418323,34.056610694781689],[-6.8015896153616948,34.056605384314189],[-6.8018195121552996,34.056325157589526],[-6.8018062671691082,34.056317118616832],[-6.8019896725667879,34.05609613305419],[-6.8020176954858416,34.056111457903206],[-6.8022529847842632,34.055829030792886],[-6.8022239404902791,34.055808694072603],[-6.8023609935807201,34.055646448407181],[-6.8025579343388438,34.055406838681868],[-6.8025248682967394,34.055389470840836],[-6.8027105998471606,34.05516635855458],[-6.8026799930386979,34.055148963239802],[-6.8029646153695253,34.054806723427646],[-6.8032565121384136,34.054514499691145],[-6.8033243508626384,34.054446586249334],[-6.8033692804002728,34.054394287840438],[-6.803518173415716,34.054217242226365],[-6.8036301015981477,34.054085320777929],[-6.8036432091474568,34.054093045451424],[-6.8037445668152747,34.0539745716966],[-6.8038451272517051,34.053857470387676],[-6.8038798860722158,34.053878229760706],[-6.8041147174077459,34.053599988524027],[-6.804104816915002,34.053596006768885],[-6.8043855057239959,34.053264721746991],[-6.8043953057807052,34.053270668853202],[-6.8045836426604094,34.053048970899304],[-6.8047782688917771,34.052818933921273],[-6.8047111891887395,34.05278007226778],[-6.8047181077670906,34.05276703323657],[-6.8046993271947329,34.052755696257442],[-6.8043751988851149,34.053138032276991],[-6.804365810518485,34.053131411378537],[-6.8040262050974825,34.053532678425299],[-6.8039124250892842,34.053608402764311],[-6.8039572088308908,34.053629585564487],[-6.803798743391309,34.053817200498727],[-6.8036638811840069,34.053913530017581],[-6.8035779616064032,34.054014177909565],[-6.8035529025487786,34.054019575585727],[-6.8032602344923783,34.054366508224859],[-6.8028475390939809,34.05479014961216],[-6.8025284413731173,34.055172701860307],[-6.8025589669852859,34.055189901515057],[-6.8025285101835404,34.055226619551618],[-6.8024824212137309,34.055282193521897],[-6.8024438433968211,34.055328650450186],[-6.8023472088858918,34.055400958248505],[-6.8024060715515846,34.055432678347728],[-6.8023708545075019,34.055475764392469],[-6.802268277508043,34.055599607596982],[-6.8021223759471647,34.055825473539862],[-6.8020267181850889,34.05594115850085],[-6.8019906058228834,34.055984786533315],[-6.8019676922534371,34.055971164971531],[-6.8019019552988125,34.056043494858038],[-6.801854986133792,34.05610003798833],[-6.801809217590792,34.056155245552766],[-6.8017626421010018,34.056211347744245],[-6.8017200572252845,34.056262681374278],[-6.8016444000891108,34.056338173902823],[-6.8016673550192444,34.056350595589834],[-6.8016378186683601,34.056386655561028],[-6.8015919318235447,34.056442607489451],[-6.801545933851429,34.056498659845694],[-6.801439218806637,34.056628628872055],[-6.8014517491483799,34.056635757780342],[-6.8014214671214344,34.056672354517502],[-6.8013750277075395,34.056728326963025],[-6.8013290440547216,34.056783807292774],[-6.8012827700631995,34.0568395632095],[-6.8012364133295193,34.056895567140771],[-6.8012058648201004,34.056932448177619],[-6.8011762652290315,34.056915176526473],[-6.8011186641782118,34.056997568142037]]],[[[-6.7948917730845171,34.063726895954559],[-6.7942927928489789,34.064269076648834],[-6.7937199961942207,34.064808234249398],[-6.7932601666764576,34.065214095403306],[-6.7928231856414953,34.065615258440431],[-6.792367778186887,34.066033178859996],[-6.7919384833077503,34.066386489337638],[-6.7915260620542837,34.066777535700233],[-6.7910041498818039,34.067252424713068],[-6.7910859149610996,34.067311638736392],[-6.7916067525758672,34.066837729907867],[-6.7920173975524145,34.06644836963028],[-6.7924460741777617,34.066095565382767],[-6.7929034081332595,34.065675875497803],[-6.7933404467996317,34.065274661045869],[-6.7937999454845412,34.064869120736418],[-6.794373271561275,34.064329466287042],[-6.7949729053652455,34.063786691744475],[-6.7954403845074607,34.063330483868334],[-6.795358610039159,34.063271314189471],[-6.7948917730845171,34.063726895954559]]],[[[-6.7974370419066794,34.061262170476446],[-6.7977900447780248,34.060869125002171],[-6.7984124712853973,34.060161856217675],[-6.7989462897074322,34.059560761531635],[-6.7992869944352945,34.059185276101992],[-6.7997877368298694,34.058619690124857],[-6.7997415254433369,34.05859083437592],[-6.7997010169360239,34.058565542211653],[-6.799132376970328,34.059201344660075],[-6.7988592514683628,34.059507056709165],[-6.7983252007451505,34.060108411555632],[-6.7982617703046202,34.060180488160128],[-6.7977120732228302,34.060891757762178],[-6.7973773661822197,34.061326196265441],[-6.7972824760513983,34.061434725972759],[-6.7974370419066794,34.061262170476446]]],[[[-6.8151081121472066,34.038245901599097],[-6.8149437893525135,34.038584722167819],[-6.8144160941203111,34.03967901536997],[-6.8141735321867785,34.040179353917367],[-6.814061330979083,34.040409433429197],[-6.8139461679866029,34.040641019866683],[-6.8140188902168006,34.040730542911433],[-6.8142385912823284,34.040270911326061],[-6.8148297580199451,34.039067769236475],[-6.8150152711400214,34.038685791748527],[-6.8150444969717467,34.038618604784837],[-6.8152387328937492,34.038217318683188],[-6.8151346253487288,34.038148135921524],[-6.8150677680500564,34.038219093658419],[-6.8151081121472066,34.038245901599097]]],[[[-6.8086547966161088,34.047970854894814],[-6.8085362527201827,34.048028046290369],[-6.8085834454141372,34.048040878027116],[-6.8075363550491392,34.04928533208664],[-6.8076195692127781,34.049332010612609],[-6.8080527468597953,34.048825336631474],[-6.8084983439239615,34.048304998964667],[-6.8087440814094498,34.048013103080208],[-6.8086648666658176,34.047967814303988],[-6.8086547966161088,34.047970854894814]]],[[[-6.812907296549608,34.042656553623353],[-6.8127178940649857,34.043010304838369],[-6.8121011993336191,34.043910640268138],[-6.8120996902530058,34.043986691510035],[-6.8121598804995074,34.044007026896345],[-6.8128146686252702,34.043050831590257],[-6.8130739597055525,34.042566950821502],[-6.812907296549608,34.042656553623353]]],[[[-6.8135109848921687,34.041516145246511],[-6.8132372485925963,34.042103332555456],[-6.8132193081432497,34.042132511682425],[-6.8132640238121764,34.042109774834245],[-6.8133759808196466,34.042054997820848],[-6.8136115362883789,34.041549707902568],[-6.8139664877479769,34.040835268638226],[-6.8138933016095855,34.040747330864612],[-6.8135109848921687,34.041516145246511]]],[[[-6.7972824760513983,34.061434725972759],[-6.7969434523218304,34.061774864659775],[-6.7964299626401647,34.062288292414095],[-6.7962210759843611,34.062497691552849],[-6.7959943382098711,34.062724983438109],[-6.7957523609721981,34.062967090627012],[-6.7955584705052345,34.063161911817815],[-6.7955992512721357,34.063191412109106],[-6.795758594464143,34.063058552213889],[-6.7962072508563924,34.06264691299225],[-6.7968103565075388,34.061967031941677],[-6.7972824760513983,34.061434725972759]]],[[[-6.8060149662579121,34.0512556949759],[-6.8059249862465627,34.051200337834068],[-6.8057583572162645,34.051398360731575],[-6.8052544553016761,34.051967163178773],[-6.8052575559013384,34.051969150393425],[-6.8052765253475807,34.051948368167757],[-6.8053616825548362,34.051999205594591],[-6.8058189069550004,34.051471480941572],[-6.805827758381259,34.051461264630454],[-6.8058399133464862,34.051467181613084],[-6.8060149662579121,34.0512556949759]]],[[[-6.8152038113435554,34.03787711815643],[-6.8149699494820872,34.038149854196526],[-6.8150030702045488,34.038172555446579],[-6.8151349549269113,34.038034293371638],[-6.8152472484064894,34.037884986236492],[-6.8153560661332033,34.037723438435137],[-6.8153224336737281,34.037705228931223],[-6.8152038113435554,34.03787711815643]]],[[[-6.8153818060144342,34.037619193392963],[-6.8153654696338384,34.037642866032101],[-6.8153926874439064,34.037657531475425],[-6.815529701107943,34.037466331052883],[-6.8155974426340613,34.03734890796332],[-6.8155524282205953,34.037338363044228],[-6.8153818060144342,34.037619193392963]]]]},"properties":{"arrondissement":"Tabriquet","PA":"Tabriquet","objectid":276,"shape.STArea()":26152.523090800001,"shape.STLength()":5953.5293365507032,"Prefecture":"Salé"}},{"type":"Feature","id":277,"geometry":{"type":"Polygon","coordinates":[[[-6.7857168620298287,34.072129463570867],[-6.7857971134340938,34.072190064868956],[-6.7861017676412505,34.071917470452092],[-6.7865962889612925,34.071462615230587],[-6.7870461088628176,34.071052603552005],[-6.7876980190943312,34.070452951237968],[-6.7880311137460474,34.070147572263402],[-6.7884066638433378,34.069801797353165],[-6.7892148249561126,34.069059968487686],[-6.7896898794777938,34.068621540155505],[-6.7899580361922567,34.068372638610839],[-6.7902312383195644,34.068101747483226],[-6.7901502072968132,34.068041823141129],[-6.7898761751861896,34.068313538571019],[-6.7896093019208914,34.068561246101616],[-6.7891344459417837,34.068999489764856],[-6.7883263296076404,34.069741279755284],[-6.7879507986386241,34.070087034380208],[-6.7876177210426016,34.070392398529918],[-6.7869659175095522,34.070991951859931],[-6.7865160954052781,34.071401965088072],[-6.7860219435642408,34.071856480431684],[-6.7857168620298287,34.072129463570867]]]},"properties":{"arrondissement":"Tabriquet","PA":"Tabriquet","objectid":277,"shape.STArea()":6106.9989606199997,"shape.STLength()":1241.4073198467904,"Prefecture":"Salé"}},{"type":"Feature","id":278,"geometry":{"type":"Polygon","coordinates":[[[-6.777963210263696,34.070094090552438],[-6.778029190884598,34.070166330540445],[-6.778298696710352,34.069948386004533],[-6.7785637623176429,34.069725062394767],[-6.7788242803636694,34.069496450149813],[-6.7787403199195726,34.069439166115814],[-6.7784856206498434,34.069662586411162],[-6.7782265502814028,34.069880923056211],[-6.777963210263696,34.070094090552438]]]},"properties":{"arrondissement":"Tabriquet","PA":"Tabriquet","objectid":278,"shape.STArea()":1032.1767359949999,"shape.STLength()":226.58875893623551,"Prefecture":"Salé"}},{"type":"Feature","id":279,"geometry":{"type":"Polygon","coordinates":[[[-6.8097709023551554,34.046517728118275],[-6.8096132307934694,34.04656241707761],[-6.8087643383758287,34.047756088581451],[-6.8087916916076576,34.047739563940716],[-6.8090758650121481,34.047404541278127],[-6.8093317089622385,34.047102916652648],[-6.8094742743913432,34.046934839295112],[-6.8097709023551554,34.046517728118275]]]},"properties":{"arrondissement":"Tabriquet","PA":"Tabriquet","objectid":279,"shape.STArea()":1092.7999440999999,"shape.STLength()":335.3085641253337,"Prefecture":"Salé"}},{"type":"Feature","id":280,"geometry":{"type":"Polygon","coordinates":[[[-6.8108345388479314,34.044536701991333],[-6.8118062049197041,34.044048259203684],[-6.8118823637818098,34.044014297712295],[-6.81188836341593,34.04378324686386],[-6.8119010081125237,34.043208482525024],[-6.8118431545825633,34.043178434689757],[-6.8113714324908559,34.043370111057264],[-6.8115926157205839,34.043635681344519],[-6.8117027785104325,34.043601912443073],[-6.8117913145113151,34.043739461358001],[-6.8116853366368284,34.0437926255645],[-6.8109462067281115,34.044163408917164],[-6.8106032831396952,34.043686993794104],[-6.8103827502437282,34.043782936948887],[-6.8103092115039185,34.043814148034009],[-6.8104674265816474,34.04402839475344],[-6.8108345388479314,34.044536701991333]]]},"properties":{"arrondissement":"Tabriquet","PA":"Tabriquet","objectid":280,"shape.STArea()":7357.2316046799997,"shape.STLength()":597.77856336840375,"Prefecture":"Salé"}},{"type":"Feature","id":281,"geometry":{"type":"Polygon","coordinates":[[[-6.8079581554632025,34.037738530104768],[-6.8080115318029373,34.037745434077607],[-6.8081930392868593,34.037601536413391],[-6.8083772817079327,34.03746115751624],[-6.8085641908602437,34.037324349353952],[-6.8087536975506646,34.037191162572427],[-6.8083779612776629,34.037344096792182],[-6.8080902464350599,34.037511289857747],[-6.8079812518915572,34.03738841219505],[-6.8077532861457835,34.037504988085807],[-6.8077786856138012,34.037535882093607],[-6.8079581554632025,34.037738530104768]]]},"properties":{"arrondissement":"Tabriquet","PA":"Tabriquet","objectid":281,"shape.STArea()":1383.072671825,"shape.STLength()":241.76517262793928,"Prefecture":"Salé"}},{"type":"Feature","id":282,"geometry":{"type":"Polygon","coordinates":[[[-6.8087340536108858,34.037345937692962],[-6.8088353792013949,34.037459054349135],[-6.8092254953944522,34.03730026452962],[-6.8090956699285332,34.037100862482134],[-6.8089137661846264,34.037221783516692],[-6.8087340536108858,34.037345937692962]]]},"properties":{"arrondissement":"Tabriquet","PA":"Tabriquet","objectid":282,"shape.STArea()":844.55348498000001,"shape.STLength()":123.93666208552577,"Prefecture":"Salé"}},{"type":"Feature","id":283,"geometry":{"type":"Polygon","coordinates":[[[-6.8076992714301454,34.035621177040376],[-6.8075118505576064,34.035640368430499],[-6.8070410064067834,34.035659555912879],[-6.8067636502174143,34.035735721811371],[-6.806598847196704,34.035803171111553],[-6.8064447708684002,34.035894722121881],[-6.8065919396262986,34.036090182350172],[-6.8066120910357233,34.036116943624677],[-6.8067660263798313,34.036036207361164],[-6.8067704666208657,34.036034389873969],[-6.8067716439658952,34.036033909494755],[-6.8068868169008203,34.035986771472849],[-6.8069239301554827,34.035976580504553],[-6.8071009308043058,34.035927972704698],[-6.8075396671267967,34.035910092516502],[-6.8077684299242502,34.035886668804061],[-6.8080175848676552,34.03582142520245],[-6.8080449962463296,34.035813256636125],[-6.8082614019450158,34.03574875558877],[-6.8087904875780181,34.035577067322414],[-6.8088262254666896,34.035581488833991],[-6.8088254278123141,34.035640387797237],[-6.8088244599728673,34.035711638814455],[-6.8089074238556133,34.035702627424421],[-6.8089179449207782,34.035535772315846],[-6.8089185602610485,34.035526021646653],[-6.8089346953867187,34.03539780787608],[-6.8089248894891661,34.035320188123649],[-6.8087528848980368,34.035298909148324],[-6.808147608900196,34.035495321996436],[-6.8079140298933352,34.035564939935902],[-6.8076992714301454,34.035621177040376]]]},"properties":{"arrondissement":"Tabriquet","PA":"Tabriquet","objectid":283,"shape.STArea()":7101.7872406200004,"shape.STLength()":551.51259361785355,"Prefecture":"Salé"}},{"type":"Feature","id":284,"geometry":{"type":"Polygon","coordinates":[[[-6.7822431885449221,34.071003992009587],[-6.7822568688664848,34.071011304924795],[-6.7822670291471709,34.07102079041524],[-6.7822795750112563,34.071036762767243],[-6.7822893608707053,34.071049686626544],[-6.7823067293380284,34.071071242376853],[-6.7823206902709066,34.071085153731204],[-6.7823339448242859,34.071096899413028],[-6.7823458847666682,34.071115109613352],[-6.7823522593797803,34.071128053033796],[-6.7824365429662707,34.071052070182468],[-6.7825745344454615,34.070927666444604],[-6.7818162203718524,34.070340381813054],[-6.7818197199667924,34.07033719759788],[-6.7817884966973603,34.070267913430619],[-6.781778052266481,34.070232659768962],[-6.7817858433910523,34.070201142646397],[-6.7817913442478872,34.070164221623052],[-6.7817870954846375,34.070120048935081],[-6.7817865282989525,34.070069962832093],[-6.7817848098389453,34.070016447954572],[-6.7817690318038002,34.069981355870816],[-6.7817648834694113,34.069947308044185],[-6.7817570501518887,34.069908333431322],[-6.7817338241823215,34.069863253351926],[-6.7817099832272358,34.069833464598048],[-6.7816715391698388,34.069797062041928],[-6.7816306190413753,34.069768231632196],[-6.7815918257991337,34.069745434600954],[-6.7815539885948475,34.069721559234416],[-6.7815130320238364,34.069673674899825],[-6.7814988535242691,34.06964361191028],[-6.7814046095989413,34.069594137517683],[-6.7813986099321282,34.069590987612749],[-6.7813421129532987,34.069555944803056],[-6.7812894226440097,34.06951540299211],[-6.7812410722336196,34.069469772465673],[-6.7811975510314291,34.069419515007638],[-6.7811961822073057,34.069431160343406],[-6.7811961861698729,34.069458392565423],[-6.7812003583615388,34.069470516176388],[-6.7812082258834865,34.069487402338602],[-6.7812149053674045,34.069499500136061],[-6.7812245317294186,34.069518497094215],[-6.781227401324613,34.069529258828432],[-6.7812305210324864,34.0695414373196],[-6.7812314251020487,34.069576339781321],[-6.781234654342156,34.069602627411619],[-6.7812358864475009,34.069623949808765],[-6.7812395416693745,34.069639408742304],[-6.7812434424307568,34.069654634097581],[-6.7812458676700693,34.069663212837121],[-6.7812490693263996,34.069673184499528],[-6.7812547244679244,34.069682472590245],[-6.781263782812152,34.06969300923295],[-6.7812747425195408,34.069705759715859],[-6.7813070044320289,34.069736547031859],[-6.7813303881357969,34.069758992624671],[-6.7813553811015641,34.069780139858999],[-6.7813759629200963,34.069797443296096],[-6.7813972045473125,34.069813168438678],[-6.781451141102627,34.069844111958929],[-6.781467700305007,34.069852700928443],[-6.781486944532146,34.069861808640546],[-6.7815040838011766,34.069871027920954],[-6.7815191275645068,34.069877274339376],[-6.7815326859621949,34.069884704114223],[-6.7815416532100743,34.069894143286959],[-6.7815448735495858,34.069904332983192],[-6.7815493897567656,34.069914234240144],[-6.7815551712404734,34.069925057677381],[-6.7815585271812191,34.06994009242095],[-6.7815600237259064,34.069955006961173],[-6.781568676739373,34.069989380333887],[-6.7815737635925588,34.07000299813933],[-6.7815817131395848,34.070017675643513],[-6.7815900744496966,34.070029352665095],[-6.7815991116139687,34.070044411391905],[-6.781606085821327,34.070061677127299],[-6.781608665350161,34.070075318948277],[-6.7816091162421701,34.070091944093008],[-6.7816085757031956,34.070106195669716],[-6.7816083646294327,34.07012439913008],[-6.7816101231982806,34.070139298155951],[-6.7816073208897887,34.07015334197434],[-6.7816044435976623,34.070164852420532],[-6.7815999900849828,34.070178102765894],[-6.7815958426993488,34.070193429404107],[-6.781594890512773,34.070204285541429],[-6.7815948810037643,34.070213769499453],[-6.7815961880006288,34.070229575350034],[-6.7816059240607904,34.070262677802063],[-6.7816103488537145,34.070284269840656],[-6.7816142310394083,34.070299275334776],[-6.7816204122250801,34.070321324198147],[-6.7816256953279845,34.070342098721689],[-6.7816298395606847,34.070357090505738],[-6.781634201386062,34.070368320982091],[-6.7816434442081777,34.070387448388281],[-6.7816563124164757,34.070412114692402],[-6.7816830121753471,34.070466685447769],[-6.7816925569827129,34.070481496876859],[-6.7817019054562895,34.070495547503462],[-6.7817116186561677,34.070507592004212],[-6.7817217131420886,34.070517853855229],[-6.7817321702148723,34.070526111407439],[-6.7817489470569186,34.070537334949876],[-6.7817629943563595,34.070550691679983],[-6.7817732362973375,34.070564362697823],[-6.7817789335063541,34.070575742590769],[-6.7817846729782403,34.070590868301672],[-6.7817897599005263,34.070604486095107],[-6.781792381587203,34.070613827425696],[-6.7817980766348738,34.070625207341457],[-6.7818052778983233,34.0706356237176],[-6.7818230533324719,34.070652528721936],[-6.781837811771207,34.070663309139078],[-6.7818507995376889,34.070673416445771],[-6.7818653124439727,34.070684430438853],[-6.7818761554464819,34.070692557467133],[-6.7818868372569625,34.070700361604842],[-6.7818969084713672,34.070708749654145],[-6.7819052394828088,34.070715246761779],[-6.7819136081467102,34.07072383754894],[-6.7819192401126021,34.070731251819041],[-6.7819268086249904,34.070741317830681],[-6.7819324125416323,34.070751600291402],[-6.7819377871129438,34.070760682211684],[-6.7819470233504129,34.070771761559492],[-6.7819588394317583,34.07078369448498],[-6.7819716401238788,34.0707963452531],[-6.7819962171196302,34.070818837088851],[-6.7820075723512669,34.070828368953521],[-6.7820203802678822,34.070837931703615],[-6.7820402866227889,34.070851855125319],[-6.7820532183996605,34.070861301070224],[-6.7820738052610787,34.07088025832644],[-6.7820863066276873,34.07089248490491],[-6.782102241393118,34.070909487714715],[-6.7821164478353051,34.070923167316444],[-6.7821417220134004,34.070944518716125],[-6.7821578043337212,34.070958534770085],[-6.7821685841787431,34.07096909024829],[-6.7821818505484384,34.070979401875071],[-6.7821994484979822,34.070989368146591],[-6.7822103899345914,34.070995504580445],[-6.7822210201611766,34.071002650907801],[-6.7822283386405529,34.07100490242388],[-6.782234698382628,34.071003567930731],[-6.7822431885449221,34.071003992009587]]]},"properties":{"arrondissement":"Tabriquet","PA":"Tabriquet","objectid":284,"shape.STArea()":4386.2812558300002,"shape.STLength()":481.00194458307686,"Prefecture":"Salé"}},{"type":"Feature","id":285,"geometry":{"type":"Polygon","coordinates":[[[-6.7816423503694807,34.072474462694998],[-6.7817273624753263,34.072508308555506],[-6.7818301495024436,34.072544287071658],[-6.7818908981635495,34.072519247899187],[-6.7819433716687723,34.072500087956158],[-6.7820034739454798,34.072490277260322],[-6.7821531969430868,34.072478519233783],[-6.7822745956393229,34.072473328464199],[-6.7823619018945873,34.07245942455679],[-6.7825867787777616,34.072362072739047],[-6.7828661314180785,34.072108244163147],[-6.7829453168621612,34.072021661987648],[-6.7830223780188188,34.071933183821969],[-6.7828675490563688,34.071813565475395],[-6.7828686977038268,34.071871406449908],[-6.7828436873495779,34.071939064827227],[-6.7827672121938054,34.072011341796397],[-6.7827180904408166,34.072062922693902],[-6.7826216982427381,34.072128402788124],[-6.7825580876213838,34.07215934671926],[-6.7825178331841798,34.072186306686262],[-6.7824400450607296,34.072175184077487],[-6.78238392906868,34.07215721917926],[-6.7823373084600416,34.072128473495901],[-6.7822988776089153,34.072083449326499],[-6.7822572047993317,34.072074818031631],[-6.7822134750660181,34.072090835291036],[-6.7822026443895576,34.072143278158251],[-6.7822227192991376,34.07219350813989],[-6.7822484314849962,34.072240582638528],[-6.782264674603578,34.072277348753893],[-6.7822657475231152,34.072316295009351],[-6.7822433447333887,34.072352947791011],[-6.7822036798204532,34.072381006822177],[-6.7821467215210269,34.072400687071301],[-6.782069492465193,34.072410401607591],[-6.7819961425431528,34.072420892225608],[-6.7819039480006245,34.072431081820035],[-6.7818028121811116,34.072436617124559],[-6.7817126020995815,34.072433534744576],[-6.7816534753049078,34.072424415563781],[-6.7815466889112992,34.072387175086369],[-6.781588279119247,34.072432707584134],[-6.7816423503694807,34.072474462694998]]]},"properties":{"arrondissement":"Tabriquet","PA":"Tabriquet","objectid":285,"shape.STArea()":2345.8528068199998,"shape.STLength()":373.64746125208518,"Prefecture":"Salé"}},{"type":"Feature","id":286,"geometry":{"type":"Polygon","coordinates":[[[-6.7906200417981939,34.067729378040298],[-6.7905381781950753,34.067669632722179],[-6.7904792714722246,34.067715540856263],[-6.7904301336761081,34.067764263542706],[-6.7905131338703919,34.06782223591108],[-6.7906200417981939,34.067729378040298]]]},"properties":{"arrondissement":"Tabriquet","PA":"Tabriquet","objectid":286,"shape.STArea()":146.96374317499999,"shape.STLength()":48.810918502926242,"Prefecture":"Salé"}},{"type":"Feature","id":287,"geometry":{"type":"Polygon","coordinates":[[[-6.7814405847593857,34.069447891304854],[-6.781487615208758,34.069477780873193],[-6.7815215898359629,34.069325482706567],[-6.7816045579835249,34.069129482181452],[-6.7818399249787893,34.068951156009454],[-6.7819356119041005,34.068925578426693],[-6.7818977430700862,34.06888423917497],[-6.7818819845096296,34.068845729765691],[-6.7818967095844389,34.068785919109438],[-6.7819205708758297,34.068770212867449],[-6.7819631499598696,34.068741917934261],[-6.7820069723354113,34.068649561667264],[-6.7820394574354674,34.068525295699459],[-6.7820456156074513,34.068460097084454],[-6.7820635785627088,34.068342675668582],[-6.7820635221558172,34.068249993102917],[-6.7820587723220287,34.068221119495803],[-6.7820587032562925,34.068208607981205],[-6.7820676619242404,34.068192115402454],[-6.7820850365885645,34.068180801382049],[-6.782101561035172,34.068164887371417],[-6.7821214391497469,34.068138737365217],[-6.7821661310320094,34.068102678480209],[-6.782223142322473,34.068020391096496],[-6.7822732376286217,34.067905436423452],[-6.7822966499198785,34.067870799791287],[-6.7823129180134547,34.067851449818498],[-6.7823324556101499,34.067834892907463],[-6.7823480865545154,34.067818270837321],[-6.7823623550955539,34.067795508652168],[-6.782389553607155,34.067763043403311],[-6.7824224965348074,34.06773900845068],[-6.7824791134626539,34.067705976259404],[-6.7825275636976174,34.067677709276772],[-6.7825538757466246,34.06765906831523],[-6.7825643821820494,34.067647434938678],[-6.7825789629008622,34.067626520784415],[-6.7825966747059709,34.06760630801579],[-6.7826459678549389,34.067566803647246],[-6.7826917010140573,34.067534443294605],[-6.7827299134634238,34.067514816118219],[-6.7827455388520237,34.067509968622502],[-6.7827747228560291,34.067502167756743],[-6.7828185963371332,34.067481854046179],[-6.7828540447654451,34.067464844722004],[-6.7829583629010095,34.067417523106045],[-6.7829857917216296,34.067393280962591],[-6.7830382757385674,34.067359475210267],[-6.7830843103970437,34.067312243466745],[-6.7831234959518838,34.067265203589756],[-6.7831760618066657,34.067206265890498],[-6.7832017218607641,34.067187190071174],[-6.7832252496130225,34.067173037524789],[-6.7832905932998502,34.067131944440476],[-6.7833356935465225,34.06709777359395],[-6.7834017362259926,34.067044851272463],[-6.7834728434445735,34.066986184160243],[-6.7835370449200978,34.066937487409525],[-6.7835926583715036,34.066891658576132],[-6.7836482503143927,34.066859855545495],[-6.7836716170318772,34.066846488397452],[-6.7837211673903024,34.066818559615278],[-6.7837334588335416,34.06681015129778],[-6.7837638842036521,34.066833147346649],[-6.7839289895326136,34.066704679178194],[-6.7840202511728265,34.066634305127465],[-6.7841817186244544,34.066508740138524],[-6.78421867481834,34.066480441529073],[-6.7843270269147276,34.066395541848486],[-6.7843552526436879,34.066374496672488],[-6.7843877146562184,34.066352174594648],[-6.7844166441514338,34.066335647125669],[-6.7844539349105721,34.066316448941357],[-6.7844895238513141,34.066301505532564],[-6.7845541273711776,34.066275375339472],[-6.7846042343791924,34.066255482761811],[-6.7846633716201294,34.066231991263557],[-6.7847556711147314,34.066195240652071],[-6.7849668670390395,34.06611166127378],[-6.7850640449454174,34.066071717202973],[-6.7851726204399023,34.065956743851039],[-6.7853114638777692,34.065893022837272],[-6.7854207919594423,34.065836537760845],[-6.7855392853610024,34.065760208873975],[-6.7857079970351988,34.065646492388268],[-6.7858654457861736,34.065502690807762],[-6.7860847480640043,34.065248078337618],[-6.7861601254962753,34.065091884822557],[-6.7860610680556546,34.06501830645518],[-6.7860592817340031,34.065023437899328],[-6.786061491315488,34.065032808971743],[-6.7860658922366408,34.065039544057385],[-6.7860693462528214,34.065047989601247],[-6.786069752409885,34.065058500708659],[-6.7860653540981968,34.065071076956137],[-6.7860592492082743,34.065079590284334],[-6.7860515593394819,34.065087925430134],[-6.7860451623290352,34.065092733570246],[-6.7860382558341019,34.065095154727743],[-6.7860335379896286,34.065096400929114],[-6.7860270075325628,34.065103168464454],[-6.7860198233675035,34.065115351632876],[-6.7860136253919121,34.065127606870426],[-6.7860046873042936,34.065138328583252],[-6.785993020982076,34.065141674441016],[-6.7859865809204454,34.065146161994441],[-6.785977555131395,34.065157703556409],[-6.7859706276053195,34.065170351044351],[-6.7859628107408172,34.065177723507936],[-6.7859558073662791,34.065185346712987],[-6.7859434050116469,34.065192005989488],[-6.785932501021307,34.065199663287366],[-6.7859272762538607,34.065217832932149],[-6.7859282822797375,34.065228451042337],[-6.7859274832505081,34.065241669302246],[-6.7859236089658852,34.065249329166619],[-6.7859184090144771,34.065255812336268],[-6.7859184299301303,34.065266358364063],[-6.7859112904038907,34.06527740199251],[-6.7858996121894268,34.065286591072542],[-6.7858848010960253,34.065297204531191],[-6.7858742403370611,34.065304505405805],[-6.7858432741373065,34.065333321824895],[-6.7858306844684018,34.06534746312105],[-6.785819650790744,34.065355619663968],[-6.7858072037324009,34.06536341845942],[-6.7857908222044481,34.065366549460393],[-6.7857755210413675,34.065366010607569],[-6.7857596554781319,34.065368607417007],[-6.7857427133256003,34.065373413033669],[-6.7857294544063818,34.065379501863163],[-6.7857106522595698,34.065392430269419],[-6.7856691015862287,34.065419461605394],[-6.785644978955319,34.065434989313033],[-6.7856202106889461,34.065451550457858],[-6.7856051402003716,34.065463161491245],[-6.7855891265696826,34.065475021935193],[-6.7855342329484509,34.065507500847282],[-6.7855165100401731,34.065516759386291],[-6.785499908397715,34.065522669583103],[-6.7854846334863907,34.065529755563112],[-6.7854636545001732,34.065538015646972],[-6.7854448614793581,34.065546561812077],[-6.7854291583060071,34.065553363022467],[-6.7854096029453856,34.0655575968322],[-6.7853900465138377,34.065561831552557],[-6.7853689023790018,34.065567348207495],[-6.7853473272716549,34.065574040224092],[-6.7853244581955785,34.065584260147759],[-6.7853051922222791,34.065593661061179],[-6.7852561140309602,34.065612459440288],[-6.7852377939032129,34.065620150805017],[-6.7852227809956016,34.065624778115229],[-6.7852086311139264,34.06562705468226],[-6.7851940911336532,34.06563082722009],[-6.7851748855063825,34.065631783406843],[-6.7851600926941451,34.065633632377931],[-6.7851439322621809,34.065633984048873],[-6.7851233186944002,34.0656316622172],[-6.7851078932390996,34.065628700477468],[-6.7850949577583917,34.065623886785225],[-6.7850756920677151,34.065612515304636],[-6.7850581001700965,34.065600503055002],[-6.7850397486986855,34.065582719223841],[-6.7850119106035383,34.065550716059114],[-6.7849992474939418,34.065539061507266],[-6.7849885518741182,34.065529010360073],[-6.784974348453189,34.065516037175954],[-6.7849635624241591,34.065508266906896],[-6.7849525563044866,34.065503275869929],[-6.7849342164457926,34.065500420250096],[-6.7849146153231201,34.065505794428844],[-6.784903364154891,34.065515269093552],[-6.7848989983804264,34.065532548094119],[-6.7848985816933007,34.065547191556611],[-6.7848994971661876,34.065560089652216],[-6.7849000328619127,34.065570102408699],[-6.7849020222378362,34.065582252732398],[-6.7849031878257451,34.065598535421138],[-6.784902816903446,34.06561203933888],[-6.7849007721769281,34.065626183118745],[-6.7848968466002662,34.065637904554634],[-6.7848890585521131,34.065651441689681],[-6.784879731266205,34.065663660181237],[-6.7848697190794551,34.065675129582516],[-6.7848589811475684,34.065685531088839],[-6.7848496500451629,34.065699209718233],[-6.7848426738355867,34.065714457715458],[-6.7848384469336782,34.065726855258276],[-6.7848292178235168,34.065753183035234],[-6.7848029925228239,34.065789838934151],[-6.784778957500083,34.065823857973889],[-6.7847672241063623,34.065838569592287],[-6.7847615865463089,34.065849150147272],[-6.7847571068047481,34.065859624123227],[-6.7847560563988409,34.065869457790981],[-6.7847553083764867,34.06587861443608],[-6.7847552360180048,34.065892902371147],[-6.7847558948415108,34.0659053370427],[-6.7847555685636634,34.06591770052443],[-6.7847553234861424,34.065932166227697],[-6.784749190716429,34.065953826989983],[-6.784742814357549,34.065969181988706],[-6.7847317620268521,34.065986102833172],[-6.784720616542808,34.066006764684353],[-6.7847148427771282,34.066020765660305],[-6.7847027165244969,34.066038434271952],[-6.7846912489586551,34.066049227105871],[-6.784682095937276,34.066059805892991],[-6.7846685993554097,34.066077439129273],[-6.7846570429726389,34.066089050920041],[-6.7846451406148063,34.066102480153788],[-6.7846341405284374,34.066115339373297],[-6.7846244753277212,34.066124992198624],[-6.7846104327468515,34.066136995785804],[-6.7845952388516597,34.066146183877272],[-6.7845832645090116,34.066153127782307],[-6.7845737736502176,34.066161141817602],[-6.7845617415888579,34.066175069395264],[-6.7845473819279061,34.066195054255743],[-6.7845319494159693,34.066215785969334],[-6.7845187202759503,34.066228038493549],[-6.784502794081444,34.066239079847151],[-6.7844830538500132,34.066249335409836],[-6.7844661441611338,34.066258843647397],[-6.7844453310893842,34.066269846959976],[-6.7844264500836795,34.066279211917937],[-6.7844104453937151,34.066286690008454],[-6.784390880579557,34.06629530675886],[-6.7843710983670302,34.066305241707695],[-6.7843520037533729,34.066314463814287],[-6.7843150551957585,34.06633344445148],[-6.7842987911213095,34.06634191923132],[-6.7842799912734462,34.066353386388506],[-6.7842641581803216,34.066360685802636],[-6.7842457996565688,34.066366595382647],[-6.7842293759284287,34.066369405582421],[-6.7842132142723797,34.066369757145239],[-6.7841953798903356,34.066370749448318],[-6.7841767674518243,34.06637473456427],[-6.7841585778201425,34.066381926503603],[-6.7841436906007111,34.066387516373013],[-6.7841224557334678,34.066395312793247],[-6.7840642460592608,34.066414464906593],[-6.7840445514978596,34.066423579954105],[-6.7840250285848196,34.066432518144687],[-6.7840034073967841,34.066440350373142],[-6.7839850477405825,34.066446259025042],[-6.7839682741779619,34.066452346772309],[-6.7839488482427184,34.066456082902967],[-6.783933280993911,34.066459462599411],[-6.7839138959256404,34.066463519332679],[-6.783902449473584,34.066464085764025],[-6.7838870184582438,34.066464045934111],[-6.7838728319058008,34.066463079694529],[-6.7838591640655492,34.0664601182445],[-6.7838431413428744,34.066455588307861],[-6.7838170959101651,34.066447599448949],[-6.7838081879914975,34.066443713373872],[-6.7837982949669478,34.066439756100877],[-6.7837860851879528,34.066436011076789],[-6.7837715946024995,34.06643718286341],[-6.7837588905916091,34.066444518928598],[-6.7837506816668833,34.066454849137244],[-6.783746110226482,34.06646760306343],[-6.7837429559714559,34.066479252815903],[-6.7837418645738579,34.066488765864655],[-6.7837402898573389,34.066503515887035],[-6.7837392785520167,34.066515131169361],[-6.7837379604627257,34.066530344616851],[-6.7837375948141334,34.066540926467304],[-6.7837350834833305,34.066553003816857],[-6.7837303524270265,34.0665600931708],[-6.783723647311799,34.066568499366753],[-6.7837189538304612,34.066578831363209],[-6.7837159711924535,34.066590302457769],[-6.783712220864726,34.066600385055629],[-6.7837043094172085,34.066611499294055],[-6.7837003929081803,34.066618837587804],[-6.7836958252798096,34.066630131371667],[-6.7836936114381174,34.066642992753451],[-6.7836929025196167,34.066653931014947],[-6.7836911169300098,34.066667077165235],[-6.7836864681226485,34.066676268726894],[-6.7836804075841668,34.066683642402353],[-6.7836728889843236,34.066691799641987],[-6.7836673351410326,34.066703021336451],[-6.7836620771322362,34.066716487179924],[-6.7836559719053611,34.066725001287232],[-6.7836466497926233,34.066734297623242],[-6.7836339010439017,34.066742774108093],[-6.7836217669403585,34.066744053348728],[-6.7836101030422835,34.066745937953357],[-6.7835954211073339,34.066756052784392],[-6.7835844720147795,34.066764849404798],[-6.7835486324160055,34.066786323817531],[-6.7835316358828521,34.066796651763987],[-6.7835163120704971,34.066806338073292],[-6.7835028784175941,34.066814066349579],[-6.7834866980780637,34.066823182214897],[-6.7834748897256736,34.066832870316063],[-6.7834469429737485,34.066851994872394],[-6.7834291198103225,34.066867916187448],[-6.7834191519942433,34.06687824593611],[-6.783404638905532,34.066889643117193],[-6.7833917538678694,34.066901539998092],[-6.783359408277625,34.066933240678644],[-6.783346011056322,34.066944210690714],[-6.7833272529038489,34.066955998298546],[-6.7833080637562189,34.066968962162825],[-6.7832950975275024,34.066978756811743],[-6.7832779646650367,34.066992504242293],[-6.7832611331273629,34.067005575565396],[-6.7832445189979182,34.067017328686973],[-6.7832301410286302,34.067025305438335],[-6.783217644987376,34.067035705445505],[-6.7831907654881611,34.067057004256412],[-6.7831707954474716,34.067074421034981],[-6.7831544853488159,34.067084036108724],[-6.7831381818235705,34.06709073001182],[-6.7831249262828139,34.06709535752077],[-6.783117597857129,34.067094571674744],[-6.7831080022693007,34.067091397481285],[-6.7831008007800628,34.067091573411282],[-6.7830944007183662,34.067097842426115],[-6.7830959251530185,34.067106465345908],[-6.783097365686233,34.067114447073095],[-6.7830927642234657,34.067121037149214],[-6.7830839711442881,34.067123956027295],[-6.7830774888346363,34.067128122831491],[-6.7830723762838856,34.067133786029885],[-6.7830649321692755,34.067146966621678],[-6.7830631585499015,34.067154270435616],[-6.7830552050181243,34.067165064034334],[-6.7830435840997012,34.067167270071984],[-6.7830349747044023,34.067164167064291],[-6.7830267990746451,34.067158428572149],[-6.7830178557345508,34.06715129977561],[-6.7830146023757285,34.067148840235546],[-6.7830100206341797,34.067146665901646],[-6.7830045702926824,34.067149763448839],[-6.7830002133817571,34.067162660174638],[-6.7829971755435778,34.067179654793229],[-6.7829948749415276,34.067193335996294],[-6.7829902614008244,34.067205769294851],[-6.7829856908927342,34.067218523177594],[-6.7829775171852891,34.067232095998769],[-6.7829660426646239,34.067245809838091],[-6.7829521227817393,34.067260236052249],[-6.7829348656180679,34.067271560628321],[-6.7829189483440055,34.067278218677266],[-6.7829076193983733,34.067284129893594],[-6.7828967447555701,34.067297950743722],[-6.7828880158248781,34.06731027610855],[-6.7828709220529078,34.067325806008647],[-6.782848126793021,34.067341048863355],[-6.7828279616903036,34.067349558348603],[-6.7828018721751793,34.067362020139988],[-6.7827853036941903,34.06737263275452],[-6.7827683908549332,34.067383601787832],[-6.7827515619107812,34.067395212011611],[-6.7827332450150157,34.067401441964137],[-6.7827142459844909,34.067405462685869],[-6.7826899627171722,34.067415324340487],[-6.7826671320311283,34.06742732449559],[-6.7826455916236625,34.067437258708544],[-6.7826249524443591,34.067446623833099],[-6.7826044766294062,34.067460192484049],[-6.7825811663725029,34.067475969451451],[-6.7825616756613645,34.067489609302079],[-6.7825449735994408,34.067502181274946],[-6.7825099022294504,34.067525045679126],[-6.7824909181463049,34.067542533541598],[-6.7824795787037546,34.067552826927354],[-6.7824577695319235,34.067568141807079],[-6.7824408538476302,34.06758057092248],[-6.7824252284509088,34.067590934100011],[-6.7824077641764999,34.067599195492676],[-6.7823899135793386,34.067607491804658],[-6.7823696998186884,34.067618601786698],[-6.7823444143043012,34.067635696443077],[-6.7823307602224174,34.067646202915697],[-6.7823114775190323,34.067662907627444],[-6.7822957158051578,34.067676691207431],[-6.7822833007005103,34.067689193340549],[-6.7822542579965885,34.067719291696605],[-6.7822141500832451,34.067762688055247],[-6.7821974699399412,34.067783112152746],[-6.7821902944953276,34.067789013593398],[-6.7821784110038532,34.067805096516103],[-6.7821634509133437,34.067825536821601],[-6.7821488088469257,34.067846622050403],[-6.7821394278999465,34.067867423825952],[-6.7821335399268827,34.067882521674292],[-6.7821245671249351,34.067898668105371],[-6.7821115586634635,34.067913929208245],[-6.7820986496447757,34.067927199730811],[-6.7820708755768706,34.067960348546073],[-6.7820587331553401,34.067976438818945],[-6.7820464467992752,34.067990771166102],[-6.7820350750244334,34.068006598620848],[-6.7820240482403831,34.068020202817678],[-6.7820095306701091,34.068033112281057],[-6.7820018952984222,34.068043005860801],[-6.7819930049899408,34.068055281530562],[-6.7819876324281942,34.068065383750273],[-6.7819702224589946,34.068097632806655],[-6.7819663781750048,34.068115039406209],[-6.7819617305378728,34.068133923071926],[-6.7819604112051284,34.06814512957849],[-6.7819589069809929,34.068158882243317],[-6.7819563186991179,34.068173905838499],[-6.7819529856276288,34.068186323176562],[-6.7819526871419145,34.068198688132739],[-6.7819528013745263,34.068214447615482],[-6.7819530233833394,34.068225130295041],[-6.7819523530519126,34.06823619256739],[-6.7819453666310707,34.068245940105818],[-6.7819385288583094,34.068252702683807],[-6.7819299554670076,34.068265623285683],[-6.781927697172403,34.068273462708476],[-6.7819254492357288,34.068284609103209],[-6.7819203805365902,34.068303184464],[-6.7819127952774378,34.068318476864093],[-6.7819026888421918,34.068328834163715],[-6.7818957201031314,34.068332406533123],[-6.7818897628166885,34.068340224490562],[-6.7818882435773382,34.068349016238734],[-6.7818820780961016,34.068357507466857],[-6.7818750088030466,34.068363069523677],[-6.7818691201199481,34.068389297101298],[-6.7818718680460552,34.068400173799979],[-6.7818725437859202,34.068409950530011],[-6.7818720594060702,34.068418465729621],[-6.7818719458021395,34.068428284526505],[-6.7818738143298933,34.068438106732337],[-6.7818759273076408,34.068447695370452],[-6.7818720468574165,34.068458268139572],[-6.7818685967234069,34.068472456194506],[-6.7818675264666046,34.068485083073774],[-6.7818680488963894,34.068496189918726],[-6.7818718761491326,34.068510537669653],[-6.7818747187934596,34.068524165771784],[-6.7818760387729515,34.06853853844683],[-6.781874167312071,34.06855264146575],[-6.7818648636204744,34.068593495007569],[-6.7818596229386179,34.068613182436444],[-6.7818535612954252,34.068634126170913],[-6.7818478400083064,34.06865119270654],[-6.7818447757353031,34.068665249346623],[-6.7818428131129984,34.068678254915042],[-6.7818423509580432,34.068688643913859],[-6.781842858275442,34.068701184866775],[-6.7818456202492943,34.068710628369622],[-6.7818465182096297,34.068718297730847],[-6.7818411818317443,34.068728838743517],[-6.781834425909449,34.068733392682169],[-6.7818241745342611,34.068735597940609],[-6.7818092795012497,34.068732762520959],[-6.781793862986472,34.068725213462592],[-6.7817845181303911,34.068719211810084],[-6.7817728741896284,34.068712561808447],[-6.7817641549004479,34.068710936254305],[-6.781758591766919,34.068715535665817],[-6.7817459920145886,34.068724483776506],[-6.7817368867171641,34.068729383754217],[-6.7817264948802443,34.068737881860869],[-6.7817190909054537,34.068748975036478],[-6.781715328427687,34.068764172089985],[-6.7817113250545784,34.06878125666492],[-6.7817087729669439,34.068796719954783],[-6.7817062430761075,34.068814055241361],[-6.7816998550450007,34.068837442067711],[-6.7816943372840486,34.068852182283521],[-6.7816867027642749,34.068868470851235],[-6.7816763645941291,34.068884021733375],[-6.7816516817026455,34.068911370849214],[-6.7816371369509074,34.068927148446228],[-6.781626149912098,34.068936450337098],[-6.7816108838037863,34.068945100438818],[-6.7815948153961791,34.068955226688537],[-6.7815822191323267,34.068965827834589],[-6.7815505945095458,34.06898748697882],[-6.7815396905507566,34.068996290125078],[-6.7815076657249751,34.069024198078473],[-6.7814718417160202,34.069042995900887],[-6.7814465226325495,34.069078182748022],[-6.7814221677973725,34.069104566828841],[-6.7813767482124065,34.069120749447634],[-6.7813361858440171,34.069127398295187],[-6.781319733113401,34.069137280732924],[-6.7813066973913774,34.069163384986631],[-6.7812626501665827,34.069253318380547],[-6.7812985567544937,34.069292099237721],[-6.7813262645645089,34.069335613122391],[-6.7813594384742499,34.069376392802049],[-6.7813976927391355,34.069413964541262],[-6.7814405847593857,34.069447891304854]]]},"properties":{"arrondissement":"Tabriquet","PA":"Tabriquet","objectid":287,"shape.STArea()":11649.472630445,"shape.STLength()":1472.8909627797823,"Prefecture":"Salé"}},{"type":"Feature","id":288,"geometry":{"type":"Polygon","coordinates":[[[-6.8153364165461952,34.03077427924714],[-6.815470845994251,34.031080440584795],[-6.8154995148256132,34.031159161915319],[-6.8155498133624546,34.031353678654831],[-6.8155417233122497,34.0313753264575],[-6.8155019924281683,34.031420543853692],[-6.8155186752495318,34.031505973340209],[-6.8155160920749127,34.031450743287728],[-6.8155394606531923,34.031426601534434],[-6.8156133569904958,34.031385516621874],[-6.8156211289240254,34.031359503760918],[-6.8155269420942002,34.031110878226464],[-6.815389330920631,34.030763422085123],[-6.8153632871116612,34.030730952405932],[-6.8153324648360156,34.030702978357667],[-6.8152976298551051,34.030680194939194],[-6.8152596476236562,34.030663168191218],[-6.8152194617879953,34.030652321133338],[-6.8151780707417062,34.030647923254357],[-6.815136502821125,34.030650083817015],[-6.8149053131674915,34.030672659355609],[-6.8149106808550606,34.030691900534968],[-6.8151416511924614,34.030673813353424],[-6.8151830142743455,34.030722561264355],[-6.8153364165461952,34.03077427924714]]]},"properties":{"arrondissement":"Bettana","PA":"Bettana","objectid":288,"shape.STArea()":589.73875583500001,"shape.STLength()":271.09854901317556,"Prefecture":"Salé"}},{"type":"Feature","id":289,"geometry":{"type":"Polygon","coordinates":[[[-6.8130815912541918,34.028832481428509],[-6.8130805354204682,34.028814183605398],[-6.8130761288870962,34.028795131718226],[-6.8129771455579489,34.028805116600857],[-6.8129603261875902,34.028816612028834],[-6.812982278395646,34.028838191567402],[-6.8130815912541918,34.028832481428509]]]},"properties":{"arrondissement":"Bettana","PA":"Bettana","objectid":289,"shape.STArea()":39.629409819999999,"shape.STLength()":27.724725430124916,"Prefecture":"Salé"}},{"type":"Feature","id":290,"geometry":{"type":"Polygon","coordinates":[[[-6.8133501939885583,34.028768845524382],[-6.8131628577011867,34.028787332165919],[-6.8131705858087228,34.028809075653022],[-6.8131794626206768,34.028826854201746],[-6.8133407764317067,34.028817578647306],[-6.8134824357865815,34.028904136992075],[-6.8136870401645968,34.029055246219116],[-6.8137845159672183,34.029136200519794],[-6.8139233899306344,34.029263207904791],[-6.814047098381157,34.029324398347562],[-6.8140134653810449,34.02929622103342],[-6.8138539398842068,34.029160895191261],[-6.8136894447035825,34.029022214332528],[-6.8136553790827667,34.028993264390841],[-6.8135110802243926,34.028887100534703],[-6.8134903431794545,34.028871643694636],[-6.8133501939885583,34.028768845524382]]]},"properties":{"arrondissement":"Bettana","PA":"Bettana","objectid":290,"shape.STArea()":341.61151297999999,"shape.STLength()":212.64652307176351,"Prefecture":"Salé"}},{"type":"Feature","id":291,"geometry":{"type":"Polygon","coordinates":[[[-6.8103169466215521,34.027159179493765],[-6.8103205907526299,34.027067907285485],[-6.8102435934550538,34.02705560638519],[-6.8101431334695981,34.027039240449362],[-6.809964634421954,34.026966393530877],[-6.8098514768173164,34.026928754437215],[-6.8097101982503565,34.026872851243411],[-6.8096021482588576,34.026838094568795],[-6.8095124337030706,34.026762697234751],[-6.8094625331725069,34.026672512402548],[-6.8093976352943164,34.026555229104041],[-6.8093137763443723,34.026618570551172],[-6.8094218545399761,34.026815217948958],[-6.8094601523859488,34.026854272876918],[-6.8095412155634021,34.026914776685352],[-6.8096938208613516,34.02696700472255],[-6.8099192524255248,34.027048301278782],[-6.8101083045307327,34.027125454098787],[-6.8101322759435572,34.027129360052619],[-6.810168728298458,34.027135299080335],[-6.8102229897735258,34.027144138341448],[-6.8103169466215521,34.027159179493765]]]},"properties":{"arrondissement":"Bettana","PA":"Bettana","objectid":291,"shape.STArea()":1128.3354965599999,"shape.STLength()":245.71453465494886,"Prefecture":"Salé"}},{"type":"Feature","id":292,"geometry":{"type":"Polygon","coordinates":[[[-6.8119718257959994,34.035095748335934],[-6.811973017515955,34.034643036111355],[-6.8119731659202154,34.034586445956727],[-6.8119732024870281,34.034572298874828],[-6.8119732218388735,34.034565224419929],[-6.8119732315441004,34.034561688995851],[-6.8119732352843094,34.034559919492644],[-6.8119732367683001,34.034559477561551],[-6.8119732375249074,34.034559257497754],[-6.8119732366163275,34.034559201592273],[-6.811973245105083,34.034559190674273],[-6.8119732578382139,34.034559174297243],[-6.8119733726711207,34.034559041331249],[-6.8119742936173679,34.034557984792691],[-6.8119752514761478,34.034556933249441],[-6.8119762441107348,34.03455588852939],[-6.8119772715795852,34.034554854239339],[-6.8119783359902746,34.034553826748073],[-6.811979433069113,34.034552809711187],[-6.8119805671777964,34.034551804883307],[-6.8119817383455477,34.034550814067778],[-6.8119829421814506,34.034549833706663],[-6.8119841809689285,34.034548870989106],[-6.8119854568154743,34.034547922283977],[-6.8119867654474877,34.034546991246856],[-6.8119881111971035,34.034546077828871],[-6.8119894875953007,34.034545183906722],[-6.8119908990036944,34.034544311234946],[-6.8119923432561675,34.03454345983792],[-6.8119938203818702,34.034542631519088],[-6.8119953282440857,34.034541828106306],[-6.8119968689796107,34.03454104777169],[-6.8119984383148422,34.034540294170853],[-6.8120000362789339,34.034539569107196],[-6.8120016628426532,34.034538870777361],[-6.8120033158985089,34.034538202812527],[-6.8120049976126964,34.034537565188238],[-6.8120067015158696,34.034536959781178],[-6.812008429745072,34.034536384763499],[-6.8120101823587635,34.034535843742027],[-6.8120119528586143,34.034535336789965],[-6.8120137455769276,34.034534863858489],[-6.8120155562105484,34.034534426799802],[-6.8120173825935293,34.034534025638337],[-6.8120192225889156,34.034533662201852],[-6.8120210783335047,34.034533334662569],[-6.8120229455537737,34.034533046676096],[-6.8120248220247639,34.034532794660052],[-6.8120267078345575,34.034532584024561],[-6.8120285985628497,34.034532409408307],[-6.8120304964344509,34.034532274393683],[-6.8120323971169849,34.034532179029434],[-6.8120342984443374,34.03453212334],[-6.8120362003872028,34.034532105521954],[-6.8120381008087039,34.03453212740316],[-6.8120399975428132,34.034532189007983],[-6.812041888393864,34.034532288557401],[-6.812043771195917,34.034532426075856],[-6.8120456481443084,34.034532603342306],[-6.8120475126819304,34.034532816823202],[-6.8120493648382539,34.03453306832192],[-6.812051202417619,34.034533356059427],[-6.8120530275570692,34.034533678207985],[-6.8120548359827655,34.034534038423217],[-6.8120566232744713,34.034534431343609],[-6.812058393793885,34.034534858723852],[-6.8120601431793943,34.034535318809297],[-6.8120618714309202,34.034535811600001],[-6.8120635763530446,34.034536335316986],[-6.8120652557796522,34.034536889984558],[-6.8120669096813575,34.034537473799325],[-6.8120685380289299,34.034538084958001],[-6.8120701408222883,34.034538723460457],[-6.8120717137291322,34.034539389355629],[-6.8120732588570316,34.034540079012174],[-6.8120747740691874,34.034540794257957],[-6.8120762571407045,34.034541531510598],[-6.8120777124333598,34.034542292524712],[-6.8120791333605615,34.034543071963199],[-6.8120805243134779,34.034543873384202],[-6.8120818830377443,34.03454469140182],[-6.8120832095629114,34.034545527819439],[-6.8120845038595075,34.034546380833767],[-6.8120857637321883,34.034547248665675],[-6.8120869913470683,34.034548131290883],[-6.8120881845378705,34.034549028733693],[-6.8120893453830167,34.034549935559525],[-6.8120904739410468,34.034550855375272],[-6.8120910252670059,34.034551318134653],[-6.8120911615032247,34.0345514356462],[-6.8120912295920233,34.034551492598574],[-6.8120912515760477,34.034551512191982],[-6.8120912625240129,34.034551519283511],[-6.8120913436684267,34.034551579696291],[-6.8120926592779112,34.034552544301796],[-6.8120939919822305,34.03455349428485],[-6.8120953396151096,34.034554429669846],[-6.8120967043428227,34.034555350432377],[-6.8120980839698664,34.034556254793493],[-6.8120994785547815,34.034557146359873],[-6.8121008880391063,34.03455802152493],[-6.8121023124226792,34.034558880288458],[-6.8121037495393875,34.034559722674942],[-6.8121052015848171,34.034560550463382],[-6.8121066663339898,34.034561360071351],[-6.8121081438456903,34.034562155105661],[-6.8121096318950984,34.03456293198392],[-6.8121111348144412,34.034563690657329],[-6.8121126483008059,34.034564432978115],[-6.8121141723541907,34.034565158946243],[-6.812115706945205,34.034565866758356],[-6.8121172520740023,34.034566556414298],[-6.8121180288827405,34.034566895783279],[-6.8121184172431448,34.034567062762704],[-6.8121186114087307,34.034567145350671],[-6.812118644106242,34.034567157608457],[-6.8121187355537929,34.034567185437929],[-6.8121189163120164,34.034567242924716],[-6.8121192799360335,34.034567354267097],[-6.8121207472239247,34.034567786866326],[-6.8121222379877997,34.034568197556226],[-6.8121237543937729,34.034568586312531],[-6.8121252920803084,34.0345689513805],[-6.8121268532134307,34.034569292735789],[-6.8121284334610017,34.034569610427262],[-6.812130037096618,34.034569900799227],[-6.8121316598172026,34.034570165703883],[-6.8121333015936072,34.034570403337845],[-6.8121349602302423,34.034570611922156],[-6.8121366378932198,34.034570791432408],[-6.8121383323871925,34.034570940089552],[-6.8121400415752786,34.034571059721394],[-6.8121417654281649,34.034571148524613],[-6.8121435038872242,34.034571202892273],[-6.8121452505125015,34.034571226504518],[-6.8121470117440275,34.034571215681289],[-6.8121487811125379,34.034571172299195],[-6.8121505563932088,34.034571092775771],[-6.812152341947737,34.034570978865688],[-6.8121541291115122,34.034570830666546],[-6.8121559221581274,34.034570644522752],[-6.8121577168139869,34.034570424089857],[-6.8121595130204602,34.034570165761117],[-6.812161308640583,34.034569871364326],[-6.81216309934213,34.034569540948262],[-6.812164889428173,34.03456917266076],[-6.8121666724293615,34.034568768378364],[-6.812168446150431,34.034568326322166],[-6.8121702127866435,34.034567848271102],[-6.8121719701427317,34.034567332446159],[-6.8121737139156231,34.03456678069962],[-6.8121754441052316,34.034566193031417],[-6.8121771563792581,34.034565569490454],[-6.812178855070159,34.03456491002779],[-6.812180533708589,34.034564216520138],[-6.8121821922947108,34.034563488967457],[-6.8121838286622474,34.034562727394174],[-6.8121854428112787,34.034561931800233],[-6.81218703263424,34.034561105816969],[-6.8121885959356199,34.034560247665247],[-6.8121901327154992,34.034559357345152],[-6.8121916408955503,34.034558440291271],[-6.8121931182511073,34.034557492921202],[-6.8121945648114046,34.03455651703834],[-6.81219598063515,34.034555516249512],[-6.81219736352684,34.034554488775704],[-6.8121987113495095,34.034553436444703],[-6.8122000241619531,34.034552362863394],[-6.8122013040716531,34.034551264400484],[-6.8122025446680547,34.034550146539431],[-6.8122037502834614,34.034549009231441],[-6.8122049165856522,34.034547852525293],[-6.812206043603779,34.034546678224373],[-6.8122071356996221,34.034545488083303],[-6.8122081863746882,34.034544282175361],[-6.8122091978830284,34.034543065886254],[-6.8122101701366251,34.034541833805768],[-6.8122111032528929,34.034540593147604],[-6.8122119950070159,34.034539340329303],[-6.8122128476237336,34.034538078933259],[-6.8122136611616773,34.034536812566316],[-6.8122144355622174,34.034535537621629],[-6.8122151709133805,34.034534259509414],[-6.8122158649902653,34.034532974647306],[-6.8122165222425162,34.034531690200048],[-6.8122171404159984,34.034530400781932],[-6.8122177195986575,34.034529111803025],[-6.8122182619859215,34.034527825042453],[-6.8122187653532098,34.034526536917724],[-6.8122192341205299,34.034525252790303],[-6.81221966609254,34.034523970881182],[-6.8122200634646637,34.034522692969297],[-6.8122204241001088,34.034521420882534],[-6.8122207523018634,34.034520152768643],[-6.8122208295151125,34.034519838049356],[-6.812220865926272,34.034519678910677],[-6.812220876141394,34.034519640917246],[-6.8122208802684954,34.034519628244617],[-6.8122208927964572,34.034519599243744],[-6.8122209200477251,34.034519543021005],[-6.8122209702179575,34.034519430624393],[-6.8122210748907239,34.034519205782296],[-6.8122214871127715,34.034518308290586],[-6.8122247891035652,34.034511121094539],[-6.8123304480121538,34.034281119992222],[-6.8125417663466177,34.033821119237942],[-6.812647423576923,34.033591117806985],[-6.8127002541485009,34.033476117026076],[-6.8127134617914535,34.033447368179125],[-6.812720063414285,34.033432991976014],[-6.8127217143684637,34.033429398369911],[-6.8127217667035831,34.0334292859486],[-6.8127217772116762,34.033429265989113],[-6.8127217793777604,34.033429265964692],[-6.8127217837100078,34.033429265915878],[-6.8127218032344876,34.033429267499542],[-6.8127218422541214,34.033429268863536],[-6.8127219203227121,34.033429273394844],[-6.8127220764598126,34.033429282457433],[-6.8127226966467296,34.033429316953367],[-6.8127276690607026,34.033429598208819],[-6.8128072036560479,34.033434085914195],[-6.8128121739044039,34.033434367190672],[-6.8128146590140117,34.033434506927151],[-6.8128159015834004,34.033434577697108],[-6.8128159796520009,34.033434582228381],[-6.8128160186716391,34.033434583592268],[-6.8128160381961207,34.033434585175961],[-6.8128160468606156,34.033434585078282],[-6.812816107512166,34.033434584394648],[-6.8128162309814302,34.033434583002993],[-6.8128164757538778,34.033434580244034],[-6.8128203835066961,34.033434539805455],[-6.8128281989830741,34.033434457124585],[-6.8128438299650336,34.033434293564746],[-6.8128750987497888,34.033433986203391],[-6.8129063791860878,34.03343372920741],[-6.8129220263278398,34.033433626782596],[-6.8129376781537454,34.033433545947808],[-6.812953334722474,34.033433490309868],[-6.8129690004249497,34.033433463426718],[-6.8129846731537587,34.03343346892963],[-6.8130003551043341,34.033433508597554],[-6.8130160441985996,34.033433587865062],[-6.8130317447687467,34.03343370668339],[-6.8130474569028685,34.033433870462751],[-6.813063178493568,34.033434082834262],[-6.8130789160977878,34.033434347331593],[-6.813094663217222,34.033434664027915],[-6.8131104240082374,34.033435022053958],[-6.8131261844766433,34.033435360240631],[-6.8131340642416101,34.033435500478795],[-6.8131419370095312,34.033435610131889],[-6.8131498069660612,34.033435680134019],[-6.8131576696028633,34.033435699713699],[-6.8131655248612564,34.033435665264058],[-6.8131733703404747,34.033435562382294],[-6.81317728833716,34.03343548574243],[-6.8131812059818317,34.033435387461687],[-6.8131851189715773,34.033435269392179],[-6.8131890294138877,34.033435127902727],[-6.8131929351718492,34.033434964821197],[-6.813196838382372,34.033434778319752],[-6.8132007368498719,34.033434566619349],[-6.8132046327112583,34.03343432789223],[-6.8132085259665249,34.033434062138369],[-6.8132124122833408,34.033433769406685],[-6.813216295935284,34.033433446041414],[-6.8132201747562622,34.033433092067],[-6.8132240487169398,34.03343270568012],[-6.813227917846727,34.033432288684104],[-6.8132317799206232,34.033431837496558],[-6.8132356392417019,34.033431350265325],[-6.8132394936731249,34.033430828818112],[-6.8132433410780626,34.033430274982848],[-6.8132471858180912,34.033429690514048],[-6.8132510257565384,34.033429077239504],[-6.8132548608932426,34.033428435159294],[-6.8132586913456983,34.033427771486998],[-6.8132625214459894,34.033427086173702],[-6.8132663468619494,34.033426379268342],[-6.8132739904032915,34.033424916838683],[-6.813281626624641,34.03342340398649],[-6.8132968846321784,34.033420290060633],[-6.8133121426972938,34.033417179739743],[-6.8133197790052291,34.033415672295455],[-6.8133274205253302,34.033414218903964],[-6.8133312460282047,34.033413517406814],[-6.8133350762153082,34.03341283750153],[-6.8133389067543924,34.03341217923694],[-6.8133427420071282,34.033411544367624],[-6.8133465820613663,34.033410938303803],[-6.8133504269172755,34.033410361045448],[-6.8133542721838545,34.033409809034588],[-6.8133581244181114,34.033409285804794],[-6.8133619814246282,34.03340878957701],[-6.8133658410373261,34.033408320375784],[-6.8133697032562104,34.033407878200983],[-6.8133735702472862,34.033407463028318],[-6.8133774419813822,34.033407073054299],[-6.8133813163215899,34.03340671010676],[-6.8133851954047442,34.033406372357867],[-6.8133890770647634,34.033406059832103],[-6.8133929634970736,34.033405774308378],[-6.8133968525061706,34.033405514007711],[-6.8134007462289699,34.033405277102354],[-6.8134046425285684,34.033405065420034],[-6.8134085435711302,34.03340487893643],[-6.8134124471612392,34.033404715872479],[-6.8134163533281544,34.033404578031572],[-6.813420264208788,34.033404463585974],[-6.8134241776368158,34.033404372560042],[-6.8134280936418223,34.033404306757213],[-6.8134320143310543,34.033404262546227],[-6.8134359375385154,34.033404239951508],[-6.8134398633228814,34.033404242579849],[-6.8134437937915653,34.033404266800098],[-6.8134477246416596,34.033404314464441],[-6.8134516601466544,34.033404381917215],[-6.8134555981993126,34.033404472789684],[-6.8134595409362193,34.03340458525399],[-6.8134634840252888,34.033404719359005],[-6.8134674317692712,34.033404873252458],[-6.8134713820608503,34.033405050565605],[-6.8134753348413435,34.033405247691626],[-6.8134792901106769,34.03340546463054],[-6.8134832478689322,34.033405701382307],[-6.8134872103115338,34.033405959725904],[-6.8134911730768239,34.033406237906838],[-6.8134951383017812,34.033406534097203],[-6.813499106044933,34.033406851903862],[-6.8135070510760274,34.033407541521171],[-6.8135150038672228,34.033408308610973],[-6.8135229664967634,34.033409147738666],[-6.8135309365930379,34.033410046304844],[-6.8135468759110926,34.033411922809783],[-6.8135548334805938,34.033412850375477],[-6.8135627795447498,34.033413736584535],[-6.8135667467655301,34.033414155403982],[-6.8135707093312581,34.033414554434735],[-6.8135746628510905,34.033414930118902],[-6.8135786115985795,34.03341527880076],[-6.8135825555443814,34.033415598676875],[-6.8135864881313974,34.033415886213795],[-6.8135904136332703,34.033416137755822],[-6.8135943298250607,34.033416349720582],[-6.8135982388143237,34.033416518476855],[-6.8136021340732231,34.033416642294533],[-6.813606022070898,34.033416719296909],[-6.813609896191565,34.03341674234369],[-6.813613758571873,34.03341670960701],[-6.8136176091826366,34.033416619283514],[-6.8136214458283373,34.033416469594151],[-6.8136252683622569,34.033416251521992],[-6.8136290746769079,34.033415968698229],[-6.8136328668209911,34.033415613884806],[-6.8136366447358938,34.03341518347505],[-6.8136385278231852,34.033414940378414],[-6.8136404040893597,34.033414677517641],[-6.8136422778372392,34.033414393040417],[-6.8136441490961692,34.03341408875022],[-6.8136460135339796,34.033413764695794],[-6.8136478754535723,34.033413419024988],[-6.8136497305812274,34.033413055393417],[-6.8136515832200057,34.033412671948788],[-6.8136552767279435,34.033411847472827],[-6.8136589538991688,34.033410951031627],[-6.8136626169584389,34.033409986207609],[-6.8136662659351712,34.03340895480418],[-6.8136698987513045,34.033407862256027],[-6.8136735219637705,34.033406712096543],[-6.8136771290742306,34.033405504399113],[-6.8136807288646306,34.03340424627963],[-6.8136843148364763,34.033402937811367],[-6.8136878892733765,34.033401586183487],[-6.8136914565074944,34.033400191347113],[-6.8136950144607775,34.033398758736951],[-6.8136985631918252,34.033397291959723],[-6.8137021027008,34.033395791015529],[-6.8137056352710754,34.033394263093442],[-6.8137091630981566,34.033392709972546],[-6.8137126840745665,34.033391135283956],[-6.8137197100424514,34.033387935582248],[-6.81372671791787,34.033384689187201],[-6.8137407072041434,34.03337816783457],[-6.8137476981011558,34.033374943274595],[-6.8137546898193282,34.033371769209467],[-6.8137616800457756,34.033368636646628],[-6.8137686709173284,34.033365543758244],[-6.8137756601798758,34.033362485158534],[-6.8137826477746533,34.033359457240692],[-6.8137896335842854,34.033356452791161],[-6.8137966132766099,34.033353471858746],[-6.8138105581719088,34.033347551641988],[-6.8138244754045907,34.033341662399202],[-6.813838357859975,34.033335766332073],[-6.8138522027556903,34.033329825593768],[-6.8138591063652463,34.033326829282373],[-6.8138659965960811,34.033323809672986],[-6.8138728754968749,34.033320759527513],[-6.8138797387060341,34.033317677091489],[-6.8138865861355082,34.033314556954636],[-6.8138934177265931,34.033311395510239],[-6.8139002333619665,34.033308185544641],[-6.8139070287092167,34.033304927106684],[-6.8139138125797221,34.033301629115677],[-6.8139205872862973,34.033298300564226],[-6.8139341272996026,34.033291598472836],[-6.8139476869820337,34.033284906980477],[-6.813954487943672,34.033281594364567],[-6.8139613046252379,34.033278315841869],[-6.8139681459260952,34.033275085741842],[-6.8139750162958901,34.033271911229285],[-6.8139784616537336,34.033270350012266],[-6.8139819181355952,34.033268806706936],[-6.8139853836046651,34.033267283141242],[-6.8139888581196448,34.033265782921916],[-6.8139923416218391,34.033264302442142],[-6.8139958385316159,34.033262847063313],[-6.8139993467120927,34.033261418613264],[-6.8140028661339977,34.033260015288541],[-6.8140063990221993,34.033258640671583],[-6.8140099453765348,34.033257294762308],[-6.8140135052265212,34.033255979364149],[-6.8140170807675924,34.03325469625608],[-6.8140206698922929,34.033253449069335],[-6.8140242768741643,34.033252234148293],[-6.814027897469102,34.033251056951897],[-6.8140315359505683,34.033249913824612],[-6.81403518801568,34.033248806618616],[-6.8140388557131937,34.033247728095887],[-6.8140425368769533,34.033246678280861],[-6.8140462292821811,34.03324565359123],[-6.8140499329288788,34.033244654026859],[-6.8140536477289961,34.033243674177704],[-6.8140611041735255,34.033241766484402],[-6.8140685917947614,34.033239910747184],[-6.814076101605119,34.033238087226394],[-6.8140911561177733,34.033234454219716],[-6.8140986871775979,34.033232605205583],[-6.8141062109461004,34.033230707572443],[-6.8141099669893359,34.033229732667458],[-6.8141137184067198,34.033228739777215],[-6.8141174629440338,34.033227723515957],[-6.8141212027380789,34.033226682055826],[-6.8141249334272622,34.033225613642273],[-6.8141286549822286,34.033224516471954],[-6.8141323673148335,34.033223385134626],[-6.8141360703958007,34.033222217826903],[-6.814139759892889,34.03322101459765],[-6.814143437913545,34.03321977181561],[-6.8141471045163122,34.033218493087631],[-6.8141507620142736,34.033217187406265],[-6.8141580568982505,34.033214538391697],[-6.8141653433521423,34.033211903901666],[-6.8141689903417362,34.033210618179346],[-6.8141726399964817,34.03320936309035],[-6.8141762968538577,34.033208151209607],[-6.8141799654224702,34.033206993308575],[-6.8141836436828624,34.033205898428783],[-6.8141854897223366,34.033205376163167],[-6.8141873382801235,34.03320487551391],[-6.8141891892976716,34.033204392874204],[-6.8141910471950426,34.033203933605414],[-6.8141929098063185,34.033203497731925],[-6.8141947771314211,34.033203085253739],[-6.8141966491997072,34.033202697974296],[-6.8141985260405349,34.033202337696977],[-6.8142004098494136,34.033202006200767],[-6.8142022984601907,34.033201703510017],[-6.8142041962344591,34.03320143137941],[-6.8142060988399829,34.033201189857692],[-6.8142080084722787,34.033200980723883],[-6.8142099250725563,34.033200800371127],[-6.8142118465041781,34.033200650627343],[-6.8142137727376291,34.033200529689104],[-6.8142157037437139,34.03320043575291],[-6.8142176416884368,34.033200368794489],[-6.814219584405798,34.033200328838149],[-6.8142215297002089,34.03320031410496],[-6.8142234797084731,34.033200322767108],[-6.8142254344599467,34.033200356627994],[-6.8142273895636833,34.033200412129645],[-6.8142293493519235,34.03320048922324],[-6.8142313138540231,34.033200589712145],[-6.8142332786497635,34.033200708235029],[-6.8142372135714178,34.033201006547493],[-6.8142411518042092,34.03320137516814],[-6.8142450954259903,34.033201808662213],[-6.8142490378504759,34.033202301692917],[-6.8142529789601669,34.033202847046581],[-6.8142569143054939,34.033203437558512],[-6.8142608394660771,34.033204067867352],[-6.8142647564612178,34.033204728931693],[-6.8142686609001331,34.033205417193571],[-6.8142725483623652,34.033206127291663],[-6.8142764231215178,34.033206855570356],[-6.8142802830701443,34.033207605660778],[-6.8142841303156167,34.033208373931771],[-6.814287962750651,34.033209164014579],[-6.8142917825119689,34.033209974081331],[-6.8142955895994941,34.033210804132025],[-6.8142993839839532,34.033211652363249],[-6.8143031699975856,34.033212518726188],[-6.8143069412007087,34.033213406900906],[-6.8143107040330086,34.033214313207282],[-6.8143144563283267,34.033215237669815],[-6.8143181959499461,34.033216182116263],[-6.8143219293669031,34.033217144669941],[-6.8143256522468079,34.033218125379769],[-6.8143330728942573,34.033220141194448],[-6.8143404643905416,34.033222229486967],[-6.814347826677202,34.033224386650488],[-6.814355164115609,34.033226614439592],[-6.8143624831749774,34.033228910977527],[-6.8143697816303659,34.033231272681924],[-6.814377068175701,34.033233701258418],[-6.8143843449478005,34.033236194879208],[-6.8143916139952445,34.033238746306189],[-6.8143988794154895,34.033241341063317],[-6.8144061473545561,34.033243957436376],[-6.8144206938298417,34.033249175631795],[-6.8144279825507033,34.033251737657103],[-6.8144352854660033,34.033254239998591],[-6.8144389429377306,34.033255461339706],[-6.8144426087510785,34.033256662745501],[-6.8144462763196509,34.03325783887913],[-6.8144499521123993,34.033258987863874],[-6.8144536339045212,34.033260106117318],[-6.8144573216665751,34.033261191836061],[-6.8144610175354323,34.03326224319229],[-6.8144647214815706,34.033263258382604],[-6.8144684334170673,34.033264231996796],[-6.8144721533418329,34.033265164034809],[-6.8144758833633015,34.033266050865471],[-6.8144796212859475,34.033266890709783],[-6.8144833713832869,34.033267679912036],[-6.8144871314598685,34.033268416693318],[-6.8144909014862449,34.033269099250212],[-6.8144946835699312,34.033269723951449],[-6.8144984777108339,34.033270290796992],[-6.8145022839677534,34.033270803393712],[-6.8145060980376435,34.033271263593925],[-6.8145099242822536,34.033271673152029],[-6.8145137583986246,34.033272033920383],[-6.8145176047484313,34.033272347653522],[-6.8145214590579837,34.033272618007125],[-6.8145253213274462,34.033272844981177],[-6.8145291937521666,34.033273030354579],[-6.8145330742248662,34.033273177758687],[-6.8145369606086623,34.033273289021274],[-6.8145408572652295,34.033273365896889],[-6.81454475772553,34.033273410262254],[-6.8145486685173164,34.033273423847426],[-6.8145525853376272,34.033273408504733],[-6.8145565060791871,34.033273367865355],[-6.8145604329079905,34.033273301904899],[-6.8145643658828376,34.033273214230178],[-6.8145722481925004,34.033272979172494],[-6.8145801468033831,34.033272680799712],[-6.8145880597550086,34.033272331759989],[-6.8146039190239183,34.033271553938263],[-6.8146198043153419,34.033270777624601],[-6.8146277497878289,34.033270430019101],[-6.8146356917207562,34.033270131153863],[-6.8146436303784936,34.033269897259466],[-6.8146475980110921,34.033269809190955],[-6.8146515616637338,34.033269742812081],[-6.8146594856058629,34.033269669615073],[-6.8146673999212828,34.033269670479221],[-6.8146753066587182,34.033269738166645],[-6.8146832035052034,34.033269863684616],[-6.8146910946755321,34.03327003977072],[-6.814698977856894,34.033270257432328],[-6.8147068529610433,34.033270511259282],[-6.8147147198412439,34.033270792234582],[-6.8147304327921301,34.033271406726847],[-6.8147461156818636,34.033272037790049],[-6.8147539482568167,34.033272340794895],[-6.8147617718442328,34.033272624059627],[-6.8147695885221697,34.033272882149561],[-6.8147774003099491,34.033273106023302],[-6.8147852027285634,34.033273286712664],[-6.8147930000219796,34.033273418758611],[-6.8148007920140614,34.033273491340687],[-6.8148085764799005,34.033273500876604],[-6.8148163554094321,34.033273436521405],[-6.8148202411404668,34.033273374624166],[-6.8148241265484533,34.033273292889383],[-6.8148280115746509,34.033273187710243],[-6.8148318940528938,34.033273059111252],[-6.8148357740126331,34.033272908895682],[-6.8148396535317586,34.033272731629012],[-6.8148435326397943,34.033272529114612],[-6.8148474091411284,34.033272299573497],[-6.8148512851725496,34.033272041177824],[-6.8148551585973438,34.033271755755436],[-6.8148590316109532,34.033271445085312],[-6.814862901988481,34.033271105585101],[-6.8148667720135521,34.033270744443925],[-6.8148706416274321,34.033270358054999],[-6.8148745087226921,34.033269950049615],[-6.8148783776316479,34.033269520378816],[-6.8148861102068503,34.03326860518024],[-6.8148938394996206,34.033267621476433],[-6.8149015677937381,34.033266576456448],[-6.8149092952652435,34.033265480940763],[-6.814917022090504,34.033264345749679],[-6.8149247484161943,34.033263179900338],[-6.8149324765847679,34.033261994188635],[-6.8149479368129624,34.033259595663857],[-6.8149634105657695,34.033257229451699],[-6.8149711545129454,34.033256081437877],[-6.8149789012134114,34.033254969467151],[-6.8149866551757263,34.033253904311067],[-6.8149944165467558,34.033252894986617],[-6.8150021833365839,34.033251952338631],[-6.8150099577700516,34.033251079949501],[-6.8150177398178853,34.033250276015792],[-6.8150255272258295,34.033249535151775],[-6.8150333221013151,34.033248853726185],[-6.8150411221900811,34.033248226353223],[-6.8150489273746553,34.03324764581938],[-6.8150567354595983,34.033247110345592],[-6.8150645506889589,34.033246614472837],[-6.8150723664469401,34.033246151060816],[-6.8150801870070463,34.033245716453855],[-6.815088010144458,34.033245307069578],[-6.8151036615443799,34.033244536942441],[-6.8151114875232475,34.033244169010473],[-6.8151154016397575,34.033243987737215],[-6.8151173586980853,34.033243897100498],[-6.8151178479479393,34.033243873539604],[-6.8151180925729049,34.033243861759189],[-6.8151181531949314,34.033243859271053],[-6.8151181618594059,34.033243859173233],[-6.8151181791883548,34.033243858977571],[-6.8151183069308825,34.033243853927914],[-6.8151223903280416,34.0332436905843],[-6.8151305584365449,34.033243311573628],[-6.8151387297023245,34.033242860377435],[-6.8151469019591229,34.033242337020162],[-6.8151550751776204,34.033241739698397],[-6.8151632472210171,34.033241070240017],[-6.8151714137275983,34.033240326890557],[-6.8151795790591176,34.033239511404467],[-6.8151877388831545,34.033238623830691],[-6.8151958910043184,34.033237662390263],[-6.8152040332858039,34.033236628911055],[-6.815212167864293,34.033235521565167],[-6.8152202904369075,34.033234342205006],[-6.815228398837629,34.033233090854957],[-6.815236495202976,34.033231765687169],[-6.8152445752595288,34.033230370357415],[-6.8152526389485928,34.033228901258845],[-6.8152606841333725,34.033227360219364],[-6.8152687108137622,34.033225747238887],[-6.8152767168530444,34.033224064145358],[-6.8152846979189654,34.033222310987703],[-6.8152926582849886,34.033220484110146],[-6.8153005915408347,34.033218588996341],[-6.8153084998233453,34.033216623818333],[-6.8153163788001878,34.033214588625199],[-6.8153242306374251,34.033212483392347],[-6.8153320510321782,34.033210309972127],[-6.8153398399845164,34.033208068364587],[-6.8153475953281832,34.033205758594171],[-6.8153553170927026,34.033203382464286],[-6.8153630030823633,34.033200938196011],[-6.8153706533266902,34.033198427592744],[-6.8153782656888895,34.033195852482358],[-6.8153858379733308,34.033193211085887],[-6.8153933702095415,34.033190505206733],[-6.8154008602313514,34.033187734869415],[-6.8154083080680445,34.033184901877327],[-6.8154157115536167,34.03318200625494],[-6.8154175563137942,34.033181272948653],[-6.815418477596185,34.03318090540607],[-6.815418707902051,34.033180812618696],[-6.8154188392127395,34.033180760631367],[-6.8154190975019651,34.033180656705625],[-6.8154211530729363,34.033179830832069],[-6.8154869535429423,34.033153436881157],[-6.8155527539729706,34.033127042895437],[-6.8155692029690957,34.033120443053278],[-6.815573316300835,34.033118793080128],[-6.8155743451826307,34.033118381031578],[-6.8155746013347125,34.033118278933365],[-6.8155747392611321,34.033118234086075],[-6.8155748947221575,34.033118201666895],[-6.8155755144295656,34.033118073818102],[-6.8155779932300424,34.033117560619338],[-6.8155879085195554,34.033115513234122],[-6.8156275718097934,34.033107321857479],[-6.8157068983385232,34.033090937263076],[-6.8157465594401696,34.033082745873159],[-6.8157564747218196,34.033080698474578],[-6.81576143451385,34.033079673848803],[-6.8157626739276465,34.033079418149327],[-6.8157627602197337,34.033079395529846],[-6.815762859361568,34.033079363746609],[-6.8157630597820038,34.033079298352114],[-6.8157634628183379,34.033079169342187],[-6.8157642667542353,34.033078913150213],[-6.8157658900240321,34.033078415022125],[-6.8157675265843682,34.033077934781289],[-6.8157691785720127,34.033077470599729],[-6.8157708416841238,34.033077024329877],[-6.8157725180867743,34.033076595947179],[-6.815774209975431,34.033076187230662],[-6.8157759108224818,34.033075796450255],[-6.8157776249600754,34.033075423557058],[-6.8157793524470716,34.03307507215785],[-6.8157810888923844,34.033074738694765],[-6.8157828364914774,34.033074424946747],[-6.815784593107745,34.033074132741646],[-6.815786360877798,34.033073860251655],[-6.8157881376355585,34.03307360750118],[-6.8157899212444235,34.033073376318079],[-6.8157917138703077,34.033073166677966],[-6.8157935154839064,34.033072976777326],[-6.8157953239779214,34.033072810247496],[-6.815797137127503,34.033072663506118],[-6.8157989571573436,34.033072540135556],[-6.8158007818721416,34.033072438356861],[-6.8158026134673637,34.03307235994896],[-6.8158044475519226,34.03307230135399],[-6.8158062863801403,34.033072267957685],[-6.8158081255610936,34.033072256202161],[-6.8158099694268532,34.033072266038545],[-6.8158118158408127,34.033072299294588],[-6.8158136626368186,34.033072355994882],[-6.8158155098147946,34.033072436139371],[-6.8158173551794414,34.033072537949124],[-6.8158192030628237,34.033072661375179],[-6.815821049191495,34.033072810073335],[-6.8158228913406038,34.033072980461206],[-6.8158247338717715,34.033073174293271],[-6.8158265702866947,34.033073391642951],[-6.8158284048881352,34.033073630657888],[-6.8158302355394076,34.033073893165984],[-6.8158320600449729,34.033074177388237],[-6.8158338806003709,34.033074485103626],[-6.8158356928733816,34.033074816361101],[-6.8158375011374508,34.033075167504919],[-6.8158393011191345,34.033075542190815],[-6.8158410906522739,34.033075940443204],[-6.8158428740104053,34.033076358606415],[-6.8158446490566842,34.033076798508333],[-6.8158464136250343,34.033077260173322],[-6.815848167686152,34.033077741798088],[-6.8158499112987352,34.033078246989398],[-6.8158516422085418,34.033078770361485],[-6.8158533648064994,34.033079315472257],[-6.8158550725943901,34.033079882395057],[-6.8158567676795077,34.033080467498749],[-6.815858450091163,34.033081072586597],[-6.8158601176632789,34.033081697683109],[-6.8158617725326298,34.033082340960476],[-6.8158634103963704,34.033083004270935],[-6.8158650355278727,34.0330836839588],[-6.8158666436538482,34.033084383679849],[-6.8158682368814327,34.033085099802733],[-6.8158698130740225,34.033085834155379],[-6.8158713700654641,34.033086586762266],[-6.81587291429536,34.033087353943102],[-6.8158744371579525,34.033088139402672],[-6.8158759450634596,34.033088937657269],[-6.8158774316017441,34.033089754190563],[-6.8158789032123313,34.033090585322341],[-6.8158803533969179,34.033091431126032],[-6.8158817864877319,34.033092291552592],[-6.8158831981229984,34.033093164847692],[-6.8158845904984187,34.033094052790219],[-6.8158859635552123,34.033094951773279],[-6.8158873173520043,34.033095865403837],[-6.8158886496933233,34.033096791902857],[-6.8158899605205532,34.033097727663574],[-6.8158912520583863,34.033098676268224],[-6.8158925286979963,34.033099641274831],[-6.8158937948008367,34.033100624437751],[-6.8158950481716074,34.033101623978112],[-6.8158962888689274,34.033102643502708],[-6.8158975168634859,34.033103681208104],[-6.8158987321258948,34.03310473529092],[-6.8158999325193896,34.033105807578991],[-6.8159011180439695,34.033106898072397],[-6.8159022886996343,34.033108006771045],[-6.8159034444570752,34.033109131871612],[-6.8159045831500569,34.033110273398513],[-6.8159057069447364,34.033111431327342],[-6.8159068115382695,34.033112607510397],[-6.8159079012041905,34.033113798291872],[-6.8159089716688843,34.033115007327638],[-6.8159100228443457,34.033116229207415],[-6.8159110548186614,34.033117469341427],[-6.8159120675036604,34.033118722319465],[-6.8159130609581267,34.033119991748336],[-6.815914035152665,34.033121275824591],[-6.8159149857256551,34.033122572793829],[-6.81591591703872,34.033123884410521],[-6.8159168269257808,34.033125210699083],[-6.8159177131618218,34.033126548077206],[-6.8159185779719405,34.033127900127248],[-6.8159194191604282,34.033129265070201],[-6.8159202366685845,34.033130639299394],[-6.8159210327213442,34.033132026397055],[-6.8159218029570043,34.033133424608735],[-6.8159225495417202,34.033134833909983],[-6.8159232703094155,34.033136254325264],[-6.8159239673967766,34.033137684026713],[-6.8159246386376449,34.033139123038815],[-6.8159252861687829,34.033140569533664],[-6.8159259056873491,34.033142025363652],[-6.8159265015255759,34.033143490479738],[-6.8159270692924485,34.033144961324162],[-6.8159276111834313,34.033146439675818],[-6.815928127198605,34.033147925534713],[-6.8159286151424192,34.033149417121898],[-6.8159290771809502,34.033150914412929],[-6.8159295132848863,34.033152415604384],[-6.815929921317462,34.033153922524157],[-6.8159303012491996,34.033155433368798],[-6.815930655216949,34.033156946310505],[-6.8159309810839437,34.033158463177074],[-6.8159312788207869,34.033159982165166],[-6.8159315505935574,34.033161503250277],[-6.8159317942361772,34.033163026456926],[-6.8159320118853266,34.033164549957149],[-6.815932201375011,34.03316607377549],[-6.8159323627050714,34.033167597911969],[-6.8159324980417368,34.033169122342024],[-6.815932605189464,34.033170645286795],[-6.8159326863143237,34.033172166721791],[-6.8159327392208509,34.03317368486811],[-6.815932768270665,34.033175201480148],[-6.8159327669360676,34.033176714827967],[-6.8159327417152848,34.033178224838153],[-6.8159326882761597,34.033179731559592],[-6.8159326109216192,34.033181233140027],[-6.8159325074854227,34.033182729603872],[-6.8159323758014096,34.033184220975606],[-6.8159322223681338,34.033185707181829],[-6.815932040657648,34.033187186492569],[-6.8159318371683426,34.033188658834369],[-6.8159316075975376,34.03319012605958],[-6.8159313518862055,34.03319158456145],[-6.815931074396131,34.033193036094339],[-6.8159307729024574,34.03319447707603],[-6.8159304496592679,34.033195912892189],[-6.8159301002463195,34.033197338181587],[-6.8159297311620008,34.033198752870717],[-6.8159293381326975,34.033200160615522],[-6.8159289232364744,34.033201555981094],[-6.8159287070797223,34.033202251056686],[-6.8159286021036687,34.033202589540778],[-6.8159285935067304,34.033202726721662],[-6.8159285570116781,34.033203279076488],[-6.8159284840510441,34.033204385589514],[-6.8159281942570864,34.033208804403678],[-6.8159276103662325,34.033217643884207],[-6.8159264469163299,34.033235322796337],[-6.8159241178491028,34.033270680644591],[-6.8159235361234991,34.033279520100457],[-6.815923244162879,34.033283938938908],[-6.8159231003781056,34.033286150137073],[-6.8159230811650682,34.033286433540319],[-6.8159230651174676,34.033286778234718],[-6.8159230286605563,34.033287465869144],[-6.8159229622744428,34.033288842867989],[-6.8159218676346702,34.033310877019346],[-6.8159196826857045,34.033354945272585],[-6.8159185880442674,34.033376979423373],[-6.8159180418210763,34.033387997388189],[-6.8159179047163683,34.033390751434617],[-6.8159179017654772,34.03339083624347],[-6.8159179046370095,34.033390879500651],[-6.8159179143301643,34.033390942521812],[-6.8159179337752542,34.033391072171],[-6.8159179747728942,34.033391327838089],[-6.8159180567974067,34.033391840975632],[-6.8159183805927741,34.033393895378175],[-6.8159209708093851,34.033410321581471],[-6.815923563193139,34.033426747760124],[-6.8159238869593741,34.033428800359253],[-6.8159239689839577,34.033429313496775],[-6.8159240078448606,34.033429570991714],[-6.81592402942674,34.033429698813009],[-6.8159240391492943,34.033429763637592],[-6.8159240415799722,34.033429779843729],[-6.8159240416975369,34.033429787057365],[-6.815924042344129,34.033429826732217],[-6.8159240456652679,34.033430030516591],[-6.8159241247087969,34.033433285363074],[-6.8159242756166725,34.033436562846227],[-6.815924496134488,34.033439857580468],[-6.8159247905944991,34.033443169516758],[-6.8159251589674037,34.033446496851667],[-6.8159256033899807,34.033449837757374],[-6.8159261238620825,34.0334531922339],[-6.8159267224911808,34.033456556649959],[-6.8159273992478093,34.033459929202095],[-6.8159281562982272,34.03346330986588],[-6.8159289936129683,34.033466696837927],[-6.8159299111332636,34.0334700865114],[-6.8159309109958945,34.033473477058429],[-6.8159319932008717,34.033476868478942],[-6.8159331576893427,34.03348025716631],[-6.8159344066275622,34.033483643095941],[-6.8159357377611194,34.033487020882085],[-6.8159371554223567,34.033490390475833],[-6.8159386552496439,34.033493750122744],[-6.8159402415458432,34.033497097970432],[-6.8159419120566342,34.033500428633225],[-6.8159436646453244,34.033503743938873],[-6.8159455014192281,34.033507040256197],[-6.8159474245151284,34.03351031575734],[-6.8159494274052239,34.033513568712173],[-6.8159515164997675,34.033516793637176],[-6.8159536853297418,34.033519992409168],[-6.8159559360024531,34.0335231613969],[-6.8159582663225162,34.033526298821315],[-6.8159606762311498,34.033529401075675],[-6.8159631657282045,34.03353246815999],[-6.8159657304227261,34.033535496516372],[-6.8159683724514961,34.033538484316928],[-6.8159710896484356,34.033541431586208],[-6.8159738797884337,34.033544334741762],[-6.8159767406467884,34.033547190201297],[-6.8159796722528094,34.03354999976824],[-6.8159826702153872,34.033552759884671],[-6.8159857366420642,34.033555466919296],[-6.8159888672297422,34.033558122724557],[-6.8159920597536265,34.03356072371804],[-6.8159953120476349,34.033563269924215],[-6.8159986218867337,34.033565757760748],[-6.8160019892710029,34.03356818722763],[-6.8160054098387937,34.033570556570446],[-6.8160088835900234,34.033572865789118],[-6.8160124039676466,34.033575111350288],[-6.8160159731669738,34.033577295032877],[-6.8160195846016478,34.033579411500092],[-6.8160232405259276,34.033581466137655],[-6.8160269343531255,34.033583453608799],[-6.8160306639171546,34.033585373937925],[-6.8160344292474759,34.033587228928504],[-6.8160382259528891,34.033589015022677],[-6.8160420518674556,34.033590732244818],[-6.816045904854235,34.033592382422881],[-6.8160497826884292,34.033593961974503],[-6.8160536810965597,34.033595474555433],[-6.816057597853586,34.033596916583377],[-6.8160615308228865,34.033598289886122],[-6.8160654800043714,34.03359959446373],[-6.8160694388996896,34.033600830389581],[-6.8160734075088332,34.033601997663681],[-6.8160773814994595,34.033603096335028],[-6.8160813609010331,34.033604128206925],[-6.8160853413518128,34.033605091524976],[-6.8160893228812718,34.033605988092596],[-6.8160933011571379,34.03360681795867],[-6.8160972740425523,34.033607582951099],[-6.8161012415376643,34.033608283069952],[-6.8161051992806589,34.033608916560652],[-6.8161091473597857,34.033609488833477],[-6.8161130814133113,34.033609998133976],[-6.8161169992752164,34.033610444486598],[-6.8161209031703711,34.03361083147368],[-6.8161228471689803,34.033611002510327],[-6.8161238190654867,34.0336110817167],[-6.8161239318806421,34.033611091264518],[-6.8161239882588234,34.033611094235049],[-6.8161241010152684,34.033611100176074],[-6.8161243286941664,34.033611112033675],[-6.8161279499249865,34.033611303803347],[-6.8161351901911882,34.033611685563365],[-6.8161496751148318,34.033612452640035],[-6.8162076103913565,34.033615515568769],[-6.8162365780458902,34.033617047924821],[-6.8162849311697711,34.033619604010148],[-6.8162059909170827,34.033489582749539],[-6.8161628883986749,34.033390593817245],[-6.8161628401245729,34.033241425572868],[-6.8162239429440437,34.033228560004673],[-6.8161024754557937,34.03278756839098],[-6.8160766474852705,34.032791759859258],[-6.8159784523495315,34.032807695878276],[-6.8157820598334,34.032839569513087],[-6.815732962216047,34.032847537416686],[-6.8157084134040335,34.032851521361238],[-6.8157022767495006,34.032852517791355],[-6.8157020844356451,34.032852548823207],[-6.8157020606671823,34.03285255269914],[-6.8157020476999177,34.032852554649324],[-6.8157020023291386,34.032852562376675],[-6.8157018207870959,34.032852589679443],[-6.8157014599279258,34.032852647867138],[-6.8157000164324009,34.032852877011386],[-6.8156971294120172,34.032853333496348],[-6.8156913553418557,34.032854244662722],[-6.8156798026630927,34.03285605441971],[-6.8156566857977667,34.032859632574628],[-6.8156335527979701,34.032863151384241],[-6.8156104015272225,34.032866612676401],[-6.8155872341221722,34.032870014623249],[-6.8155640505828696,34.032873357224808],[-6.8155408509387376,34.032876642284421],[-6.8155176351604405,34.03287986799873],[-6.8154944075802417,34.032883034318715],[-6.815471161729362,34.032886143121225],[-6.8154479040472138,34.032889190726102],[-6.8154246302605426,34.032892180788991],[-6.8154013446721544,34.032895111457528],[-6.8153780429498756,34.032897982780753],[-6.815354729455354,34.032900796513047],[-6.8153314041299549,34.032903549047575],[-6.8153080648368745,34.032906242212235],[-6.8152847159084606,34.032908875958171],[-6.8152613530125397,34.032911450334218],[-6.8152379783152286,34.032913965315842],[-6.8152145939827262,34.03291642087877],[-6.8151911978489261,34.032918817047275],[-6.8151677920506515,34.032921151993555],[-6.8151443744806315,34.032923429348891],[-6.815120947246152,34.032925645482003],[-6.8150975125427884,34.032927802171756],[-6.8150740660384468,34.032929899467213],[-6.8150506142020921,34.032931935491476],[-6.8150271505647746,34.032933912121358],[-6.8150036794587612,34.032935829307917],[-6.8149802008548113,34.032937685247717],[-6.8149567148116326,34.032939483547672],[-6.8149332212411657,34.032941218797461],[-6.8149097223977941,34.032942896382863],[-6.8148862160565216,34.032944512721578],[-6.814862702217555,34.032946067813526],[-6.8148391830763817,34.032947563437709],[-6.8148156586330524,34.032948999594062],[-6.8147921310537631,34.032950376258221],[-6.8147685959474487,34.032951689872171],[-6.8147450577346396,34.03295294579739],[-6.8147215141905004,34.032954140451309],[-6.8146979674812336,34.032955273809563],[-6.8146744154993844,34.032956349503451],[-6.8146508624892927,34.032957362073816],[-6.8146273063435032,34.032958315151951],[-6.8146037470620646,34.032959208737822],[-6.8145801867818143,34.032960041003527],[-6.8145566233660944,34.032960813777031],[-6.8145330589516595,34.032961525230419],[-6.8145094935679253,34.03296217716705],[-6.8144859272148546,34.032962769587023],[-6.8144623598339429,34.032963298883494],[-6.8144387936793862,34.032963770442194],[-6.8144152265262825,34.032964180680743],[-6.8143916605409158,34.032964529574819],[-6.8143680935865403,34.032964818952131],[-6.8143445299954282,34.032965048763849],[-6.8143209675721179,34.032965217230974],[-6.8142974063460997,34.03296532615704],[-6.8142738463174197,34.032965375541906],[-6.8142502896227626,34.032965363557764],[-6.8142267362623361,34.0329652902047],[-6.8142031862654706,34.032965157285965],[-6.814179639661563,34.032964966605121],[-6.8141560963626002,34.032964712751827],[-6.8141325564566948,34.032964401136411],[-6.8141090220513432,34.032964028127573],[-6.8140854931465071,34.032963593725285],[-6.8140619676349559,34.032963101560838],[-6.8140384476240197,34.032962548003027],[-6.8140149353092552,34.03296193483073],[-6.813991428524635,34.032961262068433],[-6.8139679272702125,34.032960529716163],[-6.813944433682753,34.032959735946051],[-6.81393268871778,34.032959318295745],[-6.813926818298687,34.032959103133862],[-6.8139238830598838,34.032958993749432],[-6.8139236987932765,34.032958986809355],[-6.8139236077577232,34.032958984228749],[-6.8139235362172164,34.032958981428344],[-6.8139233649180131,34.032958972538232],[-6.8139230179873795,34.032958954806894],[-6.8139223240966871,34.032958917540917],[-6.8139112226093035,34.032958368172373],[-6.8139001132499404,34.032957867592437],[-6.8138889959893119,34.032957413997742],[-6.8138778708567482,34.032957009191655],[-6.8138667357155063,34.032956655002046],[-6.8138555948389365,34.03295634777318],[-6.8138444482565275,34.03295608930857],[-6.8138332938021069,34.032955879632475],[-6.813822133641728,34.032955718720551],[-6.8138109699415264,34.032955606548406],[-6.8137997983986054,34.032955544968296],[-6.8137886254818918,34.032955532103436],[-6.8137774468298806,34.032955566199391],[-6.813766264696663,34.032955652641846],[-6.8137550789940988,34.032955786020615],[-6.8137438919470963,34.032955969918149],[-6.8137327013601343,34.032956202555411],[-6.8137215115654222,34.03295648388351],[-6.8137103182600596,34.032956815754744],[-6.8136991257469086,34.032957196316886],[-6.8136879318891372,34.032957627397671],[-6.8136767388235366,34.032958107169364],[-6.8136655465500935,34.032958635631921],[-6.8136543550982056,34.032959214588772],[-6.8136431666337689,34.032959844015409],[-6.8136319789321629,34.03296052032956],[-6.8136207942473925,34.032961248916948],[-6.8136096124914882,34.03296202436735],[-6.8135984337231177,34.032962850287674],[-6.8135872601082532,34.032963726653321],[-6.813576091617696,34.032964651661068],[-6.813564926085192,34.032965625335173],[-6.8135537678723681,34.032966649430364],[-6.8135426126175602,34.032967722191948],[-6.8135314668485494,34.032968845350091],[-6.8135203283697425,34.032970017125869],[-6.8135091950150475,34.032971237543634],[-6.8134980689799391,34.032972508382429],[-6.8134869524011306,34.032973827814423],[-6.8134758452786039,34.032975195839555],[-6.8134647476124224,34.032976612457865],[-6.8134536572656712,34.032978079497177],[-6.8134425785413031,34.032979595105274],[-6.8134315114392141,34.032981159282102],[-6.8134204537640555,34.032982770248736],[-6.8134094099359759,34.032984433366536],[-6.813398375505372,34.032986141470701],[-6.8133873548924706,34.032987899922574],[-6.8133763459019194,34.032989706943312],[-6.813365350699617,34.032991562508336],[-6.8133543714224389,34.032993464789904],[-6.8133434059336349,34.032995415615858],[-6.8133324520669518,34.03299741501057],[-6.8133215163208334,34.032999462900847],[-6.8133105943336201,34.033001557532032],[-6.8132996904375158,34.033003698855367],[-6.8132888024957765,34.033005888698703],[-6.813277930508379,34.03300812706194],[-6.8132670765827088,34.033010410313921],[-6.8132562407775055,34.033012742061459],[-6.8132454252294039,34.033015120476726],[-6.8132346256063281,34.033017545608551],[-6.8132238462403256,34.033020017408134],[-6.813213084965386,34.033022535899839],[-6.8132023460843101,34.033025099231509],[-6.8131916253235207,34.033027711058736],[-6.8131809291227956,34.033030367701478],[-6.8131702510129148,34.033033071036392],[-6.8131595952676633,34.033035817407821],[-6.8131489619748651,34.033038612226051],[-6.8131383510758408,34.033041451884181],[-6.8131277647073958,34.033044334554482],[-6.8131172007621084,34.033047263868134],[-6.8131066592105505,34.03305023802173],[-6.8130961443849403,34.033053256966511],[-6.8130908937342687,34.033054782595904],[-6.8130895827181268,34.033055165337473],[-6.8130889272393818,34.033055358511639],[-6.8130885994853436,34.03305545419704],[-6.8130884355937003,34.033055501138023],[-6.8130882976074316,34.033055542375742],[-6.8130863700733189,34.033056116048499],[-6.8130786599073678,34.033058408935695],[-6.8130632439944616,34.03306300007003],[-6.813032419043445,34.033072205704023],[-6.8130016053857076,34.033081440062688],[-6.8129708051873799,34.033090703121708],[-6.8129400162824405,34.033099994905442],[-6.8129092408367802,34.033109315389595],[-6.8128784767137782,34.033118666401847],[-6.8128477260499993,34.033128046114506],[-6.8128169888162518,34.033137452724127],[-6.8127862650710815,34.033146889837546],[-6.8127555526190564,34.033156355675764],[-6.8127248536262313,34.033165850214353],[-6.8126941659264988,34.033175373477796],[-6.812663493851991,34.033184925417238],[-6.8126328330706052,34.033194506081522],[-6.812602185748311,34.033204115446196],[-6.8125715518850036,34.033213753511369],[-6.8125409314808989,34.033223420276954],[-6.8125103223696506,34.03323311576748],[-6.8125064986964636,34.0332343294792],[-6.8125060202214431,34.033234482777267],[-6.8125057811891274,34.03323457205007],[-6.8125055629197293,34.033235005601959],[-6.8125046920669865,34.033236743391811],[-6.8125029481951564,34.033240218995992],[-6.8124959727066852,34.033254121412291],[-6.8124820238597268,34.033281924415732],[-6.8124541239730254,34.033337530441351],[-6.8123983241216406,34.033448744273947],[-6.8121751253952514,34.033893595676687],[-6.8120635262579388,34.03411602118814],[-6.8120077254066436,34.034227234813322],[-6.8119798249127284,34.034282840713125],[-6.811978080998907,34.034286316308574],[-6.8119772101250735,34.034288054094077],[-6.8119767736050942,34.034288922999032],[-6.8119767210633286,34.034289022796159],[-6.811976682424338,34.034289044876225],[-6.8119766051756638,34.034289090839643],[-6.8119764507077054,34.034289184570042],[-6.8119739918065561,34.034290658861821],[-6.8119690740625432,34.034293611051972],[-6.8119592385149765,34.034299511824969],[-6.81180187642238,34.034393945653555],[-6.8116445139583295,34.0344883774777],[-6.8116051716715917,34.034511985871532],[-6.8116039444100966,34.034512724792691],[-6.8116037899120379,34.034512816719207],[-6.8116037148584594,34.034512864461448],[-6.8116037164114296,34.034512960041781],[-6.8116037182910034,34.034513342411756],[-6.8116037242748622,34.034514110734172],[-6.8116037458977656,34.034517175031255],[-6.811603789202179,34.034523307232185],[-6.8116038779478361,34.034535569806224],[-6.8116040511069196,34.034560095002909],[-6.8116047503014157,34.034658199320916],[-6.811606146499634,34.034854406166772],[-6.8116068456988508,34.034952510473587],[-6.8116070188595979,34.034977035666323],[-6.8116070248142169,34.034977802185189],[-6.8116070263671986,34.034977897765494],[-6.8116070271290372,34.034977944653917],[-6.8116070641590358,34.034977956863024],[-6.8116072123373899,34.034978009306258],[-6.8116075108309184,34.034978112364911],[-6.8116087005315649,34.034978528255152],[-6.8116110798742842,34.034979356428721],[-6.8116158406966809,34.034981010947938],[-6.8116253643910181,34.034984312747945],[-6.8116444307499258,34.034990883664918],[-6.8116635202069062,34.034997409225589],[-6.8116826306251941,34.035003891257695],[-6.8117017641415849,34.035010327933527],[-6.8117209186192333,34.035016721080794],[-6.8117400961948569,34.035023068871702],[-6.8117592947316883,34.035029373134044],[-6.81177851420032,34.035035632064456],[-6.8117977546008088,34.035041845662903],[-6.8118170159623519,34.035048015732734],[-6.8118362960895738,34.035054140494957],[-6.8118555993146188,34.035060219900799],[-6.8118749213052112,34.035066253999005],[-6.8118942642275302,34.035072242765217],[-6.8119136259445732,34.03507818802715],[-6.8119330063977772,34.035084086178081],[-6.8119524056165028,34.035089939021354],[-6.8119718257959994,34.035095748335934]]]},"properties":{"arrondissement":"Bettana","PA":"Tabriquet","objectid":292,"shape.STArea()":19389.305624600001,"shape.STLength()":1299.0349847399427,"Prefecture":"Salé"}},{"type":"Feature","id":294,"geometry":{"type":"Polygon","coordinates":[[[-6.7094401682587099,34.024007320728856],[-6.7096453535965734,34.024065117929432],[-6.7096573400538695,34.024035617355985],[-6.7096770226839837,34.023951537974725],[-6.7096925498490361,34.023868284823983],[-6.7097051720036385,34.023784814014455],[-6.7097138158715994,34.023702137825467],[-6.7097171797111832,34.023620267155678],[-6.7097118319628342,34.023452093102946],[-6.7096996165204219,34.023335538324162],[-6.7096795422992095,34.023200320535537],[-6.7096466077826014,34.023028636099312],[-6.7096063515818933,34.022850343575442],[-6.7096003945662996,34.022806010934758],[-6.7095558170538512,34.02263448148026],[-6.7094710760767482,34.022317933408942],[-6.7093860357819057,34.022001103388213],[-6.709329832449245,34.021790070299332],[-6.7092908517530185,34.021649912005977],[-6.7091912907517495,34.021299304644629],[-6.7090934663471993,34.020946225969453],[-6.7090207933981283,34.020662042649164],[-6.7089643668106049,34.020420901263364],[-6.7089536316091678,34.02038173831631],[-6.7088475967419958,34.019994899217892],[-6.7087222840311949,34.019537725958472],[-6.7085776940854185,34.019010218443519],[-6.7084442237654685,34.018511785980166],[-6.7083456963874637,34.018076646293686],[-6.7082778244094126,34.017711987883288],[-6.7082135474762179,34.017272427541677],[-6.7081651373152331,34.016794420206935],[-6.708141468274448,34.016388988778012],[-6.7081346716610506,34.016130737083436],[-6.708134214008159,34.01588262645523],[-6.7081340318518796,34.015821386600607],[-6.7081330584981069,34.015494051046133],[-6.7081476147337034,34.015449758422626],[-6.7081818852476767,34.01498783545432],[-6.708239148689386,34.014510507565888],[-6.708271017544198,34.014313117284566],[-6.7082981956843426,34.014144785221788],[-6.7083702257528479,34.013780680463462],[-6.7084196502258635,34.013563126951546],[-6.7085024750932218,34.013238253935917],[-6.7086177841439989,34.01284386429348],[-6.7087235666356388,34.01252364659463],[-6.7088261735215697,34.012241068672957],[-6.7088879733542299,34.012085927007988],[-6.7088888021194473,34.012081060232575],[-6.708888790027383,34.012076123410878],[-6.7088879374312622,34.012071260753729],[-6.7088862692365021,34.012066614305525],[-6.7088838341731893,34.012062319794914],[-6.7088807033726185,34.012058502670016],[-6.7088769682894531,34.012055274433898],[-6.7088727380302169,34.012052729387442],[-6.7088681361661573,34.012050941874676],[-6.708863297123572,34.012049964111135],[-6.7088583622570424,34.012049824658526],[-6.7088534757202911,34.012050527590432],[-6.7087529967541526,34.012060024752166],[-6.7085878393495086,34.012072576363146],[-6.7083624750044937,34.012082205738849],[-6.7081369490736451,34.012084628713993],[-6.7079700011720931,34.012081480548616],[-6.7077435724297416,34.012067593045913],[-6.7076344869556879,34.012061189110923],[-6.7075288738709666,34.012055887000059],[-6.7073606865388227,34.012056803021721],[-6.7072054589975529,34.01204819885389],[-6.7071501962238171,34.012043132360525],[-6.706880173124218,34.012022096230119],[-6.7067513741745559,34.012013702780393],[-6.7066223088391324,34.012012376648997],[-6.7064933646168035,34.012018121817441],[-6.7063649286428006,34.012030921036725],[-6.7062373865264187,34.012050735879171],[-6.7062373865264187,34.012050735879171],[-6.7059736997989772,34.012099938190495],[-6.706024369992825,34.012275313747047],[-6.7062844458634308,34.012226785691837],[-6.7064264212089357,34.012205713608068],[-6.7065699982321583,34.012194438723498],[-6.706714202355978,34.012193037031452],[-6.7068580558489392,34.012201518726741],[-6.70718640601544,34.012227900591128],[-6.7073541939618897,34.012237200755862],[-6.7075230606082235,34.012236280364306],[-6.7079595887624697,34.012261688362123],[-6.7081358944843004,34.012265013026663],[-6.708369423921023,34.012262503791042],[-6.7085956350859846,34.012252838509689],[-6.7085154677933021,34.012473617221971],[-6.7084081091452887,34.012798602208477],[-6.7082912810391182,34.013198184200341],[-6.7082072896533775,34.013527630866776],[-6.708156939317762,34.013749254137792],[-6.7080839693806,34.014118105155084],[-6.7080524895432898,34.014313086977076],[-6.7080240032420155,34.014489520515724],[-6.7079659628969885,34.014973304712434],[-6.70793281597782,34.015420081758307],[-6.7079163986799939,34.015470037624802],[-6.7079174447836074,34.015821833584937],[-6.7079176267872569,34.01588307343988],[-6.7079180861756793,34.016132851584565],[-6.7079249925506632,34.016395344490398],[-6.7079489886205774,34.016806380303514],[-6.7079980578921239,34.017290911197996],[-6.7080632452941025,34.017736705710121],[-6.708132198089122,34.018107173546738],[-6.7082320412799916,34.018548130173443],[-6.7083664078118002,34.019049911110962],[-6.708511116885874,34.019577858614504],[-6.7086364285435742,34.020035032077971],[-6.7087424625196537,34.0204218713491],[-6.7087524263740272,34.020458223155693],[-6.7088085502660642,34.020698073620778],[-6.7088819970222771,34.020985281022035],[-6.7089803647226436,34.021340327441465],[-6.7090799455130661,34.021691007800314],[-6.709118584643404,34.021829939586056],[-6.7091746072378449,34.022040295549687],[-6.7092596869176413,34.022357272292986],[-6.7093442527862148,34.022673173887945],[-6.7093863577795441,34.022835185776124],[-6.7093919842499981,34.022877068823739],[-6.7094331812091399,34.023059527185666],[-6.7094650420864435,34.023225615133896],[-6.7094841684055355,34.02335444687688],[-6.7094954729981957,34.023462328098141],[-6.7095004736218158,34.023619570751002],[-6.7094975296872823,34.023691226187111],[-6.7094897403798193,34.023765720792099],[-6.7094780281711781,34.023843175695994],[-6.7094636181827561,34.023920436023616],[-6.709447507219112,34.023989258297142],[-6.7094401682587099,34.024007320728856]]]},"properties":{"arrondissement":"Hssaine","PA":"Hssaine","objectid":294,"shape.STArea()":31908.238782525001,"shape.STLength()":3228.0452472735988,"Prefecture":"Salé"}},{"type":"Feature","id":295,"geometry":{"type":"Polygon","coordinates":[[[-6.7212191643385886,34.005280038602272],[-6.7213943371230895,34.005173972725011],[-6.7213811671671904,34.005159245251718],[-6.7213759650900045,34.005153415435032],[-6.7213501415879078,34.005124449259895],[-6.7213244194408022,34.005095595645699],[-6.7212985204026641,34.005066858428222],[-6.7212725091617731,34.005038005145892],[-6.7212465088202267,34.005009155350571],[-6.7212204976138699,34.004980302056815],[-6.7211957408776239,34.004952832520708],[-6.721168834712091,34.004926651862398],[-6.7211405755020346,34.004899154310031],[-6.7211123163097772,34.004871656750979],[-6.7210840637276981,34.00484416542885],[-6.7210533206318468,34.004814259908144],[-6.7210270606158273,34.004781639396931],[-6.7210029221327563,34.00475166333149],[-6.7209787836663359,34.00472168726106],[-6.720954645216568,34.00469171118565],[-6.7209310851325794,34.00466245320672],[-6.7209064305600466,34.004633856104512],[-6.7208811522087295,34.004604543178175],[-6.7208559110431967,34.004575253303166],[-6.7208306327259608,34.004545940365972],[-6.7208056396180371,34.004516938266647],[-6.7207770422424575,34.004484701281832],[-6.7207526975462955,34.004452403231468],[-6.7207296701024619,34.004421844519563],[-6.7207066383850798,34.004391288553855],[-6.720683626556414,34.004360757626316],[-6.7206605810838767,34.004330220735952],[-6.7206375093409383,34.004299664277013],[-6.7206144639008016,34.004269127377434],[-6.7205913921902924,34.004238570909287],[-6.7205689579355061,34.004208844650229],[-6.7205460032604112,34.004180714763464],[-6.72053539789776,34.004168839829298],[-6.7205081692045647,34.004151621562976],[-6.720473637524794,34.004129768903525],[-6.7204391136332111,34.004107928778581],[-6.7204045606079763,34.004086094362385],[-6.7203699792852527,34.004064249412416],[-6.7203611611698211,34.004058676809883],[-6.7203585244385966,34.004059110433985],[-6.7203179763982153,34.004067699586422],[-6.7202757432658613,34.004076637465829],[-6.7202334800281394,34.004085590077942],[-6.7201912501128955,34.004094526992873],[-6.7201324093164763,34.004106994743559],[-6.7199956930042797,34.004075906549922],[-6.7199514004909879,34.004046218347547],[-6.7199176685765423,34.004023608562228],[-6.7198839105303314,34.004000988220731],[-6.7198498285551507,34.003978143109997],[-6.7198161045001426,34.003954906417562],[-6.7197827370685363,34.003931905856241],[-6.7197493501109795,34.003908901884188],[-6.7197159827146979,34.003885901304635],[-6.7196841880419864,34.003863994349416],[-6.719650778727372,34.003843793586405],[-6.7196156853956897,34.003822584226043],[-6.719580602867075,34.003801372036541],[-6.7195455312785057,34.00378016603505],[-6.719508551641078,34.003757816709488],[-6.7194736064646792,34.003733308526655],[-6.719441546368432,34.00371081538627],[-6.7194147690296502,34.003693630910611],[-6.7193804439902962,34.00367309069582],[-6.7193469055370043,34.003653004846747],[-6.719311908100436,34.003634678559685],[-6.719275251279579,34.003615467867959],[-6.719238544506231,34.003596246869144],[-6.7192018877178006,34.003577036155725],[-6.7191641440044902,34.003557272306473],[-6.7191273700383176,34.003536332123822],[-6.7190916186014231,34.003515980906855],[-6.7190558378250973,34.003495621871771],[-6.7190200939733016,34.003475268750847],[-6.7189846790286873,34.00345510966627],[-6.7189489482578262,34.00343533087613],[-6.7189128886677487,34.00341536163576],[-6.7188767997382,34.003395384577082],[-6.7188407586556105,34.003375419630551],[-6.7188033330935619,34.003354702659131],[-6.7187671649748806,34.003332429349221],[-6.7187323173103035,34.003310968241195],[-6.7186974479542272,34.003289503744334],[-6.7186675946434278,34.003271118630309],[-6.7186669803280434,34.0032710971375],[-6.7186236744222825,34.003269622887359],[-6.7185803652562344,34.003268147754724],[-6.7185370754708398,34.003266665188228],[-6.7184922375912368,34.003265138471797],[-6.7184473942828991,34.003261826101387],[-6.7184041216987316,34.003258621645536],[-6.7183608340693572,34.003255424547966],[-6.7183175312579921,34.003252225791528],[-6.7182741470147649,34.003249012545098],[-6.7182307448657328,34.003245689444427],[-6.7181874716023975,34.003242367678432],[-6.7181441811285199,34.00323905329352],[-6.7181008873825183,34.003235737124363],[-6.7180585800867663,34.003232489026018],[-6.7180162696192669,34.0032303168731],[-6.7179729588780077,34.003228092998484],[-6.7179296805105686,34.003225861553503],[-6.7178863860279545,34.003223638379858],[-6.7178445892473864,34.003221492331541],[-6.7178027778966856,34.003220956253536],[-6.7177594816587627,34.003220402408765],[-6.7177161638766361,34.003219855990508],[-6.7176728676398136,34.003219302115774],[-6.7174699277528358,34.003216744572796],[-6.7172985267771557,34.003272430432759],[-6.7171472210594736,34.003338158132657],[-6.7170835460854708,34.003372827806452],[-6.7170430751150452,34.003394862814837],[-6.7170421998936227,34.003395488890625],[-6.7170093012672547,34.003419012639426],[-6.7169764124084006,34.003442538982142],[-6.7169435224217731,34.003466063523931],[-6.716910295932446,34.003489821569168],[-6.7168767215521248,34.003513204477699],[-6.716843460997862,34.003536360415971],[-6.7168133585721854,34.003557332205595],[-6.716791325339222,34.003577062996875],[-6.7167644183019997,34.003604028363497],[-6.7167357875054847,34.003631721606524],[-6.7167075346406726,34.003659059143395],[-6.7166792742748838,34.00368640306538],[-6.716651006271257,34.003713744355117],[-6.716622969987208,34.003740871264718],[-6.7165952526600616,34.003768252749829],[-6.7165673402260895,34.003795837394463],[-6.7165394192356844,34.003823430239024],[-6.7165114982275496,34.003851023077104],[-6.7164825026626316,34.003879667049567],[-6.7164518320715914,34.003907038043117],[-6.7164222607637125,34.003933419857127],[-6.7163926969075556,34.003959794370559],[-6.7163630486330268,34.003986244618254],[-6.7163379461504853,34.004008467858029],[-6.7163148260641936,34.004034886489194],[-6.7162893109164044,34.00406404128379],[-6.7162637957514981,34.004093196072908],[-6.7162382805694714,34.00412235085647],[-6.7162126429477933,34.004151644905946],[-6.7161867854987802,34.004180796960263],[-6.7161610569923127,34.004209812374484],[-6.7161353414339722,34.004238825843217],[-6.7161096001190916,34.004267855810262],[-6.7160837947800385,34.004296949574545],[-6.7160578745370731,34.004325965175738],[-6.7160320202991306,34.004354907026709],[-6.7160061660440498,34.00438384887201],[-6.7159803117716699,34.004412790711676],[-6.7159539078393253,34.004442335353112],[-6.7159265512589483,34.004471256883576],[-6.7158997263210827,34.004499603747213],[-6.7158729227332348,34.004527931441302],[-6.7158461041610726,34.004556271912648],[-6.715819388970437,34.004584503970158],[-6.7157928464700394,34.004612842431889],[-6.7157661800497657,34.004641294020082],[-6.7157386986694849,34.004670635282082],[-6.7157083027610547,34.004700376003612],[-6.7156794937144717,34.004728071760006],[-6.7156504501940164,34.004755301903089],[-6.715621694044116,34.004782273793815],[-6.7155929175503521,34.004809262124667],[-6.7155641538949284,34.004836241295003],[-6.7155353581630708,34.004863248752848],[-6.7155065078814964,34.004890230622202],[-6.7154776809241898,34.004917180674319],[-6.715448861432491,34.004944124327935],[-6.7154200495428888,34.004971070600241],[-6.7153926779344202,34.004996660672269],[-6.7151091561313212,34.005293477861898],[-6.7139494549048004,34.006507170448295],[-6.7131942823123341,34.007297476741442],[-6.7123312112428044,34.008200677039035],[-6.7116199636485971,34.008958605077801],[-6.7110099544111641,34.009719908580472],[-6.7108942392512718,34.009864322385496],[-6.7102166899313289,34.010916741475583],[-6.7099368498695862,34.011476709669211],[-6.7099356277324889,34.011481104344426],[-6.7099351308590371,34.011485638647699],[-6.7099353722760444,34.011490193700624],[-6.7099363456541434,34.01149465008082],[-6.7099380254737317,34.011498890952844],[-6.7099403676940295,34.011502805131357],[-6.7099433109077244,34.011506289996127],[-6.7099467779509219,34.011509254182499],[-6.7099506779261899,34.011511619976716],[-6.7099549085856749,34.011513325353413],[-6.7099593590117879,34.011514325601766],[-6.7099639125251933,34.011514594497697],[-6.7099684497438581,34.011514124991422],[-6.710017285389128,34.011512111072079],[-6.7101024022382827,34.011509552792475],[-6.7102844428901642,34.011503742628896],[-6.7104484707754821,34.011487184583451],[-6.7105777448936008,34.011460359542788],[-6.710725995359013,34.011418133187235],[-6.7108585321690608,34.011367607049948],[-6.711037157042604,34.011281914768063],[-6.711126528744515,34.011228469670122],[-6.7113566060238421,34.011122031438511],[-6.7116639004729262,34.010978129244535],[-6.7119620273037173,34.010843527573861],[-6.7120332404829064,34.010811210470763],[-6.7120889433579602,34.010785563571417],[-6.7120003552569942,34.010620263337557],[-6.7119290277479369,34.010653103801467],[-6.7118585987757031,34.010685065421399],[-6.7115592063016596,34.010820238357816],[-6.7112509411652832,34.010964594181381],[-6.7110103902383456,34.011075878385995],[-6.7109196447987287,34.011130144041232],[-6.7107591876533306,34.011207121726073],[-6.710645677754532,34.011250394393613],[-6.7105164063314096,34.01128721482474],[-6.7104091065109888,34.011309479277443],[-6.7102672353466195,34.011323800768075],[-6.7102475358074409,34.011324429717341],[-6.710412570974122,34.010994187054088],[-6.7110801802852524,34.009957203490472],[-6.7111901032906491,34.009820017229693],[-6.7117956048617815,34.009064337181734],[-6.7125012649606939,34.008312362177442],[-6.7133637405031905,34.007409782954973],[-6.7141189125441993,34.006619476575864],[-6.7152786128893416,34.005405781570943],[-6.715558397073405,34.005112876760563],[-6.715581755948012,34.005091039057227],[-6.7156105913059223,34.005064069955864],[-6.7156393873085234,34.005037149059383],[-6.7156682142555626,34.005010198971284],[-6.7156971915961439,34.00498309848922],[-6.7157260898117217,34.004955994321442],[-6.715754853456513,34.004929015115138],[-6.7157836267188129,34.004902028585889],[-6.715812386078917,34.004875054821618],[-6.7158422955110879,34.004847011986968],[-6.7158726009891483,34.004817878237823],[-6.7159066078884058,34.004784603925629],[-6.7159369367141437,34.004752223199176],[-6.7159635562238531,34.004723821670837],[-6.7159898120251045,34.004695788309824],[-6.7160161936014395,34.004667909644617],[-6.7160430110699352,34.004639569149425],[-6.7160698199683697,34.004611235952993],[-6.7160966395536272,34.004582894521306],[-6.7161258591932178,34.004552004454666],[-6.7161540349996018,34.004520476903586],[-6.7161799147943357,34.0044915059012],[-6.7162057690235857,34.004462564021217],[-6.7162316232356982,34.004433622135544],[-6.7162577628048377,34.004404360691709],[-6.7162837874558203,34.00437502018309],[-6.7163095479053627,34.004345968335357],[-6.716335288999054,34.004316926605675],[-6.7163609919309399,34.004287940284954],[-6.7163872411542878,34.004258345773046],[-6.7164132875037463,34.004228584737632],[-6.7164388026583364,34.004199429919595],[-6.7164643177957304,34.00417027509603],[-6.7164898329160048,34.004141120266944],[-6.7165049684619147,34.004123824894748],[-6.716521066225269,34.004109573128012],[-6.7165509965732513,34.004082871867269],[-6.7165805604231599,34.004056497317755],[-6.7166101317248641,34.004030115467529],[-6.7166445535846622,34.003999396073731],[-6.7166770678244196,34.00396727627664],[-6.716705015488956,34.003939656968463],[-6.7167329364641306,34.003912064088205],[-6.7167608488828776,34.003884479407915],[-6.7167878246967261,34.003857830779822],[-6.7168151363146,34.003831404984787],[-6.7168433808131178,34.003804085550868],[-6.7168716646436177,34.003776718799742],[-6.7168999175086386,34.003749382128809],[-6.7169297617444217,34.003720515394676],[-6.7169540180570078,34.003696205890549],[-6.7169627050726035,34.003688427082743],[-6.7169824090245625,34.003674699212866],[-6.7170156117571738,34.003651585332662],[-6.7170502962897656,34.003627428642766],[-6.7170845897711775,34.003602907190171],[-6.7171175054693926,34.003579363403254],[-6.7171503997143676,34.003555834262635],[-6.7171734126876039,34.00353937860573],[-6.7172020459011907,34.003523788275608],[-6.7172568098520138,34.003493970468433],[-6.7173882179236619,34.003436886995559],[-6.7175090887815898,34.003397617808425],[-6.7176695906894448,34.003399640347617],[-6.7177128350327013,34.003400193868274],[-6.7177562048880644,34.003400740642789],[-6.7177994492324196,34.003401294133511],[-6.7178362568072991,34.003401765597474],[-6.7178730588089888,34.003403654842678],[-6.7179163533809314,34.003405878020736],[-6.7179595776614915,34.003408107334423],[-6.7180029426682877,34.003410333349258],[-6.7180419739021628,34.003412337983697],[-6.71808100935346,34.003415334614338],[-6.7181243508817792,34.003418653895892],[-6.7181676468715539,34.003421969132212],[-6.7182108671027265,34.003425286954325],[-6.7182546433655119,34.003428638593839],[-6.7182983475053053,34.003431875538091],[-6.718341704608946,34.003435078239988],[-6.7183849923270911,34.003438275343939],[-6.7184282107965148,34.003441475867199],[-6.7184782404817485,34.003445171076912],[-6.7185282280291112,34.003446873586],[-6.7185714669897418,34.003448354887503],[-6.7185923166150241,34.00344906440295],[-6.7186035961589132,34.003456008217213],[-6.7186384099577117,34.003477448071727],[-6.718678941724427,34.003502409050874],[-6.7187208872963051,34.003525627161991],[-6.7187568650831073,34.003545557635668],[-6.7187930173780082,34.003565569233963],[-6.7188290398762183,34.00358551815556],[-6.7188636382288136,34.003604670377186],[-6.7188978942619011,34.003624169803473],[-6.7189336119424885,34.00364450880403],[-6.7189694550130588,34.003664903292162],[-6.7190051704248361,34.003685233277601],[-6.7190453524516993,34.003708113607459],[-6.7190866164932457,34.003729722626808],[-6.719123211086254,34.003748899757127],[-6.7191599801329298,34.003768154404376],[-6.719196574758306,34.003787331512925],[-6.7192259398024667,34.003802708506541],[-6.719254015297027,34.003819522215075],[-6.7192854597380487,34.003838339565441],[-6.7193056321392763,34.003851284495568],[-6.719334083565891,34.003871246249929],[-6.7193750355598016,34.003899966968518],[-6.7194183388032478,34.003926138592199],[-6.7194533754444219,34.003947323351611],[-6.719488458000896,34.003968535575559],[-6.719523586335753,34.003989766246832],[-6.7195514196130146,34.004006595065654],[-6.7195779374405236,34.004024866287324],[-6.7196112731127764,34.004047844690056],[-6.7196446907452891,34.004070870921474],[-6.7196780275355632,34.004093849294634],[-6.7197129105215403,34.004117885496427],[-6.719748131379931,34.004141493350986],[-6.7197819167870776,34.004164131477268],[-6.719815621379027,34.004186723548592],[-6.7198950921917939,34.004239991199462],[-6.7201304603694885,34.00429351215552],[-6.7202446459894229,34.004269317825106],[-6.7202868122957939,34.004260394190005],[-6.7203132471110374,34.004254794639309],[-6.7203426441055703,34.004273391599199],[-6.7203771506467573,34.00429522742327],[-6.7203781008124972,34.004295828876046],[-6.7203876686429984,34.004307553321894],[-6.7204080406930506,34.004334547945973],[-6.72043113669117,34.004365137559475],[-6.7204541577657348,34.004395641378956],[-6.7204772537963189,34.004426230983249],[-6.7205002749032525,34.004456734793564],[-6.7205232236765715,34.004487180740462],[-6.7205462553548792,34.004517736738805],[-6.7205692673001591,34.00454827580522],[-6.7205979873118222,34.004586378181649],[-6.7206305708453886,34.004623109579427],[-6.7206546931088527,34.004651102684043],[-6.7206800154733868,34.004680465695472],[-6.7207052125341127,34.004709705564814],[-6.7207305349327884,34.004739068565378],[-6.7207531534778937,34.004765303529844],[-6.7207747853353386,34.00479216757045],[-6.7207989237510519,34.004822143679377],[-6.7208230621833351,34.004852119783308],[-6.720847200632269,34.004882095882259],[-6.7208805355252634,34.004923504486229],[-6.7209195595501674,34.004961464797645],[-6.720947789038572,34.004988933852324],[-6.7209760482169054,34.00501643144726],[-6.7210043074131187,34.005043929035523],[-6.7210267026376087,34.005065720105009],[-6.7210472946883391,34.005088569130386],[-6.7210733256874962,34.005117443894697],[-6.7210993061860345,34.005146272288968],[-6.7211253372197532,34.005175147041939],[-6.7211508782752212,34.005203488541561],[-6.721176265463642,34.00523196513435],[-6.7212020889398101,34.005260931344111],[-6.7212074078094108,34.005266893412454],[-6.7212191643385886,34.005280038602272]]]},"properties":{"arrondissement":"Hssaine","PA":"Hssaine","objectid":295,"shape.STArea()":35645.481652344999,"shape.STLength()":3601.783607670412,"Prefecture":"Salé"}},{"type":"Feature","id":296,"geometry":{"type":"Polygon","coordinates":[[[-6.7123624077376194,34.011295825646499],[-6.7122737116112958,34.011130325642895],[-6.7122450419607533,34.011138275468049],[-6.7120773675595702,34.011212788980345],[-6.7118104097237916,34.011328805501769],[-6.7115691313660477,34.011422120645577],[-6.7112996295089484,34.011565274474854],[-6.7110636096343965,34.011682184040914],[-6.710903969548438,34.011753294838876],[-6.710695795928932,34.011826157635156],[-6.7104791659344434,34.011889101448546],[-6.7102832394222753,34.011938858726865],[-6.7100569291066412,34.01197464242729],[-6.7098878787774856,34.01198978511578],[-6.7097465439260722,34.012003913709151],[-6.7097301690070745,34.012006134526281],[-6.7097143427786152,34.012010888523932],[-6.7096994545973789,34.012018058744317],[-6.7096858707422209,34.01202746878576],[-6.7096739254029822,34.012038887142531],[-6.7096639124587565,34.012052032900357],[-6.7096560782478782,34.012066582647464],[-6.70960166727781,34.012211764884114],[-6.7095631176746977,34.012314626495062],[-6.7095577763303691,34.012325725983054],[-6.7095508315208265,34.012335899390216],[-6.7095424401832107,34.012344916820332],[-6.7095327919429604,34.012352574499673],[-6.7095065796795534,34.012370922632144],[-6.7095015175566823,34.012374913941827],[-6.7094970641247098,34.012379574691195],[-6.709493307117099,34.012384813062582],[-6.7094903205476193,34.012390525859068],[-6.7094766823875904,34.012422932487553],[-6.709474884995231,34.012428187316893],[-6.7094738702350627,34.012433647546963],[-6.7094736596467452,34.012439197276976],[-6.7094742577003021,34.012444718706377],[-6.7094756517012337,34.012450094635319],[-6.7094778120599772,34.012455210952432],[-6.7094828164835052,34.012465197285181],[-6.7094871490904122,34.012475763127483],[-6.7094896683196916,34.012486901439296],[-6.7094903043163621,34.012498303369583],[-6.7094890394450566,34.012509652757529],[-6.7094859087790244,34.012520634899232],[-6.7094383416435317,34.012647554962534],[-6.7093211264400674,34.012960306265256],[-6.7090124371948061,34.014198210354742],[-6.7088602352292304,34.015526657028232],[-6.7088630750824656,34.016416719774007],[-6.7088633739011954,34.016510190898728],[-6.708969790698406,34.01752497019816],[-6.7091804029227609,34.018528401061154],[-6.7096033470679863,34.020073260779938],[-6.7101624688520101,34.022112950790017],[-6.7103877465314126,34.022934742022805],[-6.7104292833902646,34.023052336661571],[-6.7104645266235581,34.023152569575657],[-6.7104885277516226,34.023213415921099],[-6.7105476273277205,34.023340536278106],[-6.7105974456336046,34.023429945950149],[-6.7106837854584516,34.023562767013907],[-6.7107577487644852,34.02366227925075],[-6.7108485945582137,34.023772750113238],[-6.7109224086706787,34.02384964159576],[-6.7110303692020787,34.023948827825592],[-6.7111179293795384,34.024019887380241],[-6.7112691176886319,34.023890729712519],[-6.7111863626496433,34.023823571031507],[-6.7110874173459676,34.023732665280328],[-6.7110227950165067,34.023665349270495],[-6.7109393019909849,34.023563822008157],[-6.7108712853681647,34.023472309388147],[-6.7107911227810995,34.023348991657976],[-6.7107470843524775,34.023269954309903],[-6.7106925608523644,34.023152680474844],[-6.7106714178168216,34.023099077765764],[-6.7106371261324851,34.023001554058318],[-6.7105974354990545,34.022889186288609],[-6.7103736413953596,34.022072815390686],[-6.7098145149128037,34.020033126291288],[-6.7093928118452117,34.018492808650137],[-6.7091847526060189,34.017501556311295],[-6.7090799394789302,34.016502091136545],[-6.7090796653324984,34.01641624047442],[-6.7090768500570279,34.015535002163027],[-6.709226914377199,34.014225191046748],[-6.709531030485425,34.01300561674347],[-6.7096450872367717,34.012701289174899],[-6.7096926540861528,34.012574368133983],[-6.7097028374529231,34.01253857115303],[-6.7097068411897638,34.012501569870679],[-6.7097045507215904,34.012464423154007],[-6.709731176121104,34.012435888095119],[-6.7097531191709576,34.012403613274465],[-6.7097698625394901,34.01236835960664],[-6.7098084119353301,34.012265498835909],[-6.7098419431081648,34.012176029944889],[-6.7099123673651606,34.012168989802738],[-6.710088761580999,34.012153189510819],[-6.7103351808863163,34.012114226563689],[-6.7105464544031133,34.012060571394684],[-6.7107735039615477,34.011994600059268],[-6.7109972070808972,34.011916301488647],[-6.7111700995594479,34.011839288115546],[-6.7114132508882642,34.011718845987161],[-6.7116734393917756,34.011580639626537],[-6.7119061723909654,34.011490628892957],[-6.7121784509890787,34.011372300003387],[-6.7123308423742847,34.01130457781062],[-6.7123624077376194,34.011295825646499]]]},"properties":{"arrondissement":"Hssaine","PA":"Hssaine","objectid":296,"shape.STArea()":32332.013679349999,"shape.STLength()":3272.2642094992357,"Prefecture":"Salé"}},{"type":"Feature","id":297,"geometry":{"type":"Polygon","coordinates":[[[-6.7410674892369302,34.006268887499026],[-6.7411000181237881,34.006166809502481],[-6.7411393017841412,34.006067135835515],[-6.7411851642746914,34.005970312915608],[-6.7409471853538161,34.005876004683707],[-6.7408372869209803,34.005832453483265],[-6.7408372182778056,34.005832426259886],[-6.7408371485378913,34.005832398146403],[-6.740699101207035,34.005777691606596],[-6.7404735405841736,34.005652531090199],[-6.7405369368696189,34.005604631078391],[-6.7403822717132726,34.005447050945037],[-6.7403150366997533,34.005559036467538],[-6.7402539042479015,34.005674466652593],[-6.7401990503131275,34.005793009261524],[-6.7401879977074142,34.005819174315931],[-6.7405384264032655,34.006013622989173],[-6.7409609224283527,34.006181053319843],[-6.7410674892369302,34.006268887499026]]]},"properties":{"arrondissement":"Hssaine","PA":"Hssaine","objectid":297,"shape.STArea()":3043.8483349799999,"shape.STLength()":281.08472670550395,"Prefecture":"Salé"}},{"type":"Feature","id":298,"geometry":{"type":"Polygon","coordinates":[[[-6.755191609894232,34.024353148127247],[-6.756160623827304,34.022997738519742],[-6.7560212974607534,34.022934804291999],[-6.7558964080911048,34.023191014908107],[-6.7550893484716248,34.024319886524751],[-6.755191609894232,34.024353148127247]]]},"properties":{"arrondissement":"Hssaine","PA":"Hssaine","objectid":298,"shape.STArea()":1825.982080405,"shape.STLength()":376.03429381049608,"Prefecture":"Salé"}},{"type":"Feature","id":299,"geometry":{"type":"Polygon","coordinates":[[[-6.7395477858915482,33.983217019736756],[-6.7397483815240662,33.983325420121595],[-6.7397499841903716,33.983315750210572],[-6.7397648093462594,33.983226301496309],[-6.73977991318867,33.983136884067704],[-6.7397826201436999,33.983119769088674],[-6.7397882864909189,33.983084005947717],[-6.739794076173796,33.983047464972231],[-6.7398006282980223,33.983011012342097],[-6.7398070418946121,33.982975335903639],[-6.7398134544035564,33.982939659475939],[-6.7398198679897003,33.982903983035833],[-6.7398261020039492,33.982869299676544],[-6.7398314076489596,33.982834509903967],[-6.7398368646430917,33.982798722841402],[-6.7398423227289239,33.98276293666828],[-6.7398477797139877,33.982727149604287],[-6.7398532898513883,33.982691018356469],[-6.7398591329329145,33.982654925033088],[-6.7398649207019048,33.982619176816897],[-6.7398707095346184,33.982583427686748],[-6.7398764972940883,33.982547679469114],[-6.7398823186273775,33.982511721656415],[-6.7398883416925495,33.982475787839633],[-6.7398943300639669,33.982440061824462],[-6.7399003184442794,33.982404336710246],[-6.7399063068197487,33.982368611595319],[-6.7399124211381212,33.982332137477613],[-6.7399192686100315,33.982295748410145],[-6.7399259760152495,33.982260105789258],[-6.7399598051654452,33.982080341026176],[-6.7399594986518521,33.982070094655917],[-6.7399574596013787,33.982060048545868],[-6.7399537470379922,33.982050493498662],[-6.7399484684284872,33.982041706102251],[-6.7399417765716656,33.982033940723554],[-6.7399338651753045,33.982027422145364],[-6.739924963248936,33.982022339059597],[-6.7399153284747557,33.982018838605271],[-6.7399052397485528,33.982017022109297],[-6.7398949891065705,33.982016942153408],[-6.7398848732719916,33.982018601052076],[-6.7396708998223067,33.98204855547953],[-6.739613326050983,33.982052600111317],[-6.7395548967014101,33.982052690122082],[-6.7394960088390263,33.982048738292498],[-6.7394362256514029,33.982040569819191],[-6.7393772305139148,33.982027475865671],[-6.7393199802272683,33.982010495084708],[-6.7392640448616055,33.981989477854391],[-6.7392098358047106,33.981964493732299],[-6.7391566009307944,33.981934998813081],[-6.739107205455114,33.98190075233218],[-6.7390619672136332,33.981863833327395],[-6.7390201457597945,33.981823683340025],[-6.7389820746929736,33.981780523374425],[-6.7389450745910864,33.98173055992406],[-6.7389198270490134,33.981675869477016],[-6.7389015295423231,33.981624250483051],[-6.7388882400229129,33.981571566055038],[-6.7388800437755831,33.981518152584393],[-6.7388768639577084,33.981461973555966],[-6.7388826268149531,33.981405958686352],[-6.7388932525921934,33.981353028563404],[-6.7389088800165924,33.981301155188248],[-6.7389293755429769,33.981250665563614],[-6.7389534733828507,33.981204005575897],[-6.7389790928009869,33.98115808418855],[-6.7390104052449749,33.981112000029214],[-6.7390460412378053,33.981068144175573],[-6.739114495555623,33.980996907361842],[-6.739116207741545,33.980994938438371],[-6.7391175688487017,33.980992712314489],[-6.7391185410104706,33.980990290921966],[-6.7391190971808657,33.980987741625057],[-6.7391192218869742,33.980985135346359],[-6.739118911659415,33.980982544593743],[-6.7391181751288594,33.980980041443132],[-6.7391170327859253,33.980977695533312],[-6.7390922220746594,33.980935543728329],[-6.7390898455981034,33.980932526558163],[-6.7390869892612413,33.980929959011412],[-6.7390837367981362,33.980927916356187],[-6.7390801835553678,33.980926458473327],[-6.739076433696928,33.980925628100941],[-6.7390725971506367,33.980925449581562],[-6.7390451866188412,33.980925645186574],[-6.7390022283204072,33.980925943847666],[-6.7389592812111898,33.980926617554822],[-6.7389098413179731,33.980927403033114],[-6.7388538922650882,33.980919434107413],[-6.7388087828341448,33.98090855439407],[-6.7387660489008825,33.9808982544358],[-6.7387237952682897,33.980886664156841],[-6.7386826571938192,33.980875385715642],[-6.7386415331598082,33.980864104405306],[-6.7386003886399903,33.980852827809912],[-6.7385595800143401,33.980841639603128],[-6.7385186208761203,33.98083080021361],[-6.7384773627640966,33.980819878327097],[-6.7384360829863432,33.980808954854787],[-6.7383948248950594,33.980798032940989],[-6.7383534570874239,33.980787086031484],[-6.7383121473099958,33.980776040183926],[-6.7382711506676136,33.980765081165082],[-6.7382306551825888,33.980754537955093],[-6.738189578033996,33.980744325621167],[-6.7381482260718224,33.98073405307813],[-6.7381068115338936,33.980723934508895],[-6.7380652524611868,33.980713779591092],[-6.7380237129372178,33.980703628058272],[-6.7379821538839249,33.980693473112829],[-6.7379445927196979,33.980684293671239],[-6.7379067101692787,33.980679273495326],[-6.7379010182250729,33.980678732736401],[-6.7377885997582698,33.980672211497172],[-6.7375888977284077,33.980669951016537],[-6.7374335650768344,33.980678195945814],[-6.7372958877728282,33.980697587880421],[-6.7370642583426665,33.980743930384328],[-6.7368975987083708,33.980776910443062],[-6.7367238958135651,33.980817368934986],[-6.7366668217212844,33.980844502123546],[-6.7366224924930957,33.980881318919302],[-6.7365846508075338,33.980936486386817],[-6.7365809742090477,33.980948802849312],[-6.7366508418823043,33.981012177108717],[-6.7370782537199494,33.981370721705254],[-6.7370435861915769,33.981335077133672],[-6.7369139451887721,33.981196014399373],[-6.7368173839912444,33.981089866905123],[-6.7367926698221234,33.981058780544231],[-6.7367875037753162,33.981049776332327],[-6.7367824254853579,33.981032398169873],[-6.7367824260995155,33.981021314111103],[-6.7367875141821294,33.981004267574043],[-6.736795999893948,33.980991896177471],[-6.736799219560285,33.980989222028505],[-6.7368079625877222,33.980985065776451],[-6.7369517859261885,33.980951566586015],[-6.7371145549572793,33.980919356704987],[-6.7373392645107204,33.980874398417278],[-6.7374585615290625,33.980857595360334],[-6.7375943176587016,33.980850390069676],[-6.7377796028102246,33.980852487050036],[-6.7378793069578427,33.980858270173677],[-6.7378969199135508,33.980860603707612],[-6.7379212062206504,33.980866539304778],[-6.7379627816413832,33.980876697703273],[-6.7380043049490936,33.980886845822162],[-6.73804588038925,33.980897004193025],[-6.738086826647641,33.980907008737034],[-6.7381277113844265,33.980917165440097],[-6.7381674051766689,33.980927034527426],[-6.7382057855032329,33.98093702585885],[-6.7382459973520801,33.980947775029229],[-6.738287600719298,33.980958899832821],[-6.7383292773265717,33.980969929143242],[-6.7383705202540041,33.9809808458295],[-6.7384118153423316,33.980991774571166],[-6.7384530582904105,33.981002691230138],[-6.7384929641791214,33.981013252393055],[-6.7385327085216078,33.981024148963584],[-6.7385738694194961,33.981035429915657],[-6.7386149456770745,33.981046697328779],[-6.7386561153667452,33.981057985375053],[-6.7387020850920809,33.981070594766379],[-6.7387486092806546,33.98108180842452],[-6.7387788362331138,33.981089099018568],[-6.7387558273615067,33.981130341492047],[-6.7387270660829701,33.981186032159712],[-6.7387010048134899,33.981250232023505],[-6.7386811482568048,33.981316142268554],[-6.7386676567322503,33.981383346321735],[-6.7386599237232465,33.981458505607705],[-6.7386641900628472,33.981533860435434],[-6.7386745824423659,33.981601593880924],[-6.738691436820436,33.981668406896929],[-6.7387146416062587,33.981733871380762],[-6.7387502319909647,33.981810969364176],[-6.7388024174238925,33.981881437058512],[-6.7388508744569799,33.981936370990638],[-6.7389041921600867,33.981987558869157],[-6.7389619643549876,33.982034706508898],[-6.739027032373472,33.982079818163662],[-6.7390972948955117,33.982118748717795],[-6.7391669706873456,33.982150861012478],[-6.7392390264371524,33.98217793429837],[-6.7393129429663361,33.982199859584071],[-6.7393907284260051,33.982217123150939],[-6.7394697502331962,33.982227920529986],[-6.7395463887058922,33.982233063332664],[-6.739622638683108,33.982232946897156],[-6.739697982845259,33.982227653415826],[-6.7397133379887277,33.982225503268609],[-6.7397120831542354,33.982232171628802],[-6.7397053756634806,33.98226781423859],[-6.7396982469096258,33.982305697102277],[-6.739691881672349,33.982343668300246],[-6.7396858932104839,33.982379393405289],[-6.7396799047576721,33.982415119411286],[-6.7396739162859616,33.982450844514815],[-6.7396678237830105,33.98248719572976],[-6.7396619340941699,33.982523570929374],[-6.7396561462619715,33.982559320039115],[-6.7396503584111196,33.982595068246397],[-6.7396445705694825,33.982630817354675],[-6.7396386145904872,33.982667599103912],[-6.7396329991463642,33.982704419598761],[-6.7396275420743157,33.982740206653673],[-6.7396220849977748,33.982775993707889],[-6.7396166268203821,33.982811779871255],[-6.7396116259954253,33.98284457683733],[-6.7396057488428411,33.98287727224335],[-6.7395993351708032,33.982912948672812],[-6.7395929225759614,33.982948625089939],[-6.7395865088934714,33.982984301517803],[-6.7395796774820376,33.983022307446419],[-6.7395736410539753,33.983060405882988],[-6.7395679746061017,33.98309616811278],[-6.7395653859982936,33.983112535068607],[-6.7395503741452849,33.983201402244148],[-6.7395477858915482,33.983217019736756]]]},"properties":{"arrondissement":"Hssaine","PA":"Hssaine","objectid":299,"shape.STArea()":11124.313348514999,"shape.STLength()":1220.720605906997,"Prefecture":"Salé"}},{"type":"Feature","id":300,"geometry":{"type":"Polygon","coordinates":[[[-6.7433785699857509,33.983398274033981],[-6.74352925897304,33.983262933275689],[-6.7433817593618857,33.983190405290436],[-6.7433345386551231,33.9831634459456],[-6.7432977381661452,33.983142436352438],[-6.743283564917931,33.98312943628023],[-6.7432835506371278,33.983129422905215],[-6.7432817001855305,33.983127725576367],[-6.7432564605630247,33.983105351021933],[-6.7432268316294257,33.983079309603099],[-6.7432005941026478,33.983056250391307],[-6.7431685045664489,33.983032952693677],[-6.7431361196319592,33.983009804258884],[-6.7431059170415182,33.982988602114041],[-6.7430792082964883,33.982970005900668],[-6.743079191878679,33.982969994352352],[-6.7430726528747709,33.982965442346504],[-6.743036854090434,33.982940516815106],[-6.7430027382328968,33.982913872293423],[-6.7429711140037352,33.982889151807946],[-6.7429399686847526,33.982864805870094],[-6.7429129451832797,33.982844190990072],[-6.7428780229361447,33.982817972647354],[-6.7428453077616757,33.982789414618971],[-6.7428417279724995,33.982786289212605],[-6.7428417126232905,33.982786276750886],[-6.742815407487261,33.98276331378154],[-6.7427855061483379,33.982737212948273],[-6.7427556048135253,33.982711111205859],[-6.7427265825374558,33.982685777450918],[-6.7427024325942124,33.98266566473314],[-6.7426719151811341,33.982640887214615],[-6.7426409033379455,33.982615709143744],[-6.7426098925950972,33.982590531053404],[-6.7425800155262872,33.982566274246679],[-6.7425541347888682,33.982546457827667],[-6.7425222653766257,33.982522107821325],[-6.7424903543482868,33.9824977257854],[-6.7424584422553915,33.982473343752687],[-6.7424579131157891,33.982472939971636],[-6.7424410292624266,33.982463727870169],[-6.7424040090378066,33.982442196379395],[-6.7423683052131365,33.982421430894043],[-6.7423336730789938,33.982401288835334],[-6.7422843326355926,33.982368111730004],[-6.7422513192200872,33.982347209158043],[-6.7422168451641076,33.982325381571115],[-6.7421810536751927,33.982302718523059],[-6.742146095844916,33.982279145558891],[-6.7421124584964724,33.982256463019134],[-6.7420792141728816,33.982234062154284],[-6.7420467433818771,33.982212326694771],[-6.7420140859093305,33.982190769994524],[-6.7419825141343734,33.98216948213831],[-6.7419520124777259,33.982149487824785],[-6.7419452976130723,33.982145177542968],[-6.7419226599894353,33.982130928704507],[-6.7418931876463892,33.982113090558123],[-6.741863104625609,33.982095807286889],[-6.7418336916686989,33.982079079601526],[-6.7418055491090803,33.982064136642144],[-6.7417772094084309,33.982050238356607],[-6.7417482409441511,33.98203719636642],[-6.7417174627315744,33.982024529092307],[-6.7416863149713313,33.982012117392102],[-6.7416557054973518,33.98200105273289],[-6.7416244971929125,33.981990890042468],[-6.7415927293726492,33.981981651446205],[-6.7415604337046195,33.981973354642065],[-6.7415348085448041,33.981967618067635],[-6.7415288176711989,33.981966374505141],[-6.7414948464745041,33.981959994076497],[-6.741461244744313,33.981954755064564],[-6.7414273003168095,33.981950529814441],[-6.7413910845944303,33.981947147779678],[-6.7413602147819844,33.981945728693425],[-6.7413255717234737,33.981945058876349],[-6.7412908074881939,33.981945446443774],[-6.741255969827102,33.981946899001329],[-6.74122324544122,33.981949265070092],[-6.74119083231753,33.98195370211215],[-6.7411564620082043,33.981959484053682],[-6.7411223114394376,33.981966317024181],[-6.7410884259748025,33.98197419422506],[-6.741052457380766,33.981983744150149],[-6.7410161882696285,33.981993042952901],[-6.7409826205868217,33.982002783605942],[-6.7409488089901961,33.982013766940106],[-6.7408534832366866,33.982047061850814],[-6.7408380779025476,33.982053696641536],[-6.7408238200884103,33.982062531770509],[-6.7408058591182591,33.982075700204163],[-6.7407795888084481,33.982096431416423],[-6.7407536961582117,33.982118415795554],[-6.7407284376461263,33.982140734291036],[-6.7407048299501611,33.982163183020745],[-6.7406822811757605,33.982186272468816],[-6.7406608168152848,33.982209970797363],[-6.7406403793074325,33.982234336343012],[-6.7406209995521422,33.982259196517312],[-6.740602841841806,33.982284463884312],[-6.7405858464924542,33.982310199508944],[-6.740570031363962,33.982336368027354],[-6.7405544221364382,33.982364726799723],[-6.7405386183315237,33.982392894650559],[-6.7405249888439727,33.982419686417984],[-6.7405125494729603,33.98244685054901],[-6.7405013084756327,33.982474360801248],[-6.7404911856336884,33.982502420955363],[-6.7404819756266461,33.982531336239035],[-6.7404736349488248,33.982561093589752],[-6.7404660695816947,33.982591703934474],[-6.7404591902789432,33.982623136662497],[-6.7404527343922833,33.982656191842459],[-6.7404460192755931,33.98268991808532],[-6.7404398142041764,33.982723582953319],[-6.7404338242784387,33.982758001290151],[-6.740427911555618,33.98279314390799],[-6.7404217100813062,33.982830272838925],[-6.7403886786087552,33.98300717200744],[-6.7403886676750462,33.983007235255734],[-6.7403826599281311,33.983042957888614],[-6.7403766521900987,33.983078681422384],[-6.7403705254119464,33.983115110593786],[-6.7403637066786342,33.983151459686169],[-6.7403570199923335,33.983187104803825],[-6.7403538402933689,33.983204025539763],[-6.740338326479641,33.983292585235269],[-6.7403244275584644,33.983381332372929],[-6.7403104587339602,33.983470532995092],[-6.740298431961115,33.983550454182982],[-6.7402978351554985,33.983564612367509],[-6.7402996939949338,33.983578660679932],[-6.7403039525480519,33.983592176414881],[-6.7403104826775202,33.983604752891935],[-6.7403190878956254,33.983616011692376],[-6.7403295092764743,33.983625614045586],[-6.7403924838222711,33.983677785617829],[-6.7404488272960457,33.983744560028114],[-6.7404918351592178,33.983817103912209],[-6.7405210769866972,33.983894536247675],[-6.7405357670633954,33.98397505178054],[-6.7405354545331733,33.984058621970377],[-6.740515704526878,33.984140590994734],[-6.7404819452942935,33.984217164290627],[-6.7404345909306889,33.984288378000329],[-6.7403748132548404,33.984352574550577],[-6.7403032521326933,33.984408913745497],[-6.740221258091184,33.984453915211546],[-6.7401728599376742,33.984472332498015],[-6.7401581405300792,33.984478676082574],[-6.7401447100166365,33.984487423844215],[-6.7401329574199291,33.984498322398963],[-6.74012322316071,33.984511056063887],[-6.7401157891974224,33.984525256001028],[-6.740110870859108,33.984540510901006],[-6.7401045298374056,33.984574503659552],[-6.7400977663878772,33.984610239750943],[-6.7400910209159202,33.98464587824661],[-6.7400842765069386,33.984681515828157],[-6.7400775310239212,33.984717154322141],[-6.7400706764426692,33.984753371182158],[-6.740063255695504,33.984789521947619],[-6.7400559527226767,33.984825096056163],[-6.7400486497298875,33.984860669262062],[-6.7400413467451052,33.984896243368823],[-6.7400338282575847,33.984932867758275],[-6.7400252631509279,33.984969371668448],[-6.740016942802554,33.985004827686538],[-6.7400086235298016,33.985040283692094],[-6.7400003031678537,33.985075739708158],[-6.7399922805039107,33.985109929914316],[-6.7399854421866197,33.985144256260362],[-6.7399783517198086,33.985179854240315],[-6.7399712601647801,33.985215452231031],[-6.7399641686038629,33.985251050220803],[-6.7399571675102132,33.985286196304699],[-6.7399505969732703,33.985321390992993],[-6.7399439424942855,33.985357040221146],[-6.7399372869135314,33.985392688558399],[-6.7399306324098127,33.985428336883217],[-6.7399239907914117,33.985463908410004],[-6.7399174240252204,33.985499489957753],[-6.7399108421701426,33.985535146521663],[-6.739904260309582,33.985570803084734],[-6.7398976784576039,33.985606460548695],[-6.7398908028408506,33.98564371025666],[-6.7398823241595842,33.985680772383787],[-6.7398742075939433,33.985716252356532],[-6.7398660910078583,33.985751731426539],[-6.7398579744289631,33.985787211397231],[-6.7398502129039937,33.985821142658594],[-6.7398438851785771,33.985855238057155],[-6.7398372696538758,33.985890891364448],[-6.7398306541097694,33.985926543769203],[-6.7398240385742154,33.985962197074855],[-6.7398173070408465,33.985998473011655],[-6.7398155944890723,33.98600691663767],[-6.739815591519525,33.986006934706921],[-6.7398099659511033,33.986034677905543],[-6.7398027506040066,33.986070260964063],[-6.7397955341823996,33.986105844935075],[-6.7397883188374648,33.986141428893532],[-6.7397804877292229,33.986180051537879],[-6.7397808133979549,33.98620090119239],[-6.7397613621224295,33.986317715246166],[-6.7397554124543282,33.986353444393671],[-6.7397498767794852,33.986389271024741],[-6.7399642382152578,33.98641477052626],[-6.7399700198368935,33.986377345838882],[-6.7399758238171747,33.986342495762557],[-6.7399975232513363,33.986212180016636],[-6.739997238826839,33.986194009389685],[-6.7400018099091676,33.986171468651641],[-6.7400090251692886,33.986135884681275],[-6.7400162404374022,33.986100301611692],[-6.7400234556856269,33.986064717639529],[-6.7400290811879442,33.98603697443167],[-6.7400290852537674,33.986036957252523],[-6.7400310492796951,33.986027269954398],[-6.7400380116251135,33.98598974875371],[-6.7400446270750924,33.98595409543713],[-6.740051242533462,33.985918443021383],[-6.740057859055006,33.985882789691601],[-6.7400636067743553,33.985851809247229],[-6.7400706613250998,33.985820973552812],[-6.7400787778342446,33.985785494470463],[-6.7400868943228609,33.98575001448544],[-6.7400950108186723,33.985714535401151],[-6.7401042136078582,33.985674306246651],[-6.7401116766182509,33.98563387023335],[-6.7401182583985122,33.985598213660218],[-6.7401248401732925,33.985562557086276],[-6.7401314219287709,33.985526899609802],[-6.740137960663354,33.985491471668794],[-6.7401445731398573,33.985456051956795],[-6.7401512286404621,33.985420403609389],[-6.7401578830392985,33.985384754371012],[-6.7401645385289859,33.985349106021985],[-6.7401709399724856,33.985314816809257],[-6.7401777600521582,33.98528057542589],[-6.7401848515280216,33.985244977424387],[-6.740191942998079,33.985209379421995],[-6.7401990344622469,33.985173781418744],[-6.7402053651826632,33.985141999268151],[-6.7402127945135453,33.98511033974291],[-6.7402211137097314,33.985074883724721],[-6.7402294339815416,33.985039427693948],[-6.7402377531640738,33.985003971673727],[-6.7402468099029749,33.984965373746881],[-6.7402547603184653,33.984926645158694],[-6.7402620632185535,33.984891071039904],[-6.7402693661264861,33.984855497821918],[-6.7402766690284421,33.984819924603073],[-6.7402843273704329,33.984782617784568],[-6.7402914011161146,33.984745243265827],[-6.7402981454311508,33.984709604772263],[-6.740304890837125,33.984673967168014],[-6.7403116351411017,33.98463832867278],[-6.740315819701129,33.984616218630798],[-6.7403264226186623,33.984612183835985],[-6.7404381940210119,33.984550838270756],[-6.740535659062644,33.984474106389584],[-6.7406158975416872,33.984387935775253],[-6.7406794280402469,33.984292394864028],[-6.7407246957385674,33.984189718031878],[-6.7407518978049294,33.984076821480947],[-6.7407523276625314,33.983961702440688],[-6.7407326184855911,33.983853682048363],[-6.7406933544808139,33.983749710214873],[-6.7406355584583642,33.983652221862748],[-6.7405586600945542,33.983561087789489],[-6.7405198697394502,33.983528952406402],[-6.7405252177704131,33.983493416305961],[-6.7405391164350181,33.983404664641057],[-6.740552802231063,33.983317275277422],[-6.7405679157694109,33.983230995268961],[-6.7405709224032355,33.98321499989968],[-6.740577618009028,33.983179306875229],[-6.7405847007286317,33.983141548019979],[-6.740591065458017,33.983103705757905],[-6.7405970731235794,33.983067983115895],[-6.7406028646125087,33.983033547057104],[-6.7406359106026992,33.982856563799523],[-6.7406423518699086,33.982818001014621],[-6.7406481633321533,33.982783458315104],[-6.7406539503648792,33.982750210067714],[-6.7406598207024357,33.982718362442625],[-6.7406663779769076,33.98268542792006],[-6.7406725558228473,33.982653794354576],[-6.7406786228807638,33.982626068899016],[-6.7406851171705258,33.982599791792062],[-6.7406920725259232,33.982574980709082],[-6.7406995455768488,33.982551516898226],[-6.7407075275387331,33.982529392336602],[-6.7407162375325873,33.982508073474179],[-6.7407258699917563,33.982487040553266],[-6.7407364259564897,33.982466290856919],[-6.7407508968207006,33.982440497456267],[-6.7407651874863781,33.982414532822133],[-6.7407774470671837,33.982394248293076],[-6.7407906317763748,33.982374282143468],[-6.7408047291110762,33.982354666072482],[-6.7408199558129853,33.982335133510368],[-6.7408360251425741,33.982315975224253],[-6.740852725897196,33.982297536187154],[-6.7408702846718356,33.982279556938877],[-6.7408886812896034,33.982262062947513],[-6.7409097487310277,33.98224344729082],[-6.7409313572935927,33.982225100910121],[-6.7409518731899905,33.982208910882541],[-6.7409535474530653,33.982207682643036],[-6.7410300076207692,33.982180978508524],[-6.7410575832552349,33.982172019884672],[-6.7410836603589503,33.982164452657898],[-6.7411171732920154,33.982155861554851],[-6.7411504162531068,33.982147034335988],[-6.7411767052620366,33.982140923154098],[-6.7412031876098695,33.982135625192406],[-6.7412298265224679,33.982131142648221],[-6.7412501983387623,33.982128354183914],[-6.7412707461555179,33.98212686884618],[-6.7412976685831056,33.982125746346775],[-6.74132450736181,33.982125447248087],[-6.7413517356276911,33.982125973698871],[-6.7413730479060865,33.98212695310216],[-6.7413992361688866,33.982129399048134],[-6.7414253187755886,33.98213264518207],[-6.7414511069658278,33.982136666468996],[-6.7414788340288023,33.982141874599549],[-6.7414805413625869,33.982142228790792],[-6.7415004186062957,33.982146678626286],[-6.7415251243411598,33.982153024801555],[-6.7415493798162576,33.982160079257127],[-6.7415731761639535,33.982167828560073],[-6.7415964838667115,33.982176254087364],[-6.7416227994730091,33.982186739747995],[-6.7416487903086271,33.982197436312887],[-6.7416707870527777,33.982207339611421],[-6.7416924102951032,33.982217944056551],[-6.7417144412388064,33.982229641714056],[-6.7417406114821921,33.98224452555165],[-6.7417680817390551,33.982260307255736],[-6.7417937587306378,33.982275848421736],[-6.7418139661202847,33.982288568480293],[-6.7418189959750325,33.982291796529452],[-6.7418474590421225,33.982310455388117],[-6.741878748573928,33.982331552397525],[-6.7419117057575324,33.982353307039922],[-6.7419433287840675,33.982374475316462],[-6.7419763028967719,33.982396693324709],[-6.7420098757179137,33.982419332399381],[-6.7420474066906912,33.982444641902823],[-6.7420858352299717,33.98246897316433],[-6.7421203093099944,33.982490800786145],[-6.7421508070671567,33.982510111477758],[-6.7422035541616649,33.98254557807136],[-6.7422443651135664,33.982569314674237],[-6.7422800678868242,33.982590080205419],[-6.7423197219945648,33.982613143753944],[-6.7423245554631857,33.982615780452832],[-6.7423440123353178,33.982630646815601],[-6.7423759244538575,33.982655028876025],[-6.7424077084130598,33.982679313095332],[-6.7424311723142196,33.982697278639812],[-6.7424587799081799,33.982719692918984],[-6.742489790653253,33.982744871045526],[-6.7425208024988308,33.98277004915257],[-6.7425503342930391,33.982794027385445],[-6.7425717106012346,33.982811829490288],[-6.7425989770122312,33.98283563087238],[-6.7426288772464558,33.982861731760799],[-6.7426587785811787,33.98288783263024],[-6.7426850837135106,33.982910795631433],[-6.7426850990766471,33.982910808994895],[-6.7426886799476975,33.982913934394006],[-6.7427270226887623,33.982947405084921],[-6.742767360227842,33.982977688798115],[-6.7427927777066703,33.982997079942805],[-6.742822966329177,33.98302067679203],[-6.7428545905639714,33.983045397313667],[-6.7428932728225748,33.98307560854262],[-6.7429338070736105,33.983103831111144],[-6.7429403460806592,33.983108383123962],[-6.7429403625123223,33.983108395574092],[-6.7429667352815379,33.983126757322886],[-6.7429958652751631,33.983147206208841],[-6.7430268851159623,33.983169379054544],[-6.7430505613911693,33.983186568396327],[-6.7430696946044595,33.983203383461706],[-6.7430990030422722,33.983229142458086],[-6.7431226642408442,33.983250118923763],[-6.7431232792305922,33.983250683217243],[-6.7431232945938584,33.983250696580676],[-6.7431544755113872,33.983279296237242],[-6.7432121415474029,33.983312219585869],[-6.7432654003320707,33.983342626134117],[-6.7433785699857509,33.983398274033981]]]},"properties":{"arrondissement":"Hssaine","PA":"Hssaine","objectid":300,"shape.STArea()":15945.49943226,"shape.STLength()":1634.2405758072575,"Prefecture":"Salé"}},{"type":"Feature","id":301,"geometry":{"type":"Polygon","coordinates":[[[-6.7419324922926407,33.966160761184099],[-6.7419288864260336,33.966166560133992],[-6.7419213525557158,33.966178676459116],[-6.7419014315173147,33.966210710971808],[-6.7418815115604076,33.966242746371087],[-6.7418615904927339,33.966274780876681],[-6.7418463346804254,33.966299314054517],[-6.7418409081411328,33.966307775921223],[-6.7418204957536796,33.966339608250401],[-6.7418000822691013,33.966371440587452],[-6.741779669851832,33.966403272909226],[-6.7417592563373621,33.966435105238858],[-6.7417442926336912,33.966458440280448],[-6.7417396582302,33.966465908801872],[-6.7417197719272952,33.966497958240751],[-6.7416998855958168,33.966530006774356],[-6.7416800003319377,33.966562055292833],[-6.7416601139850538,33.966594104721125],[-6.7416452528032949,33.966618054635376],[-6.7416403560284648,33.966625987726168],[-6.7416205661666702,33.96665804873988],[-6.7416007922038608,33.966690088836359],[-6.7415810352084939,33.966722107102299],[-6.7415612952222661,33.966754106242909],[-6.7415458279491167,33.966779186379114],[-6.7415399209942839,33.966788154822368],[-6.7415191551711917,33.966819684240633],[-6.7414984149868742,33.966851192637051],[-6.7414776972364825,33.966882682751631],[-6.7414570041122417,33.966914156364652],[-6.7414409794790515,33.966938544399653],[-6.7414350718621776,33.966947120526058],[-6.7414136384786367,33.966978253031378],[-6.7413922393499561,33.967009361716713],[-6.7413708681495317,33.967040457472443],[-6.7413495281381905,33.967071541165545],[-6.7413335472754961,33.967094841047718],[-6.741328208646495,33.967102622830971],[-6.7413069095213762,33.967133692549709],[-6.7412856543915707,33.967164738344245],[-6.7412644348216464,33.967195774735018],[-6.7412432497433752,33.967226802635437],[-6.7412274942433257,33.967249909791924],[-6.7412223383370478,33.96725753899922],[-6.7412013533085373,33.967288626077149],[-6.7411804208918404,33.967319686433079],[-6.7411595295022231,33.96735074093445],[-6.7411386802359923,33.967381790471343],[-6.7411230290290876,33.96740513639628],[-6.741117751872288,33.967412976133303],[-6.7410968882287845,33.967444007778553],[-6.7410760869236981,33.967475011695896],[-6.7410553321128788,33.967506013307698],[-6.7410356236749935,33.96753552011824],[-6.741019101583281,33.967560303931904],[-6.7410138770347947,33.967568116946047],[-6.7409932092163176,33.967599077029952],[-6.7409725859223633,33.967630047455813],[-6.7409520146036366,33.967661020026981],[-6.7409314942613587,33.967692000165385],[-6.7409161230916297,33.967715262795139],[-6.7409109930259934,33.967723026993099],[-6.740890574080578,33.967753986196861],[-6.7408702040863657,33.967784962008473],[-6.7408498926028546,33.967815942601142],[-6.7408296364946843,33.967846935223513],[-6.7408147713630342,33.967869745088819],[-6.740810117583373,33.967877090220135],[-6.7407904277780331,33.967908237307505],[-6.740770793487421,33.967939405442067],[-6.7407512242294327,33.967970580091993],[-6.740731715814233,33.968001770320861],[-6.7407169475349615,33.968025459371319],[-6.7407118425707004,33.968033520009833],[-6.740692206861028,33.968064599761021],[-6.740672631050951,33.968095704120053],[-6.7406531257683326,33.968126820346917],[-6.7406336867955972,33.968157955701869],[-6.7406191072682313,33.968181393799505],[-6.7406142355052694,33.968189205723952],[-6.7405948616766622,33.968220355706542],[-6.7405755785774115,33.968251493891984],[-6.7405563725134297,33.968282644777588],[-6.7405372382542827,33.968313820143919],[-6.7405230439261308,33.968337041261883],[-6.7405184652937002,33.96834462998585],[-6.7404996465875335,33.968375913801268],[-6.7404809283376297,33.968407184813778],[-6.7404622873320754,33.968438482052669],[-6.740443713012402,33.968469822766721],[-6.7404293529410948,33.968494162173812],[-6.7404240776043087,33.968502689992228],[-6.7404048618847892,33.968533853580219],[-6.7403857360907429,33.968565023417504],[-6.7403666833925602,33.968596231249933],[-6.7403476963395699,33.968627485274205],[-6.7403341019919321,33.968649960404626],[-6.7403302209241254,33.96865680932887],[-6.7403123292220908,33.9686884809201],[-6.7402945295414085,33.968720154229182],[-6.7402768050525035,33.968751861002048],[-6.7402591483463041,33.968783612140591],[-6.740246018028575,33.968807332300045],[-6.740241750893385,33.968815118798112],[-6.7402243450154868,33.968846992608078],[-6.7402070289809872,33.968878867257501],[-6.740189789206867,33.968910774457598],[-6.7401726182564818,33.968942723306768],[-6.7401596580845018,33.968966951196947],[-6.7401552322799647,33.968975119080696],[-6.74013796947788,33.969007079729451],[-6.7401207976294364,33.969039043009658],[-6.7401037009455242,33.969071037950485],[-6.7400866741816081,33.969103075430588],[-6.7400739063405561,33.969127213769774],[-6.7400696388476575,33.969135260006006],[-6.7400526681856574,33.969167357306233],[-6.7400357906283919,33.969199456313085],[-6.7400189871534737,33.969231586992265],[-6.7400022546811797,33.969263760199318],[-6.7399898573706221,33.969287712384109],[-6.7399858785326483,33.969295525549263],[-6.7399694783669846,33.969327840398421],[-6.7399531712788523,33.969360155151016],[-6.7399369393419128,33.969392500662792],[-6.7399207783801582,33.969424886899162],[-6.7399087898935237,33.969449030408335],[-6.7399049270267035,33.969456924400788],[-6.739889070039057,33.969489439956511],[-6.7398733050192785,33.969521953623982],[-6.739857617301916,33.969554497125955],[-6.7398420005462709,33.9695870804509],[-6.7398302376960277,33.96961175003856],[-6.7398262348906615,33.969620046861408],[-6.7398105611119519,33.969652654240285],[-6.7397949793152039,33.969685260632801],[-6.7397794748071149,33.969717895958127],[-6.7397640412749205,33.969750572008245],[-6.7397526495937781,33.969774815536681],[-6.7397490426569755,33.969782671612158],[-6.7397340271154418,33.969815500113626],[-6.7397191024464487,33.969848325837035],[-6.7397042561350613,33.969881179580142],[-6.7396894818545174,33.969914072233216],[-6.7396782459013354,33.969939222280161],[-6.7396742846435522,33.969947828899045],[-6.73965921858081,33.969980684083865],[-6.7396442433908215,33.970013536490555],[-6.7396293465863018,33.97004641872055],[-6.7396145218126007,33.970079339860519],[-6.7396037589056315,33.970103369214236],[-6.7396005583753569,33.970110907083487],[-6.7395865340178984,33.970144071282881],[-6.739572602656982,33.970177229976116],[-6.7395587485444741,33.970210414897544],[-6.7395449686004065,33.97024363690268],[-6.7395345066382282,33.970269005026836],[-6.7395308265942431,33.970277669058213],[-6.7395167842568275,33.970310864103396],[-6.7395028338475411,33.970344054555845],[-6.7394889617830422,33.970377272126591],[-6.7394751628047658,33.970410526792683],[-6.7394648248435605,33.970435585140095],[-6.7394613619872921,33.970443943814601],[-6.7394476190042178,33.970477251088688],[-6.7394339679497204,33.970510553770126],[-6.7394203952263663,33.970543882668245],[-6.7394068977541561,33.970577248638634],[-6.7393968070020049,33.97060233590075],[-6.7393934826229795,33.9706106200397],[-6.7393801171986025,33.970644056744398],[-6.7393668447577664,33.97067748704162],[-6.7393536506485301,33.970710943555659],[-6.7393405306945251,33.97074443625192],[-6.7393308478831697,33.970769305399187],[-6.7393277853612963,33.970777372990241],[-6.7393150754678581,33.970810994776151],[-6.739302456366107,33.970844608374385],[-6.7392899105045245,33.970878268987278],[-6.7392836633096245,33.970895118859225],[-6.7392774140587948,33.97091197596778],[-6.7392682065756508,33.970936925704265],[-6.7392653320141838,33.970944968736468],[-6.7392533068214258,33.970978771685068],[-6.7392413734755507,33.971012564631245],[-6.7392295205714632,33.971046380164445],[-6.73921774396063,33.971080230053602],[-6.7392089085262938,33.971105793593111],[-6.7392059185720106,33.971114357339552],[-6.7391941446768646,33.971148244173442],[-6.7391824615467213,33.971182121016462],[-6.7391708588586807,33.97121602044669],[-6.7391593335464277,33.971249954221314],[-6.7391505631884092,33.971275949961004],[-6.7391474176958743,33.971284887844448],[-6.7391355422685875,33.971318791989567],[-6.7391237576341814,33.971352687947359],[-6.7391120534559059,33.971386607394017],[-6.7391004255850309,33.971420562098423],[-6.7390918632741252,33.971445730388339],[-6.7390891828152917,33.971453867840523],[-6.7390780103693251,33.971487944837833],[-6.7390669297575858,33.971522010931146],[-6.7390559295886545,33.971556099611838],[-6.7390450067684959,33.971590220833633],[-6.7390367140693819,33.971616309759703],[-6.7390337569293051,33.971625249232808],[-6.7390225297141928,33.97165935747195],[-6.739011394361297,33.971693456610595],[-6.7390003405196603,33.971727577423344],[-6.7389893629723252,33.97176173259227],[-6.7389814983159031,33.971786377537931],[-6.7389793226967933,33.97179390984018],[-6.738969448338981,33.971828285897864],[-6.7389596647066989,33.97186264925999],[-6.7389499583964652,33.971897043360059],[-6.7389403274105097,33.971931479041913],[-6.7389330877748597,33.971957559405809],[-6.7389306013176515,33.97196634683737],[-6.7389208931538525,33.972000832945064],[-6.7389112672378602,33.972035318172345],[-6.7389017110819029,33.972069835120237],[-6.7388922226465349,33.972104391927566],[-6.7388852828996963,33.972129844079021],[-6.7388831879025473,33.972137973462353],[-6.7388742938230237,33.972172676331596],[-6.738865472251268,33.972207378424606],[-6.7388567160277129,33.972242106874347],[-6.7388480198936751,33.972276871657712],[-6.7388414576078981,33.972303288387927],[-6.7388391445260485,33.972312299432929],[-6.7388302684223618,33.972347047198191],[-6.7388214460114471,33.972381837678576],[-6.7388126813587776,33.972416653695035],[-6.7388039702601361,33.972451503409253],[-6.7387973253762947,33.972478252007569],[-6.7387948682985144,33.972487543270695],[-6.7387857017802215,33.97252234373763],[-6.7387765845835519,33.972557184260786],[-6.7387675164587018,33.972592048608959],[-6.7387584953660173,33.972626944920911],[-6.7387518637938237,33.972652731969809],[-6.7387498207248937,33.972661071833741],[-6.738741283608868,33.972696045943422],[-6.7387327881694006,33.972731055681656],[-6.738724336335169,33.972766085696044],[-6.738715914771948,33.972801183928496],[-6.7387096362504693,33.972827474957576],[-6.7387075352457479,33.972836270888024],[-6.7386991735853163,33.972871393730721],[-6.7386600114873767,33.973089938827464],[-6.7386473377348715,33.973176005261983],[-6.7385903450105076,33.973533103446591],[-6.7385427722718898,33.973819074366844],[-6.7385273212569725,33.973909403859111],[-6.7384814566056548,33.974177533542964],[-6.7384710424835772,33.974234819391356],[-6.7384611353493584,33.974289317526022],[-6.7384413013004849,33.974469880730908],[-6.7384373553687897,33.974505803211315],[-6.7384333610920715,33.974542171735507],[-6.7384289311279657,33.974578507035602],[-6.7384245598813042,33.974614367319738],[-6.738420227649506,33.974650019754442],[-6.7384160407921083,33.974685200756703],[-6.738412090586654,33.974719862453533],[-6.7384085024746536,33.974754066636137],[-6.7384053021416701,33.974787864437147],[-6.738402571152279,33.974821209891175],[-6.7384003831064243,33.974854102211808],[-6.7383988713893004,33.974885220526538],[-6.7383990855924436,33.974915871264074],[-6.7384000396251515,33.974947325786189],[-6.7384017804654412,33.974978275868018],[-6.7384043632596287,33.975008928352182],[-6.7384078260454467,33.975039644485221],[-6.7384120301714185,33.975070277840622],[-6.7384170726324371,33.975100659632673],[-6.7384229684164509,33.975130919571441],[-6.7384297151235204,33.975161042350699],[-6.7384374730155256,33.975191663885354],[-6.7384455480823728,33.975222214389269],[-6.7384542925964919,33.975251949656467],[-6.738463874340674,33.975281501914139],[-6.7384742865993035,33.975310856803794],[-6.7384852541878013,33.97533929666541],[-6.7384976830807535,33.975367588334599],[-6.7385113261356198,33.975396694951634],[-6.7385258226760181,33.975425900671958],[-6.7385411283680634,33.975455208674617],[-6.7385573404737746,33.975484889385214],[-6.7385740450764731,33.975514776771689],[-6.7385912750193411,33.975544543101336],[-6.7386091287438088,33.975574465100237],[-6.7386275567260316,33.975604560433055],[-6.7386463141858339,33.975634539507112],[-6.7386658244230571,33.975664615150997],[-6.7386859546597631,33.975695233409006],[-6.738706449403062,33.975726112018101],[-6.7387272317091682,33.975757245487323],[-6.7387484263021138,33.975788930103079],[-6.738769627921946,33.975820999741728],[-6.7387908511511627,33.975853276577418],[-6.7388121466824176,33.975885959383341],[-6.7388334478821337,33.975919079535501],[-6.7388546204540214,33.975952562711569],[-6.7388757718859109,33.975986499754228],[-6.738896783731172,33.976021072305038],[-6.7389175162399599,33.976056203394492],[-6.7389378875835746,33.97609192185562],[-6.738958379438901,33.976129278638318],[-6.7389771637896967,33.976167666478368],[-6.7389947951874696,33.976205628327428],[-6.7390116905750794,33.976244229355757],[-6.7390277537885819,33.976283481414065],[-6.7390430862432593,33.976323924545056],[-6.7390566166122827,33.9763648811672],[-6.7390687978644133,33.976405468010014],[-6.7390798250809283,33.976446261993758],[-6.7390896903363746,33.976487240656411],[-6.739098511336941,33.976528947473938],[-6.7391055096038217,33.976570882110025],[-6.739111236146055,33.97661234152303],[-6.7391157859262814,33.976653868529937],[-6.7391191575269405,33.976695441501121],[-6.7391213780404104,33.976737554375674],[-6.7391218267333759,33.976779687093376],[-6.7391210932918453,33.976821257952295],[-6.7391191862409654,33.97686275026755],[-6.7391161279319469,33.976903998756583],[-6.7391119488540623,33.976945296203411],[-6.7391063042781179,33.976986189943403],[-6.7390997834645372,33.977026281360317],[-6.7390924012380209,33.977065970728979],[-6.7390842279793581,33.977105259100661],[-6.7390754494046261,33.977143623204839],[-6.7390665683947963,33.977181662825075],[-6.7390569675867944,33.977219849929739],[-6.7390468295748169,33.97725766939859],[-6.7390362162202955,33.977295131392736],[-6.7390253898095729,33.977331553092853],[-6.7390149054316275,33.9773677609979],[-6.7390039125826746,33.97740434230267],[-6.7389926671661531,33.977440621471295],[-6.7389812213165676,33.977476609670688],[-6.7389697719933599,33.977511880913355],[-6.7389586544074058,33.977546972742367],[-6.7389473513535219,33.977582253240854],[-6.7389360417797342,33.977617321866362],[-6.7389247775430876,33.977652171751444],[-6.7389138119262899,33.977686097626609],[-6.7389037053102809,33.977720199203489],[-6.7389015607272347,33.97772743714259],[-6.7388854485518674,33.977794257169769],[-6.7388534578470427,33.977965357781351],[-6.7388524105801118,33.977972515385567],[-6.7388525939959933,33.977979746873991],[-6.7388540027667743,33.977986842184492],[-6.7388565959701205,33.97799359521067],[-6.7388602982779968,33.977999809788898],[-6.7388650021448182,33.978005305396515],[-6.7388705709314545,33.978009922395714],[-6.7389346948962405,33.978066686552339],[-6.7389892132084661,33.97813342169195],[-6.7390278017381275,33.978207330166633],[-6.7390487477736896,33.97827392902088],[-6.7390517585873928,33.97828350092238],[-6.7390613319382027,33.978361251298736],[-6.7390575226889711,33.978429447752426],[-6.7390578290114327,33.978467399061138],[-6.7390583805442494,33.978473305373591],[-6.7390597896956788,33.978479067578682],[-6.7390620261802114,33.978484561834975],[-6.7390650419312736,33.978489670059787],[-6.7390687721342797,33.978494282467054],[-6.7392106143799078,33.978650783924671],[-6.7392313411121068,33.978673870480513],[-6.7392538696028907,33.97869520246568],[-6.7392785580187002,33.97871680270628],[-6.7393084256820615,33.978742703630815],[-6.739349748452466,33.97877853889581],[-6.739461974035331,33.978850122162932],[-6.739496562509804,33.978872273965976],[-6.7395033621356406,33.978876629469596],[-6.739531066823953,33.978894372546804],[-6.7395655700593338,33.978916470227894],[-6.7396016641477807,33.978939586240948],[-6.7396366027494876,33.978963730114167],[-6.7396699984907604,33.978986806422313],[-6.7397033942498403,33.979009882721321],[-6.7397367889581314,33.979032959924588],[-6.7397691277351131,33.979055306168149],[-6.7398022035295648,33.979077005089806],[-6.7398363565912858,33.979099412177838],[-6.7398705107530272,33.979121819244824],[-6.7399046649322942,33.979144226302289],[-6.7399375811383386,33.979165821375695],[-6.7399713444167375,33.979186675055402],[-6.7400063723048191,33.979208310653242],[-6.7400414012788525,33.979229945327795],[-6.7400764292017197,33.979251580905661],[-6.7401099578155632,33.979272306286404],[-6.7402876910193408,33.979378197030989],[-6.7403259954920784,33.979404853401718],[-6.7403590669013598,33.979428216185752],[-6.7403936662662964,33.979452659293216],[-6.7404271154062654,33.979478120291766],[-6.7404590857215583,33.979502455330426],[-6.7404910549724129,33.979526790372276],[-6.7405230253235011,33.979551125394195],[-6.7405575951716967,33.979577439264212],[-6.7405900705501658,33.979605598232247],[-6.7406201067282145,33.979631640437951],[-6.740650141855741,33.979657683549547],[-6.7406801769873566,33.979683725751968],[-6.7407117022198664,33.979711060621526],[-6.7407419744158608,33.979739485735195],[-6.7407708723919706,33.979766618731155],[-6.7408006955673123,33.979794636478978],[-6.7408317950979626,33.979824266640989],[-6.7408634104098386,33.979855329767297],[-6.7408960222006957,33.979888108410442],[-6.7409290715686376,33.979923566345406],[-6.7409609035043738,33.979960597550281],[-6.7409908942151837,33.979998626091628],[-6.7410184484977567,33.980036824106719],[-6.7410449140252702,33.980075392718113],[-6.7410699165604004,33.980115476806581],[-6.7410929298004145,33.980156293767585],[-6.741113923377184,33.980197769973294],[-6.7411322972074865,33.980238550917839],[-6.7411497118479184,33.980278698189011],[-6.7411655857441009,33.980319532047446],[-6.741179703755062,33.980359878750342],[-6.7411923070726676,33.980399653645186],[-6.7412032166923987,33.980437358828517],[-6.7412145394740426,33.980474055798418],[-6.7412254508355849,33.980511451616778],[-6.7412357172245807,33.980548091352063],[-6.7412455285468109,33.980583934190548],[-6.7412551156952754,33.980619139997813],[-6.741264402152142,33.980653380408384],[-6.7412736978023142,33.980686532154785],[-6.7412831860080127,33.980718691578261],[-6.7412929994194259,33.98074982569274],[-6.7413030626600046,33.98077932924442],[-6.7413140920840018,33.980807602210987],[-6.7413259454887831,33.980835251273732],[-6.7413384695498388,33.980861671111633],[-6.7413517067153261,33.980886806255484],[-6.7413652807316984,33.980909916686066],[-6.7413803902795788,33.98093200057108],[-6.7413971650168802,33.980954164025512],[-6.741406118161585,33.980964902391626],[-6.7414150712945862,33.980975639855316],[-6.7414340717542087,33.980996392385052],[-6.7414547932407931,33.981017054331758],[-6.7414552074772409,33.981017449427007],[-6.741477608769145,33.98104019024354],[-6.741498483524305,33.981059558152964],[-6.7415205621654621,33.98107829628286],[-6.7415446205122347,33.981097079946224],[-6.7415676756984872,33.981113855047568],[-6.7415943786216053,33.981129466438546],[-6.741626519957193,33.981147495228299],[-6.7416604628956467,33.981166024194764],[-6.7416960070158725,33.981185184451306],[-6.7417352112303135,33.98120629593565],[-6.7417727378343475,33.981229327433809],[-6.741807598735357,33.981250722611094],[-6.7418424596674429,33.981272118680252],[-6.741877321699131,33.981293514727952],[-6.7419109880650749,33.981314177722709],[-6.7419453332580641,33.981334070449243],[-6.7419808964642689,33.981354668913227],[-6.7420047516589294,33.981368486228796],[-6.74201481238482,33.981374312792298],[-6.7420510189554674,33.98139366606798],[-6.7420774413537448,33.981407785050948],[-6.7420834258036377,33.981411139046195],[-6.7421208350510158,33.981432517656785],[-6.7421446010814954,33.98144623669468],[-6.7421447540132178,33.981446325243795],[-6.7421583959432283,33.981454250872545],[-6.7421955843360104,33.981476047592096],[-6.7422326940888677,33.981498078729096],[-6.7422696378004607,33.981520292911462],[-6.7423062865192254,33.981542612155884],[-6.7423428446428053,33.981565022548075],[-6.7423793613333558,33.981587693113866],[-6.7424157086939021,33.981610544055137],[-6.7424518845597241,33.981633575395158],[-6.7424881076027479,33.981656926385185],[-6.7425240142944585,33.981680611743627],[-6.7425595274472476,33.981704330169599],[-6.7425948625414573,33.981728224556029],[-6.7426300184529309,33.981752292209329],[-6.7426837792445902,33.981789552397082],[-6.7427149821672057,33.981846676472102],[-6.7427357042057627,33.981885354978175],[-6.7427560381015086,33.981924065599081],[-6.742775946977714,33.981962733874667],[-6.7427851346310419,33.981980856894047],[-6.7428018395425768,33.981993416828395],[-6.7428349200598747,33.982018593431071],[-6.7428678103886179,33.982043931695898],[-6.7429005105150539,33.982069430721175],[-6.7429330818213487,33.982095139452262],[-6.7429653425384268,33.982120994902878],[-6.7429773371755672,33.982130689545635],[-6.7429955433634072,33.982144557313234],[-6.7430283739282197,33.982169805086947],[-6.7430610701773261,33.982195257214194],[-6.7430935783888701,33.98222087007909],[-6.7431259029065309,33.982246644537135],[-6.7431580437860559,33.982272584195329],[-6.7431899955595371,33.982298685504965],[-6.7432217582130543,33.982324947564436],[-6.7432529884575274,33.982351083650904],[-6.7432843117642038,33.982377145679656],[-6.7433157859370674,33.982403651609431],[-6.7433468493277244,33.98243012586132],[-6.7433771333464385,33.98245604569275],[-6.7434078737809289,33.982482355643825],[-6.7434381607842955,33.982509026691005],[-6.7434679176999577,33.982535231734659],[-6.7434976757020832,33.982561435857711],[-6.7435274337360847,33.982587640875167],[-6.7435572806920048,33.982613924296786],[-6.7435870517325789,33.982640268049344],[-6.743616733873087,33.982666532481318],[-6.7436464160315284,33.982692796905987],[-6.7436760982079056,33.98271906132338],[-6.7436986205521476,33.982738991097499],[-6.7437056234387285,33.982745186724479],[-6.7437352802248745,33.982771206991721],[-6.7437650950748349,33.98279736624896],[-6.7437949110251942,33.982823525487198],[-6.7438247259109572,33.982849684729771],[-6.743854540800803,33.98287584306324],[-6.7439085626222859,33.982928298334592],[-6.7440589945626321,33.982797374338041],[-6.744015306669862,33.982754953459427],[-6.7439817338854589,33.982725496735604],[-6.7439519179125007,33.9826993375409],[-6.7439221030538832,33.982673179228861],[-6.7438922881992669,33.982647020007754],[-6.7438629464040414,33.982621276880771],[-6.7438562585255175,33.982615359268266],[-6.7438337361771641,33.982595429521538],[-6.7438040539953699,33.982569165140312],[-6.7437743718315115,33.982542900751795],[-6.7437446896855864,33.982516636355975],[-6.7437147397351103,33.982490134926657],[-6.7436847138696363,33.982463693828251],[-6.7436549569270428,33.982437489737123],[-6.743625198905999,33.982411284748522],[-6.7435954419853479,33.982385079740958],[-6.7435640958480851,33.982357476727856],[-6.7435322802269067,33.982330246707534],[-6.7435018371203634,33.982304190631517],[-6.7434701626585545,33.982277195372902],[-6.7434377736794184,33.982249919168623],[-6.7434062091016287,33.982223656842336],[-6.7433747397508093,33.982197320434864],[-6.7433420482506294,33.982170290054555],[-6.7433091612072955,33.98214342500205],[-6.7432760797171092,33.982116726167447],[-6.7432428169365117,33.982090204231923],[-6.7432093661896371,33.982063847542648],[-6.7431757133214081,33.982037650839871],[-6.7431420183172897,33.982011738670721],[-6.7431257993919429,33.981999385511443],[-6.7431157791822462,33.981991285874827],[-6.7430825900021905,33.981964686447967],[-6.7430489435588861,33.981938129793591],[-6.743015286788153,33.981911884388055],[-6.7429814344740526,33.981885804309435],[-6.7429657853962217,33.981873894154404],[-6.7429547003492472,33.981852366163046],[-6.7429337339086404,33.981812449330327],[-6.7429123685861123,33.981772570139292],[-6.7428603238776006,33.981677293801631],[-6.7427679838350452,33.981613294444351],[-6.7427318169012898,33.98158853330041],[-6.7426954643894721,33.981563951804723],[-6.7426589284781793,33.981539550835727],[-6.7426215616584715,33.981514902628831],[-6.7425838667784168,33.981490601541744],[-6.7425466500792322,33.981466908594243],[-6.7425092576129222,33.981443399698406],[-6.7424716905036872,33.981420077547632],[-6.7424343323724036,33.981397177027915],[-6.7423968814962532,33.981374368580475],[-6.7423588756586303,33.981351515563631],[-6.7423206995352389,33.981328851048438],[-6.7422826098762565,33.981306526504284],[-6.742268503695513,33.981298331692898],[-6.7422680820372003,33.981298087293226],[-6.7422437261588497,33.98128402737607],[-6.7422050914677838,33.981261949449383],[-6.7421963299321588,33.981257038815016],[-6.7421679131837751,33.981241853562146],[-6.7421351091986432,33.981224319023262],[-6.7421283430696208,33.981220400713958],[-6.7421044878959506,33.981206583421155],[-6.7420689247210355,33.981185984991107],[-6.742037015534752,33.981167502888809],[-6.7420057373251865,33.981148306947702],[-6.7419708764025605,33.981126910922981],[-6.7419360154970942,33.981105514888441],[-6.7419011546087066,33.981084118843995],[-6.7418582988039635,33.981057817448054],[-6.7418135347460888,33.981033712705241],[-6.7417786041873526,33.981014883211017],[-6.7417463164411036,33.980997257362723],[-6.7417170341290289,33.980980832180329],[-6.7417014447790216,33.980971717945572],[-6.7416898991359844,33.980963317974371],[-6.7416719071462321,33.980949270052072],[-6.741656363133619,33.980936077943504],[-6.7416419190495382,33.980922675639711],[-6.7416204350105238,33.98090086658646],[-6.7416193911963562,33.980899872173765],[-6.7416032997633568,33.980883826973646],[-6.7415901387239634,33.980869452228042],[-6.7415839342872355,33.980862011458122],[-6.7415777309340044,33.980854570676378],[-6.7415660972375084,33.980839200133062],[-6.7415567515030883,33.980825541197476],[-6.7415481561103467,33.980810906512133],[-6.741538352866578,33.98079229395892],[-6.7415286296465959,33.980771781196381],[-6.7415190300677148,33.980749388500477],[-6.7415102143635881,33.980726789898192],[-6.7415018507293674,33.980702267261002],[-6.7414930219467628,33.980674260244932],[-6.7414842396273285,33.980644493169656],[-6.7414754067575462,33.980612993228533],[-6.7414662935595304,33.980579392210892],[-6.7414566374474143,33.980543931925922],[-6.7414466757866851,33.980507542371669],[-6.7414360587130924,33.980469650093717],[-6.7414245780456543,33.980430304218714],[-6.7414133075739029,33.980393775357022],[-6.7414022331660712,33.980355499263595],[-6.7413883267997274,33.980311615864451],[-6.7413725393471164,33.980266498096086],[-6.7413545606217218,33.980220249387472],[-6.7413354587522081,33.98017621237895],[-6.7413150950995195,33.980131014634615],[-6.7412907337102785,33.980082885303688],[-6.7412640295595088,33.980035523296515],[-6.7412350252425144,33.979989022852678],[-6.7412052338720887,33.979945607129444],[-6.741174222535844,33.979902617519919],[-6.7411394561961195,33.97985853444591],[-6.741102648131978,33.979815714202907],[-6.7410649093062798,33.979775224441845],[-6.7410293240889398,33.979739457288339],[-6.7409958598508553,33.97970657867674],[-6.7409631814139441,33.979675443088475],[-6.7409328562250606,33.979646954561055],[-6.740903915398591,33.979619781475357],[-6.7408707991686754,33.979588683918486],[-6.7408362937938247,33.979558765544795],[-6.7408062575762759,33.979532723390207],[-6.7407762224590595,33.979506681216584],[-6.7407461873459269,33.979480638133765],[-6.7407088313893109,33.979448247527486],[-6.740669060413734,33.97941797511097],[-6.7406370911530651,33.979393640113557],[-6.7406051208279569,33.979369305119363],[-6.7405731505207482,33.979344970116749],[-6.7405367426224583,33.979317257267809],[-6.7404990863438439,33.979290655351441],[-6.7404654064061509,33.979266862606927],[-6.7404202460234286,33.979235433857347],[-6.7402374399491949,33.979126520369256],[-6.7402054349990737,33.979106737415108],[-6.7401703404367721,33.979085061099049],[-6.7401353114752061,33.979063425557634],[-6.7401002836273065,33.979041790896481],[-6.7400690506252605,33.979022500190659],[-6.7400386104198056,33.979002529097926],[-6.7400044562615982,33.978980122075768],[-6.7399703021210779,33.97895771504416],[-6.7399361479980824,33.978935308003052],[-6.7399052310376693,33.978915024517043],[-6.7398750063109638,33.978894138380348],[-6.7398416105507897,33.978871062126082],[-6.7398082148083445,33.978847985862686],[-6.7397748190697282,33.978824908688445],[-6.7397367936903443,33.978798632460681],[-6.7396975212182735,33.97877348067118],[-6.739663016909792,33.978751382135151],[-6.7396353122401162,33.978733639086158],[-6.7396285126327466,33.978729284491216],[-6.7395937557841581,33.978707023593444],[-6.7394944521693461,33.978643683403689],[-6.7394645515543967,33.978617753112758],[-6.7394350141605921,33.978592139096925],[-6.7394106538632048,33.978570826683871],[-6.73939815706545,33.978558884443352],[-6.7393867947729804,33.978545858109541],[-6.7392746606422911,33.97842213539306],[-6.7392783434506418,33.978356213012326],[-6.7392654180340674,33.97825125008292],[-6.739258173732428,33.978228214234846],[-6.7392329930212007,33.978148152374779],[-6.739179631017346,33.978045947685544],[-6.7391040582385893,33.977953442005138],[-6.7390789468627057,33.977931213130702],[-6.7390993062103499,33.977822320208617],[-6.7391118343672227,33.977770361718541],[-6.7391138884205963,33.977763432283645],[-6.7391234505617401,33.977731166418828],[-6.7391338250241901,33.977699067734626],[-6.7391450891553424,33.977664216027918],[-6.7391564761763245,33.977628909361663],[-6.7391679041604879,33.977593240603134],[-6.7391789286708601,33.977558436547312],[-6.7391903521476335,33.977523249436224],[-6.7392021127765735,33.977486266689098],[-6.7392137294179779,33.977448792152835],[-6.7392251423052238,33.977410811134583],[-6.7392356924141517,33.97737437794153],[-6.7392466463308152,33.977337524664215],[-6.7392578325468966,33.977298042635269],[-6.7392685672689705,33.977257994543628],[-6.7392787821272329,33.977217369395994],[-6.7392880367324643,33.977177726737416],[-6.7392972300416929,33.977137549017783],[-6.7393060442962938,33.977095182885968],[-6.739314038233335,33.977052201424641],[-6.7393211295520565,33.977008602808297],[-6.7393273992311133,33.976963178557448],[-6.7393320582852851,33.976917135703211],[-6.7393354220964294,33.976871762362002],[-6.7393375247164737,33.976826036342771],[-6.7393383332642811,33.976780212326631],[-6.7393378268468851,33.976732793420524],[-6.7393353279037269,33.976685403033372],[-6.7393316126730758,33.97663959040765],[-6.7393265992186162,33.976593831344708],[-6.7393202890137278,33.976548151081161],[-6.7393123996609372,33.97650087243867],[-6.739302455313732,33.976453852960908],[-6.7392915861693483,33.976408710256095],[-6.7392794406558272,33.976363774198354],[-6.7392660223835206,33.976319068197597],[-6.7392507421609036,33.976272816442915],[-6.7392334530046227,33.976227212969306],[-6.7392158621078853,33.976184227261889],[-6.7391974597915478,33.976142185473684],[-6.7391783670860486,33.976101073684163],[-6.7391571516515123,33.976057719970818],[-6.739134119102058,33.976015730379359],[-6.7391124326536564,33.975977708182306],[-6.7390905007073334,33.975940543585658],[-6.7390684136945884,33.975904204056867],[-6.7390464574442985,33.975868973337398],[-6.7390246290916078,33.975834454631844],[-6.7390026912215166,33.975800344741678],[-6.7389809166464207,33.975766925743926],[-6.7389593741364431,33.975734164435963],[-6.7389377945248263,33.975701523470406],[-6.7389163383800179,33.97566944756035],[-6.7388957754296595,33.975638642765439],[-6.7388756186588994,33.975608273741685],[-6.7388559894025324,33.975578416753955],[-6.7388375369699176,33.975549972151271],[-6.7388199681138419,33.975521893282853],[-6.7388024850752597,33.975493340910575],[-6.7387857102576705,33.975465225591911],[-6.7387696802517816,33.97543753340787],[-6.7387539941625327,33.975409467775982],[-6.7387389204627155,33.975381872690207],[-6.7387251238600356,33.975355453530106],[-6.7387122025160524,33.975329422742071],[-6.7387001845985743,33.975303781829048],[-6.7386900408552473,33.975280692138377],[-6.7386811761081375,33.975257706923742],[-6.7386722077588779,33.975232422125238],[-6.738663954512826,33.975206967345429],[-6.7386564219615686,33.975181354249173],[-6.7386490985535339,33.975153645658636],[-6.7386420621243435,33.975125873574655],[-6.7386362510294218,33.975099923716442],[-6.7386311709652125,33.975073854212383],[-6.7386268264687219,33.975047678542325],[-6.7386231600048472,33.975020964419727],[-6.738620139772566,33.974994177553519],[-6.7386179118637708,33.974967736657604],[-6.738616398785946,33.974940827262493],[-6.7386155567698811,33.974913067439729],[-6.7386153828774757,33.9748883443146],[-6.7386166276260946,33.974862742029373],[-6.7386186503730539,33.974832337046351],[-6.7386212079697714,33.974801093913719],[-6.7386242462846058,33.974769012307945],[-6.7386276842117114,33.97473623829822],[-6.7386315151027638,33.974702621341812],[-6.7386356358279098,33.97466800200656],[-6.7386399448283534,33.974632533795088],[-6.7386443092715416,33.97459672949185],[-6.7386488477337636,33.974559501968365],[-6.7386529407532212,33.974522240423951],[-6.7386568865965923,33.974486317936936],[-6.7386761372020381,33.974311058561881],[-6.7386850871745478,33.974261827686639],[-6.7386956428544025,33.974203761083942],[-6.7387416398813009,33.973934849777727],[-6.7387571503555526,33.973844177810179],[-6.7388048610848026,33.973557371091303],[-6.7388620760258284,33.973198872516008],[-6.7388745378246906,33.973114239605124],[-6.7389125211993273,33.972902273615802],[-6.7389198802929382,33.972871362426048],[-6.738921954830805,33.972862676803985],[-6.7389282353303201,33.97283637762591],[-6.7389365947336275,33.972801536176732],[-6.7389450007254439,33.972766697835993],[-6.7389534472006893,33.972731887921512],[-6.7389619598145725,33.972697015069301],[-6.7389637604231254,33.972689661743381],[-6.7389701478568256,33.9726648251673],[-6.7389791157403351,33.972630134135002],[-6.7389881255363147,33.972595494060577],[-6.7389971834191673,33.972560884134836],[-6.739006318096652,33.972526200334784],[-6.7390090329256882,33.972515934086701],[-6.7390159305241175,33.972488167259762],[-6.7390245834464331,33.972453551738894],[-6.7390332837485554,33.972418990725018],[-6.7390420397415856,33.972384461582301],[-6.7390508820757056,33.972349845836931],[-6.7390533013782532,33.972340423297545],[-6.7390599777663969,33.972313547181614],[-6.7390686075104789,33.972279045539644],[-6.7390772922799327,33.972244602832362],[-6.7390860381796545,33.972210193741802],[-6.7390948709480352,33.972175732314248],[-6.7390966707210156,33.97216874786217],[-6.7391032876609342,33.972144479709414],[-6.7391126960826622,33.97211021504809],[-6.7391221639554857,33.972076015587106],[-6.7391317005896765,33.972041853268614],[-6.7391413326807701,33.972007634011881],[-6.7391438971788729,33.971998573374186],[-6.7391511992617277,33.971972264154907],[-6.7391607409245742,33.971938148676671],[-6.7391703486016805,33.971904102837868],[-6.7391800325467175,33.971870089551949],[-6.7391898246303654,33.971835999350766],[-6.739191368225562,33.97183065634951],[-6.7391985244347135,33.971808231274345],[-6.7392093965384863,33.971774403694468],[-6.7392203376940918,33.971740632193224],[-6.7392313582104721,33.971706883290821],[-6.739242491207496,33.971673058328307],[-6.7392457007010504,33.971663355867932],[-6.7392542225572321,33.971636546581863],[-6.7392650399203688,33.971602752047517],[-6.7392759274176113,33.971569013580201],[-6.7392868953301548,33.971535295896636],[-6.7392979746546109,33.971501503066271],[-6.739300382077122,33.971494193748491],[-6.7393086481287714,33.971469894416003],[-6.7393201640507598,33.971436266467528],[-6.739331747955509,33.971402695510761],[-6.7393434123027864,33.971369147141097],[-6.7393551891573482,33.971335524514579],[-6.7393586363973563,33.971325727515875],[-6.7393676831009719,33.971298912605739],[-6.7393790986293052,33.971265305564131],[-6.7393905810302108,33.971231753722321],[-6.7394021438735834,33.971198224467635],[-6.7394138202924792,33.971164620042728],[-6.7394168527269267,33.971155934083292],[-6.739425715036397,33.971130291778081],[-6.7394373786035464,33.971096767754652],[-6.7394491101254808,33.971063298919432],[-6.7394609210071774,33.971029852682776],[-6.7394728454640349,33.970996331275806],[-6.7394754066019864,33.97098916460979],[-6.7394842908708084,33.970965090431832],[-6.7394904995289959,33.970948341070681],[-6.7394966958084455,33.970931631524159],[-6.7395091293498961,33.970898273319314],[-6.7395216173034029,33.97086500471881],[-6.7395342221199481,33.970831663618171],[-6.7395370047821652,33.970824332242969],[-6.7395463845408443,33.970800241937091],[-6.7395593773300639,33.970767071648289],[-6.7395724359499445,33.970733959275748],[-6.7395855728878518,33.970700872218217],[-6.7395988256334824,33.970667714475503],[-6.7396021083567366,33.970659538100229],[-6.7396120958134933,33.970634705354485],[-6.7396254628616337,33.970601660924117],[-6.7396388957401872,33.970568674409883],[-6.7396524069641837,33.970535715013973],[-6.7396660350776862,33.970502684921193],[-6.7396694989711357,33.970494324426113],[-6.7396798201749935,33.970469305923686],[-6.7396934854699238,33.970436371930326],[-6.7397072144441941,33.970403496777841],[-6.739721021749614,33.970370647841875],[-6.7397349470542522,33.97033773000085],[-6.7397389111806918,33.970328395533876],[-6.7397496340054088,33.97030239779599],[-6.7397632802667005,33.970269496463693],[-6.7397769912756953,33.970236653058954],[-6.7397907795195335,33.970203834980538],[-6.7398046868446331,33.970170947985359],[-6.739807221982371,33.970164977480366],[-6.739817268000448,33.970142547595337],[-6.7398319493124372,33.970109944525795],[-6.7398466932347212,33.97007740121024],[-6.73986151336433,33.970044886839219],[-6.7398764536981615,33.970012306244676],[-6.7398807490566961,33.97000297363973],[-6.739892291563061,33.969977138474249],[-6.7399069223685242,33.969944562990037],[-6.7399216168804577,33.969912048149915],[-6.7399363864896324,33.969879560462473],[-6.7399512773711132,33.969847005638123],[-6.7399545344973451,33.969839911780028],[-6.7399655487942933,33.969816469532383],[-6.7399808334286853,33.969784109806469],[-6.7399961785221745,33.969751810759249],[-6.7400115987540667,33.969719541569653],[-6.7400271413676718,33.969687207034866],[-6.7400312553347348,33.969678679036996],[-6.7400431093905953,33.969653819961891],[-6.7400585739750483,33.96962155119229],[-6.740074101182949,33.969589343078141],[-6.7400897024467463,33.969557164833155],[-6.7401054260918603,33.969524921242844],[-6.7401090318882302,33.969517555790773],[-6.7401207368421039,33.969493981676699],[-6.7401367412779916,33.96946190823806],[-6.740152806186245,33.969429896379552],[-6.7401689451639406,33.969397915291708],[-6.740185207646336,33.969365871551936],[-6.7401888849049056,33.969358648731266],[-6.740200956325336,33.969335326820598],[-6.7402175268490163,33.969303465566831],[-6.7402341567623862,33.969271665904571],[-6.7402508607726332,33.969239898816269],[-6.7402676883146855,33.969208070879333],[-6.7402719484391858,33.969200039145313],[-6.7402846867802584,33.969175956116473],[-6.7403015483225506,33.969144228820682],[-6.7403184681860067,33.969112564029636],[-6.7403354621459988,33.9690809318124],[-6.7403525807196427,33.969049238734712],[-6.7403571675514744,33.969040774206022],[-6.7403702644406964,33.969016289600482],[-6.7403872690605668,33.968984649143728],[-6.740404330933182,33.96895307210491],[-6.740421466888181,33.968921526738164],[-6.7404387285527392,33.968889921400958],[-6.7404427650655983,33.968882553131145],[-6.7404556415483485,33.968859292019282],[-6.7404731265149938,33.968827849330559],[-6.7404906676656866,33.968796470972968],[-6.740508282912292,33.968765125188987],[-6.7405260238679094,33.968733719434383],[-6.7405286625325385,33.968729063645888],[-6.7405409215712639,33.968708795257136],[-6.7405597238193886,33.968677844409925],[-6.7405785801418343,33.968646961523504],[-6.7405975073543809,33.968616113950191],[-6.7406165614683644,33.968585213608016],[-6.7406227144091071,33.968575265847335],[-6.7406378961963229,33.968549534138617],[-6.7406562889573118,33.968518496567462],[-6.7406747379017213,33.968487523327177],[-6.7406932661581216,33.968456569977889],[-6.7407119317770512,33.968425540298938],[-6.740716196931781,33.968418471701035],[-6.7407300512562696,33.968395807053668],[-6.7407490133241152,33.968364910378824],[-6.7407680398161016,33.968334050889872],[-6.7407871454387536,33.968303199569299],[-6.7408063776979406,33.968272278346802],[-6.7408112462710612,33.968264470958474],[-6.7408258036032178,33.968241070053516],[-6.7408450840384448,33.968210186187264],[-6.7408644244709857,33.968179333241039],[-6.7408838385809666,33.968148485815732],[-6.7409033939361898,33.968117533158498],[-6.7409087260943936,33.968109114739022],[-6.7409237499567132,33.968085015280039],[-6.7409431167617848,33.968054051105987],[-6.7409625380692546,33.96802311249948],[-6.7409820275591166,33.96799217406133],[-6.7410016454597415,33.967961140449241],[-6.741005613419885,33.967954877695377],[-6.7410198070673539,33.967933098631612],[-6.7410399341104146,33.967902303068954],[-6.741060111228963,33.967871526807727],[-6.7410803500357597,33.96784075078412],[-6.7411007044045563,33.9678098887426],[-6.7411057551389781,33.967802245336486],[-6.741121069152908,33.967779068974494],[-6.7411414773438736,33.967748259559997],[-6.7411619301015673,33.967717463192635],[-6.741182440162464,33.967686663502107],[-6.7412030518685544,33.967655787863244],[-6.7412082721597582,33.967647980298182],[-6.7412248587572741,33.967623100169916],[-6.7412444814634185,33.967593722315172],[-6.7412651346544212,33.967562872374749],[-6.7412858375030709,33.967532014683719],[-6.7413066069359786,33.967501123807956],[-6.741311922193657,33.96749322864035],[-6.7413276664338193,33.967469741002468],[-6.74134844055264,33.967438804974506],[-6.7413692482900114,33.967407873993821],[-6.7413901002317838,33.967376932615061],[-6.741411010113354,33.967345959045957],[-6.7414159141086447,33.967338700496413],[-6.7414314642507893,33.96731589584229],[-6.7414525878764815,33.967284956953087],[-6.7414737428445104,33.967254015920361],[-6.7414949365498522,33.96722306094042],[-6.7415161763175719,33.96719207570095],[-6.7415214800001921,33.967184344789416],[-6.7415374693060857,33.96716103306882],[-6.7415587658879286,33.967130013842933],[-6.7415800893854332,33.967098986207667],[-6.7416014450569213,33.967067940186062],[-6.7416228392288158,33.967036864887689],[-6.7416298087287183,33.967026747787777],[-6.741646878193384,33.967000767539581],[-6.7416675437850921,33.966969336579062],[-6.7416882329207182,33.966937889128459],[-6.7417089487496922,33.966906418840971],[-6.7417296933668425,33.966874921184754],[-6.7417370133475911,33.966863809156266],[-6.7417538322345916,33.966836535572696],[-6.7417735584195668,33.966804557293258],[-6.7417933048186285,33.966772557148495],[-6.7418130713623263,33.966740530629721],[-6.7418328558720191,33.966708476858386],[-6.7418376459713834,33.966700716260434],[-6.7418524014923813,33.966676936107454],[-6.7418722878012538,33.966644887551354],[-6.7418921740815492,33.966612838089972],[-6.741912060361102,33.966580789526823],[-6.7419319466259955,33.9665487409601],[-6.7419359061103608,33.966542358312772],[-6.7419501785114164,33.966520101188422],[-6.7419705919759503,33.966488268828655],[-6.7419910043432791,33.96645643647674],[-6.7420114177779178,33.966424604109548],[-6.7420318301153559,33.966392771750236],[-6.7420379024542125,33.966383302769344],[-6.7420537898452428,33.966357754497807],[-6.7420737097789463,33.966325719974172],[-6.7420936307801478,33.966293685435446],[-6.7421135506844951,33.966261650904734],[-6.7421210856174776,33.966249534556859],[-6.7421334716564205,33.966229616358923],[-6.7421380787800773,33.966222206736333],[-6.7421527885374282,33.966198838290268],[-6.7421729023027828,33.966166883742289],[-6.7421930171217674,33.966134928277377],[-6.7422131308575528,33.966102973722165],[-6.7422332456469691,33.966071018250105],[-6.7422390331746893,33.966061823776329],[-6.7422545703575159,33.966036525441801],[-6.7422742929648036,33.966004409120728],[-6.7422940166536911,33.965972293686335],[-6.7423017667504954,33.965959674475656],[-6.7428875726271915,33.966198253765356],[-6.7431740283834687,33.966266363027394],[-6.7433991709665024,33.966296562154461],[-6.7436111486010297,33.966294070021988],[-6.7437443823054002,33.96627881119602],[-6.7438633472168323,33.966247142278789],[-6.7440011797830248,33.966186982368797],[-6.7445897384939109,33.965780080076115],[-6.7447069862036146,33.965701968343524],[-6.7447614762163175,33.965670573210552],[-6.7447822443571965,33.965663502232118],[-6.7448580077953881,33.965648681594068],[-6.7451568334961767,33.96564146001915],[-6.7455915680410294,33.965385834280937],[-6.7453606344460617,33.965121451920645],[-6.7453412480656603,33.965100008687166],[-6.745323851091225,33.965073454761374],[-6.7452811381100828,33.965013616441347],[-6.7452529837971404,33.964984652783336],[-6.7452002686357959,33.964926295435028],[-6.7451452894034292,33.964864454961763],[-6.7451032143480569,33.96481645233991],[-6.7450587588623527,33.964759544832795],[-6.7450124985551367,33.964696655568751],[-6.7449718638601608,33.964640085787678],[-6.7449487310126832,33.964600066075619],[-6.7449361876814669,33.964573369783366],[-6.7449332284153032,33.964563922781366],[-6.7449169934707189,33.964514650534952],[-6.7449014792877335,33.964454032986346],[-6.7448988938523424,33.96443684382055],[-6.744896115629694,33.964373949339787],[-6.744897435404706,33.964305880044471],[-6.7448995572233592,33.964241449346275],[-6.744902146156261,33.964187065107232],[-6.7449061893328004,33.964106406950606],[-6.7449085600838625,33.96403105899558],[-6.7449070996135845,33.963952729972476],[-6.7448976179789515,33.963842725493571],[-6.7448934881941032,33.963814282084847],[-6.7446910230291897,33.963974733695707],[-6.7446920556056682,33.964030095471323],[-6.7446898483573987,33.964100280193087],[-6.744685865253814,33.964179726468039],[-6.7446832138650992,33.964235400161392],[-6.7446810229009531,33.964301949215958],[-6.7446795901366325,33.964375811607155],[-6.7446829304049363,33.964451403065411],[-6.7446878491276223,33.964484110218748],[-6.7447065991223143,33.964557369903339],[-6.7447241286368467,33.964610570401668],[-6.7447299663716196,33.9646292118533],[-6.7447501551162938,33.964672178098155],[-6.7447810963036812,33.964725705365886],[-6.7448273482816044,33.964790095534099],[-6.7448757391145797,33.964855883181386],[-6.7449249748871605,33.964918910093935],[-6.7449709173479446,33.964971323833062],[-6.7450268240460458,33.965034207817595],[-6.7450823506814048,33.965095678100027],[-6.7451030871998148,33.965117010371273],[-6.7451357663497742,33.965162792459175],[-6.7451588325855072,33.965198001306689],[-6.7451866676941288,33.965228788410009],[-6.745287299537722,33.965343995274594],[-6.745085334948425,33.965462750737487],[-6.7448298472800321,33.965468925093916],[-6.7447161553963815,33.965491165081637],[-6.7446577585739664,33.965511049037886],[-6.744577684406698,33.96555718497509],[-6.7444530260959841,33.965640233676375],[-6.743880518299842,33.966036037733623],[-6.7437795564036804,33.966080104682895],[-6.7436963482815999,33.966102255657468],[-6.7435948221598023,33.966113882423471],[-6.7434149651907118,33.966115997534622],[-6.7432210949267839,33.966089992304006],[-6.7429654066480724,33.966029199394704],[-6.7423928024094542,33.965795995776126],[-6.7419324922926407,33.966160761184099]]]},"properties":{"arrondissement":"Hssaine","PA":"Hssaine","objectid":301,"shape.STArea()":53046.929888035003,"shape.STLength()":5387.0828236597499,"Prefecture":"Salé"}},{"type":"Feature","id":302,"geometry":{"type":"Polygon","coordinates":[[[-6.7551358335602263,34.024480313255161],[-6.7548006929293889,34.024371038553689],[-6.7549170748120337,34.024208253174614],[-6.7549099909210142,34.024204073271683],[-6.7549037231490203,34.024198747097188],[-6.7548984549335858,34.024192430531144],[-6.7548943404584394,34.024185308439122],[-6.7547910264934314,34.02421706606426],[-6.7544094209395542,34.02419007983228],[-6.7539948962423466,34.024154710831588],[-6.7540270920384318,34.024184131174806],[-6.7540619025724826,34.024210405736639],[-6.7540990216200045,34.024233303382623],[-6.7541381226487616,34.024252622684649],[-6.7542518311091957,34.024306232757752],[-6.7543831628572919,34.024348127379469],[-6.754376083249868,34.024432405413513],[-6.7544173001610712,34.024567217792899],[-6.7546209005087761,34.024716362613354],[-6.7547426516962998,34.024739856888914],[-6.754783495458927,34.024747738686976],[-6.7550040735169636,34.024698543863401],[-6.7551358335602263,34.024480313255161]]]},"properties":{"arrondissement":"Hssaine","PA":"Hssaine","objectid":302,"shape.STArea()":3338.2954239350001,"shape.STLength()":297.27565737929069,"Prefecture":"Salé"}},{"type":"Feature","id":303,"geometry":{"type":"Polygon","coordinates":[[[-6.7643595608641904,34.058026698170174],[-6.7619594368648048,34.060495615991975],[-6.7626251765307295,34.060280107548479],[-6.7630608406437016,34.059936131814318],[-6.7640904669786526,34.05887698641947],[-6.7648835912454137,34.058868355242801],[-6.7662014727644371,34.059796608991107],[-6.7662528405192912,34.059827748094676],[-6.7663069488450498,34.059853836005537],[-6.7663633025092276,34.059874633951189],[-6.7664213857286315,34.059889951576118],[-6.7664806668901214,34.059899648684045],[-6.7665406034162574,34.059903636521106],[-6.7666006467313018,34.059901878588192],[-6.7666602472821209,34.059894390974968],[-6.7667188595680283,34.059881242212654],[-6.7681659951743773,34.059489849252074],[-6.7686527740926232,34.058978909580993],[-6.7667998594294057,34.059480059662505],[-6.7665731990093239,34.059330117263052],[-6.7663082685680891,34.059399290604048],[-6.7643595608641904,34.058026698170174]]]},"properties":{"arrondissement":"Laayayda","PA":"Laayayda","objectid":303,"shape.STArea()":31129.63016656,"shape.STLength()":1588.4919588780056,"Prefecture":"Salé"}},{"type":"Feature","id":304,"geometry":{"type":"Polygon","coordinates":[[[-6.7626251765307295,34.060280107548479],[-6.7619594368648048,34.060495615991975],[-6.7619485170199898,34.060506849017266],[-6.7580058242571939,34.062375408665979],[-6.7579849285771871,34.063696666292344],[-6.758459639051301,34.064054940764635],[-6.7584692196831053,34.063108392698318],[-6.7591587233301791,34.062363301250365],[-6.7619410556722803,34.060974276474127],[-6.7626251765307295,34.060280107548479]]]},"properties":{"arrondissement":"Laayayda","PA":"Laayayda","objectid":304,"shape.STArea()":28898.876008520001,"shape.STLength()":1300.206532441759,"Prefecture":"Salé"}},{"type":"Feature","id":305,"geometry":{"type":"Polygon","coordinates":[[[-6.7584815971285765,34.064937501497184],[-6.7584859275663982,34.064718593825575],[-6.7584901734039553,34.064297113656202],[-6.7584923654924065,34.064079504310214],[-6.7579849285771871,34.063696666292344],[-6.7579653455747914,34.064934753107615],[-6.7584815971285765,34.064937501497184]]]},"properties":{"arrondissement":"Laayayda","PA":"Laayayda","objectid":305,"shape.STArea()":5526.8696159600004,"shape.STLength()":343.31318226213523,"Prefecture":"Salé"}},{"type":"Feature","id":306,"geometry":{"type":"Polygon","coordinates":[[[-6.7579653455747914,34.064934753107615],[-6.7579586885166076,34.065355629746811],[-6.7573902482763284,34.065320036045122],[-6.757353296138934,34.065754937776369],[-6.7580735559422411,34.065799852165362],[-6.7584792511555181,34.06538137733412],[-6.7584815971285765,34.064937501497184],[-6.7579653455747914,34.064934753107615]]]},"properties":{"arrondissement":"Laayayda","PA":"Laayayda","objectid":306,"shape.STArea()":6345.3303736400003,"shape.STLength()":370.78496014818433,"Prefecture":"Salé"}},{"type":"Feature","id":307,"geometry":{"type":"Polygon","coordinates":[[[-6.757353296138934,34.065754937776369],[-6.7573902482763284,34.065320036045122],[-6.7555785853281067,34.065206582775161],[-6.7562144236445096,34.06568011313378],[-6.7567984881540593,34.065718373123843],[-6.7570628894813227,34.065733339691029],[-6.757353296138934,34.065754937776369]]]},"properties":{"arrondissement":"Laayayda","PA":"Laayayda","objectid":307,"shape.STArea()":6561.5930983199996,"shape.STLength()":400.19518672290957,"Prefecture":"Salé"}},{"type":"Feature","id":308,"geometry":{"type":"Polygon","coordinates":[[[-6.7474487131917948,34.065046537290115],[-6.7487380409457627,34.065152702746005],[-6.7517934559160819,34.06532889296399],[-6.7561077048846441,34.065601397802922],[-6.7555783249862253,34.06520656574893],[-6.7478709142283746,34.06472360226914],[-6.7473637600978105,34.063360949031853],[-6.7464685636429316,34.064576335969001],[-6.7433275779519484,34.066569738620544],[-6.7427955771585664,34.066294511387127],[-6.7425586594643709,34.066619157217666],[-6.7416550390318681,34.067857345498105],[-6.7419371367041716,34.068160043787671],[-6.7423213696808508,34.067602598163724],[-6.7431937530627089,34.067055530618376],[-6.7465189777430217,34.064970178083634],[-6.7474487131917948,34.065046537290115]]]},"properties":{"arrondissement":"Laayayda","PA":"Laayayda","objectid":308,"shape.STArea()":69273.319922719995,"shape.STLength()":3206.8711169982948,"Prefecture":"Salé"}},{"type":"Feature","id":309,"geometry":{"type":"Polygon","coordinates":[[[-6.7420735635820206,34.068306434204068],[-6.7416550390318681,34.067857345498105],[-6.7413080338229063,34.068332822407591],[-6.7412998338747414,34.068451306735057],[-6.7412846535910873,34.068569100342657],[-6.7412625459220994,34.068685792355993],[-6.7412335879812622,34.068800975743109],[-6.741197880776407,34.068914248734266],[-6.741155548857388,34.069025216223359],[-6.7411067398816433,34.069133491146083],[-6.7410516240991507,34.06923869583003],[-6.740990393758584,34.069340463312059],[-6.740923262436727,34.069438438618285],[-6.740850464293505,34.069532280002271],[-6.7407722532552121,34.069621660137052],[-6.7406889021287926,34.069706267256898],[-6.7406007016502691,34.069785806244774],[-6.7405079594706292,34.06985999966173],[-6.7404109990827088,34.069928588714639],[-6.7403101586928269,34.069991334158878],[-6.7402057900410863,34.070048017132848],[-6.7400982571744779,34.070098439921381],[-6.739987935177048,34.070142426645369],[-6.7398752088615774,34.070179823875279],[-6.7397604714273189,34.070210501166294],[-6.7396441230884827,34.070234351513342],[-6.7395265696782545,34.070251291724325],[-6.7394082212332167,34.070261262710304],[-6.7392894905631007,34.07026422969161],[-6.7391707918108734,34.070260182319146],[-6.7390525390081679,34.070249134710508],[-6.7392719895703701,34.070308548242018],[-6.7394894606500886,34.070374841880202],[-6.7397047366034819,34.07044794988844],[-6.7399176039633932,34.070527799772989],[-6.7401278516510201,34.070614312354877],[-6.7402539986126193,34.070579657484515],[-6.7403780799099309,34.070538210559192],[-6.7404997301365652,34.070490093635762],[-6.7406185910453846,34.070435448413505],[-6.7407343126034949,34.070374435816866],[-6.7408465540230633,34.070307235521526],[-6.7409549847648993,34.070234045425295],[-6.741059285511855,34.07015508106533],[-6.7411591491091878,34.070070574983362],[-6.7412542814690912,34.069980776040943],[-6.7413444024367575,34.069885948686519],[-6.7414292466154038,34.069786372176686],[-6.7415085641478347,34.069682339753804],[-6.7415821214522484,34.069574157782441],[-6.7416497019101103,34.069462144847137],[-6.7417111065040682,34.069346630814216],[-6.7417661544040444,34.069227955860377],[-6.7418146834997552,34.069106469470888],[-6.7418565508781096,34.068982529410412],[-6.7418916332440775,34.068856500669412],[-6.741919827283775,34.068728754389284],[-6.7419410499687169,34.068599666769408],[-6.7419552388003243,34.068469617959273],[-6.7420735635820206,34.068306434204068]]]},"properties":{"arrondissement":"Laayayda","PA":"Laayayda","objectid":309,"shape.STArea()":20753.007913180001,"shape.STLength()":897.48703963877392,"Prefecture":"Salé"}},{"type":"Feature","id":310,"geometry":{"type":"Polygon","coordinates":[[[-6.7043323437080335,33.997537720619661],[-6.7042898305243064,33.997554947825641],[-6.7043334665173386,33.997538366391623],[-6.7043323437080335,33.997537720619661]]]},"properties":{"arrondissement":"Shoul","PA":"Shoul","objectid":310,"shape.STArea()":0.23964168499999999,"shape.STLength()":8.9224602626579603,"Prefecture":"Salé"}},{"type":"Feature","id":311,"geometry":{"type":"Polygon","coordinates":[[[-6.697810056490189,33.999714139282425],[-6.6952612498043216,34.002587375830409],[-6.6942028210761624,34.005164783880964],[-6.6952621598097171,34.002593506312763],[-6.6955053805614728,34.002314696796688],[-6.697810056490189,33.999714139282425]]]},"properties":{"arrondissement":"Shoul","PA":"Shoul","objectid":311,"shape.STArea()":87.005313354999998,"shape.STLength()":1396.2873367521743,"Prefecture":"Salé"}},{"type":"Feature","id":312,"geometry":{"type":"Polygon","coordinates":[[[-6.6887970212904149,34.00664017617342],[-6.6864964720394982,34.008087855597239],[-6.6870360132343762,34.007759359577832],[-6.6887970212904149,34.00664017617342]]]},"properties":{"arrondissement":"Shoul","PA":"Shoul","objectid":312,"shape.STArea()":129.763441,"shape.STLength()":532.58243977722168,"Prefecture":"Salé"}},{"type":"Feature","id":313,"geometry":{"type":"Polygon","coordinates":[[[-6.6855095422057156,34.008953883436043],[-6.6840717210084852,34.010733494471552],[-6.6850200345226485,34.009587898662218],[-6.6855095422057156,34.008953883436043]]]},"properties":{"arrondissement":"Shoul","PA":"Shoul","objectid":313,"shape.STArea()":207.12526654000001,"shape.STLength()":475.73356304251718,"Prefecture":"Salé"}},{"type":"Feature","id":314,"geometry":{"type":"Polygon","coordinates":[[[-6.7390685722591783,33.986308224872644],[-6.7392661743219442,33.986331732089781],[-6.7392773726515856,33.986263446916837],[-6.7390685722591783,33.986308224872644]]]},"properties":{"arrondissement":"Hssaine","PA":"Hssaine","objectid":314,"shape.STArea()":70.454769825,"shape.STLength()":45.996842487393216,"Prefecture":"Salé"}},{"type":"Feature","id":315,"geometry":{"type":"Polygon","coordinates":[[[-6.7208186862339749,34.002890816095857],[-6.7207369345888299,34.002921001119709],[-6.7206300990466827,34.002936703147199],[-6.7205215332153418,34.002929467208119],[-6.7204185372268892,34.002900818084974],[-6.7203265331686222,34.002852258886541],[-6.720278288139002,34.002810273102327],[-6.7201011054957229,34.002831840306719],[-6.7198432586976278,34.002865165932725],[-6.7194976625608511,34.002901491212057],[-6.7191980814079795,34.00293252413708],[-6.7188592305254824,34.002976094376315],[-6.7188443842907803,34.003025328401165],[-6.7188690436438545,34.00307515309099],[-6.7189421075429134,34.003117994672323],[-6.7189834422803241,34.003139786963835],[-6.7190200093601433,34.003167372514547],[-6.7190524378517944,34.003191827052603],[-6.7190848686914348,34.003216292379904],[-6.7191172929709895,34.003240752356639],[-6.7191482910324014,34.003264136081803],[-6.7191806729192889,34.003285800703011],[-6.7192145624970232,34.003308484784817],[-6.719248434413382,34.003331145594892],[-6.7192823151184262,34.003353813518117],[-6.7193096800884797,34.003372123677828],[-6.7193421857171645,34.003384243405911],[-6.7193823300253293,34.003399220973158],[-6.7194224569692862,34.00341419510297],[-6.7194625684955085,34.00342915134501],[-6.719507036419234,34.003445746384656],[-6.7195475874448904,34.003467252735142],[-6.7195850622692381,34.003487133838817],[-6.7196279565864137,34.003511629522379],[-6.7196637212055208,34.003533981689927],[-6.7196988889084937,34.003555959546652],[-6.719733517270174,34.003578502231093],[-6.7197676335764065,34.003600696767712],[-6.719801774185215,34.003622921702593],[-6.719835899407113,34.003645130556635],[-6.7198700224262309,34.003667335817106],[-6.7199041564268036,34.003689549971263],[-6.7199382815640805,34.003711749779647],[-6.719972413379395,34.003733960330749],[-6.7200065474323036,34.003756174456505],[-6.7200423853423681,34.003779488937028],[-6.7200763390121727,34.003804796541253],[-6.7201086716951863,34.003828896479831],[-6.7201409934320679,34.003852987506669],[-6.7201466757706028,34.003857224129639],[-6.7201470759067998,34.003857189250461],[-6.720190183603151,34.003853506390996],[-6.7202332738629753,34.003849816485499],[-6.7202763988479148,34.003846131610416],[-6.7203201336543739,34.003842386182733],[-6.7203789307836992,34.003838319684185],[-6.7204905946717544,34.003874485638505],[-6.7205312988172814,34.003906752929268],[-6.7205627168404787,34.003931650621908],[-6.7205917651825713,34.003954672147515],[-6.7206234410247987,34.003975155178338],[-6.7206576913945675,34.003997310182065],[-6.7206982387813685,34.004023529352338],[-6.7207437443453513,34.004071743268156],[-6.7207711810253343,34.004106138038082],[-6.7207926878402988,34.004140959661662],[-6.7208125382654851,34.00417310035786],[-6.720832391089993,34.004205255455211],[-6.7208522392968613,34.004237390756849],[-6.7208713726002633,34.004268371987663],[-6.7208922362308279,34.004298489024542],[-6.7209138835953048,34.004329726932113],[-6.7209355397740893,34.004360973761472],[-6.7209558719871501,34.004390322588279],[-6.7209770536375295,34.004415852974319],[-6.7210011931152289,34.004446756155275],[-6.721024842399931,34.004477040408041],[-6.721048482737948,34.004507304909446],[-6.7210721320556832,34.004537589152591],[-6.7210943740749816,34.004566050225598],[-6.7211192411599665,34.004592952248913],[-6.7211456693776084,34.004621536922784],[-6.7211721109067053,34.004650141291648],[-6.7211985391590447,34.004678725953802],[-6.7212278807728056,34.004710468889137],[-6.7212514850241094,34.004745616433922],[-6.7212727691934004,34.004777309039454],[-6.7212940575445002,34.004808990774613],[-6.7213153484056907,34.004840694124312],[-6.7213348884165187,34.004869773465806],[-6.7213579843594307,34.004896695920948],[-6.7213831639220256,34.004926047670544],[-6.7214083389513082,34.004955385032957],[-6.7214335229610498,34.004984742136465],[-6.7214588591181395,34.005014276199681],[-6.7214839033969307,34.005043984690353],[-6.7215087694124644,34.005073505664051],[-6.721513751619197,34.00507940363056],[-6.7215255125816658,34.005094548182733],[-6.7217009335473152,34.00498833043622],[-6.7216933034562993,34.004978503018833],[-6.7216859724270481,34.004969826834937],[-6.7216611880107076,34.00494040423942],[-6.7216355878628056,34.004910034264903],[-6.7216097335281981,34.004879896039974],[-6.7215845472964952,34.00485053719008],[-6.7215593567782781,34.004821180183967],[-6.7215341948391885,34.004791849927159],[-6.7215180397799594,34.004773017991951],[-6.7215043320464156,34.004752618053132],[-6.7214830633133582,34.004720948771549],[-6.7214617527394456,34.004689233030362],[-6.7214404928636631,34.004657574470095],[-6.7214091504994062,34.00461090695859],[-6.7213701420908931,34.004568706957038],[-6.7213436939976479,34.004540100894147],[-6.7213172722633798,34.004511517996086],[-6.7212908242049387,34.004482911921414],[-6.7212712044216403,34.004461685057102],[-6.721253636100907,34.004439206412741],[-6.7212300264920799,34.004408972288104],[-6.721206370658007,34.004378688141756],[-6.7211827367963046,34.00434842360022],[-6.7211569340919191,34.004315391547955],[-6.721139046280932,34.004293832551483],[-6.721123122764098,34.004270844127042],[-6.7211014421998048,34.004239563314734],[-6.721079792624912,34.00420832546137],[-6.7210615618084448,34.004182008216475],[-6.721044815440739,34.004154894302403],[-6.721024969346967,34.004122759007444],[-6.7210051254058323,34.00409062188271],[-6.7209852638271101,34.004058463295713],[-6.7209582391932701,34.004014704660051],[-6.7209193416289406,34.003965943170513],[-6.7208520572772992,34.003894654672735],[-6.7207905034814033,34.003854851210377],[-6.7207562815584394,34.003832713979463],[-6.7207331688113214,34.003817766564666],[-6.7207119947809337,34.003800989567324],[-6.720680581120507,34.003776093668669],[-6.7206089345700972,34.003719297110152],[-6.7204108258848736,34.003655132009108],[-6.7203000944722939,34.003662792269544],[-6.7202542508906236,34.003666718639309],[-6.7202197713063185,34.003669664877386],[-6.7201814058325278,34.00364106688879],[-6.7201398545586351,34.003614037429386],[-6.7201057511444642,34.003591842857311],[-6.720071614965371,34.003569628780006],[-6.7200374636183859,34.003547413049532],[-6.7200033602565847,34.003525218448992],[-6.7199692329009171,34.003503011465803],[-6.7199351142517703,34.003480806185358],[-6.7199009998960859,34.003458597242933],[-6.7198668245703947,34.003436365484916],[-6.719830575371029,34.003412766688172],[-6.7197937000257939,34.003389721007089],[-6.7197542380801263,34.003365059358593],[-6.7197045035143983,34.003336656726738],[-6.719663934941206,34.003315134377445],[-6.7196100198144562,34.003286541252315],[-6.7195511199459599,34.003264560774134],[-6.7195109453005051,34.003249579972589],[-6.7194708837352062,34.003234628630892],[-6.7194307177242463,34.00321964410535],[-6.7194235910580611,34.003216986494728],[-6.7194179395426561,34.003213205858586],[-6.7193840588569698,34.003190537970802],[-6.7193501869601224,34.00316787719624],[-6.7193163302112815,34.003145214449219],[-6.7192889172071402,34.003126874132441],[-6.7192632625913529,34.003107521439354],[-6.7195245838235316,34.003080450047065],[-6.7198734284286106,34.003043783850551],[-6.7201333702321051,34.003010187182696],[-6.7202047380570535,34.003001500629196],[-6.7203249061031789,34.003064925326107],[-6.7204779562174171,34.003107498550428],[-6.7206404454050972,34.003118327413141],[-6.7208005693998425,34.003094794631764],[-6.7209468953306608,34.003040765290685],[-6.7210728970449507,34.002959331298726],[-6.721171359877788,34.002855444276733],[-6.7212363089669216,34.00273610985932],[-6.721265786355489,34.002607865632726],[-6.7212620217589691,34.002549205530677],[-6.7208879055784783,34.003002550983389],[-6.7208186862339749,34.002890816095857]]]},"properties":{"arrondissement":"Hssaine","PA":"Hssaine","objectid":315,"shape.STArea()":10881.663231355,"shape.STLength()":1186.3881182540185,"Prefecture":"Salé"}},{"type":"Feature","id":316,"geometry":{"type":"Polygon","coordinates":[[[-6.7386060991596022,33.969085853013127],[-6.7381518522162143,33.969834348233782],[-6.7378143106323396,33.971897579986774],[-6.7378517318554723,33.972210121410022],[-6.7378570180757134,33.972173919451038],[-6.7378583166863724,33.972165101440034],[-6.7378621005950112,33.972137986623203],[-6.7378672682936909,33.972101399022669],[-6.7378725103482964,33.972064789884001],[-6.7378778279796547,33.972028168212894],[-6.7378832184126978,33.971991564702812],[-6.7378846289259817,33.971982069988378],[-6.7378889943926588,33.971954340188667],[-6.7378948264534486,33.971917735567324],[-6.7379007404594349,33.971881110228573],[-6.7379067387415095,33.971844474969956],[-6.7379128174422851,33.971807860496597],[-6.7379143619888913,33.971798634913085],[-6.7379189765060792,33.971771192854995],[-6.7379252168902282,33.971734534264613],[-6.7379315500559036,33.971697855742811],[-6.7379379740465684,33.971661170838722],[-6.7379444809113691,33.971624525633025],[-6.7379461804704732,33.971615033240241],[-6.7379513848786461,33.971587307099],[-6.7379583350325554,33.971550698642702],[-6.7379653771486119,33.97151408739942],[-6.7379725060093643,33.971477486051015],[-6.7379797177712684,33.971440926204458],[-6.7379815252621249,33.971431835797425],[-6.7379869458866004,33.971404444645721],[-6.7379942623698605,33.971367867444691],[-6.7380016697462475,33.971331288369882],[-6.7380091660314889,33.971294719166877],[-6.7380167441490579,33.971258192378862],[-6.7380185236597026,33.971249675864584],[-6.7380236565508893,33.971222862279902],[-6.7380307531717349,33.971186208959224],[-6.7380379406718927,33.971149552862975],[-6.7380452170392671,33.971112903933346],[-6.7380525752251081,33.971076296517012],[-6.7380545109104721,33.971066744779684],[-6.7380604271110816,33.97103899208421],[-6.7380682982095408,33.971002444121673],[-6.7380762612826786,33.970965894273711],[-6.7380843121676506,33.970929353407193],[-6.7380924449118575,33.970892856759072],[-6.7380944810073293,33.970883781041771],[-6.7381005516189916,33.970856497473648],[-6.7381087575847767,33.970819976592232],[-6.738117055524687,33.970783453825213],[-6.7381254413038114,33.970746941843103],[-6.7381339089278685,33.970710473177569],[-6.7381360548394236,33.970701288962076],[-6.7381424532765539,33.970673996476165],[-6.7381467659923535,33.970655719813017],[-6.73815111432494,33.97063743645586],[-6.7381598517927719,33.970600989254677],[-6.738168682149916,33.970564529335491],[-6.7381775943792368,33.970528114536286],[-6.7381799040260244,33.970518738273455],[-6.7381868730656915,33.970491245782817],[-6.7381961735166573,33.970454877338597],[-6.7382055659683955,33.970418508812116],[-6.7382150452173502,33.970382153786986],[-6.7382246052555068,33.970345843893256],[-6.7382270185571462,33.970336732575781],[-6.738234228086136,33.970309535131115],[-6.7382439352577119,33.970273220957147],[-6.7382537333610282,33.970236907614037],[-6.7382636204257587,33.970200607749121],[-6.7382735861284857,33.970164353940376],[-6.7382760213860866,33.970155544516281],[-6.738283257707133,33.97012861283482],[-6.7382930967658163,33.970092290029974],[-6.7383030278381613,33.970055968044363],[-6.738313047857746,33.970019658635138],[-6.7383231465150812,33.969983395282064],[-6.738325797883097,33.969973928782565],[-6.7383337975690365,33.969946451419268],[-6.7383444117092397,33.969910274546955],[-6.7383551157395054,33.969874101222089],[-6.7383659087438224,33.969837942276953],[-6.7383767793307658,33.96980183120283],[-6.7383795615477906,33.969792638376553],[-6.7383879004413858,33.969765470335126],[-6.7383990551227875,33.96972939229731],[-6.7384103008037002,33.969693319598683],[-6.738421633307353,33.969657262204542],[-6.7384330444892555,33.969621253571418],[-6.7384357053873467,33.96961289988576],[-6.7384436074403133,33.969586467930966],[-6.7384545060606955,33.969550283494257],[-6.7384654967349631,33.969514102581655],[-6.7384765752866773,33.969477935158558],[-6.7384877324888501,33.969441814692978],[-6.7384906800330304,33.969432323377532],[-6.7384995487548567,33.969404911566052],[-6.7385112814044463,33.969368905799577],[-6.738523103970345,33.969332905383602],[-6.738535015536808,33.969296921150466],[-6.738547003616139,33.969260985701396],[-6.7385499893508403,33.969252077491895],[-6.7385589144014038,33.969225233256303],[-6.7385709529252225,33.969189271110174],[-6.7385830835295062,33.969153314291319],[-6.7385953020515714,33.969117373666833],[-6.7386060991596022,33.969085853013127]]]},"properties":{"arrondissement":"Hssaine","PA":"Hssaine","objectid":316,"shape.STArea()":3617.7516719499999,"shape.STLength()":712.52204891006591,"Prefecture":"Salé"}},{"type":"Feature","id":317,"geometry":{"type":"Polygon","coordinates":[[[-6.7482170111698823,33.955783708824377],[-6.7483329041207778,33.955937875750919],[-6.7484942092821134,33.95582682408773],[-6.7492013947061933,33.955383149897678],[-6.749892665209023,33.954990063042878],[-6.7504430615052469,33.954694159046348],[-6.7508825835462911,33.954462166710385],[-6.7513889417365114,33.954194643247817],[-6.7512730504266303,33.954042316143116],[-6.7507666927668728,33.954309839151904],[-6.7503264852338818,33.954542192931662],[-6.7497729790266945,33.954839768684892],[-6.7490752379568741,33.955236534862152],[-6.7483601234686672,33.955685182863043],[-6.7482170111698823,33.955783708824377]]]},"properties":{"arrondissement":"Hssaine","PA":"Hssaine","objectid":317,"shape.STArea()":6848.11941054,"shape.STLength()":724.98444046050099,"Prefecture":"Salé"}},{"type":"Feature","id":318,"geometry":{"type":"Polygon","coordinates":[[[-6.7344396832335969,33.977024563732733],[-6.7346111136008942,33.977023372251871],[-6.7346214673950158,33.977022444119804],[-6.7346315461357271,33.97701989824715],[-6.7346410986774181,33.977015798072877],[-6.7346741471204465,33.976996196005089],[-6.7347051893818168,33.976973550505377],[-6.7347339460963829,33.976948065372156],[-6.7347830420967361,33.976906920578109],[-6.7348359066616563,33.976870745322699],[-6.7348920386479287,33.976839882538563],[-6.7349509059379775,33.97681462479737],[-6.7350119504842141,33.97679521153637],[-6.7350745935991894,33.976781826788553],[-6.7351382414414118,33.97677459743808],[-6.7352022906448195,33.976773592017423],[-6.7352661340385449,33.976778820057731],[-6.7352702962789994,33.976779024933379],[-6.7352744422163049,33.976778603716696],[-6.7352784782046005,33.976777565921864],[-6.7352823130814858,33.976775934989952],[-6.7352858602271395,33.976773747759431],[-6.7353862805980302,33.97669785391723],[-6.7354854678217961,33.976611603355977],[-6.7355590559695981,33.976529017616421],[-6.73567543413533,33.976400171928105],[-6.7357861134467969,33.976269563299248],[-6.7359115236345692,33.976113101171784],[-6.7360867875161334,33.975929315983066],[-6.7362822028101697,33.975759668931978],[-6.7365150306548554,33.975585370921678],[-6.7367139955715665,33.975443569533681],[-6.7368771213689902,33.975330752473852],[-6.7370596160665634,33.975196585725215],[-6.7372499989526453,33.975036755428619],[-6.7373587457655351,33.974913788602997],[-6.7374502303197907,33.974780402615984],[-6.7375048894612073,33.974667635292995],[-6.7375418913191227,33.97456273688335],[-6.7375814104700131,33.974416077173508],[-6.7376054030766133,33.974313329743609],[-6.7376376831431894,33.974174051615549],[-6.7376571577866642,33.974060928505914],[-6.7377156480166791,33.973794766579154],[-6.737748409541739,33.973617152522472],[-6.7378105058795139,33.973307569835121],[-6.737809890238494,33.973272906401974],[-6.737591217897946,33.973306587447269],[-6.7375346535247749,33.973588590130937],[-6.737502146344041,33.973764821539525],[-6.7374434602396249,33.974031872902167],[-6.7374241333456295,33.97414413310581],[-6.7373928731874102,33.974279010846885],[-6.7373695018673461,33.974379094668819],[-6.7373322045988235,33.974517508167089],[-6.7373001794320047,33.974608298516273],[-6.73725498720807,33.974701532821598],[-6.7371770092690797,33.974815224475478],[-6.7370851376936818,33.974919110358975],[-6.7369110004887558,33.975065301083454],[-6.7367363306700403,33.975193715816445],[-6.7365744849502773,33.975305646924788],[-6.7363722970185131,33.975449745295933],[-6.7361315496304819,33.975629971693301],[-6.7359235798665376,33.975810517222115],[-6.7357364529628923,33.976006742023706],[-6.7356076362156729,33.976167454775364],[-6.7355004740583597,33.976293913191199],[-6.7353856477128922,33.97642103943317],[-6.7353197398056794,33.976495005129998],[-6.7352352039688048,33.976568515496169],[-6.7352015892897334,33.976593920739447],[-6.7351245686835277,33.976594749758135],[-6.735047911943342,33.97660227340328],[-6.7349721998602607,33.976616434671861],[-6.7348980060681605,33.976637126270788],[-6.7348258926975584,33.976664191429798],[-6.734756406116623,33.976697425089277],[-6.7346900727916079,33.976736575453835],[-6.7346273952980704,33.976781345900065],[-6.7345688485130966,33.97683139722394],[-6.7345553687431785,33.976843392403879],[-6.7344453125689041,33.976844157263628],[-6.7344396832335969,33.977024563732733]]]},"properties":{"arrondissement":"Hssaine","PA":"Hssaine","objectid":318,"shape.STArea()":10788.300770039999,"shape.STLength()":1119.2243739575208,"Prefecture":"Salé"}},{"type":"Feature","id":319,"geometry":{"type":"Polygon","coordinates":[[[-6.734603868541182,33.978456156991541],[-6.7347758558483415,33.978757306187561],[-6.7347760777693066,33.978756459666705],[-6.7348162887256624,33.978510875060991],[-6.7348491569706299,33.978120575110822],[-6.7348521827903083,33.977955874653155],[-6.7348548183857782,33.977864116707053],[-6.734853255069444,33.977800230904194],[-6.7348522723554058,33.977770887992122],[-6.7348466649936709,33.977742069079753],[-6.7348365739010143,33.977714498405753],[-6.7348222526733856,33.977688868839728],[-6.7348040612128752,33.977665824469909],[-6.7347388817236604,33.977617252195991],[-6.7346794145366289,33.97755687658983],[-6.7346287504429734,33.97748554946854],[-6.7346192589038019,33.977473574429602],[-6.7346081384809535,33.977463094588522],[-6.7345956220160685,33.977454329374311],[-6.7345819715813953,33.977447462314778],[-6.7345674729924694,33.977442637193789],[-6.7345524516259276,33.977438486262976],[-6.7344277287169527,33.977407683848107],[-6.7344219033137493,33.977594364016532],[-6.7344614137354561,33.977604121684706],[-6.7345015397537642,33.977660612535118],[-6.7345821067630887,33.977742410262316],[-6.7346356805325778,33.977782333718409],[-6.7346365441758351,33.97778539500375],[-6.7346369869652261,33.977788544810913],[-6.7346370008061642,33.977791725558639],[-6.7346365854456245,33.977794879100017],[-6.7346382713335711,33.977863797872686],[-6.7346357289928376,33.977952336922939],[-6.7346327774653938,33.978112877125675],[-6.734603868541182,33.978456156991541]]]},"properties":{"arrondissement":"Hssaine","PA":"Hssaine","objectid":319,"shape.STArea()":2741.4649631249999,"shape.STLength()":331.32846084353611,"Prefecture":"Salé"}},{"type":"Feature","id":320,"geometry":{"type":"Polygon","coordinates":[[[-6.7171180653738363,33.998121296322168],[-6.7170814778916599,33.998152494148535],[-6.7169709041175318,33.998258012465705],[-6.7168679104838214,33.998368724229536],[-6.716772450234334,33.998488475513192],[-6.7166899652119501,33.998614738930257],[-6.7166210925365561,33.998746539205186],[-6.7165663615712266,33.998882863411758],[-6.7165261949754242,33.999022659157298],[-6.7165036962209355,33.999153132424148],[-6.7164964227362027,33.999284804820313],[-6.7165044426137541,33.999416448192292],[-6.7165276809674719,33.999546831374062],[-6.7165659212721014,33.999674737308801],[-6.7166188065790218,33.999798972055004],[-6.7166858429115868,33.999918374672077],[-6.7167949560853115,34.000090519957766],[-6.7169326077218621,34.000282239634608],[-6.7171357083449834,34.00057717525489],[-6.7172026266082261,34.000697488799233],[-6.7172562892483416,34.000820612089775],[-6.7172813362517703,34.0008972590715],[-6.7172988318862537,34.000976429496077],[-6.7173157896506863,34.001106629586737],[-6.7173184350131887,34.001201792008423],[-6.7173122983980482,34.001281374115784],[-6.7172963378580599,34.001377368859785],[-6.7172621159639654,34.001503792464106],[-6.7172341719067648,34.001578600261361],[-6.717184835305348,34.001678510927469],[-6.7170842167976588,34.001832303330936],[-6.7170025158336486,34.001933096128795],[-6.7164537268711184,34.002572129343768],[-6.7163098980002056,34.002734534209651],[-6.7161517179995158,34.002906993932314],[-6.7149682200611789,34.004145664008419],[-6.7142468170226337,34.004951019011749],[-6.7133790307112475,34.005848575553372],[-6.7130482206066118,34.006184169478651],[-6.7127772701528521,34.006468564203871],[-6.7122208483102996,34.007069257550924],[-6.7112504452407098,34.008084762408096],[-6.7109225846494036,34.008434427250478],[-6.7106809122962776,34.008703784229262],[-6.7104462868448476,34.008985964552693],[-6.7102550134074086,34.009240196902418],[-6.710091443402507,34.009464363380395],[-6.7098033516704643,34.009885569779009],[-6.7095926429572295,34.010215195145655],[-6.7092195887668442,34.01084392989268],[-6.7091335711731173,34.010997724007474],[-6.7090431532506205,34.011204942550712],[-6.7089411485887886,34.011422758970959],[-6.7088716488157027,34.011429019630185],[-6.7085954127648533,34.011467658885003],[-6.7084389551809922,34.011493031427463],[-6.7082798286562548,34.011513053832779],[-6.7079262048864488,34.01154557952497],[-6.707747150448057,34.011552440036944],[-6.7074848200975561,34.011552357266964],[-6.7073351311680813,34.011526938880337],[-6.7072557972275462,34.011517322944371],[-6.7071980665545654,34.011515055445507],[-6.7069525523276035,34.011489667561236],[-6.7067811626429803,34.011478267017786],[-6.7066092429207735,34.011476340416962],[-6.7064375469674049,34.011483895228913],[-6.7062668279792295,34.011500898350576],[-6.7060978352958518,34.01152727613902],[-6.7058645295769841,34.011570415829723],[-6.7058223608865628,34.011576123028739],[-6.7058731664509148,34.011751971643697],[-6.7059054093332966,34.0117476070251],[-6.7061447612202771,34.011703349970233],[-6.7062740676032808,34.011682600842022],[-6.706404191261325,34.011667819075413],[-6.7065348569549359,34.011659035937008],[-6.7066657882981167,34.011656270005034],[-6.706796708342968,34.011659527130035],[-6.7069273401654845,34.011668800422484],[-6.707080847035126,34.011684304083708],[-6.7071790619031519,34.011694867643911],[-6.7072350480733975,34.011697066772022],[-6.7072972387998666,34.01170460510572],[-6.7073786850609256,34.011718850783829],[-6.7074623279247669,34.0117324683414],[-6.7075966442429342,34.011734053846475],[-6.7077532070308186,34.011732756476576],[-6.7079417919695148,34.01172553134024],[-6.7081154920900099,34.011711304120901],[-6.7083090327693418,34.011691784821949],[-6.708475849328071,34.011670793753972],[-6.708634055223369,34.011645138667333],[-6.7089012593315225,34.011607762488239],[-6.70903627810939,34.011595599239207],[-6.7090506601145723,34.011593778037806],[-6.7090646048135847,34.011589815183143],[-6.7090777951767482,34.011583800769856],[-6.7090899313240469,34.011575871534312],[-6.7091007373428289,34.011566207745943],[-6.7091099675606234,34.011555029108855],[-6.7091174121304515,34.011542589766925],[-6.709116292065274,34.011545160051405],[-6.7092458457729869,34.01126851487971],[-6.7093338932943283,34.011066729427661],[-6.7094149826559724,34.010921746463701],[-6.7096269967048006,34.010562019923135],[-6.7097851734763818,34.010297823649474],[-6.7099933943016978,34.009972090258621],[-6.7101018276166196,34.00981118531336],[-6.7102778882541685,34.00955615456143],[-6.7104312562330284,34.009345969698515],[-6.7104393253231036,34.009334912345835],[-6.7106271713781567,34.009085234805028],[-6.7108567399146066,34.008809134203965],[-6.7110946961228892,34.008543918353269],[-6.7114205250728185,34.008196420770098],[-6.711744181953117,34.007857723747264],[-6.7120678362971615,34.007519024943321],[-6.712391488132277,34.007180326161659],[-6.7127057272781334,34.006839357687682],[-6.7129476248415259,34.00657992817073],[-6.7132167501030002,34.00629744973827],[-6.7135469808398849,34.005962442254329],[-6.7138723145000858,34.005626801565512],[-6.7142245437368793,34.005259792393709],[-6.7144177064829567,34.005061868575247],[-6.7144903965118479,34.004980721002475],[-6.7146846373632014,34.004763876922141],[-6.7148788772453898,34.004547032522936],[-6.7151397808206434,34.004255763333809],[-6.7153431671423727,34.00404288776042],[-6.715612858435815,34.003760629584313],[-6.7158825447568109,34.0034783726352],[-6.7163225071228085,34.003017898838372],[-6.7164012961811874,34.002931996281838],[-6.7164830945011982,34.002842813532503],[-6.7166290940809281,34.002677958741707],[-6.7168547155724161,34.002413941023434],[-6.7170314912334792,34.00220852550413],[-6.7171802138629557,34.002036212713357],[-6.7172694523325784,34.001926121681471],[-6.7173806307090693,34.001756189232744],[-6.7174380987816731,34.001639809684541],[-6.7174714632815746,34.001550489729205],[-6.7175095938605507,34.001409628469105],[-6.7175278950762749,34.001299547177965],[-6.7175351472491602,34.001205491894432],[-6.7175320712630286,34.001094795739803],[-6.7175132566460896,34.000950344960131],[-6.717492668369311,34.000857183051579],[-6.7174628928939883,34.000766065770307],[-6.7174030160533871,34.000628686253471],[-6.7173282407979045,34.000494247404028],[-6.7171194741522369,34.000191083484872],[-6.7169837680192819,34.000002074408471],[-6.7168773436631675,33.999834173163663],[-6.7168358501736369,33.999764507857805],[-6.716800069652729,33.999691743039129],[-6.7167702319948797,33.999616346230923],[-6.7167465289108668,33.999538801867345],[-6.7167291126960453,33.999459608180892],[-6.7167180952518288,33.999379274001136],[-6.7167135473667097,33.999298315485497],[-6.7167154982614319,33.999217252802815],[-6.716723935401248,33.999136606791225],[-6.7167388045764529,33.999056895611695],[-6.7167641285785473,33.998965613797765],[-6.7167958019903971,33.998876336311142],[-6.7168336683369469,33.998789504206279],[-6.7168775405484045,33.998705546456797],[-6.7169272018844115,33.998624877836242],[-6.7169824070048012,33.998547896868985],[-6.7170428831816382,33.998474983861428],[-6.7171054611502168,33.998406360638739],[-6.7171706871667869,33.998340249250866],[-6.7172384604902922,33.998276751806308],[-6.7172496571723457,33.998267205065446],[-6.7171180653738363,33.998121296322168]]]},"properties":{"arrondissement":"Hssaine","PA":"Hssaine","objectid":320,"shape.STArea()":40990.493589694997,"shape.STLength()":4142.3437640041102,"Prefecture":"Salé"}},{"type":"Feature","id":321,"geometry":{"type":"Polygon","coordinates":[[[-6.7389815394297177,33.982897041037099],[-6.7389888539830602,33.982901843802736],[-6.7389827873716985,33.98289772304404],[-6.7389815394297177,33.982897041037099]]]},"properties":{"arrondissement":"Hssaine","PA":"Hssaine","objectid":321,"shape.STArea()":0.0051473400000000002,"shape.STLength()":1.7213061728122498,"Prefecture":"Salé"}},{"type":"Feature","id":322,"geometry":{"type":"Polygon","coordinates":[[[-6.7487804645087985,33.95645638135489],[-6.748917744454328,33.956595825886218],[-6.7491084946720994,33.956466753190078],[-6.7494358750697012,33.956247352452529],[-6.7496311877031454,33.956125526918697],[-6.749796062735256,33.956028743510764],[-6.7498254167638772,33.956009222339269],[-6.7498522929093019,33.955986409887842],[-6.7499786284947358,33.955865171245676],[-6.7500239392387851,33.955862768515615],[-6.7500685896286523,33.955854695144403],[-6.7501118728301313,33.955841078936864],[-6.7501531036521749,33.955822135443213],[-6.7504761262238739,33.955645046634643],[-6.7508218090463821,33.95545553257179],[-6.7514037498148136,33.955147822966424],[-6.7519182168621752,33.954874812161222],[-6.7520970579982542,33.954778718116735],[-6.751979770347293,33.954627134574864],[-6.7518014435102822,33.954722952341619],[-6.7512876403630662,33.954995610101712],[-6.7507043412033116,33.95530403821526],[-6.750357169190039,33.95549436799859],[-6.7500341469498126,33.955671457411768],[-6.7500172404175842,33.955678792677176],[-6.7499993702242076,33.955683297467885],[-6.7499810067650143,33.955684853204737],[-6.7499626334195257,33.955683418936211],[-6.7499232670469533,33.955677256825339],[-6.7499141847193336,33.955676400471951],[-6.7499050766843149,33.955676915946697],[-6.7498961489756395,33.955678791588973],[-6.7498876035478723,33.955681984969686],[-6.7498796337079607,33.955686423851063],[-6.7498724197424274,33.955692007820744],[-6.749688867457154,33.955868154741538],[-6.7496805267838038,33.955875234571728],[-6.7496714170953824,33.955881292987719],[-6.7495039885429149,33.955979575632483],[-6.7495030195251626,33.955980179515379],[-6.7493031631827067,33.956104838835792],[-6.7489724527610218,33.956326471201137],[-6.7487804645087985,33.95645638135489]]]},"properties":{"arrondissement":"Hssaine","PA":"Hssaine","objectid":322,"shape.STArea()":7202.8437872650002,"shape.STLength()":760.12532596253266,"Prefecture":"Salé"}},{"type":"Feature","id":323,"geometry":{"type":"Polygon","coordinates":[[[-6.7482170111698823,33.955783708824377],[-6.7478412722613106,33.956042386303309],[-6.7473399154978519,33.956415665680574],[-6.7472587947269842,33.956480939321253],[-6.74721636108446,33.95650950487201],[-6.7471269942385881,33.956561721258289],[-6.7470899152880248,33.956583482162195],[-6.7470528585832579,33.95660535284545],[-6.7470121432374448,33.956629499544988],[-6.746991475964327,33.956644538911547],[-6.7469577402247989,33.956669168786384],[-6.7469239572028643,33.95669396149944],[-6.7468902467824563,33.956718830984272],[-6.7468566485551769,33.956743747954683],[-6.7468306519031298,33.956763114133366],[-6.7468277325729034,33.956765326287503],[-6.7468212809250963,33.956770213541702],[-6.7467871605146144,33.956796148023258],[-6.7467532668410364,33.956822467867163],[-6.746720412538183,33.956848113638912],[-6.7466876725227296,33.956873802364917],[-6.7466638657101026,33.956892566850478],[-6.7466561502412876,33.956898593238293],[-6.7466234503030611,33.956924216579949],[-6.7465907117523347,33.956950003568963],[-6.7465580490075086,33.956975864590326],[-6.7465255005361593,33.957001767664465],[-6.7464994708991393,33.957022578043052],[-6.7464896286053087,33.957030696211305],[-6.7464577787034381,33.957057052618929],[-6.7464258966814228,33.957083572604489],[-6.746394093655752,33.957110162981046],[-6.7463624081080908,33.957136792670859],[-6.7463280065325417,33.957165836134379],[-6.7463110927187788,33.957183130327174],[-6.7462827471248614,33.957212207879451],[-6.7462544848143127,33.95724135307276],[-6.7461461373278988,33.957353485647914],[-6.7459843514266353,33.957470562113969],[-6.7459501154373935,33.957495426158765],[-6.7459158835885757,33.957520419118637],[-6.7458809515019587,33.957546043698329],[-6.7458642362127437,33.957560371198866],[-6.7458328748837824,33.957587340880529],[-6.7458014836392373,33.957614476821995],[-6.745770170336713,33.95764168497022],[-6.7457389745404015,33.957668934235919],[-6.7457159899201438,33.957689101145199],[-6.7457083525503325,33.957695776890858],[-6.7456772779975687,33.957723030248729],[-6.7456461735428084,33.957750450768351],[-6.7456151502624531,33.957777942558323],[-6.7455842423102279,33.957805474587595],[-6.7455591244113764,33.957827951566273],[-6.7455494418118107,33.957836959002236],[-6.7455194042298006,33.957864995736998],[-6.7454893464568384,33.95789319772576],[-6.745459370912573,33.957921469170373],[-6.7454295149415779,33.957949775398063],[-6.7454078075813486,33.957970449814134],[-6.7454007628652057,33.95797709933133],[-6.7453709372334032,33.95800534028249],[-6.7453410914382346,33.958033748291243],[-6.745311330022127,33.95806222483094],[-6.7452816870972701,33.958090736165666],[-6.7452619794266147,33.958109778308369],[-6.7452567263175736,33.958114634565135],[-6.7452264831209012,33.958142685157938],[-6.7451962165419292,33.958170904646437],[-6.7451660322194318,33.958199195394315],[-6.7451359642657023,33.958227523665542],[-6.7451122856858392,33.958249935485185],[-6.7451035440764517,33.958258418703359],[-6.7450741164292616,33.958287071974645],[-6.7450446697281006,33.958315894095477],[-6.7450153074059429,33.958344784747773],[-6.7449860646434914,33.958373709282057],[-6.7449604246485197,33.958399188700589],[-6.7449497057409546,33.9584106892015],[-6.7449220294715433,33.958440480742667],[-6.7448943481742338,33.958470438277878],[-6.7448667576377108,33.95850045706176],[-6.7448392887281319,33.95853050339322],[-6.7448200038027801,33.958551699129949],[-6.7448141471569816,33.958557984118954],[-6.7447864528998087,33.958587808288563],[-6.7447587514642242,33.958617799377137],[-6.744731140803311,33.958647852616238],[-6.744703652865577,33.9586779342931],[-6.7446848564484512,33.958698598963473],[-6.7446794705686157,33.958704322428481],[-6.7446515554421937,33.958734077688362],[-6.7446236310144085,33.958764002595593],[-6.7445957952248845,33.958793991479972],[-6.7445680811182509,33.958824011519042],[-6.7445444681724451,33.958849708081523],[-6.7445349106255934,33.958860797442497],[-6.7445075207903944,33.958892682688919],[-6.7444805646981081,33.958924971825681],[-6.7444547099718148,33.958956113660513],[-6.7444289789261473,33.958987275806969],[-6.7444100640305145,33.959010296522912],[-6.7444037882710948,33.959017899133116],[-6.7443781779850758,33.959049033817017],[-6.7443525745604322,33.959080333466247],[-6.7443270661702934,33.959111690711993],[-6.7443016825434183,33.959143068257895],[-6.7442962199395655,33.959149853143785],[-6.7442854221895914,33.959163266422607],[-6.7442814833108367,33.959167868627169],[-6.7442551980547147,33.959198684948461],[-6.7442289143044558,33.959229669899763],[-6.7442027234799831,33.959260716077551],[-6.7441766553099916,33.959291786185588],[-6.7441593276472434,33.959312539623724],[-6.7441546768206395,33.959317857443999],[-6.744127949654052,33.959348518845523],[-6.7441012207603777,33.959379349813489],[-6.7440745826837487,33.959410245638033],[-6.7440480662352087,33.959441169011292],[-6.7440245116496849,33.959468771422131],[-6.7440146369788563,33.959481409971424],[-6.7439899201102449,33.95951315457372],[-6.7439652144591617,33.959545065898624],[-6.7439406049112911,33.959577033907344],[-6.7439161200996889,33.959609020413552],[-6.7438949633414813,33.959636798186125],[-6.7438863526712867,33.959649008293745],[-6.7438634149028678,33.959681652796142],[-6.7438404991183347,33.959714460298819],[-6.7438176847512841,33.959747318115795],[-6.7437949993106834,33.959780185367258],[-6.7437708514593115,33.959815353678351],[-6.7437599507449786,33.959835211969107],[-6.7437410969426335,33.959869703875214],[-6.7437223066475349,33.959904314145064],[-6.7436690742192118,33.960003016522052],[-6.7436682720752721,33.960004058686714],[-6.7436439481873798,33.960035826953785],[-6.7436197261857824,33.960067605846938],[-6.7435956251177132,33.96009936720354],[-6.7435761895682678,33.960125076468067],[-6.7435688694338314,33.960135146064466],[-6.7435456586166271,33.960167156699974],[-6.7435224826528897,33.960199252635576],[-6.74349939866973,33.960231348481493],[-6.7434764225374071,33.960263420618574],[-6.7434583011957923,33.960288800105175],[-6.7434517653383654,33.960298213728372],[-6.7434293689911078,33.960330545691669],[-6.7434070876524723,33.960362826813146],[-6.7433848894984711,33.960395098920834],[-6.7433627839622936,33.960427342072201],[-6.7433444361392691,33.960454179608988],[-6.7433374106260544,33.960465037883303],[-6.7433163159481273,33.960497700380699],[-6.743295320033476,33.960530311309192],[-6.7432743952613476,33.960562904334765],[-6.7432536229806805,33.960595350517515],[-6.7432457012833797,33.960607751599426],[-6.7431258908220064,33.960758254049026],[-6.743101470065227,33.960788962621976],[-6.7430770658024013,33.960819689050396],[-6.7430527109260314,33.960850390593144],[-6.7430284021618521,33.960881065481473],[-6.7430022252775954,33.960914125134956],[-6.7429901944457908,33.960932732830067],[-6.7429773593236195,33.960952595551056],[-6.7429694925099728,33.960964770553815],[-6.7429488047107586,33.960996813533278],[-6.7429281553252141,33.961028821825309],[-6.7429075421474041,33.961060792747915],[-6.742880206483636,33.961103207403688],[-6.7428682373270705,33.961131559269297],[-6.7428537279507186,33.961165943107304],[-6.7428279310892716,33.961227125667172],[-6.7428134917544407,33.961243268166243],[-6.7427591380727376,33.96113097668438],[-6.7426293046116044,33.961169395451648],[-6.7425032655280184,33.961004001981628],[-6.7422495937446696,33.961072281569848],[-6.7421979723993548,33.961093057736633],[-6.7421501096728695,33.961119350101804],[-6.742106848009211,33.961150692386752],[-6.742068949549286,33.961186534397285],[-6.742037084254628,33.961226243954108],[-6.7420118117194043,33.961269120615448],[-6.741993578118274,33.961314408335937],[-6.7419827045244158,33.961361310021232],[-6.741979382747056,33.961408998395399],[-6.7419836723620374,33.961456634069627],[-6.7420129106793567,33.961530593513992],[-6.7420483929821469,33.961598088986072],[-6.7421116102817953,33.961708188887364],[-6.742167725533637,33.961801054130291],[-6.7422562219458664,33.961931364793124],[-6.7422900200631881,33.961973172782969],[-6.742283942448025,33.961983610473418],[-6.7422650442463024,33.962016065242118],[-6.7422528246873794,33.962037051338989],[-6.7422498968495495,33.962041746352888],[-6.7422299289437069,33.962073760736686],[-6.7422099599549581,33.962105776030292],[-6.7421899920197097,33.962137790406963],[-6.7421700240836753,33.962169805681803],[-6.7421559139524962,33.962192428201945],[-6.7421516946757762,33.962199005753789],[-6.7421312779279408,33.962230836435893],[-6.7421108600690349,33.962262666224134],[-6.7420904421951819,33.96229449600871],[-6.7420700253885881,33.962326325777994],[-6.7420554713730443,33.962349014369657],[-6.7420510445999797,33.962355753774276],[-6.7420302410686821,33.96238742443942],[-6.7420094375360655,33.962419096002463],[-6.7419886339883783,33.962450767561677],[-6.7419678304254518,33.962482439117039],[-6.7419475925987227,33.962513247818315],[-6.7419388459406893,33.962528675343016],[-6.7419203505184759,33.962561295288694],[-6.7419018561785151,33.962593916121392],[-6.7418833607285489,33.962626536060867],[-6.7418648663608334,33.962659156887355],[-6.7418613670536702,33.962665328983675],[-6.7418326390639951,33.962694877609643],[-6.7418046782946766,33.962723644193517],[-6.7417767452542652,33.962752385220924],[-6.7417390418981302,33.962791175068446],[-6.7417205222678946,33.962818306383966],[-6.7416990823716239,33.962849715944756],[-6.7416776424598632,33.962881125501447],[-6.7416562014504029,33.962912535065755],[-6.7416347615216559,33.962943945516116],[-6.7416181660727581,33.96296825675919],[-6.7416123592373642,33.962976892255995],[-6.7415911687136614,33.963008404644491],[-6.7415699781745992,33.96303991702905],[-6.7415487887023948,33.963071429398056],[-6.741527598132615,33.963102941774693],[-6.7415107563567016,33.963127987968342],[-6.741504645514989,33.963137335595128],[-6.7414839211128665,33.963169038678423],[-6.7414631956273263,33.963200742671205],[-6.7414424712088898,33.963232446648597],[-6.7414217456792107,33.963264149732076],[-6.7414056739058061,33.963288736721168],[-6.7414000367858886,33.963297501161826],[-6.7413795759248361,33.963329313235882],[-6.7413591150627239,33.963361126207914],[-6.7413386552539487,33.963392938262949],[-6.7413181943618925,33.963424751227578],[-6.7413038895906681,33.963446992421574],[-6.7412997091090734,33.963453286333888],[-6.7412787209670189,33.963484882172935],[-6.741257732795801,33.963516477106346],[-6.741236744623242,33.963548072937591],[-6.7412157564354285,33.963579668764979],[-6.741199883852806,33.96360356365075],[-6.7411945222542782,33.963611667658185],[-6.7411735993852551,33.96364328983443],[-6.7411526754187872,33.963674912018377],[-6.7411317525194079,33.96370653418689],[-6.741110829604728,33.963738156351539],[-6.741096073256986,33.96376046007412],[-6.7410916819706603,33.963766913163191],[-6.7410702939069225,33.963798344592526],[-6.7410489069099482,33.963829776006214],[-6.7410275188153657,33.963861207427499],[-6.7410061307052409,33.963892638844804],[-6.7409893868417576,33.963917245594921],[-6.7409834329188767,33.963926177548473],[-6.7409623868152471,33.963957749596368],[-6.7409413417784831,33.963989321628809],[-6.7409202956442869,33.964020893668931],[-6.7408992494809041,33.964052464803338],[-6.7408834654033569,33.964076144047588],[-6.7408781040775345,33.964084199334955],[-6.7408530143978549,33.964121897845772],[-6.7408303180121258,33.964160588952964],[-6.7408113065900599,33.964192996878005],[-6.7407922940715892,33.964225404811359],[-6.7407780360400498,33.964249711646524],[-6.7407732510863454,33.964257873493565],[-6.7407542483489431,33.964290285824795],[-6.7407352466656221,33.964322697239403],[-6.7407162438998878,33.96435510956411],[-6.7406972422021374,33.964387521873952],[-6.7406821015648628,33.964413346992217],[-6.7406766060984333,33.964423024386782],[-6.7406580880303029,33.964455636239613],[-6.7406395710166906,33.964488247175979],[-6.7406210529068753,33.964520858120856],[-6.7406025347832523,33.96455346906253],[-6.7405888408760566,33.964577584947968],[-6.740584379360989,33.96458538527741],[-6.7405657533613788,33.964617951371366],[-6.7405471262795666,33.964650518375471],[-6.7405284991698151,33.964683084474672],[-6.7405098731283521,33.96471565055915],[-6.7405004989741588,33.964732040676488],[-6.740500422792139,33.964732154227086],[-6.7404792401510409,33.964763669921481],[-6.7404580585768263,33.964795185600401],[-6.7404368759051012,33.964826701286889],[-6.7404189501430176,33.964853371476579],[-6.7404040592843284,33.964881297069375],[-6.7403897154352475,33.964908195875992],[-6.7403843839539865,33.964918684997293],[-6.7403674691108515,33.964951955150077],[-6.7403505553509104,33.964985226190286],[-6.7403336415641277,33.965018496326095],[-6.7403167266821598,33.965051766470765],[-6.7403040413273052,33.965076719294267],[-6.7402999060876159,33.965084834484088],[-6.7402829606830581,33.965118092323429],[-6.7402658124981496,33.965151748255849],[-6.7402472386283083,33.965188695074751],[-6.7402463183523098,33.965190856811532],[-6.7401869064804609,33.965207928453999],[-6.7400623722083797,33.965250870179851],[-6.7399359344048255,33.965342522909751],[-6.739868908821756,33.965441503536859],[-6.7398429524627721,33.965500350282525],[-6.739825110194948,33.965536955508782],[-6.7398187975173238,33.965549594361086],[-6.7397821142973244,33.965623043660997],[-6.7397605048384985,33.965670233066831],[-6.7397221133987824,33.965756322443617],[-6.7396946550867609,33.965818019827971],[-6.7396616554101758,33.965950011363162],[-6.7396967813216166,33.966024445767424],[-6.7397074212939421,33.966061740174979],[-6.7397235701507618,33.966120491828086],[-6.7397388956859237,33.966170837735859],[-6.7397335197431678,33.966179856330754],[-6.7397088955651974,33.966219175683584],[-6.7396981432656888,33.966236624848186],[-6.7396853610055532,33.966256856382529],[-6.7396649882536241,33.966289133457899],[-6.7396446149600351,33.966321446610387],[-6.7396242433030791,33.966353796718643],[-6.7396071083405635,33.966381036418483],[-6.7396005137699637,33.966392175736466],[-6.7395811355838111,33.966424937290839],[-6.7395617338250897,33.966457785674322],[-6.7395423402108978,33.966490671846131],[-6.7395229558512604,33.966523597598112],[-6.7395089115028064,33.96654748891379],[-6.7395045279937369,33.966554814875316],[-6.7394849115043858,33.966587640288587],[-6.7394652684734071,33.966620570600277],[-6.7394456401355942,33.966653542237658],[-6.7394260275872462,33.966686556090991],[-6.7394076344968488,33.966717575467619],[-6.7393999787152419,33.966732343565475],[-6.7393824730378276,33.966766163707895],[-6.7393649475633159,33.966800104911009],[-6.7393474465233529,33.966834087336274],[-6.7393299710141736,33.966868111873971],[-6.7393174829167064,33.966892484360194],[-6.7393136854498019,33.966899701232535],[-6.7392958337500275,33.966933689202477],[-6.7392780298217057,33.966967687481009],[-6.7392602568630346,33.967001729617458],[-6.7392425265147251,33.967035798351581],[-6.7392280101396942,33.967063770275224],[-6.7392225957827874,33.96707479954668],[-6.7392056906394311,33.967109317606052],[-6.7391888429112461,33.967143839558041],[-6.7391720348389441,33.967178407079174],[-6.7391552790623122,33.96721299748711],[-6.7391427859484345,33.967238877949711],[-6.7391386728836284,33.967247392388465],[-6.7391219344400017,33.967282126004491],[-6.7391052652887291,33.967316861582475],[-6.7390886433831234,33.967351643550344],[-6.7390720835135163,33.967386448301028],[-6.7390587273682634,33.967414629658322],[-6.7390538395644599,33.967425482835672],[-6.7390380232350964,33.967460705318771],[-6.7390222858418571,33.967495923347883],[-6.739006605435188,33.967531187662971],[-6.7389909967499459,33.967566471050112],[-6.7389795864566766,33.96759238320611],[-6.7389758492327188,33.967600774571828],[-6.7389602011309462,33.967636030417061],[-6.7389445809762387,33.967671414929924],[-6.738929026507817,33.967706848341408],[-6.7389135524052941,33.967742299830718],[-6.7389023837535893,33.967768020901318],[-6.7388987885230414,33.967776144691484],[-6.7388831888949543,33.967811529876734],[-6.7388676206550064,33.967847056319144],[-6.7388521330726139,33.967882619775786],[-6.7388367449341855,33.967918174951876],[-6.7388254531982676,33.967944411400921],[-6.7388217172232334,33.96795302641361],[-6.738806387514984,33.967988511515415],[-6.7387911039996089,33.9680241151692],[-6.7387759074134888,33.968059741340198],[-6.7387608113123827,33.96809535651402],[-6.7387497543809838,33.968121590444248],[-6.7387461044718648,33.968130172066353],[-6.7387310505121825,33.968165713732688],[-6.7387160427316042,33.96820137304929],[-6.7387011218667636,33.968237053981518],[-6.7386863015012421,33.968272724818448],[-6.7386747086962657,33.968300785363375],[-6.7386705536494409,33.968311219432067],[-6.7386563629010992,33.968347008896096],[-6.7386422215654491,33.968382915074216],[-6.7386281682008473,33.968418841053207],[-6.7386142152947661,33.968454754231878],[-6.7386043877339459,33.968480202094611],[-6.7386013336301405,33.968487831271183],[-6.7385870921517661,33.968523563546313],[-6.7385728990038682,33.968559412547137],[-6.7385587927587478,33.968595282262058],[-6.7385447880684275,33.968631140066982],[-6.7385333883780802,33.968660500845054],[-6.7385291626535366,33.968672182060729],[-6.7385161691668554,33.968708265347054],[-6.7385032293812044,33.968744462596291],[-6.7384903775399954,33.968780677843263],[-6.7384776271993001,33.968816877573566],[-6.738468967502083,33.968841621199097],[-6.7384664424591225,33.96884839153897],[-6.7384531023845797,33.968884324298124],[-6.7384398127918299,33.968920372858349],[-6.7384266122534893,33.968956441208178],[-6.7384135099966089,33.968992495879483],[-6.7384031851971811,33.969021090281124],[-6.7383994738445478,33.96903187313297],[-6.7383870824104379,33.969068047369532],[-6.7383747457600967,33.969104335557702],[-6.7383624981235011,33.969140640830432],[-6.7383503498098776,33.969176929708098],[-6.7383414350507271,33.969203743154765],[-6.7383384730504101,33.969212577151502],[-6.7383263907490685,33.969248795875593],[-6.7383143643139887,33.969285128539731],[-6.7383024268930756,33.969321478288556],[-6.738290587699507,33.969357810752335],[-6.7382813820280241,33.969386261506969],[-6.7382781251023038,33.9693967517983],[-6.7382668791011335,33.969433156383943],[-6.7382556932961801,33.969469674863511],[-6.7382445953683332,33.969506206832698],[-6.7382335978194181,33.969542720592059],[-6.7382260488024199,33.969567970906546],[-6.7382237782504566,33.969575102879539],[-6.7382122771876656,33.969611395643881],[-6.7382008341562791,33.969647802325248],[-6.7381894790437018,33.969684225201384],[-6.7381782232415848,33.969720630781048],[-6.7381697461309251,33.96974824671539],[-6.7381668423597292,33.969757842172015],[-6.7381558851650176,33.969794239146907],[-6.7381449881390294,33.969830748212402],[-6.7381341790184983,33.969867272570987],[-6.7381234691952843,33.969903778731542],[-6.7381152021529438,33.969932175247109],[-6.7381123044766822,33.969942519196572],[-6.7381021257032918,33.969979068382152],[-6.7380920092778611,33.970015730537028],[-6.7380819817993585,33.970052405268476],[-6.738072052495081,33.970089059108389],[-6.7380649205377532,33.97011560185426],[-6.7380626052400796,33.970123977992436],[-6.7380525605170725,33.970160518523961],[-6.7380425781281685,33.970197171123139],[-6.7380326846865666,33.970233836298931],[-6.738022888351094,33.970270481496577],[-6.7380156378406433,33.970297833587928],[-6.73801318667965,33.970307088704544],[-6.7380035508670364,33.970343685286913],[-6.7379939795536261,33.970380393913914],[-6.737984496105641,33.970417115129216],[-6.7379751108326804,33.970453815453077],[-6.7379679722679207,33.97048197262383],[-6.737965509788709,33.97049197010633],[-6.7379565272227442,33.970528673340887],[-6.7379476102111413,33.970565486805107],[-6.7379387984239214,33.970602245031436],[-6.7379343880805234,33.970620792392104],[-6.7379300173637136,33.970639312272851],[-6.7379235935118977,33.970666715950181],[-6.7379213977239791,33.970676107225032],[-6.7379128641053523,33.970712865182065],[-6.7379043960275862,33.97074973246707],[-6.737896017953461,33.970786610514018],[-6.7378877369317651,33.970823464976164],[-6.7378816611771555,33.970850770233653],[-6.7378796290425296,33.970859823358069],[-6.7378714324675677,33.970896609275023],[-6.7378633025301022,33.970933505410265],[-6.7378552625827854,33.970970411405716],[-6.7378473196884006,33.97100729381647],[-6.7378412075394056,33.971035964001764],[-6.737839094805782,33.971046392449473],[-6.7378316771170672,33.971083289089606],[-6.7378243303818932,33.971120295000183],[-6.7378170725276396,33.971157308979159],[-6.7378099116994283,33.971194297570101],[-6.737804991111723,33.971219998664942],[-6.7378034525462462,33.971227361804885],[-6.737795813843678,33.971264177827869],[-6.7377882450122577,33.971301103132781],[-6.7377807650895161,33.971338038309639],[-6.7377733822206824,33.971374949901872],[-6.7377679303795963,33.971402497402366],[-6.7377661279178866,33.971411564303679],[-6.7377588588309489,33.971448414252848],[-6.7377516596017752,33.971485372582187],[-6.7377445492678163,33.971522339881858],[-6.7377375359744986,33.971559282695303],[-6.7377321843882481,33.971587789622475],[-6.7377303521672429,33.971598018460426],[-6.7377237944840083,33.971634954602159],[-6.73771730771373,33.971671997309244],[-6.7377109138774722,33.971709030004078],[-6.7377046167356669,33.971746015669517],[-6.7376999774114381,33.971773608597914],[-6.7376983971259303,33.971783045599985],[-6.7376922737948597,33.971819931102623],[-6.7376862209610318,33.971856896118716],[-6.7376802544708134,33.97189384487988],[-6.7376743760172015,33.971930746704203],[-6.7376698861960822,33.971959263360446],[-6.7376683648044207,33.971969503306454],[-6.7376629380382029,33.972006354309372],[-6.7376575761918289,33.972043274062933],[-6.7376522920037223,33.972080175850643],[-6.7376470861398783,33.972117032609042],[-6.737643363608349,33.972143708450361],[-6.7376421483434825,33.972151964600322],[-6.737636767025748,33.972188816015979],[-6.7376314625893565,33.972225598968905],[-6.7376262271389518,33.972262363146726],[-6.737621060327962,33.972299086006259],[-6.7376172179322049,33.972326696569326],[-6.7376159435204297,33.972335963454178],[-6.7376109244362965,33.97237271990786],[-6.737605972576417,33.972409413413288],[-6.7376010821268961,33.972446088224579],[-6.7375962516863304,33.972482723613581],[-6.7375925079836048,33.972511402747948],[-6.7375912736080785,33.972521794748815],[-6.7375869454644164,33.972558502333889],[-6.7375815188274117,33.972605076476164],[-6.7375937564940465,33.973293930433535],[-6.737591217897946,33.973306587447269],[-6.737809890238494,33.973272906401974],[-6.7377981542730847,33.972612477904782],[-6.7378024008510176,33.972576032728171],[-6.7378067022210733,33.972539560811192],[-6.7378078330147808,33.972530036619709],[-6.7378114518193808,33.972502320214979],[-6.7378162539745174,33.972465892551178],[-6.7378211142930322,33.972429446227913],[-6.7378260339543843,33.972392987545625],[-6.7378310148871252,33.972356501151822],[-6.7378322737908958,33.972347353478305],[-6.7378360849817041,33.97231997051486],[-6.7378412174853288,33.972283486108168],[-6.7378464157003988,33.972246981157596],[-6.7378516819302412,33.972210464657188],[-6.7378517318554723,33.972210121410022],[-6.7378143106323396,33.971897579986774],[-6.7381518522162143,33.969834348233782],[-6.7386060991596022,33.969085853013127],[-6.7386075960178067,33.969081482739504],[-6.7386108835917504,33.969071931869067],[-6.7386207494561372,33.969044608594459],[-6.7386337332260862,33.969008878040668],[-6.7386468080349644,33.968973155530762],[-6.7386599697201834,33.968937451931737],[-6.7386732057942247,33.968901799844744],[-6.7386762547675199,33.968893625987043],[-6.7386853912910585,33.968867515411922],[-6.7386980275150341,33.968831642458696],[-6.7387107558047514,33.968795773930836],[-6.7387235709569246,33.968759923412186],[-6.7387364637170553,33.968724122567323],[-6.7387400218137161,33.968714286512075],[-6.7387506915674447,33.968686804016315],[-6.7387645712386588,33.968651267692017],[-6.7387785419755302,33.968615741214769],[-6.7387925996154303,33.968580235451576],[-6.738806730574936,33.968544782113462],[-6.7388101025352318,33.968536355879763],[-6.7388202225371581,33.968510150001244],[-6.738834050438359,33.968474559205085],[-6.7388479694049828,33.968438978255868],[-6.7388619752329282,33.968403415315507],[-6.7388760554764797,33.968367905690307],[-6.7388797863077592,33.968358534055],[-6.7388909240862169,33.968331575943324],[-6.7389056107498417,33.968296224875168],[-6.7389203885059414,33.968260885457191],[-6.7389352531642359,33.968225566753034],[-6.7389501900867428,33.96819030228869],[-6.7389538953246007,33.968181589296535],[-6.7389649898163979,33.968155267464283],[-6.7389799500384715,33.968119971180386],[-6.7389950013525635,33.968084686546533],[-6.7390101395824527,33.968049423528086],[-6.7390253489800864,33.968014213859206],[-6.7390291288648605,33.968005499164136],[-6.7390404445782304,33.967979206523829],[-6.7390556946743603,33.967943970260457],[-6.7390710347800118,33.967908745658619],[-6.7390864565423909,33.967873552648967],[-6.7391019389691182,33.967838433844349],[-6.7391057151086358,33.967829898660476],[-6.7391170468045392,33.967803803351906],[-6.7391323922450175,33.96776864722613],[-6.7391478106841891,33.967733522785053],[-6.7391632979457432,33.967698439993995],[-6.7391788382124131,33.967663426078509],[-6.739182672749747,33.96765481811677],[-6.7391941635049379,33.967628722000264],[-6.7392096549758396,33.967593704092124],[-6.7392252107872341,33.967558717961225],[-6.7392408267349824,33.967523771769386],[-6.7392565079803761,33.967488849227536],[-6.7392607458092115,33.967479439688105],[-6.7392733690999789,33.967452804753805],[-6.7392898167397535,33.967418237469403],[-6.7393063189929494,33.967383702967844],[-6.7393228727238332,33.967349208497666],[-6.7393394831213875,33.96731473957329],[-6.7393436171618522,33.967306182515252],[-6.739356061970093,33.967280401756163],[-6.7393727169786848,33.967246019831627],[-6.7393894190108474,33.96721166986908],[-6.739406162766417,33.96717735914028],[-6.7394229555989753,33.967143073136548],[-6.7394275533937646,33.967133704834303],[-6.7394411698718226,33.967107466907223],[-6.7394588066152057,33.967073579522356],[-6.7394764806551928,33.967039725105195],[-6.7394941899105758,33.967005909089224],[-6.7395119374476193,33.966972119717113],[-6.7395161555470615,33.966964102881356],[-6.7395289798461642,33.966939072916247],[-6.7395463733493388,33.966905209762849],[-6.7395637944508264,33.966871382386564],[-6.7395812420683532,33.966837590798875],[-6.7395987003710207,33.966803861323697],[-6.739604161265075,33.966793327570841],[-6.7396200285957795,33.966766566805333],[-6.7396395619625569,33.966733686345407],[-6.7396591142684841,33.966700841754559],[-6.7396786833629312,33.966668033957589],[-6.7396982565645249,33.966635282931598],[-6.7397029777368855,33.96662739238166],[-6.7397172983951492,33.96660303091469],[-6.7397366215406995,33.966570210405884],[-6.7397559560081719,33.966537423142071],[-6.7397753017974962,33.966504669123175],[-6.7397946472264785,33.966471962904336],[-6.7398000676052598,33.966462806746598],[-6.7398159240826505,33.966437597302971],[-6.7398362471137654,33.966405326147743],[-6.73985657384892,33.9663730856131],[-6.7398769042743183,33.96634087479714],[-6.7398902042927498,33.966319826011649],[-6.7399011360700518,33.966302084505088],[-6.7399264310079259,33.966261693719417],[-6.7399464595709189,33.966228090008009],[-6.7399568962248555,33.966200767700151],[-6.7399595329904765,33.966174147530076],[-6.7399508878940626,33.966133629222412],[-6.7399340104895389,33.966078183570424],[-6.739918223883282,33.96602075202793],[-6.7399038364821386,33.965970320344148],[-6.7398867445199384,33.965934101474744],[-6.7399032594993322,33.965868045089266],[-6.739925022219964,33.965819143153865],[-6.7399630839232429,33.965733793177726],[-6.7399832052715691,33.965689853804029],[-6.7400186483006221,33.965618887967054],[-6.7400253158524883,33.965605538232978],[-6.7400448745998602,33.965565411706528],[-6.7400660429059158,33.965517421588181],[-6.740106139422565,33.965458207947584],[-6.74017779291436,33.965406266694416],[-6.7402636475651754,33.965376662741072],[-6.740336724959592,33.965355663231328],[-6.7403876583594391,33.96533914853061],[-6.7404075473723353,33.965325867412972],[-6.7404232993939441,33.965305492177684],[-6.7404406125945897,33.965273976427305],[-6.7404492302995545,33.965253729852968],[-6.7404652657645823,33.965221831847657],[-6.7404822111197138,33.965188573984896],[-6.7404991564757033,33.965155317021214],[-6.7405033589188434,33.965147068529014],[-6.7405160442267666,33.965122115685993],[-6.7405329590461607,33.965088845515211],[-6.7405498727564668,33.965055574451611],[-6.7405667864677312,33.965022304287118],[-6.7405837012482914,33.964989034108243],[-6.740588297343562,33.964979992252715],[-6.7406018742260407,33.96495453021334],[-6.7406127022959561,33.964934224791648],[-6.7406257384106745,33.964914829180898],[-6.7406469210355002,33.964883313463417],[-6.740668102562652,33.964851797753589],[-6.7406892851567681,33.964820282028263],[-6.740692840438169,33.964814991412275],[-6.7407052785013315,33.96479324467569],[-6.7407239055683927,33.964760678551521],[-6.7407425315254432,33.964728111534022],[-6.7407611585646805,33.964695545403501],[-6.7407797845077297,33.964662979281435],[-6.7407843767141333,33.964654951173721],[-6.7407982001878741,33.96463060660588],[-6.7408167182546288,33.964597995636154],[-6.7408352363074107,33.964565384663288],[-6.7408537532641528,33.964532773698927],[-6.7408722712891542,33.96450016271983],[-6.7408771892451664,33.964491500705257],[-6.7408917371243815,33.964466686606038],[-6.7409107398490882,33.964434274256064],[-6.7409297414913825,33.964401862816118],[-6.7409487431055242,33.964369450471203],[-6.7409677457878105,33.964337038111395],[-6.7409725075169105,33.964328915286558],[-6.7409867666031351,33.964304609320166],[-6.741005777984296,33.964272201369738],[-6.7410247893512025,33.964239793416134],[-6.7410450293825113,33.964205290759999],[-6.7410674055484305,33.964171668912293],[-6.7410726959812166,33.96416371989617],[-6.7410884800370399,33.964140041530612],[-6.7411095261390113,33.964108469463632],[-6.7411305711435503,33.964076897404311],[-6.7411516172149559,33.964045325329558],[-6.741172663271076,33.964013753250804],[-6.7411781548674297,33.964005514375152],[-6.7411944298189219,33.963981596248104],[-6.7412158178827859,33.963950164799691],[-6.7412372059312693,33.963918733347285],[-6.7412585928820636,33.963887301902389],[-6.7412799808996207,33.96385587044194],[-6.7412850093241961,33.963848480682657],[-6.7413003897298074,33.963825235905112],[-6.7413213125825164,33.963793612808075],[-6.7413422354339962,33.963761990608909],[-6.7413631582702616,33.963730368405905],[-6.7413840810913053,33.963698746198993],[-6.7413893559538112,33.963690773885396],[-6.7414051407082169,33.963667011591447],[-6.7414261288483806,33.963635415733343],[-6.7414471169732115,33.963603819871338],[-6.7414681050967022,33.96357222490721],[-6.7414890931910278,33.963540629037446],[-6.7414939845154613,33.963533265087833],[-6.7415089826499042,33.963509945009783],[-6.7415294435061188,33.963478132916713],[-6.7415499043334535,33.963446319918184],[-6.7415703640775062,33.963414507829242],[-6.7415908248748959,33.963382694823288],[-6.7415961142289396,33.963374471621165],[-6.7416118338559121,33.963350424098294],[-6.7416325582407222,33.963318720094193],[-6.7416532837065493,33.96328701697648],[-6.741674008061131,33.963255312964783],[-6.741694733482821,33.963223608937774],[-6.7417002246675883,33.963215209505137],[-6.7417164336658457,33.963191104415316],[-6.7417376241886791,33.963159592007692],[-6.7417588136139397,33.96312807960777],[-6.7417800041060563,33.963096567192316],[-6.7418011945828145,33.963065054772834],[-6.7418066617568018,33.963056924353019],[-6.7418229142331816,33.963033115500785],[-6.7418443541299462,33.963001705920938],[-6.7418657940112219,33.962970296337048],[-6.7418872349453052,33.96293888583584],[-6.7419086747956039,33.962907476243892],[-6.741918420943791,33.962893197835271],[-6.7419449561449474,33.962865897631438],[-6.7419728902622769,33.96283715745782],[-6.7420008328795893,33.962808408167618],[-6.7420459550341736,33.962761995398758],[-6.7420605802308051,33.962736199966848],[-6.7420790756236988,33.962703579100754],[-6.7420975710166369,33.962670959133284],[-6.7421160652995678,33.962638338272576],[-6.7421345606647503,33.962605718298903],[-6.7421405582245351,33.962595138979204],[-6.74215770591021,33.962569033310317],[-6.7421785094386157,33.962537362626101],[-6.7421993129378688,33.962505691036348],[-6.7422201164220468,33.962474019442787],[-6.7422409209871166,33.962442348735465],[-6.7422458638179501,33.962434823665149],[-6.742260922988395,33.962411345901835],[-6.7422813408133644,33.962379515189063],[-6.7423017586373097,33.962347685374397],[-6.7423221753640972,33.962315855567546],[-6.7423425931442242,33.962284024843697],[-6.7423474021697309,33.962276527357517],[-6.742362090035992,33.962252979605431],[-6.7423820579204135,33.962220964300947],[-6.7424020258039734,33.96218894989461],[-6.7424219936589891,33.96215693458295],[-6.7424419615132214,33.962124920169494],[-6.7424462656019077,33.962118018824398],[-6.7424597884035053,33.962094796500558],[-6.7424786854674545,33.962062341715018],[-6.7424975835995022,33.962029886914635],[-6.7425164806352385,33.961997432122615],[-6.7425353787390723,33.961964977315795],[-6.7425394065633624,33.961958059988845],[-6.7425277387710683,33.961944394377277],[-6.7424404538035967,33.961836424079046],[-6.7423586954327943,33.961716034179453],[-6.7423059233733813,33.961628704114958],[-6.7422452095424994,33.961522962429548],[-6.7422152892583593,33.961466049617158],[-6.7421963094298292,33.961418040178572],[-6.7421966119563992,33.961390588133703],[-6.742201935660181,33.961363495338148],[-6.7422121561315995,33.961337397148036],[-6.7422270349159348,33.961312903085009],[-6.7422462236754193,33.96129058596874],[-6.7422692726518667,33.961270969200321],[-6.7422956434305226,33.961254512195488],[-6.742324717416361,33.96124159856943],[-6.7424103577754169,33.961218547523387],[-6.7424885353880866,33.961321134744288],[-6.7425386002936643,33.961387632310334],[-6.7426282362096464,33.961361108425017],[-6.7426360195680335,33.961358804546983],[-6.7426392484105229,33.96136547543064],[-6.7426537692231738,33.961395473307817],[-6.7427227110861319,33.961523054967955],[-6.742778385600567,33.96160718001908],[-6.7427981906347192,33.96158033868133],[-6.7428209630822611,33.961549476495527],[-6.7428437366097596,33.961518615195367],[-6.7428665090248892,33.961487753000561],[-6.7428747327310052,33.961476606836321],[-6.7428973520391962,33.96145132081476],[-6.7429236580179728,33.961421911531311],[-6.7429499650610705,33.961392502230368],[-6.7429762710181889,33.961363093836944],[-6.7430025780256964,33.961333684524305],[-6.743007683022098,33.961327977680213],[-6.7430225479190646,33.961309676899013],[-6.743057925368241,33.961225770529623],[-6.7430724231738708,33.961191412946619],[-6.7430788311550645,33.961176235882917],[-6.7430982190011539,33.961146152186835],[-6.7431188067559082,33.961114220286873],[-6.7431394243923881,33.961082261907904],[-6.7431600740750035,33.961050277026764],[-6.7431679408697045,33.961038102012381],[-6.743180749547351,33.961018281042442],[-6.7431882073697853,33.961006747142299],[-6.74320902822212,33.960980450396029],[-6.7432332796135555,33.960949847337481],[-6.7432575696953272,33.960919227624835],[-6.7432819017138641,33.960888591223245],[-6.7433062650982167,33.960857954479962],[-6.7433643096019296,33.960785041436345],[-6.7433767879632045,33.960790224186979],[-6.7433833786751132,33.960779384104214],[-6.7434032743679699,33.960746735362626],[-6.7434232082004506,33.960714104245767],[-6.743428624944106,33.960705250975643],[-6.7434445982739302,33.960680244470993],[-6.7434653123776638,33.960647889069435],[-6.7434861165877713,33.960615482191791],[-6.743506986696957,33.960583068290077],[-6.7435279322495836,33.960550634635396],[-6.7435337589924611,33.96054162905267],[-6.7435507933038732,33.960516714866777],[-6.7435727569179145,33.960484676129084],[-6.7435947994301308,33.96045263112925],[-6.7436169166232487,33.960420587127508],[-6.7436391223563845,33.960388530446977],[-6.7436449932737332,33.960380073631264],[-6.7436623560534867,33.960355757460128],[-6.7436851573469898,33.96032393067393],[-6.7437080473750122,33.960292103832877],[-6.743731021948161,33.960260286000654],[-6.7437540642116325,33.960228507120213],[-6.74376033936597,33.960219875505054],[-6.7437786696776305,33.960195628300056],[-6.7438025564429793,33.960164149694151],[-6.7438265418208836,33.960132679945715],[-6.7438506227320074,33.9601012299103],[-6.7438607979365379,33.960088001928732],[-6.7438605929994209,33.96008790762626],[-6.7439196249191307,33.959978452008158],[-6.7439381910070004,33.959944255373834],[-6.7439568584038998,33.95991010184126],[-6.7439636009471453,33.959897819785716],[-6.7439827504752934,33.95986993187045],[-6.7440051754416759,33.959837441662543],[-6.7440277102605037,33.959804987248347],[-6.7440503443053048,33.959772581368235],[-6.7440730532856605,33.959740263063786],[-6.7440796992743639,33.959730839204212],[-6.744098740746554,33.959705838455797],[-6.7441229422280466,33.959674220218361],[-6.7441472493438814,33.959642645034222],[-6.7441716525497375,33.959611125632129],[-6.7441961210207104,33.959579698418224],[-6.7442034803318309,33.959570280423215],[-6.74422432085594,33.959545858292344],[-6.7442505310781886,33.959515291707973],[-6.7442768416485119,33.959484776349704],[-6.7443032408583878,33.959454324969485],[-6.7443296989232273,33.959423971256726],[-6.7443356462060393,33.959417172148591],[-6.7443541905914461,33.959394961709776],[-6.7443799579730257,33.959364250136694],[-6.7444058267292117,33.959333586171226],[-6.7444317873157695,33.959302982542162],[-6.7444578078119131,33.959272474765555],[-6.7444634455676225,33.959265888210723],[-6.7444759700025481,33.959250329737984],[-6.7444812966767227,33.959243714054111],[-6.7445063871442441,33.959212698569615],[-6.7445315821771334,33.959181727051053],[-6.7445568700670115,33.959150812250535],[-6.7445822243039446,33.959119989626082],[-6.7445885297975696,33.959112350612592],[-6.7446074361783115,33.959089340784281],[-6.7446328696967806,33.959058538040573],[-6.7446584066983766,33.959027779274301],[-6.7446843723654757,33.958996675889303],[-6.7447108138091956,33.958965894773549],[-6.744718337372662,33.9589571667263],[-6.7447397863280045,33.958933823836205],[-6.7447671800116833,33.95890415172039],[-6.7447946718924756,33.958874531754809],[-6.7448222524122334,33.958844975766425],[-6.744849886404193,33.958815519306413],[-6.7448562732338937,33.958808733488674],[-6.7448760061473321,33.958787038705573],[-6.7449031769088279,33.958757304917619],[-6.74493044692165,33.958727621464774],[-6.7449578066277684,33.958698000174081],[-6.7449852230247656,33.958668476573393],[-6.7449917301429103,33.958661491943744],[-6.7450116152946276,33.958639637672654],[-6.7450387659330042,33.958609938340452],[-6.7450660169048096,33.95858028933155],[-6.7450933575419967,33.958550700681286],[-6.7451207548562069,33.95852120881927],[-6.7451288802748977,33.958512491416442],[-6.7451517573619224,33.958489758115796],[-6.7451806610934346,33.958461167275139],[-6.7452096609408771,33.958432634017271],[-6.7452387429897769,33.958404168412393],[-6.745267875278361,33.958375803271622],[-6.7452756284170228,33.958368279442716],[-6.745298257355242,33.958346861020402],[-6.7453279764606098,33.958318861137123],[-6.745357787367209,33.95829091978451],[-6.7453876794487764,33.958263049702929],[-6.7454176174693554,33.958235281934989],[-6.7454243409726562,33.958229066067311],[-6.7454454370528758,33.958208682311771],[-6.7454747365672816,33.958180501110988],[-6.7455041300193361,33.958152376614194],[-6.7455336067549903,33.958124319758404],[-6.7455631315800844,33.9580963642914],[-6.7455703843097483,33.958089518625151],[-6.7455922516510043,33.958068691848091],[-6.745621760939712,33.958040713986115],[-6.7456513652480083,33.958012792816312],[-6.7456810517578933,33.95798493929891],[-6.745710786329413,33.957957185366681],[-6.74571895278876,33.957949588523803],[-6.7457424747186012,33.95792853921116],[-6.7457730228842117,33.957901327571655],[-6.7458036628648079,33.957874175363877],[-6.7458343807879579,33.9578470953631],[-6.7458651414040096,33.957820117710334],[-6.745872795849599,33.957813426439884],[-6.745895749503287,33.95779328689207],[-6.7459265832958231,33.957766354432906],[-6.7459575078630492,33.957739484122008],[-6.7459885103450254,33.957712684214442],[-6.746019554451772,33.957685987568063],[-6.7460302817513611,33.9576767920965],[-6.7460587115797361,33.957655937987695],[-6.7460925410271626,33.957631237918427],[-6.746126415261946,33.957606635663595],[-6.7462075785688205,33.957547902812664],[-6.7462160676783141,33.957554021933944],[-6.7462273564207322,33.957544181875065],[-6.7462581564407698,33.957517457126279],[-6.746289049344008,33.957490790895328],[-6.7463200201482465,33.957464194165823],[-6.7463510336319148,33.957437698882266],[-6.7463575124031445,33.957432181847281],[-6.7463520167320192,33.957428005680597],[-6.7464229551106474,33.957354588996118],[-6.7464509233565231,33.957325745451286],[-6.746478981281359,33.957296963165533],[-6.7464892819254514,33.95728643113722],[-6.7465162799080245,33.95726363793019],[-6.7465475968555122,33.957237317904863],[-6.7465790045359135,33.957211057321928],[-6.7466104912132998,33.957184867130159],[-6.7466420183921318,33.957158777505512],[-6.7466505344868768,33.957151753142568],[-6.7466751679249501,33.957132058948766],[-6.7467073368554908,33.957106457540426],[-6.746739593314329,33.957080918313999],[-6.7467719255518617,33.957055451316613],[-6.7468042950865543,33.957030087626038],[-6.746812241543604,33.957023881073958],[-6.7468362279918406,33.957004974837069],[-6.7468685862626563,33.956979585095453],[-6.7469010320619667,33.956954257535664],[-6.7469338744908951,33.956928754342862],[-6.7469670118669587,33.95690356813774],[-6.7469733329924217,33.956898778781877],[-6.7469755837366749,33.956897073459878],[-6.7470007222722863,33.956878345095816],[-6.7470339289106116,33.956853720001398],[-6.7470672198729247,33.956829159828246],[-6.7471005823415364,33.956804675536901],[-6.7471339756289739,33.956780295523366],[-6.74714640852301,33.956771247550151],[-6.7471781571817617,33.956752418279621],[-6.7472147763533048,33.956730806599261],[-6.7472514391900589,33.956709290037821],[-6.7473466474161441,33.956653660217384],[-6.7474022527045436,33.956616228072107],[-6.7474872474325345,33.956547837230332],[-6.7479823558776451,33.956179210625663],[-6.7483329041207778,33.955937875750919],[-6.7482170111698823,33.955783708824377]]]},"properties":{"arrondissement":"Hssaine","PA":"PAS Retenue du Barrage Sidi Mohammed Ben Abdellah et de ses abords","objectid":323,"shape.STArea()":43215.960852999997,"shape.STLength()":4730.0836392186675,"Prefecture":"Salé"}},{"type":"Feature","id":324,"geometry":{"type":"Polygon","coordinates":[[[-6.734603868541182,33.978456156991541],[-6.7346008203675618,33.978492355609184],[-6.7345627368634187,33.978724945789708],[-6.7345336118843591,33.978835840534011],[-6.7345076934897783,33.978857244010065],[-6.734472423769998,33.978874271091399],[-6.7344236777721518,33.978861649147539],[-6.7341558545070948,33.978787124579156],[-6.7338176348330592,33.978684546727983],[-6.7329389157129249,33.978391393904189],[-6.7328642007691197,33.978560753179558],[-6.7337403435300196,33.978853045608268],[-6.7340845174878625,33.978957429843085],[-6.7343572489119961,33.979033320030339],[-6.7344489827349516,33.979057073164519],[-6.7345177956750151,33.979060824207082],[-6.734640330173808,33.979001666068577],[-6.7347186487955044,33.978936994995685],[-6.7347363805784122,33.978907612327347],[-6.7347758558483415,33.978757306187561],[-6.734603868541182,33.978456156991541]]]},"properties":{"arrondissement":"Hssaine","PA":"PAS Retenue du Barrage Sidi Mohammed Ben Abdellah et de ses abords","objectid":324,"shape.STArea()":4078.839896515,"shape.STLength()":465.07401295022254,"Prefecture":"Salé"}},{"type":"Feature","id":325,"geometry":{"type":"Polygon","coordinates":[[[-6.7172496571723457,33.998267205065446],[-6.7175763884931472,33.997988597114023],[-6.7176122702499148,33.997958432885859],[-6.7176017872845852,33.997901697491692],[-6.7175975031356971,33.997858302272867],[-6.7176005994085726,33.997814836654676],[-6.7176110134304921,33.997772167088741],[-6.7176285382798469,33.997731144407027],[-6.717652823609745,33.997692586677708],[-6.7176833862023839,33.997657261057327],[-6.7177196173834464,33.997625872890602],[-6.7178730579380037,33.997532304575728],[-6.7179861473615601,33.997506416448722],[-6.7181131117894024,33.997506879134967],[-6.7182038416958036,33.997524143234337],[-6.7183317926849888,33.99758657891033],[-6.7183804715763129,33.997620158215767],[-6.7184452307278688,33.997693108893756],[-6.7184868675538603,33.997776466914289],[-6.7185044493395507,33.997865711129272],[-6.7184957210354614,33.997956592227645],[-6.7184609592095388,33.998043292047967],[-6.7184363493382042,33.998075642182201],[-6.7184434871571304,33.998093984117155],[-6.7185520391689648,33.998301078582934],[-6.7186395102784129,33.998463129161415],[-6.718736323056322,33.998621390005653],[-6.7188879211493955,33.998859775022083],[-6.7190294564197259,33.999075975217323],[-6.7192168351738761,33.999359544579093],[-6.7193493433690206,33.999570602289261],[-6.7194538388271283,33.999744032221109],[-6.7194640268104653,33.999752282539873],[-6.7194781621042221,33.999753497306834],[-6.7194901577451445,33.999747152604982],[-6.7199398935592098,33.999275041676142],[-6.7203830906535398,33.998797504627213],[-6.7208818913669948,33.998222180857752],[-6.721309132452542,33.997688577855008],[-6.7217060770470018,33.997144151150295],[-6.7220443787480093,33.996647389616115],[-6.7224762405634744,33.995984557796071],[-6.7227808067247548,33.99550783966022],[-6.7240340667848075,33.99356958328918],[-6.7245151848050986,33.992841804904813],[-6.7250484901249443,33.992016569150088],[-6.7254072958678854,33.991475662801577],[-6.7257551912399069,33.990971053794439],[-6.7260673722823627,33.990533572817604],[-6.7265961021343408,33.989822887627312],[-6.7269498713592828,33.989364850244961],[-6.7273326330648029,33.988877917035815],[-6.7277524956772101,33.988369102213163],[-6.728081448157849,33.987982393625956],[-6.7289190117459334,33.987029279050347],[-6.7289556488812501,33.98698307165607],[-6.7289790011091757,33.986945188775969],[-6.7291165327897557,33.986693733251684],[-6.7291408419001915,33.986654501804168],[-6.7291696403872923,33.986617437719367],[-6.7303870267989465,33.985204573498144],[-6.7306677665972421,33.984844846625379],[-6.7309076474762444,33.98453031404766],[-6.7304422381231221,33.984274864193289],[-6.7304699349917643,33.98424570195693],[-6.7307917660228584,33.98378640241588],[-6.7310294972480946,33.983199887901023],[-6.7311850752429256,33.9823514323353],[-6.7312030040936506,33.982272792246434],[-6.7312374978370766,33.982156532085071],[-6.7312789791165946,33.982042210633786],[-6.7313453446711735,33.981892723947318],[-6.7314259246034007,33.981748325128507],[-6.7314921123336413,33.981644160348694],[-6.7315397266689017,33.981575685341369],[-6.7316679733101727,33.981410598404061],[-6.7317520878969273,33.981315518679303],[-6.7318113966040283,33.981253789714408],[-6.7319664078144896,33.981106185727171],[-6.7320341315886436,33.98104907045051],[-6.7321390961165193,33.980968606386014],[-6.7322498343117987,33.980892617257304],[-6.7324032271059586,33.980799568109646],[-6.7332716536302062,33.980319044961838],[-6.7337325179362901,33.98005614747224],[-6.733925733826621,33.979939672753261],[-6.7339847910603439,33.979899743716466],[-6.7340718047347572,33.979834901122345],[-6.7341565148832272,33.979766412364228],[-6.7342357766928584,33.979696399687192],[-6.7343320377298621,33.979595677382946],[-6.734448366311204,33.979461594574545],[-6.7342091352244164,33.979218894836144],[-6.7340030866265304,33.979140387642424],[-6.732990350686892,33.978826825189579],[-6.7327770282389023,33.97875834830073],[-6.7327028158797644,33.97892656573908],[-6.7329134055692901,33.978995420858531],[-6.7339197752373758,33.979306992742295],[-6.7340742767501212,33.979366281741846],[-6.7341752852179972,33.979468755748194],[-6.7340727291894096,33.979577678094493],[-6.7340025912480002,33.979639570420396],[-6.7338711537036575,33.979743132769784],[-6.7337651779771699,33.979814784267383],[-6.7336080988891505,33.979908538176353],[-6.7331505024596696,33.980169543486724],[-6.7322810810096403,33.980650646396775],[-6.732157467013705,33.980724390639558],[-6.7320362106405254,33.980804419205484],[-6.73192064904321,33.980890065305232],[-6.7318457341012534,33.980950462245531],[-6.7317400289713811,33.981045281866933],[-6.7316446428168959,33.981138749817148],[-6.7315808244088844,33.981205173103099],[-6.731490965114503,33.981306733323642],[-6.7314335509114773,33.981377099996585],[-6.7313542152190049,33.981482686960781],[-6.7312554784609766,33.98163022964129],[-6.7311668343521802,33.981782427784395],[-6.7311074577008032,33.981904750503986],[-6.7310426402483667,33.982067767669982],[-6.7310032279334751,33.982191662099957],[-6.7309717190349074,33.982320747602863],[-6.7308182860546877,33.983157193292534],[-6.7305936795238601,33.983711323291914],[-6.7302906559745379,33.98414378215611],[-6.7301259191244345,33.98431723558005],[-6.7306112937747704,33.984583644241646],[-6.7302081448323738,33.985102828851751],[-6.7289938532358411,33.986512142138139],[-6.7289535354908034,33.986564030716025],[-6.7289195035186706,33.986618955043454],[-6.7287675567942573,33.98689676446007],[-6.7279057891922998,33.987876935565865],[-6.7275749378252225,33.988265876118014],[-6.7271528221428367,33.988777421647328],[-6.7267682500840449,33.989266656129395],[-6.726413018290077,33.98972658528956],[-6.7258822685232511,33.990439984088049],[-6.7255682328134467,33.990880061783905],[-6.7252186386724686,33.991387134124558],[-6.7248583746700676,33.991930236086382],[-6.7243250278854472,33.992755533712327],[-6.7238437574165593,33.993483541162107],[-6.7225899929723898,33.995422574788385],[-6.7222854979798372,33.995899179884887],[-6.7218550265352235,33.996559876095418],[-6.7215193168819836,33.997052829153823],[-6.7211264276036955,33.997591691278728],[-6.720703970951261,33.998119317063193],[-6.7202096019547533,33.998689529455596],[-6.7197694035504032,33.999163835395144],[-6.7195095738573754,33.999436591161931],[-6.7194076619365175,33.999274266707701],[-6.7190786686549036,33.998774392041462],[-6.7189284889163883,33.99853823525897],[-6.7188348504090376,33.998385165664004],[-6.7186736294474372,33.998082272009476],[-6.7187094719861404,33.997992877697598],[-6.7187224080546502,33.99785818914993],[-6.7186964744982323,33.997726559387907],[-6.7186350313034433,33.997603547315791],[-6.7185389087257485,33.997495266027336],[-6.7184563977887795,33.997438348922557],[-6.7182845523700836,33.997354494999016],[-6.7181380002284747,33.997326608930464],[-6.7179573966231896,33.997325950243258],[-6.7177772700865637,33.997367185266768],[-6.7175837682447934,33.997485182493307],[-6.7175191916504531,33.997539654388909],[-6.7174656186350905,33.997601855895475],[-6.7174243622681216,33.997670261689393],[-6.7173964355433684,33.997743193577584],[-6.7173825227737627,33.997818862282692],[-6.717382966196916,33.997895412676492],[-6.7171180653738363,33.998121296322168],[-6.7172496571723457,33.998267205065446]]]},"properties":{"arrondissement":"Hssaine","PA":"PAS Retenue du Barrage Sidi Mohammed Ben Abdellah et de ses abords","objectid":325,"shape.STArea()":65817.550087220006,"shape.STLength()":6619.9605196339153,"Prefecture":"Salé"}},{"type":"Feature","id":326,"geometry":{"type":"Polygon","coordinates":[[[-6.7384104109286653,33.983496673817449],[-6.7384268175553155,33.983508235528227],[-6.7384283962764542,33.983509306322091],[-6.7384619750156736,33.983532081551012],[-6.7384955548687593,33.983554857660927],[-6.7385291336431683,33.98357763287143],[-6.7385627135176396,33.983600408061214],[-6.7385962868594191,33.983623179704296],[-6.7386298525999049,33.983645948713985],[-6.7386634293213934,33.983668726616102],[-6.7386970071290611,33.983691503595701],[-6.7387305838719316,33.98371428057763],[-6.7387630140550794,33.983736279761274],[-6.7387952044517219,33.983758525005406],[-6.738828532936453,33.983781558041152],[-6.7388618625211567,33.98380459105627],[-6.7388951910273223,33.983827623172154],[-6.738924017689774,33.983847545029484],[-6.7389519993383464,33.983868343515709],[-6.7389843452704907,33.983892386289298],[-6.739016691234494,33.983916429956118],[-6.7390490372163088,33.98394047361429],[-6.7390872456722546,33.983968873785017],[-6.7390906709610654,33.983971182045458],[-6.7390901960424241,33.984068618476044],[-6.7391089416731003,33.984171919062867],[-6.739146636471343,33.984271966037966],[-6.7392025202265007,33.984366353193117],[-6.7392767833375791,33.984454435432859],[-6.7393028716518764,33.984476353465872],[-6.7393012624477802,33.984492068702998],[-6.7392971092382021,33.984525576267941],[-6.7392926583997896,33.98456147968804],[-6.7392882086401853,33.984597383095938],[-6.7392837577805267,33.984633285613057],[-6.7392793531937816,33.984668818768036],[-6.7392748325293317,33.984704336929568],[-6.739270263461389,33.984740227180318],[-6.7392656943757823,33.984776116528671],[-6.739261126368886,33.984812005864811],[-6.7392566045653801,33.984847521330174],[-6.7392519656154866,33.984883022715358],[-6.7392472772069425,33.984918898004757],[-6.7392425898909876,33.984954774183628],[-6.7392379014747856,33.984990649471733],[-6.7392331792246072,33.985026788468154],[-6.7392285415560407,33.985062936480396],[-6.7392239366451783,33.985098821696113],[-6.7392193328268988,33.985134707801436],[-6.7392147289910058,33.985170593004298],[-6.7392099955610067,33.985207483378296],[-6.7392055918380125,33.985244411713168],[-6.7392013090279645,33.985280334066516],[-6.7391970251318822,33.985316256430814],[-6.7391927423286422,33.985352179684639],[-6.7391886674559887,33.985386350176604],[-6.739184062221657,33.985420459598849],[-6.7391792208353314,33.985456317573863],[-6.739174378362514,33.98549217555982],[-6.7391695369681974,33.985528033533505],[-6.7391642571857968,33.985567130314536],[-6.7391601064113598,33.985606354816397],[-6.7391562997033798,33.985642332499111],[-6.7391524929922459,33.985678310181235],[-6.7391477033951492,33.98572357595129],[-6.7391476994680763,33.985723602147615],[-6.7391249672278395,33.985860250936867],[-6.7390518317257859,33.986306232999802],[-6.7390690321502458,33.986308279480546],[-6.739277333116954,33.986263691747432],[-6.7393394613743878,33.98588483467541],[-6.7393621634631069,33.985748358425298],[-6.7393633811161484,33.985739412340983],[-6.7393681705880031,33.985694145661256],[-6.7393719772244625,33.985658168874465],[-6.739375783843883,33.985622191185428],[-6.7393797058643603,33.985585130914423],[-6.7393846929442365,33.985548193634912],[-6.7393895353334248,33.985512335641516],[-6.739394376636124,33.985476477659134],[-6.7393992179348299,33.985440619676048],[-6.7394039815927993,33.985405344231417],[-6.7394081953761544,33.985370006122821],[-6.7394124781052156,33.985334083763597],[-6.7394167618991752,33.985298160490466],[-6.7394210446210749,33.985262238129991],[-6.7394253676487921,33.985225980742406],[-6.7394300149574677,33.985189760471314],[-6.7394346186916971,33.985153874359042],[-6.7394392224359381,33.985117989147824],[-6.7394438272589463,33.985082103924412],[-6.7394484426375856,33.985046131105562],[-6.739453141515507,33.985010167313895],[-6.7394578298439418,33.984974292018002],[-6.7394625181546095,33.984938415819762],[-6.7394672064753038,33.98490254052259],[-6.7394718772250712,33.984866789871276],[-6.7394764308282573,33.984831025140025],[-6.7394809987333746,33.984795134894576],[-6.7394855677311796,33.984759245538648],[-6.7394901356426438,33.984723356193562],[-6.7394946892169099,33.984687590558018],[-6.7394991234798809,33.98465181086565],[-6.7395035742376521,33.984615907439419],[-6.7395080239092602,33.984580004024082],[-6.7395124746735728,33.984544101498322],[-6.7395168262093081,33.984508996388307],[-6.7395204293825,33.984473804582962],[-6.7395228524663473,33.984450135122394],[-6.7395228317883991,33.98443453020294],[-6.7395195776720813,33.984419162779872],[-6.7395131892421896,33.984404493553093],[-6.739503858423495,33.984390963290373],[-6.7394918631954157,33.984378976666214],[-6.7394434311275218,33.984338285154053],[-6.7393893038285704,33.984274085819024],[-6.7393482048676736,33.984204672318093],[-6.7393205211080254,33.984131194025423],[-6.7393067713930481,33.984055426605217],[-6.7393071366051256,33.983980469675771],[-6.7393128163521929,33.983944224825976],[-6.739313639395335,33.983928921128516],[-6.7393113406614491,33.983913722956707],[-6.7393059875214298,33.983899067901277],[-6.7392977337201154,33.983885378199467],[-6.739286818140882,33.983873050827469],[-6.7392735558680235,33.983862439558543],[-6.7392631870193567,33.983855452654453],[-6.7392274856873282,33.983831393514301],[-6.7391931848294062,33.983805898037382],[-6.7391608388716033,33.98378185531692],[-6.7391284929178807,33.983757811686182],[-6.7390961469819706,33.983733768046847],[-6.7390652554671986,33.983710806434324],[-6.7390334272142818,33.98368881081462],[-6.7390000976284279,33.983665777844138],[-6.7389667691565958,33.983642745754764],[-6.7389334396060621,33.983619712766163],[-6.7389004908776791,33.983596942653513],[-6.738867295966819,33.983574424982685],[-6.7388337181458642,33.983551647146001],[-6.7388001414388645,33.983528870190291],[-6.7387665636669869,33.983506093236961],[-6.7387329858988183,33.983483315372709],[-6.7386994125752455,33.983460543765098],[-6.7386658338014502,33.983437768599174],[-6.7386322550453297,33.983414993424105],[-6.7385986752242548,33.983392218251403],[-6.7385650965032431,33.983369443057946],[-6.7385453177153458,33.983355504881104],[-6.737205878150518,33.982443679750261],[-6.736911381624819,33.982149913072966],[-6.7368940765852772,33.982132840371918],[-6.7368833304397269,33.982121779017007],[-6.7368564831974833,33.98209414166589],[-6.7368292557015987,33.982066768106968],[-6.7368016279634801,33.982038992067437],[-6.7367740002568013,33.982011216923205],[-6.7367463725539904,33.981983440870899],[-6.7367406732734532,33.981977710746058],[-6.736719307851005,33.98195622969186],[-6.7366917118659018,33.981929387631716],[-6.736663542189163,33.981901987112956],[-6.7366353736125486,33.981874586576012],[-6.7366072039851028,33.981847186945721],[-6.7365797377509411,33.981820470640592],[-6.7365516234699427,33.981794204064485],[-6.7365412074886448,33.981784473030736],[-6.7364373747827617,33.98172174247064],[-6.736049992255106,33.981374974799706],[-6.735915377604063,33.981314282064275],[-6.7357804103668562,33.981298621784312],[-6.7356208506940041,33.981327912400133],[-6.7355413955000971,33.981370563264733],[-6.7354692277700376,33.981409302514493],[-6.7351248381076365,33.981682638770927],[-6.7345617335736963,33.982196207238545],[-6.7340420893167483,33.982667286431735],[-6.7336689051245315,33.983000583204266],[-6.7336581493235625,33.983011313680223],[-6.7336305208390383,33.983038981516025],[-6.7336028283446057,33.983066712256061],[-6.7335751358463387,33.983094443891417],[-6.7335474444127925,33.983122175508868],[-6.7335297873947066,33.983139858036161],[-6.7335305972533348,33.983139155873502],[-6.7335195823427005,33.983150076684851],[-6.7335297873947066,33.983139858036161],[-6.7335155046265269,33.983152228675259],[-6.7334984497472616,33.983163502380172],[-6.7334797369744246,33.983172774433378],[-6.7334154269304847,33.983199952450697],[-6.733395911453754,33.983209688481878],[-6.7333782210895885,33.983221600246274],[-6.7333627019416777,33.983235454082703],[-6.7331755878122266,33.983427925961522],[-6.7331602052373958,33.983446807169706],[-6.733148851867587,33.983467572802439],[-6.7331162792882564,33.983543567765921],[-6.7331048158091367,33.983564496902787],[-6.733089259759355,33.983583505307585],[-6.7330790024918485,33.983593996839247],[-6.73305165759849,33.983621967255075],[-6.7330243116049839,33.983649937676141],[-6.7329969655801323,33.983677907189247],[-6.7329694330116201,33.983706068074433],[-6.7329417166094148,33.983734102843009],[-6.7329141878256866,33.983761948018831],[-6.7328866600930528,33.98378979227504],[-6.7328591312603097,33.98381763653645],[-6.7328316440036131,33.983845439764615],[-6.7328041950438999,33.983873270536961],[-6.7327767066239312,33.983901141405077],[-6.7327492171176822,33.983929013180116],[-6.7327217286763652,33.983956884937363],[-6.7326939257026792,33.983985073886387],[-6.73266581523621,33.984013050552029],[-6.7326380225556175,33.98404071268363],[-6.7326102287748597,33.984068374820332],[-6.7325824349763348,33.984096036950611],[-6.7325544865394109,33.984123853135912],[-6.7325263881841231,33.984151566291736],[-6.7324984455282104,33.984179126269801],[-6.7324705028406795,33.984206685339629],[-6.7324425590530339,33.984234244414445],[-6.7324148744299714,33.984261549103174],[-6.7323874338045249,33.984289022546278],[-6.7323597383227742,33.984316751218252],[-6.7323320417408707,33.984344479895256],[-6.7323043451552023,33.984372209467615],[-6.7322767136009709,33.984399874308728],[-6.7322490476067918,33.984427624285686],[-6.7322213815949503,33.984455374256207],[-6.73219371664793,33.984483124208879],[-6.7321660506145813,33.984510875068395],[-6.7321384400088684,33.98453857031754],[-6.7321108819105318,33.984566301978688],[-6.7320832683353427,33.984594088335598],[-6.7320556558249889,33.984621874674659],[-6.7320280422144974,33.9846496610188],[-6.7320003827587378,33.984677494741319],[-6.7319727461324144,33.984705265083356],[-6.7319451105847392,33.984733036309194],[-6.7319174739231045,33.984760806638455],[-6.7318898383262997,33.984788576949889],[-6.7318622506907593,33.984816298945468],[-6.7318347089986448,33.984844052913509],[-6.731807119323773,33.984871856086286],[-6.7317795296174401,33.98489965835104],[-6.7317519398934591,33.984927460609399],[-6.7317242382053939,33.984955375883814],[-6.7316964270919453,33.984983216557438],[-6.7316687289899191,33.985010944190726],[-6.7316410308702226,33.98503867181762],[-6.7315871652373183,33.985092558657456],[-6.7313297886837073,33.985362283938485],[-6.7313053518588806,33.985389977728168],[-6.7312797050392792,33.985419042592824],[-6.7312540571337625,33.985448108365134],[-6.7312284102936708,33.985477174120433],[-6.7312025644099238,33.985506463845937],[-6.7311765031755506,33.985535619671026],[-6.7311506409503856,33.985564551514678],[-6.7311247787080077,33.985593483352687],[-6.7310989175447222,33.98562241607523],[-6.731073868489049,33.985650438289589],[-6.7310496643616791,33.985678986332083],[-6.7310246754031242,33.985708460815346],[-6.7309996875100451,33.985737935281783],[-6.730974698503795,33.985767408852723],[-6.7309493341019051,33.985797326520654],[-6.7309235455655294,33.9858269799307],[-6.7308981389823357,33.985856195476025],[-6.730872732368181,33.985885410114129],[-6.7308473257370318,33.985914624746748],[-6.7308217914132449,33.985943985931833],[-6.7307961160929368,33.985973261127356],[-6.7307705694995263,33.98600238884611],[-6.7307450239715791,33.986031516547868],[-6.7307194773577335,33.98606064515733],[-6.7306938168609785,33.98608990303682],[-6.7306680306740541,33.986119084684503],[-6.7306423593907372,33.986148135236121],[-6.7306166891726873,33.986177185770714],[-6.7305910178688562,33.986206237212897],[-6.730565309295641,33.986235330531343],[-6.7305395602667861,33.98626439902128],[-6.7305138473628032,33.986293423831839],[-6.7304881355379544,33.986322449527009],[-6.7304624236959389,33.986351475216573],[-6.7304368352938972,33.986380361602869],[-6.7304113780570844,33.986409330464674],[-6.7303857994970491,33.98643843769392],[-6.7303602198511765,33.986467545830891],[-6.7303346412707619,33.986496653950809],[-6.7303089679321824,33.986525867688535],[-6.7302831929250218,33.986555018467094],[-6.7302575126415789,33.986584063616746],[-6.7302318312446685,33.98661310787061],[-6.7302061509269846,33.986642153009093],[-6.730180122563965,33.986671590544695],[-6.7301537116407566,33.986700792238068],[-6.7301276552507918,33.986729603257487],[-6.7301015977611254,33.98675841428274],[-6.7300755402541865,33.98678722530228],[-6.7300500416852298,33.98681541891176],[-6.7300251256983081,33.986843974294665],[-6.7299996638531239,33.986873155054006],[-6.7299742019908448,33.986902335807784],[-6.7299487401114737,33.986931516556126],[-6.7299229898662629,33.986961027739952],[-6.7298969215208606,33.986990341177126],[-6.7298711447957871,33.987019326838457],[-6.729845368053601,33.987048312494146],[-6.7298195923628681,33.987077297231025],[-6.7297934590326163,33.98710668438622],[-6.7297669354533811,33.98713582856459],[-6.7297407749743625,33.987164575666206],[-6.7297146133817334,33.987193321871828],[-6.7296884528681113,33.98722206896187],[-6.7296826359731332,33.987228460045714],[-6.7296623317138629,33.987250771436464],[-6.7296362531736342,33.987279500509032],[-6.7296101341431278,33.987308273295319],[-6.7295840161916392,33.987337046966061],[-6.7295578971266332,33.98736581974083],[-6.729531745052153,33.987394629836778],[-6.7295055568930371,33.987423417762876],[-6.7294794027912461,33.987452168344795],[-6.7294532486721552,33.987480918920937],[-6.7294270945494707,33.987509670393059],[-6.7294008967439929,33.987538469220191],[-6.7293746530009741,33.987567238766992],[-6.7293484529061383,33.98759596094721],[-6.7293222527940717,33.987624683121709],[-6.7292960515958749,33.987653406203577],[-6.7292691113938092,33.987682939787433],[-6.7292413644801341,33.98771197146457],[-6.729214379488706,33.987740206814266],[-6.7291873933835191,33.987768441267654],[-6.729160408357032,33.987796676605129],[-6.7291336033889468,33.987824722436486],[-6.7291069842221765,33.987852883533868],[-6.729080184961993,33.987881234125233],[-6.7290533856842494,33.987909584710565],[-6.7290265874716333,33.987937935278381],[-6.7290001088519045,33.987965946051169],[-6.7289698726257479,33.987998515962239],[-6.7275023586613871,33.989752154643988],[-6.7264598063428087,33.99114883261786],[-6.7259467653504137,33.991892986916561],[-6.7253707763794139,33.992775933430231],[-6.7250469160464776,33.993285575300305],[-6.7249899798238308,33.993374944936619],[-6.7241130470614721,33.99475139762707],[-6.7234599588540851,33.995771778397149],[-6.7230047731864992,33.996466879095721],[-6.7225303459103829,33.997164999330217],[-6.7220322339037581,33.997856893805896],[-6.7212722244797121,33.99880102646442],[-6.721099211630043,33.998994504979443],[-6.7207199437296605,33.999418633088133],[-6.7204447225487423,33.999707699165235],[-6.7200982018317932,34.00007164660596],[-6.7198156605639117,34.000367394487327],[-6.7198109495818077,34.000373199827642],[-6.7198073750742511,34.00037954243394],[-6.7198050246023024,34.000386269870326],[-6.7198039530827023,34.000393219222225],[-6.7198041872145913,34.000400223363037],[-6.7198057222450966,34.00040711188992],[-6.7198085188581125,34.000413720175217],[-6.7198853041286331,34.00055819494024],[-6.7199329330934985,34.000681922711109],[-6.720025731223652,34.000900931252303],[-6.7201477538059962,34.001164290458007],[-6.7202563113689235,34.001420059701225],[-6.7203156710355012,34.001545656817363],[-6.7203706626710638,34.001670970749295],[-6.7205027195665181,34.001914056269236],[-6.7205701939155871,34.00203559951548],[-6.7206411395081522,34.002156319707467],[-6.7206712130475195,34.002207723890422],[-6.7207110869770181,34.002211840899768],[-6.7208089783392078,34.002244668730022],[-6.7208894292749655,34.002293104967322],[-6.7209600301203176,34.002352411482569],[-6.7210143424049775,34.002432720102547],[-6.7210425356346732,34.002508367256425],[-6.7210481314740766,34.002595542217769],[-6.7210284522519013,34.00268115737147],[-6.7209850217512868,34.002760955161747],[-6.7209192749958264,34.002830322719909],[-6.7208190175259981,34.002890312969541],[-6.7208492795279344,34.002940199976926],[-6.7208879055784783,34.003002550983389],[-6.7209990020708847,34.002867927880857],[-6.7210467999061061,34.002810007520061],[-6.721156440249934,34.002677146530957],[-6.7212594082211332,34.002552372487933],[-6.7212573447817752,34.002476329903843],[-6.7212143322712397,34.002360926041185],[-6.7211343785275872,34.00224270282478],[-6.7210306994798801,34.002155608711362],[-6.7209144039187638,34.002085592692637],[-6.720822580553734,34.002054799623622],[-6.7207657509998624,34.001958098961424],[-6.7206996525194,34.001839034974495],[-6.7205712870110439,34.001602745093592],[-6.7205181514892534,34.001481659475942],[-6.7204592111811285,34.001356953584619],[-6.7203508967522403,34.001101755531032],[-6.7202288938013774,34.00083844049604],[-6.7201381864400433,34.000624367631353],[-6.7200879914871008,34.000493977817769],[-6.7200463387517519,34.000415606074561],[-6.7202677667957564,34.000183828072231],[-6.7206143980926898,33.999819763570606],[-6.7208916569082771,33.999528557162293],[-6.7212728835293349,33.999102237096267],[-6.7214490988595568,33.998905175721234],[-6.7222151382466748,33.997953550594069],[-6.7227174558778682,33.997255811090263],[-6.7231940596182742,33.996554488086744],[-6.7236505542346094,33.995857385163667],[-6.7243042235781303,33.994836092697987],[-6.7251812514691167,33.993459487071526],[-6.7252382404145479,33.993370033819843],[-6.7255615987381416,33.992861179597796],[-6.7261358046872246,33.991980963921257],[-6.7266456879433152,33.991241387729701],[-6.7276832357776764,33.989851409871562],[-6.7291444309425721,33.988105317186879],[-6.7291708081341479,33.988076904324117],[-6.7291966986045191,33.988049515735355],[-6.7292235000160634,33.988021163294405],[-6.729250298176332,33.987992811783627],[-6.729277097415518,33.987964461157091],[-6.7293033575199521,33.987936680817199],[-6.7293298001376778,33.987909013072461],[-6.7293567862403352,33.987880778589904],[-6.7293837712290658,33.987852543211005],[-6.7294107562003491,33.987824307825981],[-6.7294400269441956,33.987793681664485],[-6.7294684483132983,33.98776252518946],[-6.7294946484186902,33.987733802985893],[-6.7295208485066889,33.987705080776522],[-6.729547048577456,33.987676358561366],[-6.7295733796136501,33.987647493356285],[-6.7295996636432625,33.987618599784177],[-6.7296258177416464,33.987589848277189],[-6.7296519718364403,33.987561097666159],[-6.7296781259001417,33.987532346147638],[-6.7297043811291735,33.98750348532468],[-6.7297306002595194,33.987474601430186],[-6.7297567182176126,33.987445828632069],[-6.7297828372409345,33.987417055816699],[-6.7298089562330938,33.98738828209386],[-6.7298349548993777,33.987359641315784],[-6.7298551792765888,33.987337417325513],[-6.7298609961661722,33.987331026233932],[-6.7298871566555292,33.987302279109002],[-6.729913318223816,33.987273532868521],[-6.7299394786785669,33.987244785732038],[-6.7299667251925834,33.987214845606303],[-6.7299935716303958,33.987184657197126],[-6.7300193483635944,33.98715567151239],[-6.7300451250934836,33.987126686723776],[-6.7300709017923852,33.987097701027807],[-6.7300975544545505,33.987067731101092],[-6.7301238813547108,33.987037558098031],[-6.7301493432063548,33.987008377315249],[-6.7301748050409032,33.986979196526988],[-6.7302002668583603,33.986950015733207],[-6.7302240911506956,33.986922711983631],[-6.7302484728683316,33.986895753138668],[-6.7302745292679775,33.98686694209583],[-6.7303005867329455,33.986838131035782],[-6.7303266441805603,33.986809319970035],[-6.7303537598630845,33.986779337851793],[-6.7303804842268988,33.9867491136715],[-6.7304061645180155,33.986720068498407],[-6.7304318458882042,33.986691024209989],[-6.730457526144999,33.986661979025783],[-6.7304834894970273,33.986632615173612],[-6.7305093490149508,33.986603188385331],[-6.7305349286508047,33.986574080219377],[-6.7305605072007415,33.98654497296112],[-6.7305860868023357,33.986515864784096],[-6.7306112981805235,33.986487174472238],[-6.7306366417932137,33.98645856572255],[-6.7306623536087402,33.986429539998376],[-6.7306880654070937,33.986400514268603],[-6.7307137772020811,33.986371489434966],[-6.7307396028460325,33.986342335320195],[-6.7307653869377528,33.986313155486641],[-6.730791058228772,33.986284104911611],[-6.730816728420046,33.98625505434245],[-6.7308423996629472,33.986226002854544],[-6.7308684146231741,33.986196561707573],[-6.7308943049475074,33.986167042513912],[-6.7309198504653462,33.986137914783185],[-6.7309453970484876,33.986108787035448],[-6.7309709436007052,33.986079658380426],[-6.730996875340554,33.986050090924266],[-6.7310226649729969,33.986020435686655],[-6.7310480715762298,33.985991221019582],[-6.7310734781623065,33.985962006347101],[-6.7310988847313071,33.985932791669072],[-6.7311254371236275,33.98590225889766],[-6.7311515533754376,33.985871455682968],[-6.7311765412553273,33.985841981187647],[-6.7312015302007762,33.985812506675593],[-6.7312265191431671,33.985783033059917],[-6.7312491525184068,33.985756336988466],[-6.7312725750949003,33.985730133065573],[-6.7312984373286646,33.98570120119853],[-6.7313242995452978,33.985672269325875],[-6.7313501606622168,33.985643337459059],[-6.7313766220881686,33.985613733623822],[-6.7314028638186176,33.98558399503257],[-6.7314285117144772,33.985554929231263],[-6.7314541585106085,33.985525863435882],[-6.731479805303481,33.985496798536673],[-6.7315018221635743,33.985471847780062],[-6.7317551228057386,33.985206393468438],[-6.7318074124089327,33.985154083554946],[-6.7318351552854176,33.985126310322812],[-6.7318628544536931,33.985098582642379],[-6.7318908905398818,33.985070516778109],[-6.7319188171726401,33.985042374509653],[-6.7319464057972338,33.985014572227229],[-6.7319739954865918,33.984986769926948],[-6.7320015851583825,33.98495896762028],[-6.7320290308759256,33.98493131023568],[-6.7320565225370537,33.984903684823543],[-6.732084158103472,33.984875913574882],[-6.732111794748457,33.984848143210016],[-6.7321394302932989,33.984820372850329],[-6.7321670658204846,33.984792602484198],[-6.7321948212307392,33.984764673008712],[-6.7322224348243802,33.984736886628987],[-6.7322500473179616,33.984709100254321],[-6.7322776608763784,33.984681313861842],[-6.7323051102047797,33.984653691546718],[-6.7323326120407492,33.984626105643507],[-6.7323602769889375,33.984598355661625],[-6.7323879429881268,33.984570604760172],[-6.732415608983394,33.984542854753968],[-6.7324432738785962,33.98451510475298],[-6.7324707785520284,33.984487568389937],[-6.7324984751213659,33.984459838782008],[-6.7325261706044541,33.984432110080846],[-6.7325538671384564,33.984404380460084],[-6.7325807959474044,33.984377420181076],[-6.7326079654248732,33.984350623280491],[-6.7326359081150171,33.984323064181481],[-6.7326638507874419,33.98429550507597],[-6.7326917934422319,33.984267945963886],[-6.7327202042711782,33.984239924614236],[-6.7327484630023395,33.984211799356537],[-6.7327762567849705,33.984184137190645],[-6.7328040505499116,33.984156475018281],[-6.7328318432147674,33.984128812850997],[-6.73286058707924,33.984100205313034],[-6.7328890158030568,33.984071381063693],[-6.7329165053094258,33.984043509259479],[-6.7329439948119933,33.984015638350613],[-6.7329714832007124,33.983987766545219],[-6.7329988511344157,33.983960018669983],[-6.7330262573377375,33.983932296535436],[-6.7330537861532642,33.983904452238498],[-6.733081313868678,33.983876607946726],[-6.7331088426490151,33.983848763637084],[-6.7331369353608528,33.983820347844393],[-6.7331648409768494,33.983791805067995],[-6.733192186969692,33.98376383461774],[-6.7332195329587661,33.98373586506289],[-6.73324687783394,33.983707894611612],[-6.7332571361770999,33.983697403055103],[-6.7336963634431752,33.983255175977924],[-6.7337026377639742,33.983248787037304],[-6.7337138898480111,33.983237519168966],[-6.7337415812652086,33.983209787515932],[-6.7337692737471242,33.983182055844971],[-6.7337969662252082,33.983154325069314],[-6.7338244667365998,33.983126784822836],[-6.7338312846823776,33.983119983341524],[-6.7342009625845858,33.982789817775448],[-6.7347213712305791,33.982318045275662],[-6.7352796242029127,33.981808901019583],[-6.7356037285413128,33.981551664462295],[-6.7356586647943724,33.981522174518986],[-6.7357054244268522,33.981497074584027],[-6.735789041714062,33.981481725000549],[-6.7358467478093589,33.981488420244958],[-6.7359157024513907,33.981519509380064],[-6.736293226519277,33.981857452243631],[-6.7363951742748522,33.981919044119905],[-6.7364167048272874,33.981939159831619],[-6.7364427642699365,33.981964507702898],[-6.7364709338973467,33.981991908270658],[-6.7364991024462828,33.982019307941691],[-6.7365272721092877,33.982046708496242],[-6.7365537217863762,33.982072436379511],[-6.7365739633831812,33.982092786775723],[-6.7365796626601924,33.982098516907854],[-6.7366072903325236,33.982126292094009],[-6.7366349180362928,33.982154068175511],[-6.7366625457577962,33.982181844250668],[-6.7366889727177073,33.982208412895105],[-6.7367150312178135,33.982235237990707],[-6.7367271975205307,33.982247763280768],[-6.7367449884329558,33.982265315126298],[-6.7370529138124304,33.982572471487302],[-6.7384104109286653,33.983496673817449]]]},"properties":{"arrondissement":"Hssaine","PA":"PAS Retenue du Barrage Sidi Mohammed Ben Abdellah et de ses abords","objectid":326,"shape.STArea()":71714.597970735005,"shape.STLength()":7236.9535624307782,"Prefecture":"Salé"}},{"type":"Feature","id":327,"geometry":{"type":"Polygon","coordinates":[[[-6.7344453125689041,33.976844157263628],[-6.7343848360696361,33.976844577856859],[-6.7343146383087316,33.976841754207825],[-6.7342420355766892,33.97683712532654],[-6.7341726139993909,33.976829362769926],[-6.7341315284620231,33.976820919588896],[-6.7340966016638539,33.976810932624907],[-6.7340439201304152,33.976786559511005],[-6.7339757949806778,33.976735795982918],[-6.7339112540739059,33.976694971712199],[-6.7338456847682231,33.976642008274624],[-6.7337552350692711,33.976553314018354],[-6.7336797052873401,33.976475355513578],[-6.73360338846296,33.97639082254252],[-6.7335200868068883,33.976301532529746],[-6.7333787279148334,33.97615614144469],[-6.7332860427135088,33.976053260667499],[-6.7332641538401106,33.976027566494736],[-6.733122024446013,33.976171659661688],[-6.7332079840323669,33.976267075154055],[-6.7333504910898743,33.97641364648414],[-6.7334314032268043,33.976500377263278],[-6.7335089170237037,33.97658623507553],[-6.733588484700098,33.976668361552989],[-6.7336874731045615,33.976765430027271],[-6.7337699359389109,33.976832038534596],[-6.733837953113035,33.976875061612148],[-6.7339176443808659,33.976934443034445],[-6.7340082232758478,33.976976349132357],[-6.734070341815217,33.976994112008164],[-6.7341321716892457,33.977006818399296],[-6.7342193592914183,33.977016567975092],[-6.7343011565863193,33.977021782552207],[-6.7343805141830577,33.977024974903429],[-6.7344396832335969,33.977024563732733],[-6.7344453125689041,33.976844157263628]]]},"properties":{"arrondissement":"Hssaine","PA":"PAS Retenue du Barrage Sidi Mohammed Ben Abdellah et de ses abords","objectid":327,"shape.STArea()":3117.9230729300002,"shape.STLength()":352.49329494276537,"Prefecture":"Salé"}},{"type":"Feature","id":328,"geometry":{"type":"Polygon","coordinates":[[[-6.7386060991596022,33.969085853013127],[-6.7381518522162143,33.969834348233782],[-6.7378143106323396,33.971897579986774],[-6.7378517318554723,33.972210121410022],[-6.7378570180757134,33.972173919451038],[-6.7378583166863724,33.972165101440034],[-6.7378621005950112,33.972137986623203],[-6.7378672682936909,33.972101399022669],[-6.7378725103482964,33.972064789884001],[-6.7378778279796547,33.972028168212894],[-6.7378832184126978,33.971991564702812],[-6.7378846289259817,33.971982069988378],[-6.7378889943926588,33.971954340188667],[-6.7378948264534486,33.971917735567324],[-6.7379007404594349,33.971881110228573],[-6.7379067387415095,33.971844474969956],[-6.7379128174422851,33.971807860496597],[-6.7379143619888913,33.971798634913085],[-6.7379189765060792,33.971771192854995],[-6.7379252168902282,33.971734534264613],[-6.7379315500559036,33.971697855742811],[-6.7379379740465684,33.971661170838722],[-6.7379444809113691,33.971624525633025],[-6.7379461804704732,33.971615033240241],[-6.7379513848786461,33.971587307099],[-6.7379583350325554,33.971550698642702],[-6.7379653771486119,33.97151408739942],[-6.7379725060093643,33.971477486051015],[-6.7379797177712684,33.971440926204458],[-6.7379815252621249,33.971431835797425],[-6.7379869458866004,33.971404444645721],[-6.7379942623698605,33.971367867444691],[-6.7380016697462475,33.971331288369882],[-6.7380091660314889,33.971294719166877],[-6.7380167441490579,33.971258192378862],[-6.7380185236597026,33.971249675864584],[-6.7380236565508893,33.971222862279902],[-6.7380307531717349,33.971186208959224],[-6.7380379406718927,33.971149552862975],[-6.7380452170392671,33.971112903933346],[-6.7380525752251081,33.971076296517012],[-6.7380545109104721,33.971066744779684],[-6.7380604271110816,33.97103899208421],[-6.7380682982095408,33.971002444121673],[-6.7380762612826786,33.970965894273711],[-6.7380843121676506,33.970929353407193],[-6.7380924449118575,33.970892856759072],[-6.7380944810073293,33.970883781041771],[-6.7381005516189916,33.970856497473648],[-6.7381087575847767,33.970819976592232],[-6.738117055524687,33.970783453825213],[-6.7381254413038114,33.970746941843103],[-6.7381339089278685,33.970710473177569],[-6.7381360548394236,33.970701288962076],[-6.7381424532765539,33.970673996476165],[-6.7381467659923535,33.970655719813017],[-6.73815111432494,33.97063743645586],[-6.7381598517927719,33.970600989254677],[-6.738168682149916,33.970564529335491],[-6.7381775943792368,33.970528114536286],[-6.7381799040260244,33.970518738273455],[-6.7381868730656915,33.970491245782817],[-6.7381961735166573,33.970454877338597],[-6.7382055659683955,33.970418508812116],[-6.7382150452173502,33.970382153786986],[-6.7382246052555068,33.970345843893256],[-6.7382270185571462,33.970336732575781],[-6.738234228086136,33.970309535131115],[-6.7382439352577119,33.970273220957147],[-6.7382537333610282,33.970236907614037],[-6.7382636204257587,33.970200607749121],[-6.7382735861284857,33.970164353940376],[-6.7382760213860866,33.970155544516281],[-6.738283257707133,33.97012861283482],[-6.7382930967658163,33.970092290029974],[-6.7383030278381613,33.970055968044363],[-6.738313047857746,33.970019658635138],[-6.7383231465150812,33.969983395282064],[-6.738325797883097,33.969973928782565],[-6.7383337975690365,33.969946451419268],[-6.7383444117092397,33.969910274546955],[-6.7383551157395054,33.969874101222089],[-6.7383659087438224,33.969837942276953],[-6.7383767793307658,33.96980183120283],[-6.7383795615477906,33.969792638376553],[-6.7383879004413858,33.969765470335126],[-6.7383990551227875,33.96972939229731],[-6.7384103008037002,33.969693319598683],[-6.738421633307353,33.969657262204542],[-6.7384330444892555,33.969621253571418],[-6.7384357053873467,33.96961289988576],[-6.7384436074403133,33.969586467930966],[-6.7384545060606955,33.969550283494257],[-6.7384654967349631,33.969514102581655],[-6.7384765752866773,33.969477935158558],[-6.7384877324888501,33.969441814692978],[-6.7384906800330304,33.969432323377532],[-6.7384995487548567,33.969404911566052],[-6.7385112814044463,33.969368905799577],[-6.738523103970345,33.969332905383602],[-6.738535015536808,33.969296921150466],[-6.738547003616139,33.969260985701396],[-6.7385499893508403,33.969252077491895],[-6.7385589144014038,33.969225233256303],[-6.7385709529252225,33.969189271110174],[-6.7385830835295062,33.969153314291319],[-6.7385953020515714,33.969117373666833],[-6.7386060991596022,33.969085853013127]]]},"properties":{"arrondissement":"Hssaine","PA":"PAS Retenue du Barrage Sidi Mohammed Ben Abdellah et de ses abords","objectid":328,"shape.STArea()":3617.7516719499999,"shape.STLength()":712.52204891006591,"Prefecture":"Salé"}},{"type":"Feature","id":329,"geometry":{"type":"Polygon","coordinates":[[[-6.7344277287169527,33.977407683848107],[-6.7344063212654399,33.977402396925804],[-6.7343503637666027,33.977389962709559],[-6.734293628954731,33.977380275747599],[-6.7342666417508523,33.977375886982244],[-6.7342180169173105,33.977366588889154],[-6.7341708535406557,33.977356232641881],[-6.7341239512567732,33.977345394699668],[-6.734076541110869,33.977333065033626],[-6.7340296726238211,33.977319489500836],[-6.7339833936708722,33.977304683825714],[-6.7339290200071886,33.977284272591881],[-6.7337728945234501,33.977188527005453],[-6.7335811466021287,33.977039118226024],[-6.7332302361238829,33.976681698939856],[-6.7329278421403123,33.976368523436911],[-6.7327883200504406,33.976509970302075],[-6.733061889938079,33.976795103290122],[-6.7334227153632336,33.977162623121039],[-6.7336343054827132,33.977327493693956],[-6.7338191595136969,33.977440856537754],[-6.7339000526866162,33.977471223521952],[-6.7339553002988195,33.977488897284573],[-6.7340087182176118,33.977504370990466],[-6.7340627487050631,33.977518422203573],[-6.734114332393867,33.977530341262657],[-6.7341661969966697,33.97754172971085],[-6.7342216762190779,33.977552339196222],[-6.7342543958347312,33.97755765987803],[-6.734299815397347,33.977565339862331],[-6.7343446005189591,33.977575272261184],[-6.7344219033137493,33.977594364016532],[-6.7344277287169527,33.977407683848107]]]},"properties":{"arrondissement":"Hssaine","PA":"PAS Retenue du Barrage Sidi Mohammed Ben Abdellah et de ses abords","objectid":329,"shape.STArea()":3852.9008602250001,"shape.STLength()":426.58633986032345,"Prefecture":"Salé"}},{"type":"Feature","id":330,"geometry":{"type":"Polygon","coordinates":[[[-6.7389815394297177,33.982897041037099],[-6.7389888539830602,33.982901843802736],[-6.7389827873716985,33.98289772304404],[-6.7389815394297177,33.982897041037099]]]},"properties":{"arrondissement":"Hssaine","PA":"PAS Retenue du Barrage Sidi Mohammed Ben Abdellah et de ses abords","objectid":330,"shape.STArea()":0.0051473400000000002,"shape.STLength()":1.7213061728122498,"Prefecture":"Salé"}},{"type":"Feature","id":331,"geometry":{"type":"Polygon","coordinates":[[[-6.7389815394297177,33.982897041037099],[-6.7384714033889788,33.982618236042327],[-6.7383764255185827,33.982566498323408],[-6.7383221027538776,33.982575203687944],[-6.7383054419876194,33.982581932002859],[-6.7382903735127906,33.982590895287373],[-6.738277325363585,33.982601838247973],[-6.7382666684271202,33.982614450285418],[-6.738258703593317,33.982628374650695],[-6.7382536575218142,33.982643214803538],[-6.7382516742185548,33.982658549833843],[-6.738252808693745,33.982673944450113],[-6.7382570304167597,33.982688962470881],[-6.7382642180566128,33.982703176801195],[-6.7382741683636231,33.982716183768112],[-6.7382865985280151,33.982727615721551],[-6.7383198992994693,33.98275120384514],[-6.738847933157718,33.983038839620008],[-6.7388705005414398,33.983054169301845],[-6.7389044490522343,33.983076565283227],[-6.7389383975805206,33.983098961255195],[-6.7389723450299428,33.983121356327636],[-6.7390062935932109,33.983143752280846],[-6.7390407660554352,33.983166492552428],[-6.7390748964313669,33.983189584595046],[-6.739108508258437,33.983212325930779],[-6.7391421211855578,33.983235067245744],[-6.7391757330477171,33.98325780856306],[-6.7392072979813999,33.983279163926873],[-6.7392401130983064,33.983299236978908],[-6.7392750539877273,33.983320611248523],[-6.7393099959767957,33.983341985496594],[-6.7393449379830477,33.983363359734781],[-6.7393814647583072,33.983385703670578],[-6.739416956734086,33.983409112952046],[-6.7394509076475195,33.983431506054075],[-6.7394848596608323,33.983453899135114],[-6.7395188106092467,33.983476292218363],[-6.7395513189261909,33.983497733908571],[-6.739599185010464,33.983527156196352],[-6.7396101638790498,33.983532771110973],[-6.7396221255557993,33.98353675574694],[-6.7396347250685311,33.983538994745494],[-6.7396475976565906,33.983539423464727],[-6.7396603707054936,33.98353802965552],[-6.7396726767365465,33.983534853322752],[-6.739684158819216,33.983529986667484],[-6.7396944856562602,33.983523569416057],[-6.7397033580778825,33.983515788750715],[-6.7397105196866329,33.983506867471363],[-6.7397157633788005,33.98349706572948],[-6.7397189397548853,33.983486664704266],[-6.7397353769789987,33.983403887967988],[-6.7397483815240662,33.983325420121595],[-6.7395477858915482,33.983217019736756],[-6.7395405649517111,33.983260592591442],[-6.7395127784249782,33.983242265989951],[-6.7394730832729861,33.98321798356865],[-6.7394381412936557,33.983196609365052],[-6.7394031993314263,33.983175235151585],[-6.7393682573864586,33.983153860928127],[-6.7393396959537011,33.983136389434335],[-6.7393122281744819,33.983117805953533],[-6.7392786152481978,33.983095064683226],[-6.7392450034220452,33.983072323392136],[-6.7392113905309312,33.983049582103376],[-6.7391762241237743,33.983025788690924],[-6.7391407060572108,33.983002357974222],[-6.739106757514528,33.982979962056248],[-6.7390728090032272,33.982957567030638],[-6.739038860495608,33.982935171093892],[-6.7390061260604242,33.982913576564208],[-6.7389888539830602,33.982901843802736],[-6.7389815394297177,33.982897041037099]]]},"properties":{"arrondissement":"Hssaine","PA":"PAS Retenue du Barrage Sidi Mohammed Ben Abdellah et de ses abords","objectid":331,"shape.STArea()":3357.6600849649999,"shape.STLength()":367.69494002211854,"Prefecture":"Salé"}},{"type":"Feature","id":332,"geometry":{"type":"Polygon","coordinates":[[[-6.7365809742090477,33.980948802849312],[-6.7365659240212858,33.98099922676662],[-6.7365659233335835,33.981054036463668],[-6.7365824653317388,33.981110642957411],[-6.7366038347878483,33.981147893291443],[-6.7366406790894784,33.981194235353229],[-6.7367421670339525,33.981305799378632],[-6.7368739621211517,33.981447173349196],[-6.7370108602370555,33.981587931746404],[-6.7371035435050839,33.981690999081884],[-6.7371075201613042,33.981695026799578],[-6.7371160849379157,33.981704476320445],[-6.7371417594068257,33.981732799838888],[-6.7371678848522496,33.981760810096645],[-6.7371944660693286,33.981789311515172],[-6.7372210483723327,33.981817812014505],[-6.7372476306927673,33.981846312507891],[-6.7372742130307106,33.981874812995308],[-6.7372874798930225,33.98188906620198],[-6.7377844565253948,33.982363049798018],[-6.7378102657842227,33.982388708499613],[-6.7378408792001654,33.982410394535052],[-6.7378754266308247,33.982427493096182],[-6.7379129284243859,33.982439519513214],[-6.7379523205239931,33.982446132514994],[-6.7379924871086301,33.982447144703237],[-6.7380653431583157,33.982436893215578],[-6.7381353727133408,33.982423562211793],[-6.7374539669683688,33.981773596557296],[-6.7374453080592653,33.98176429416818],[-6.7374185946981004,33.981735652618177],[-6.7373920123554534,33.981707152159927],[-6.7373654300301542,33.981678651695702],[-6.7373388477084912,33.981650150323794],[-6.7373136369699909,33.981623120594676],[-6.7372888611079951,33.981595786795189],[-6.7372775926751078,33.981583356589276],[-6.7372738810425021,33.981579596610324],[-6.7371816690977022,33.981477052863568],[-6.7370782537199494,33.981370721705254],[-6.7366508418823043,33.981012177108717],[-6.7365809742090477,33.980948802849312]]]},"properties":{"arrondissement":"Hssaine","PA":"PAS Retenue du Barrage Sidi Mohammed Ben Abdellah et de ses abords","objectid":332,"shape.STArea()":3879.4615749250001,"shape.STLength()":449.9168395658578,"Prefecture":"Salé"}},{"type":"Feature","id":333,"geometry":{"type":"Polygon","coordinates":[[[-6.7423928024094542,33.965795995776126],[-6.7422052877518359,33.965719626544619],[-6.7421996426731212,33.965728932226767],[-6.7421801140043849,33.965761128532549],[-6.7421605853072641,33.965793323933177],[-6.7421458171447668,33.965817672453412],[-6.742140762677491,33.965825902172085],[-6.7421210389652098,33.965858017584118],[-6.7421013152522757,33.965890133894376],[-6.7420815925931068,33.965922249287786],[-6.7420618688371166,33.965954364689331],[-6.7420468278895846,33.965978855910485],[-6.7420415464196113,33.965987246788018],[-6.7420214326475438,33.966019201316996],[-6.7420013177922735,33.96605115675569],[-6.7419812029083843,33.966083111289038],[-6.7419610891058017,33.966115066708944],[-6.7419461289170002,33.966138832840066],[-6.741941272497181,33.966146641954452],[-6.7419324922926407,33.966160761184099],[-6.7423928024094542,33.965795995776126]]]},"properties":{"arrondissement":"Hssaine","PA":"PAS Retenue du Barrage Sidi Mohammed Ben Abdellah et de ses abords","objectid":333,"shape.STArea()":525.82199726500005,"shape.STLength()":133.00640573439404,"Prefecture":"Salé"}},{"type":"Feature","id":334,"geometry":{"type":"Polygon","coordinates":[[[-6.7487804645087985,33.95645638135489],[-6.748768681852563,33.956464354658401],[-6.7486049909462826,33.956566643462246],[-6.7483164985092055,33.956773752671289],[-6.7479409656173805,33.957058476333835],[-6.7475462885320869,33.957377696275145],[-6.7474360562163067,33.957472795619424],[-6.7470045375202421,33.957878283087133],[-6.7469841137454702,33.957899139683889],[-6.7469770562700599,33.957906215118001],[-6.7469500480230611,33.957933381766338],[-6.7469231613071958,33.957960569648392],[-6.7468963609290578,33.957987812512556],[-6.7468696373169905,33.958015121284362],[-6.7468496051113647,33.95803568774879],[-6.7468429368670693,33.958042529008139],[-6.74681630259205,33.95806994773865],[-6.7467978641241526,33.958089015258281],[-6.7467898462938427,33.958097328473634],[-6.7467634028252563,33.958124839837815],[-6.7467370670160092,33.958152385211754],[-6.7467175234816024,33.958172921145504],[-6.7467112157487961,33.958179630452889],[-6.7466851822626674,33.958207410661402],[-6.7466592691841845,33.958235209410745],[-6.7466334456481905,33.95826306040253],[-6.7466076999327917,33.958290975487472],[-6.7465885286410909,33.958311860033547],[-6.7465822806013866,33.95831872111048],[-6.7465567736355059,33.958346819404994],[-6.7465313892280223,33.958374935315653],[-6.7465060954175593,33.958403101654035],[-6.7464808805099521,33.958431332074142],[-6.7464618673790335,33.958452719051877],[-6.7464554497722382,33.958459884076234],[-6.7464302318365696,33.958488130751675],[-6.7464051364176836,33.958516392338339],[-6.7463801316238374,33.958544706156331],[-6.7463552057051466,33.958573082252812],[-6.7463371647162536,33.95859371831169],[-6.7463317524550055,33.958600177168428],[-6.7463076118305958,33.958629084138884],[-6.7462835947496353,33.958658002402551],[-6.7462596703887305,33.958686968366067],[-6.7462358302720471,33.958715993845239],[-6.746216223059716,33.958739982790789],[-6.7462079256112011,33.958748978090178],[-6.7461822831940328,33.958776872127856],[-6.7461567601450909,33.95880478742383],[-6.7461313223385373,33.958832756812797],[-6.7461059612986496,33.958860792110379],[-6.746088546312258,33.958880134412802],[-6.7460841387316277,33.958885565133642],[-6.746060550724768,33.958914733069626],[-6.7460370840837509,33.958943911420732],[-6.7460137112451903,33.958973137460546],[-6.7459904226234348,33.959002421212809],[-6.7459730353109517,33.959024393995705],[-6.7459673203179298,33.959031646139096],[-6.7459442220240948,33.959061061315069],[-6.7459212472467875,33.959090485981442],[-6.7458983662304366,33.959119955631557],[-6.7458755705272049,33.959149483884545],[-6.7458587162506198,33.959171424766723],[-6.7458533336962301,33.959178548871733],[-6.7458309248528439,33.959208319172475],[-6.7458086405669242,33.959238096247141],[-6.7457864511104839,33.959267917392502],[-6.7457643480078238,33.959297794424188],[-6.7457476926440645,33.959320423093295],[-6.7457420649777262,33.959328005278188],[-6.7457199653143265,33.95935789669425],[-6.7456979869481266,33.959387794017587],[-6.7456761055760834,33.959417735388577],[-6.7456543105440101,33.959447731744319],[-6.7456380926423991,33.959470167202774],[-6.7456328133630201,33.959477532794203],[-6.7456113948760583,33.959507524193668],[-6.7455902461157233,33.959537601075574],[-6.7455690788789306,33.959567883781453],[-6.7455480012151625,33.95959822053576],[-6.7455328585127328,33.959620128549155],[-6.7455284442332069,33.95962687967797],[-6.745508338071617,33.959657749822767],[-6.7454883563574821,33.95968861952867],[-6.7454684747593667,33.959719525132535],[-6.7454486859256937,33.959750481143494],[-6.7454343275024371,33.959773065247163],[-6.7454300094521589,33.959780160759642],[-6.74541099859991,33.95981152417405],[-6.7453921142904916,33.959842882618119],[-6.7453733322203755,33.959874274232078],[-6.7453546450098161,33.959905711721646],[-6.7453403196977897,33.959929949511569],[-6.7453351975437021,33.959938309982128],[-6.7453161338639767,33.959969551290918],[-6.7452971956591092,33.960000788542821],[-6.7452783586394283,33.96003206077976],[-6.7452596154112117,33.960063379805675],[-6.7452456314614411,33.960086878880887],[-6.7452410335727411,33.960094637570435],[-6.7452224910393257,33.960126058150628],[-6.7452040739393615,33.960157471968948],[-6.7451857579971337,33.960188918969095],[-6.745167536928971,33.960220412746835],[-6.7451539056057177,33.960244110946149],[-6.7451493627630112,33.960252000715428],[-6.7451312692857659,33.960283558052069],[-6.7451133001323971,33.960315106835218],[-6.7450954343015423,33.960346688777101],[-6.7450776601126314,33.960378318433399],[-6.7450638413199204,33.96040305489857],[-6.7450586749669599,33.960411780191407],[-6.7450401810334233,33.960443132576337],[-6.7450217869943572,33.960474506432256],[-6.7450036172118066,33.960505684873517],[-6.7450034970250874,33.96050589179368],[-6.7449852193065842,33.960537440261241],[-6.7449711359866011,33.960561872012853],[-6.7449660010363601,33.960570389530766],[-6.7449471829101046,33.960601709305685],[-6.7449284506659692,33.960633054309646],[-6.7449123338601611,33.960660163035683],[-6.7449097820526509,33.960664455445595],[-6.7448911696344345,33.960695921812267],[-6.7448771607137186,33.960719708807716],[-6.7448724361062817,33.960727676275155],[-6.7448537922559,33.96075921151597],[-6.7448352202055872,33.960790771235168],[-6.7448167019908674,33.960822383584159],[-6.7447982290798558,33.960854056771481],[-6.7447840025084496,33.960878540541806],[-6.7447788490405562,33.96088705283816],[-6.7447598194512306,33.960918565147907],[-6.7447408487036773,33.96095010387895],[-6.7447219176813498,33.960981692685522],[-6.7447030221532716,33.961013337926211],[-6.7446894333957284,33.961036165291112],[-6.744685475236408,33.961043234362101],[-6.7446675413106929,33.961075331937735],[-6.7446496342223003,33.961107486040738],[-6.7446317581187216,33.961139684902221],[-6.7446138866009342,33.961171971194034],[-6.7446003414771605,33.961196503539966],[-6.7445956061267811,33.9612048995048],[-6.7445774629092998,33.961237115654946],[-6.7445593598861766,33.961269342192907],[-6.7445412758879684,33.96130161001016],[-6.7445232098045897,33.961333917314789],[-6.7445099965984374,33.961357589296675],[-6.7445096536249318,33.961358227904348],[-6.7445059250001895,33.961365163731266],[-6.7444825095208589,33.961408787565674],[-6.7444709047679732,33.961430435585406],[-6.7444534147944575,33.961463115484015],[-6.7444359318446221,33.961495830477723],[-6.7444238151383908,33.961518530172263],[-6.7444207636465423,33.961525019510091],[-6.7444050118294188,33.961558534824711],[-6.7443892678821591,33.961592069893754],[-6.7443735201098747,33.961625638370975],[-6.7443577684706391,33.961659237551224],[-6.7443459975878071,33.96168435598176],[-6.7443421247619,33.961692677740871],[-6.7443264450712226,33.96172638166405],[-6.7443194338324224,33.961741452530525],[-6.7443107538825844,33.961760112764679],[-6.7442950479774,33.961793872881032],[-6.7442793389110047,33.961827639341919],[-6.744269184993767,33.961849464768584],[-6.7442673525307724,33.961854644109451],[-6.7442549308799595,33.96188976057249],[-6.7442425092191174,33.96192487703383],[-6.7442300864661187,33.961959993505168],[-6.744217664799149,33.961995110864891],[-6.7442093248677377,33.96201868540728],[-6.7442076299532863,33.962024921179079],[-6.744197794212174,33.962061100255148],[-6.7441879573946135,33.962097280243327],[-6.7441781205688685,33.96213346023027],[-6.7441682848032007,33.962169639302559],[-6.7441597609444077,33.962200992748784],[-6.7441547108248248,33.962213749066713],[-6.7441410146253125,33.962248342571947],[-6.7441273194971059,33.962282936063566],[-6.7441136243440623,33.96231752865156],[-6.7440999291940633,33.962352122139286],[-6.7440879163542728,33.962382465034899],[-6.7440812153684409,33.962394926112829],[-6.7440635018090411,33.962427868083573],[-6.7440457871400721,33.962460809161321],[-6.7440280735399716,33.962493750224588],[-6.7440103599403072,33.962526692186636],[-6.7439964781300361,33.962552505129985],[-6.7439911579475469,33.962561727153748],[-6.7439723975053454,33.96259423842087],[-6.743953638145344,33.962626750574927],[-6.743934878757293,33.962659261824022],[-6.743916119369155,33.962691773971692],[-6.743901102146058,33.962717800205873],[-6.7439000422108917,33.96271946202468],[-6.7441261218671391,33.962935635947886],[-6.7442334571293419,33.963046712395375],[-6.7442632743920026,33.963086618119185],[-6.7443009881840563,33.963123969722517],[-6.7443333943691472,33.96315819283744],[-6.744367305625028,33.963195741262453],[-6.7444019400748418,33.963229098082323],[-6.7444465420598547,33.963276308130787],[-6.7444992960757819,33.963358976540214],[-6.7445443864561687,33.963430624126232],[-6.7445702517845714,33.963475891503023],[-6.744597467905173,33.963534245114971],[-6.7446236349175601,33.963603497507165],[-6.7446411395578929,33.963658254948932],[-6.7446622906476712,33.96374429110007],[-6.7446745949555167,33.963808388344432],[-6.7446820924059754,33.963860027187273],[-6.7446907600303918,33.963960596809976],[-6.7446910230291897,33.963974733695707],[-6.7448934881941032,33.963814282084847],[-6.7448889901746938,33.963783304733163],[-6.7448752895275534,33.963711935292594],[-6.74485192862576,33.963616911294942],[-6.7448315552916887,33.963553179388811],[-6.7448018014823727,33.96347443265411],[-6.7447691198499653,33.96340436189103],[-6.7447380268544377,33.963349946071681],[-6.7446907070801903,33.963274756445408],[-6.7446285841287823,33.963177405945416],[-6.7445689177952319,33.963114250969994],[-6.744535825960785,33.96308238017005],[-6.744504860470939,33.963048093839873],[-6.7444688143187594,33.963010026336953],[-6.7444388587097288,33.962980358511935],[-6.744410278185538,33.962942108936545],[-6.7442920773068842,33.962819788249448],[-6.744156971135955,33.962690601577862],[-6.7441674776245284,33.962672390737275],[-6.7441862380105775,33.962639879441866],[-6.7441928210481459,33.962628470318649],[-6.744207892729424,33.962600442185519],[-6.744225606269282,33.962567500196364],[-6.7442433208917869,33.962534559094465],[-6.7442610344048024,33.962501617099527],[-6.7442787479183393,33.962468676003439],[-6.7442899940547711,33.962447763287827],[-6.7443054881295668,33.962408624823127],[-6.7443191843028405,33.962374032203684],[-6.7443328793690682,33.962339438692204],[-6.744346574424398,33.962304845178807],[-6.7443602694688334,33.962270251663469],[-6.7443685727689138,33.962249279437934],[-6.7443793906086791,33.962209488590226],[-6.7443892273732295,33.962173309490254],[-6.7443990630334474,33.962137129498878],[-6.7444088997676817,33.962100949494619],[-6.7444187354253913,33.962064770402506],[-6.7444189033813844,33.962064152613586],[-6.744425288430822,33.962046103233334],[-6.7444377100351733,33.962010986755409],[-6.74445013162949,33.961975870275801],[-6.744462554281955,33.961940752881148],[-6.7444742613518986,33.96190765707113],[-6.7444811583838913,33.961892830931198],[-6.744496868465899,33.961859064434137],[-6.7445125753448769,33.961825301576496],[-6.7445212573664621,33.961806637698643],[-6.7445282675073654,33.961791567734615],[-6.7445439450647786,33.961757870122291],[-6.7445477193702308,33.961749757749622],[-6.7445593959167471,33.961724841432876],[-6.7445751370306732,33.961691265789341],[-6.7445908669116648,33.961657734456097],[-6.7446065898606582,33.961624245583316],[-6.7446223143398836,33.961590786453705],[-6.7446235686566496,33.961588117843192],[-6.7446337046099343,33.96156912809748],[-6.7446511507115323,33.961536483818918],[-6.7446685922257936,33.961503893699629],[-6.7446801432682193,33.961482344543683],[-6.7447035155539758,33.961438802305892],[-6.7447069053968809,33.961432496919443],[-6.744719474020819,33.961409979935191],[-6.7447374757774234,33.961377786028642],[-6.74475548177133,33.961345657008998],[-6.7447735015190284,33.961313578344132],[-6.7447915561897531,33.961281519142503],[-6.7447966107500426,33.961272558771313],[-6.744810526449653,33.961247355933509],[-6.7448282599523566,33.961215317310042],[-6.7448460307101064,33.961183308947476],[-6.7448638261132947,33.961151355332149],[-6.7448817020386658,33.961119360264313],[-6.7448844910651209,33.961114378975353],[-6.7448968708270343,33.961093582987161],[-6.7449156386645823,33.961062152835154],[-6.7449344261127981,33.961030801834923],[-6.7449532490975477,33.960999509974023],[-6.744972154118388,33.96096820460243],[-6.7449780516034892,33.960958462256109],[-6.7449929781858424,33.96093277414716],[-6.7450112991992102,33.960901360501353],[-6.745029650756921,33.960870033105088],[-6.7450480497971546,33.960838767425713],[-6.7450665480209144,33.96080747722889],[-6.7450713464697847,33.960799386304998],[-6.7450854017520987,33.960775520326344],[-6.7451038347934222,33.960744356184833],[-6.7451062895449692,33.960740227152407],[-6.7451223071621005,33.960713286315517],[-6.7451408357263372,33.960682281676803],[-6.7451594839095597,33.960651244184241],[-6.7451654155850838,33.960641405860621],[-6.745180238805534,33.960615689975121],[-6.7451983741437127,33.960584386517276],[-6.7452163836245393,33.960553483942491],[-6.7452345498051773,33.960522496708165],[-6.7452528549163784,33.960491465589882],[-6.7452590349044597,33.960481028448797],[-6.7452737888772507,33.960454617941878],[-6.7452913407564203,33.96042338386723],[-6.7453089673818241,33.960392224744915],[-6.7453266951659705,33.960361098804604],[-6.7453445915115591,33.960329885371529],[-6.745349058433864,33.960322126282016],[-6.7453626180822877,33.960298555095392],[-6.7453806103498986,33.960267456968701],[-6.7453986805681918,33.960236431054128],[-6.7454168508486054,33.960205437431156],[-6.7454351918960187,33.960174358997186],[-6.7454396304672652,33.960166867165995],[-6.7454534244998321,33.96014368757271],[-6.745471933463568,33.960112760648641],[-6.745490518241092,33.96008190776314],[-6.7455092031082886,33.960051088972513],[-6.7455280598378513,33.960020186260806],[-6.7455338100956421,33.960010799905625],[-6.7455487144024673,33.959985581838723],[-6.7455671673768043,33.959954538254756],[-6.7455856972330865,33.959923567795968],[-6.745604329301373,33.95989262870355],[-6.745623134313699,33.959861605678235],[-6.745626498167316,33.959856077062959],[-6.7456398379986382,33.959835096608771],[-6.74565937843541,33.959804528341422],[-6.7456789946993307,33.959774035013929],[-6.7456987089156337,33.959743577607625],[-6.745718597240943,33.95971304166671],[-6.7457217015050075,33.959708294163569],[-6.7457354414823003,33.959688415107259],[-6.745756256547649,33.959658457229246],[-6.7457771420846191,33.959628577955854],[-6.7457977761102939,33.959599232590769],[-6.7458187284285183,33.959569893722112],[-6.7458237110449391,33.959562941668146],[-6.7458395940733729,33.959540969745539],[-6.7458611177699686,33.959511346948361],[-6.7458827076370733,33.959481804605375],[-6.7459043933887655,33.959452304518173],[-6.7459262544975225,33.959422736704632],[-6.7459319955713397,33.959414999972537],[-6.7459487272289369,33.959392267644652],[-6.7459705546417528,33.959362762414514],[-6.7459924493211281,33.959333338528566],[-6.7460144377343729,33.959303957823209],[-6.7460366047367817,33.959274508454612],[-6.7460414569692002,33.959268085394356],[-6.7460577372496831,33.959246892006128],[-6.7460802485539251,33.959217732040479],[-6.7461028260422626,33.959188653430388],[-6.7461254951279157,33.959159619827282],[-6.7461483439537897,33.959130522057563],[-6.7461538477088627,33.95912353823249],[-6.7461709855487832,33.959101881962212],[-6.7461939842941963,33.959072962046676],[-6.7462170459909654,33.959044124423038],[-6.7462402003947677,33.959015333597947],[-6.7462635345522521,33.958986479507722],[-6.7462648695828102,33.958984835451773],[-6.7462789509532195,33.958969196022501],[-6.7463039969870264,33.958941508596801],[-6.7463290963299745,33.958913909879087],[-6.7463542820120761,33.958886366144512],[-6.7463796476423505,33.958858771768021],[-6.7463916217122248,33.958845790285558],[-6.7464145854494895,33.958817694121848],[-6.7464381291732858,33.958789030745905],[-6.7464617358343641,33.958760448759882],[-6.7464854341338825,33.958731914485369],[-6.7465093143782626,33.958703318725313],[-6.7465133865845397,33.95869845887983],[-6.7465300088724662,33.958679446109578],[-6.7465546241971506,33.958651423249798],[-6.7465792981719561,33.958623484531181],[-6.7466040605943256,33.958595597165477],[-6.7466290061546497,33.958567655515893],[-6.7466355556783908,33.958560342959117],[-6.7466546592218437,33.958538854874305],[-6.7466795602634466,33.95851097592243],[-6.7467045189008639,33.958483182926685],[-6.7467295670398251,33.958455439468551],[-6.7467547994264372,33.958427643518078],[-6.7467606952078087,33.958421169521728],[-6.7467794694783967,33.958400717614623],[-6.7468048947546517,33.958373148657415],[-6.7468303765585702,33.958345666569407],[-6.746855945727356,33.958318235845461],[-6.746881700253363,33.95829075442068],[-6.7468875096697571,33.958284575360992],[-6.7469065079203823,33.958264612551233],[-6.7469325167318557,33.958237408866204],[-6.7469586715176044,33.958210197292082],[-6.7469664869489927,33.958202093676583],[-6.7469846889270944,33.958183271283247],[-6.7470110643174914,33.95815611955458],[-6.7470176217332423,33.958149390410355],[-6.747037536748274,33.958128945130888],[-6.7470639289811265,33.958101974487803],[-6.7470903745229567,33.958075092551844],[-6.7471169063751564,33.958048263794488],[-6.7471436236675091,33.958021389745831],[-6.7471511926839947,33.958013800137003],[-6.7471694258892736,33.957995182106622],[-6.7475949395266532,33.957595336861473],[-6.7476995433203761,33.957505093274172],[-6.7480892093978264,33.957189924862533],[-6.7484599917439043,33.956908803545574],[-6.7487407090472455,33.956707275647105],[-6.7489018767885955,33.956606563288659],[-6.748917744454328,33.956595825886218],[-6.7487804645087985,33.95645638135489]]]},"properties":{"arrondissement":"Hssaine","PA":"PAS Retenue du Barrage Sidi Mohammed Ben Abdellah et de ses abords","objectid":334,"shape.STArea()":19657.229933024999,"shape.STLength()":2011.7115147864704,"Prefecture":"Salé"}},{"type":"Feature","id":335,"geometry":{"type":"MultiPolygon","coordinates":[[[[-6.7637009374173642,34.035369634925637],[-6.7642033316655761,34.035623065228549],[-6.7635814037017994,34.036478906332107],[-6.7638804277253568,34.036505703104773],[-6.7649289876940717,34.036599666706628],[-6.7661757277071075,34.036709159879763],[-6.7661733209703492,34.036712488721641],[-6.7738844269253704,34.037390736259724],[-6.7734794930423625,34.037023832677988],[-6.7663768539214413,34.036430975051886],[-6.7688871081297224,34.032958770133284],[-6.7689503860155851,34.032871240610461],[-6.7689444296858685,34.032818263572317],[-6.7657939122040887,34.032509127640985],[-6.7657711187297549,34.032542351664219],[-6.7637009374173642,34.035369634925637]]],[[[-6.7574640335720799,34.03281217374564],[-6.7616984383536485,34.034084602105786],[-6.7626573273989914,34.034836843391737],[-6.7631598334958465,34.035090754632314],[-6.7650636375596269,34.032472922303022],[-6.7650654677032591,34.032470406019627],[-6.7582064409875207,34.031797705454203],[-6.7582033504391061,34.03180192718451],[-6.7574640335720799,34.03281217374564]]]]},"properties":{"arrondissement":"Laayayda","PA":"Laayayda","objectid":335,"shape.STArea()":279571.75861734001,"shape.STLength()":4668.0279696073703,"Prefecture":"Salé"}},{"type":"Feature","id":336,"geometry":{"type":"Polygon","coordinates":[[[-6.8437769879364447,34.00559483899616],[-6.8441757537707124,34.005501198364378],[-6.8443037362186256,34.005358352666427],[-6.8440181665690876,34.004928506207506],[-6.8439767301065402,34.00486613441457],[-6.843537305678467,34.004984281587106],[-6.8437769879364447,34.00559483899616]]]},"properties":{"arrondissement":null,"PA":"PAU RABAT","objectid":336,"shape.STArea()":3472.6873749199999,"shape.STLength()":234.28200161217657,"Prefecture":null}},{"type":"Feature","id":337,"geometry":{"type":"Polygon","coordinates":[[[-6.8447394945901801,34.027918206592929],[-6.8447957682468212,34.027932758975005],[-6.8449475209795834,34.02784534343759],[-6.8448379138806388,34.027644032062021],[-6.8447038917060183,34.027396506880372],[-6.8446502875337671,34.027389063812677],[-6.8444821282598305,34.02736897822605],[-6.8444536259481357,34.027396130197353],[-6.8447394945901801,34.027918206592929]]]},"properties":{"arrondissement":null,"PA":"PAU RABAT","objectid":337,"shape.STArea()":1308.6199663949999,"shape.STLength()":165.42439609600845,"Prefecture":null}},{"type":"Feature","id":338,"geometry":{"type":"Polygon","coordinates":[[[-6.8447429878114212,34.028122294268407],[-6.8446755712774472,34.028001104871848],[-6.8443902370844123,34.028175141255787],[-6.8444839473918897,34.028257390666283],[-6.8445866940374032,34.02836837592065],[-6.8446566451712414,34.02843860471819],[-6.8446662411397545,34.028448237938136],[-6.8446678946213275,34.028447096049028],[-6.8446901015727031,34.028472122261761],[-6.8447123085367894,34.028497148470322],[-6.8447305499968945,34.028516578273141],[-6.844735449875186,34.028517848447017],[-6.8448821744709898,34.02866590843005],[-6.8450832259872501,34.028555685180919],[-6.8449567227280905,34.028394547841756],[-6.8448811753482905,34.028298316912981],[-6.8447429878114212,34.028122294268407]]]},"properties":{"arrondissement":null,"PA":"PAU RABAT","objectid":338,"shape.STArea()":1877.5640379250001,"shape.STLength()":198.31683061103462,"Prefecture":null}},{"type":"Feature","id":339,"geometry":{"type":"Polygon","coordinates":[[[-6.8444867266706533,34.026491882172003],[-6.8446877960768608,34.026836746848794],[-6.8447951332475281,34.02687329532057],[-6.8448833094153141,34.026849750062063],[-6.8448866509409756,34.026831961785803],[-6.8448779499170795,34.02671896095449],[-6.8448347141412755,34.026634704993619],[-6.8446994146883524,34.026402381990195],[-6.8445523961521264,34.026169547256202],[-6.8445421248099656,34.026161558705269],[-6.8444446153260881,34.026192960438102],[-6.844346564065992,34.026222627232073],[-6.8443304717356046,34.026244417040466],[-6.8444867266706533,34.026491882172003]]]},"properties":{"arrondissement":null,"PA":"PAU RABAT","objectid":339,"shape.STArea()":1744.78627132,"shape.STLength()":198.70341583353419,"Prefecture":null}},{"type":"Feature","id":340,"geometry":{"type":"Polygon","coordinates":[[[-6.8450809835941486,34.028090467686702],[-6.8450018375543644,34.027945103729735],[-6.8448178053101216,34.028052775010572],[-6.8449225279497847,34.028186169487761],[-6.8450809835941486,34.028090467686702]]]},"properties":{"arrondissement":null,"PA":"PAU RABAT","objectid":340,"shape.STArea()":340.08014193499997,"shape.STLength()":74.211027568087687,"Prefecture":null}},{"type":"Feature","id":341,"geometry":{"type":"Polygon","coordinates":[[[-6.8428926514138757,34.025256869936797],[-6.8432053067666674,34.025056529207575],[-6.8441917693724967,34.024147935710353],[-6.8436546984963726,34.023479310849751],[-6.843554775164872,34.023384569199649],[-6.8432840550143768,34.023125049755365],[-6.8430947527172155,34.02294745732231],[-6.8429393718591172,34.022794790557001],[-6.8427823984332834,34.022635741331868],[-6.8426211296883475,34.022451954249078],[-6.8425233343457625,34.022337021371726],[-6.8419699040557163,34.021642727888803],[-6.8414719103408101,34.021924962177145],[-6.8412967866702479,34.022383424507204],[-6.8411437051626685,34.022473695664424],[-6.8414148812549884,34.022786089500066],[-6.8410600623193023,34.023047748474987],[-6.8416213764830616,34.02357903964198],[-6.8419474494920651,34.023311839575122],[-6.8422985329211929,34.023751568399078],[-6.841645440811825,34.024078202201231],[-6.8428926514138757,34.025256869936797]],[[-6.8422553632563412,34.022490059987121],[-6.8423573871328944,34.022609962425733],[-6.8425255071816604,34.022801558763128],[-6.8426899100977447,34.022968136393068],[-6.84284928233338,34.023124725749419],[-6.8430398971348794,34.023303548915159],[-6.8433100568659153,34.02356253149118],[-6.8433964838938453,34.023644477860145],[-6.8437808505066435,34.024122996639178],[-6.8429839267732024,34.024857009959753],[-6.8429354448594166,34.02488807579735],[-6.842146985929527,34.024142951321302],[-6.8427574223756844,34.023837649137825],[-6.842050562680563,34.022952319894912],[-6.8419444268962462,34.022934738801851],[-6.8416383735914081,34.023185536239502],[-6.8415178987300926,34.023071505625836],[-6.8418505740479496,34.022826174190364],[-6.8415992051457373,34.022536601734188],[-6.8417800911209241,34.022429934258483],[-6.8416603538076286,34.022324204236888],[-6.8417475136549113,34.022096023191388],[-6.8418809775970146,34.022020383502216],[-6.8422553632563412,34.022490059987121]]]},"properties":{"arrondissement":null,"PA":"PAU RABAT","objectid":341,"shape.STArea()":31266.373182964999,"shape.STLength()":2081.349961629458,"Prefecture":null}},{"type":"Feature","id":342,"geometry":{"type":"Polygon","coordinates":[[[-6.8436146356890237,34.026169311325887],[-6.8436524902557228,34.026250068194628],[-6.8441838808195428,34.026080440344693],[-6.8442289234178855,34.026020217344758],[-6.8442011019628213,34.02598247799704],[-6.8436146356890237,34.026169311325887]]]},"properties":{"arrondissement":null,"PA":"PAU RABAT","objectid":342,"shape.STArea()":547.47669403500004,"shape.STLength()":132.91292961818274,"Prefecture":null}},{"type":"Feature","id":343,"geometry":{"type":"Polygon","coordinates":[[[-6.8435331299885904,34.026288169943548],[-6.8434951373200006,34.026207374949166],[-6.8434602992272229,34.026218466078411],[-6.8432480504559097,34.026285419496823],[-6.8432258412496951,34.026292413129084],[-6.8431607687545783,34.026315071615691],[-6.8430925436564864,34.026342068299073],[-6.843003236595405,34.026397826681439],[-6.8430272750340357,34.026449643878195],[-6.8435331299885904,34.026288169943548]]]},"properties":{"arrondissement":null,"PA":"PAU RABAT","objectid":343,"shape.STArea()":459.26077459499999,"shape.STLength()":116.1871183911786,"Prefecture":null}}]}