{"type":"FeatureCollection","features":[{"type":"Feature","id":2051,"geometry":{"type":"Polygon","coordinates":[[[-6.8377488378359796,34.013033384350898],[-6.8379454168395508,34.012982558253952],[-6.8478685888699946,34.010441512118113],[-6.8493486421659115,34.012648295651957],[-6.8506053942992056,34.012058198749713],[-6.8510409811622512,34.011784062201649],[-6.8510552995250906,34.011774725199828],[-6.8510692255917993,34.011764984188027],[-6.8510827422483613,34.011754851990801],[-6.8510958323508326,34.011744339629296],[-6.8511084831015099,34.011733458976373],[-6.8511206784843894,34.011722223745686],[-6.8511324024685365,34.0117106467494],[-6.8511436444518763,34.011698741638533],[-6.8511543884337955,34.011686523028573],[-6.8511646227143279,34.011674003681506],[-6.8511743356540054,34.011661199965921],[-6.8511835166660724,34.011648126434714],[-6.8511921519304382,34.011634798579884],[-6.8512002341237039,34.011621231818431],[-6.851207753756964,34.011607441592119],[-6.8512146992059195,34.011593445171485],[-6.8512210653278958,34.011579258849949],[-6.851226843731828,34.011564898958596],[-6.8512320260418829,34.011550382730135],[-6.8512366081982394,34.011535726445594],[-6.8512405840055219,34.011520948214319],[-6.8512439483212093,34.011506064329652],[-6.8512466982134974,34.011491093765173],[-6.8512488307203059,34.011476053690856],[-6.8512503407143672,34.011460961301815],[-6.8512512295797263,34.011445834619678],[-6.8512514943697003,34.01143069171605],[-6.8512511353705614,34.011415549723417],[-6.8512501539817379,34.011400427564944],[-6.851415989407994,34.009497511869775],[-6.8514577076109857,34.008770245472853],[-6.8505225725421761,34.00871380261141],[-6.8503372661297757,34.008699908502045],[-6.8501526531398209,34.008680643519156],[-6.8499689581565928,34.008656030319948],[-6.8497864058989242,34.008626099678324],[-6.8496052179116598,34.008590886915428],[-6.8494256137081759,34.008550435494151],[-6.8492478118083948,34.008504794301174],[-6.8490720286851836,34.008454019463052],[-6.8455009403421059,34.007177862306406],[-6.8446414387871322,34.008802820631104],[-6.8446347727111236,34.008826441929408],[-6.844656662965849,34.008867377462082],[-6.8446994808858399,34.008890428259264],[-6.8476683007409198,34.009996990369949],[-6.8393472168788385,34.01213227864249],[-6.8377032194724814,34.01255860074032],[-6.837495319156111,34.011725205756441],[-6.8373724427295972,34.01144982019801],[-6.8371673018427668,34.010730935651978],[-6.8381857254366372,34.010544989734449],[-6.8378694246661338,34.009501178042079],[-6.8375643476251584,34.008529641035857],[-6.8371513963810937,34.007076156233403],[-6.8380993276847422,34.006199690798873],[-6.8401645399602433,34.004344044281488],[-6.8409176164432681,34.003649685298974],[-6.8415818879032244,34.003745772531261],[-6.8431428452191128,34.004038652315302],[-6.8450405556308898,34.004365868397343],[-6.847005377023752,34.004766401915859],[-6.8475796618039002,34.004893462517359],[-6.8483558951869199,34.005129289913739],[-6.8489876647713368,34.00536678317988],[-6.8497821735641367,34.005801547302369],[-6.8505305570604644,34.006297138283749],[-6.8514670659237069,34.006879616387259],[-6.8524167605211774,34.007484328358302],[-6.85379080733862,34.00830651330751],[-6.8537804845396737,34.008319391967412],[-6.8537707026288581,34.008332559265902],[-6.8537614743730675,34.008346001526853],[-6.8537528092155195,34.008359700603179],[-6.8537447177425408,34.008373641942065],[-6.8537372115627582,34.008387807371442],[-6.8537302979993324,34.008402181474388],[-6.8537239853977132,34.008416745214731],[-6.8537182810657775,34.008431482274069],[-6.8537131933793365,34.008446375419389],[-6.8537087274355208,34.008461405652277],[-6.8537048872791919,34.008476555790111],[-6.8537016801882009,34.008491807710975],[-6.8536991080114946,34.008507142453908],[-6.8536971737112005,34.008522542848937],[-6.8536958812867352,34.008537989008367],[-6.8536952315347053,34.008553463787202],[-6.8536952241235456,34.008568947347882],[-6.8536958598497923,34.00858442254561],[-6.853697138381964,34.008599869542742],[-6.8536990583359678,34.008615270317748],[-6.8537016161622661,34.008630606874227],[-6.8537048104768354,34.008645861190537],[-6.8537086355342609,34.008661013491981],[-6.8537130888829774,34.008676046671205],[-6.8537181626422585,34.008690942782003],[-6.8537238532624247,34.008705683827856],[-6.8537301528630357,34.00872025186252],[-6.8537370535783975,34.00873462984142],[-6.8537445475428731,34.00874880072007],[-6.8537526247104346,34.008762746577283],[-6.85376127723032,34.008776451270151],[-6.8537704940190265,34.008789899595293],[-6.853780263932272,34.008803072742268],[-6.853790574833897,34.008815957323669],[-6.853801415624746,34.00882853723428],[-6.8538127719729776,34.008840797308217],[-6.8538246306441808,34.008852723268895],[-6.8538369783889834,34.008864299937933],[-6.8538497987399358,34.008875513978005],[-6.8538630773798479,34.008886351125092],[-6.8538767989692362,34.008896800734355],[-6.8538909459275397,34.008906847677743],[-6.8539055018324531,34.008916481323091],[-6.8539204491637777,34.008925690149091],[-6.8539357703860526,34.008934461732778],[-6.8539514469567591,34.008942788172249],[-6.8539674591748412,34.008950657069654],[-6.8539837895653353,34.008958059608766],[-6.8540004174199556,34.00896498791294],[-6.8540173230980717,34.008971433191036],[-6.8540344858762614,34.00897738666476],[-6.8540518861742044,34.00898284314983],[-6.8540695032685948,34.008987793867782],[-6.8540873143457697,34.008992234574016],[-6.8541052998253482,34.008996160084273],[-6.8541234379464742,34.008999564337849],[-6.854141705910604,34.009002443991712],[-6.8541600830997309,34.009004796579482],[-6.8541785477681305,34.009006616942131],[-6.8541970760947315,34.009007905356142],[-6.8542156463638877,34.009008658465838],[-6.854234236920143,34.00900887652265],[-6.8542528260778655,34.009008557974418],[-6.8542713911290818,34.009007704888411],[-6.8542899093356446,34.009006317528652],[-6.8543083579745003,34.009004397060565],[-6.8544516733123197,34.009514898583959],[-6.8545437264381057,34.009953635306857],[-6.8546492843258093,34.010603819485603],[-6.8547583568376771,34.0114555822162],[-6.8547907843123665,34.012202043600027],[-6.8547468540775736,34.01406635134655],[-6.8547223098066024,34.015576907503139],[-6.856254365312588,34.017085109428379],[-6.8573820437257051,34.018202896775882],[-6.8585453058010124,34.019294473248436],[-6.8585454662602361,34.019294160233457],[-6.858552637900285,34.019287284733267],[-6.8585522152306613,34.019277460998573],[-6.8585445727637939,34.01927493450097],[-6.858528560536242,34.019267268212886],[-6.8585224386005015,34.019264862906837],[-6.858518323891639,34.019256020092143],[-6.8585151636839337,34.019238741737063],[-6.8585177642653337,34.019233842238187],[-6.858526064985119,34.019232804074242],[-6.8585359533158519,34.019226785306202],[-6.8585398233180008,34.019215177302954],[-6.8585366358130528,34.019204919475413],[-6.8585334691728415,34.019201260437967],[-6.8585280756039211,34.019201467509582],[-6.8585237222841551,34.019194734256239],[-6.8585264840831996,34.019183888610321],[-6.8585188469451506,34.019167741002668],[-6.8585163312754407,34.019162857756804],[-6.8585122522403728,34.019144653946263],[-6.8585019476897253,34.01912722965934],[-6.8584969592989538,34.019105760814178],[-6.8584960772212025,34.019095474351133],[-6.8585033137670122,34.019083497081887],[-6.8585087376608049,34.019087549223016],[-6.8585194211932281,34.019090319912429],[-6.8585249770726646,34.019084167583287],[-6.8585203642676609,34.019072944198761],[-6.858525048391316,34.019065444690391],[-6.8585397756285165,34.019059600486024],[-6.8585518939188574,34.019060996247909],[-6.8585586740806583,34.019059835987314],[-6.85856167754054,34.019058161419579],[-6.8585649845117276,34.019049274617004],[-6.8585644655247089,34.019040294355477],[-6.8585696185112743,34.019030917091953],[-6.8585716391181704,34.019044699507191],[-6.858570784323919,34.019027392516719],[-6.8585552880689997,34.019017425851672],[-6.8585380535443887,34.019016046344198],[-6.858526135184027,34.019010623177493],[-6.8585358884825718,34.019003530041026],[-6.8585510091253479,34.019003250346636],[-6.8585667796363152,34.019001745553062],[-6.8585767537190323,34.018997223800604],[-6.8585785610290149,34.018994814595928],[-6.8585879626387003,34.018995354525636],[-6.8585950474015602,34.018986982917248],[-6.8585981430299716,34.018973184245716],[-6.8586024253521858,34.018962460690958],[-6.8586070225983322,34.01895346417259],[-6.8586111228202462,34.018942087072325],[-6.858602157797403,34.018924131328149],[-6.8585863246667307,34.01890583794988],[-6.8585756464809116,34.018889447057802],[-6.8585372805525582,34.018869137779582],[-6.8585139419767334,34.018860672013737],[-6.8584915013574292,34.01884653200576],[-6.8584828846539541,34.018845842241589],[-6.8584731040994962,34.018859957705921],[-6.8584559405701944,34.018876034993859],[-6.858433814512841,34.018899802615309],[-6.8584247414152149,34.018909929859376],[-6.858428864472244,34.018916432210162],[-6.8584393480537909,34.018923230310037],[-6.8584508551416787,34.018927769020557],[-6.8584688973592298,34.018946878157962],[-6.8584921824406981,34.01896938497508],[-6.8585005635774552,34.018983464039714],[-6.8585082174398053,34.018994930713426],[-6.8585053876914719,34.018999598391673],[-6.8584932014733502,34.018992025558887],[-6.8584619381372303,34.018958664608128],[-6.8584395718644355,34.018937081437329],[-6.8584290579681584,34.018926025027341],[-6.8584159142525518,34.01891560888923],[-6.8583987070407977,34.01890720793282],[-6.8583844456726029,34.018899894628184],[-6.8583751089850162,34.018894252009865],[-6.8583684513625771,34.018887547369488],[-6.8583651026598886,34.01888323568356],[-6.8583769341474188,34.018887162760798],[-6.8583897325922871,34.018891591752272],[-6.8583990568016242,34.018888295110223],[-6.8584101014465144,34.018881091356626],[-6.8584314570557146,34.01887769347988],[-6.8584431808116442,34.018873523851227],[-6.8584550961196085,34.018867667286038],[-6.8584715229167985,34.018851318088281],[-6.8584814855674976,34.018837856169391],[-6.8584796459938886,34.018824727309578],[-6.8584686737602771,34.01881320726045],[-6.8584513285303128,34.01879245220249],[-6.8584255130319853,34.018781021915864],[-6.8584112327673825,34.018778389575672],[-6.8583925843875626,34.018784983762835],[-6.858383996934001,34.018788553216616],[-6.8583676718096598,34.018790438720671],[-6.8583405615122386,34.018804017201212],[-6.8583269162920137,34.018816120444669],[-6.8583281446719102,34.01883239314683],[-6.8583396536724957,34.018848211620522],[-6.8583370447160528,34.018855451584628],[-6.8583291135714735,34.018844175717284],[-6.8583194881884566,34.01882978464014],[-6.8583178872567867,34.018814546216618],[-6.8583148431887722,34.018803023183509],[-6.85830288424639,34.018784401498166],[-6.8582911355451115,34.018770691692872],[-6.8582877094678665,34.018762543418561],[-6.8582751894319092,34.018757922684749],[-6.8582599622124159,34.018750106534846],[-6.8582654122922522,34.018747137269585],[-6.8582895440802067,34.018753112787735],[-6.8582992229788218,34.018753461921776],[-6.8583038213281116,34.018744465401213],[-6.8583095165043826,34.018725768154418],[-6.8583150901972889,34.018714933982771],[-6.8583271364164418,34.0186988729712],[-6.858336323658369,34.01868322131007],[-6.8583370091994746,34.018672634315095],[-6.8583208548034325,34.018666234086126],[-6.8583044606945567,34.018661942527402],[-6.8582759756575689,34.018649233748526],[-6.8582183409087119,34.018641002859162],[-6.8581847813638568,34.0186415087855],[-6.8581790444922994,34.01864700844385],[-6.8581759017315589,34.01866122883105],[-6.8581668454061342,34.018666676022342],[-6.8581545188554607,34.018671648094838],[-6.8581503977366198,34.018676425488003],[-6.8581477744108241,34.018663446435063],[-6.8581376991468161,34.018646253034859],[-6.8581303226810162,34.01863459551997],[-6.8581206408113236,34.018622966631689],[-6.8580769494812328,34.018609041331871],[-6.8580737828820917,34.018605382281962],[-6.8580695992758445,34.018590363297079],[-6.8580610445524934,34.018573291088714],[-6.8580500818883863,34.018559431422517],[-6.8580487374986729,34.018537403385153],[-6.8580518028882702,34.018519345512097],[-6.8580640615170889,34.018508196381617],[-6.8580806817612761,34.018501439150398],[-6.8581097427007496,34.018484185426239],[-6.8581278064484152,34.018484126770254],[-6.8581395462877852,34.0184799497668],[-6.8581502803891672,34.018473346690463],[-6.8581543922118282,34.018461948725303],[-6.8581555622592383,34.018458417790853],[-6.8581654434656256,34.018457077168975],[-6.8581749290256404,34.018461461756111],[-6.8581856903256471,34.018459126042551],[-6.8581871586292449,34.018450714286089],[-6.8581924948691961,34.018444318313229],[-6.858198545811101,34.018442884268744],[-6.8582027925200215,34.018452820438739],[-6.858200373956211,34.018467339941303],[-6.8582067565948401,34.018474248007493],[-6.8582062552888816,34.018483164386105],[-6.8582110347312657,34.018477150072059],[-6.8582272390302412,34.018465228101505],[-6.8582391054916316,34.018453171718818],[-6.8582452266142218,34.018446625917939],[-6.8582493393636508,34.018455485000125],[-6.8582537577045901,34.018468419716385],[-6.8582615018864326,34.018470106302281],[-6.8582748010070027,34.018467973734921],[-6.8582932008135407,34.018470514863743],[-6.8583262403117926,34.01847039014006],[-6.8583410610441131,34.018468379650145],[-6.8583579434403834,34.01845949721428],[-6.8583611321819049,34.018458473453641],[-6.8583680642813007,34.018456043395311],[-6.8583721928065327,34.018451256889328],[-6.8583800814210649,34.018451675551702],[-6.8583930602619194,34.01845911290939],[-6.8584047791556637,34.018459625885548],[-6.8584101090201575,34.018464531399509],[-6.8584169835932167,34.018464868966873],[-6.8584242997590277,34.018459057807988],[-6.858424571885732,34.018449910509091],[-6.8584151553871964,34.018440413297462],[-6.8583989229292071,34.018427810876055],[-6.8583850419882735,34.018426058627654],[-6.8583801118615115,34.018424384395892],[-6.8583856018999212,34.018414375508748],[-6.858396175891853,34.018402428848319],[-6.8584022216409091,34.018392038312506],[-6.8584163370248268,34.018382720896312],[-6.8584365368278011,34.018385193257302],[-6.8584494413861545,34.018388785869632],[-6.8584593225801704,34.018387445224484],[-6.8584664577234715,34.018380980504837],[-6.8584653777160263,34.01837471059752],[-6.8584620874988449,34.018367623156884],[-6.8584607992465925,34.018356431423705],[-6.8584510154262421,34.018356926778793],[-6.8584431047944614,34.018361197236523],[-6.8584384802693927,34.018363598641002],[-6.8584394409770537,34.018355145890581],[-6.8584485519653455,34.01834031040287],[-6.858457769701003,34.018322284634465],[-6.8584651339955665,34.018316050834073],[-6.8584853704545807,34.018300187597553],[-6.858498097089206,34.018291825187852],[-6.8585024170898938,34.018285348134661],[-6.8585067276956728,34.018281215169416],[-6.858523241636485,34.018282325288034],[-6.8585412678098585,34.018285902476194],[-6.8585528150303405,34.018283415989004],[-6.8585644690117995,34.018277740122329],[-6.858575684485456,34.018266910620653],[-6.8585782526144579,34.018260079675052],[-6.8585777293803476,34.018253427205416],[-6.858569011944657,34.018242280451993],[-6.8585570094790977,34.018233001839747],[-6.8585487786803538,34.018226585178375],[-6.8585436884703661,34.018219567389949],[-6.8585353404501008,34.018218685108664],[-6.8585272226692942,34.018218033733454],[-6.8585290059321009,34.018211353518033],[-6.8585373853501972,34.018205201693902],[-6.8585511919772557,34.018203109185635],[-6.8585646992854263,34.018205897511486],[-6.8585791045116027,34.018214302197315],[-6.8585925636795997,34.018217513159016],[-6.8586039298757591,34.018214373109082],[-6.8586157376337411,34.018205083429258],[-6.8586221569425856,34.018193656786188],[-6.8586179792742703,34.018178608887162],[-6.8586011859321925,34.018157432558993],[-6.8585882385130397,34.018142961116048],[-6.8585858827964286,34.018143411514053],[-6.8585725942084439,34.018143200013846],[-6.8585651273489789,34.018141321727278],[-6.858570350509317,34.01812915954806],[-6.85858780944712,34.018115205426213],[-6.858600023284513,34.018097846434706],[-6.8586090372459809,34.01808220217675],[-6.8585979222556759,34.018080884931898],[-6.8585959935512282,34.018068576011913],[-6.8585953740314922,34.018062768819675],[-6.8586069630880253,34.018050904120059],[-6.858625196412337,34.018039144265551],[-6.8586420138012292,34.01802407296141],[-6.8586592853967279,34.018000508800974],[-6.8586674293171006,34.017985168676681],[-6.8586807911272274,34.017968967852902],[-6.8586930593520119,34.01796014178101],[-6.8587112131341685,34.017955839560749],[-6.8587274706294652,34.01795245136713],[-6.8587338689782067,34.017945713821035],[-6.8587449556394979,34.017942763699942],[-6.8587603173625808,34.017954017084811],[-6.8587780713896906,34.017966741540704],[-6.858792445218997,34.017982180309247],[-6.858801034996735,34.018001206432672],[-6.8588121279896397,34.018007213677542],[-6.8588313827264749,34.018004492241481],[-6.8588542300521285,34.017992675936846],[-6.8588693227692605,34.017981518082614],[-6.8588796360993891,34.017976373665654],[-6.8588904778992879,34.01796658023126],[-6.8588966407593404,34.017950655288018],[-6.8589115032090158,34.017939265620804],[-6.8589262327651719,34.017926798853551],[-6.8589341746999635,34.017915494257906],[-6.8589440222818094,34.017900930638916],[-6.8589520530847885,34.017879824305965],[-6.8589513581606321,34.017870172387418],[-6.85894291911087,34.017858834826889],[-6.8589339452560374,34.017843188910362],[-6.8589431471652169,34.017838808690229],[-6.8589566648790807,34.01783925197136],[-6.8589770739120528,34.017846645157348],[-6.858998490653895,34.017845162957194],[-6.8590178028548943,34.017839673862902],[-6.8590270916754035,34.017836793348728],[-6.8590388303012952,34.017832616272564],[-6.8590508137541226,34.017815025427815],[-6.8590623974457152,34.017794203299815],[-6.8590827277218542,34.017757236740572],[-6.859083528251495,34.017743441321635],[-6.8590824638435555,34.017723524928428],[-6.8590801614861707,34.01771225211165],[-6.8590653021235886,34.017712340338264],[-6.8590494768818342,34.017711925738254],[-6.8590423783892058,34.017700054898668],[-6.8590532787389025,34.01768749470871],[-6.8590695611877193,34.017668115891681],[-6.859084349261618,34.017652881462375],[-6.8591001147681068,34.01763580664344],[-6.8591071169105309,34.017628264787263],[-6.8591108654217949,34.017615557881562],[-6.859110773260146,34.017605102586955],[-6.8591209618585083,34.017576279003499],[-6.8591313337256965,34.017568367824431],[-6.8591437190984115,34.017574264394185],[-6.8591594857467557,34.017577447526293],[-6.8591742047469486,34.017567324829606],[-6.8591818096393418,34.017558978691085],[-6.8591959415988919,34.017556272652634],[-6.8592130824039739,34.017572146330117],[-6.8592383943395854,34.017597204278246],[-6.8592491356880032,34.017599557564495],[-6.8592606932536819,34.017594726910069],[-6.8592680951268585,34.017590415424607],[-6.8592848078630393,34.017598791357841],[-6.8592966554457355,34.017611681921757],[-6.8593108512848122,34.017615165613911],[-6.8593363337286819,34.017622965032537],[-6.8593738134785065,34.017651343568652],[-6.8594138612987727,34.017672891129031],[-6.8594503909147049,34.017707376497],[-6.8594754320271232,34.017741581687034],[-6.8595194065929332,34.017782635285101],[-6.8595642361662161,34.01781842637525],[-6.8596109946196169,34.017866526354275],[-6.8596203526171236,34.017878791120367],[-6.8596425670140544,34.017895071015111],[-6.8596649843998847,34.017907315345646],[-6.8596694005693566,34.01789999297263],[-6.8596808618768765,34.017896007558598],[-6.8596855304365913,34.017904484040251],[-6.8596788067160697,34.017911835094829],[-6.8596842601555084,34.017920161741678],[-6.8596969459675137,34.017921178306175],[-6.8597084008725959,34.017908236419267],[-6.8597103493088216,34.017895598262399],[-6.8597271089984782,34.017883294441447],[-6.8597366844418239,34.017877877162121],[-6.8597495408568285,34.017881893182327],[-6.859770178043151,34.017889517168626],[-6.8597758240375386,34.017896153254107],[-6.8597834208544644,34.01791040912515],[-6.8597874101945635,34.01791584697277],[-6.8597942847295696,34.017916184464688],[-6.8598126884756532,34.017907423897654],[-6.8598178541901849,34.017918286362388],[-6.8598165357959937,34.017934386704447],[-6.8598189564641086,34.017940124209638],[-6.8598273149121383,34.01793866230436],[-6.85985330907193,34.017935201128793],[-6.8598729635322799,34.017935709910255],[-6.8598788606445549,34.017937887791099],[-6.8599120066497168,34.017934573269301],[-6.8599200489896273,34.017931379827992],[-6.8599280338368205,34.017930953114131],[-6.8599399441301561,34.017929775401782],[-6.8599513741452371,34.01793282407003],[-6.8599599732552745,34.017929248057015],[-6.8599682509249273,34.017914984932382],[-6.8599690125039867,34.017899266256094],[-6.8599637074539759,34.017878371131474],[-6.859962489094853,34.017862067655422],[-6.8599621938486983,34.017855647021491],[-6.8599552345515438,34.017853809802098],[-6.8599500960985749,34.017847213807563],[-6.85994214362674,34.017840606403034],[-6.8599436117498636,34.01783219462407],[-6.8599524295864756,34.017831194531063],[-6.8599624708869626,34.017835198230856],[-6.8599816827479998,34.01784185483892],[-6.8599936893000528,34.017839831842522],[-6.8600096162085462,34.017848358429312],[-6.8600262367785332,34.017846278068191],[-6.8600393809329443,34.01784775823446],[-6.8600435887341566,34.017835514023936],[-6.860047765273138,34.017830304822212],[-6.8600611982384612,34.01782924914928],[-6.8600641606585224,34.017816692065814],[-6.8600604109153176,34.017809141943651],[-6.8600706591579561,34.017797808600051],[-6.8600879525438128,34.017789812191978],[-6.8600945109611207,34.017788418137968],[-6.8600997234672327,34.017778600896413],[-6.8600964227202645,34.017773858500107],[-6.8600916150671845,34.017775605533693],[-6.8600949690072328,34.017768623804109],[-6.8601057312527205,34.01776628791243],[-6.8601167162260914,34.017755227366941],[-6.8601232965748551,34.017749144194376],[-6.8601418604411677,34.017745727140436],[-6.8601509149890223,34.017753916211497],[-6.8601707346488485,34.017748467021498],[-6.8601704300535973,34.017744391378223],[-6.8601747226012959,34.017733646899423],[-6.8601758067039604,34.017728616221213],[-6.8601664813133132,34.017729575346202],[-6.8601524937455896,34.017731012673558],[-6.8601508485879332,34.017727469425381],[-6.8601578391463622,34.01772227252642],[-6.860166111699832,34.017719309972712],[-6.8601695619166749,34.017711483863565],[-6.8601695723336702,34.017709138860461],[-6.8601757507272945,34.017699825333416],[-6.860179937668704,34.01769227112387],[-6.8601823781197186,34.017693319530679],[-6.8601899139434499,34.017690085075422],[-6.8601858868854659,34.017682725778336],[-6.8601775011820658,34.01767992124271],[-6.8601665565222429,34.017661345626507],[-6.8601628642460737,34.017651027876916],[-6.8601542325046392,34.017641380053526],[-6.8601512949216508,34.017637946560882],[-6.8601490886977894,34.017625828484285],[-6.8601520510982157,34.017613271397785],[-6.8601481673689131,34.017604644193199],[-6.8601572050350637,34.01760622179593],[-6.8601685818167386,34.017620993669844],[-6.8601751635411947,34.017635167551113],[-6.8601854027387352,34.017646437159044],[-6.8602051806924695,34.01765036707431],[-6.8602170323931331,34.017651956978227],[-6.8602291351673887,34.017649087778281],[-6.8602442757827724,34.017637507117385],[-6.8602368883259359,34.017628172182647],[-6.8602259659224112,34.017625165425336],[-6.8602220132043179,34.017621649967282],[-6.8602167993223233,34.017611210157611],[-6.8602216748467795,34.017604350485669],[-6.8602141545051838,34.017593939354164],[-6.8602086424697601,34.017588379470411],[-6.8602031566545643,34.017587086965875],[-6.8601998077745874,34.017582767211515],[-6.8602060238745937,34.017575376046125],[-6.8602156642760663,34.017576148460051],[-6.8602298026639854,34.017582398776625],[-6.8602382091899958,34.017580513302441],[-6.8602498148326383,34.017575259917116],[-6.8602604380098038,34.017583147513264],[-6.8602674141677973,34.017591596184239],[-6.8602731252068265,34.017604421978433],[-6.8602810503910545,34.017606762897444],[-6.8602843403806535,34.017593592321035],[-6.8602824207792814,34.01757893843407],[-6.860277704044579,34.017570884613235],[-6.860272747706933,34.017564943075953],[-6.8602828579535666,34.017563834104465],[-6.8602927598679599,34.017557804209503],[-6.8602884544158478,34.017550635749878],[-6.8602858526722557,34.017544242893798],[-6.8602945092101937,34.017537900128744],[-6.8602965706995818,34.017531028150174],[-6.8602993534687524,34.017538074561713],[-6.8603093724889455,34.017526510281385],[-6.860305249160155,34.01751999626687],[-6.860291847501931,34.017514017857977],[-6.8602877722941482,34.01750708030157],[-6.8602954629290096,34.017500233819277],[-6.8603152239748439,34.01749755224882],[-6.8603181551078531,34.017492030167695],[-6.8603155544466281,34.01748563729948],[-6.8603071791865515,34.017480488670699],[-6.8603087435363559,34.017471231607018],[-6.860323626559893,34.017455152665349],[-6.8603245608637735,34.017442433419589],[-6.8603151977692756,34.017441469290389],[-6.860309029837401,34.017448438723576],[-6.8603037326027465,34.017456756238417],[-6.8602916402714911,34.017457280442493],[-6.8602919121985746,34.017448133135964],[-6.8602932358787241,34.017440989270533],[-6.8602973746632063,34.017433857695991],[-6.8603029869108516,34.017427270821472],[-6.8602984249831769,34.017415603176914],[-6.8603052553094841,34.017405062706707],[-6.8603160214506627,34.017391425321087],[-6.8603293684896425,34.017388869895186],[-6.8603381589830992,34.01738360330944],[-6.8603494341114821,34.017390263962696],[-6.8603533972362838,34.017391434413639],[-6.860363433115702,34.017386481597157],[-6.8603746794997242,34.017368617822228],[-6.8603791059933217,34.017358950419258],[-6.8603881371640458,34.017351571533197],[-6.8603938521412822,34.017353095847341],[-6.8604139813314644,34.01734042167471],[-6.860421873802836,34.017329539634581],[-6.8604156185701699,34.017314751388348],[-6.8604293698045007,34.017295905132762],[-6.8604347252861713,34.017288928025323],[-6.8604306344171215,34.017284796397206],[-6.8604280507787614,34.017282187611464],[-6.860433090102882,34.017277987462521],[-6.8604440996599827,34.017274066764898],[-6.8604539970388609,34.017267254079037],[-6.8604523416148204,34.017260715817699],[-6.860454422483647,34.017250873726219],[-6.8604607850717283,34.017241374955013],[-6.8604613374031125,34.017234413236785],[-6.8604709852805845,34.017225579643323],[-6.8604729099516675,34.017221330112115],[-6.8604826964370638,34.017219712630336],[-6.8604894365199032,34.017221655189189],[-6.8604899472772045,34.017223497184375],[-6.8604847171084868,34.017231485642824],[-6.8604876302386613,34.017237524036247],[-6.8604947211343745,34.017238493889678],[-6.8605044409784046,34.017241675172663],[-6.8605095523120827,34.017249492604712],[-6.8605192039263176,34.017249065366826],[-6.8605285356307428,34.017243007826018],[-6.8605450248707456,34.017233121368626],[-6.8605520810937257,34.017232286063617],[-6.8605708522582667,34.017233992801359],[-6.8605742164195673,34.017236063987013],[-6.8605790089139438,34.017238250199767],[-6.8605844497344624,34.017249496335637],[-6.8605842828818187,34.01725728960249],[-6.8605777150335978,34.017264370132374],[-6.8605723142412858,34.017271743698558],[-6.8605738348016123,34.017279472205125],[-6.8605815164433812,34.017283691849372],[-6.8605931049889959,34.017285221653033],[-6.8606131876769636,34.017283830480643],[-6.860622939522516,34.01728040963615],[-6.8606263714059228,34.017277682041247],[-6.8606286911210859,34.017272063362263],[-6.8606284629193697,34.01726563924084],[-6.8606305117918378,34.017262400166537],[-6.8606368888069111,34.017259108842943],[-6.8606479185812521,34.017250785826015],[-6.8606524604805124,34.01725095024112],[-6.860658010568141,34.017248592979271],[-6.8606580772025563,34.017243794212725],[-6.8606579972192678,34.01724238641183],[-6.8606675331054108,34.017238747120771],[-6.8606755628700959,34.017233586780115],[-6.8606781891499224,34.017227391834489],[-6.8606786508176345,34.017221223020528],[-6.8606770860086685,34.017213890955063],[-6.8606762004253481,34.017209015804895],[-6.8606690642220105,34.017208443316029],[-6.8606601595398748,34.017206527799885],[-6.860646296614755,34.017210220229281],[-6.8606378333740432,34.017206538198998],[-6.8606316696174661,34.017201639790436],[-6.8606456311521837,34.017186545575839],[-6.8606506838085819,34.017188551985548],[-6.860655510962328,34.017192542449017],[-6.8606568715773637,34.01719745625465],[-6.8606646998332899,34.017198284928185],[-6.8606679291239878,34.017201546358322],[-6.8606731832867114,34.017197563753513],[-6.8606746665070117,34.017195080731859],[-6.8606803514618262,34.017191533222018],[-6.8606840781785445,34.017190430980236],[-6.8606909195568999,34.017189379015129],[-6.8607020906509817,34.017196680281181],[-6.8607061149121353,34.017205611568961],[-6.8607152691115116,34.017209548889234],[-6.8607230616097352,34.017208572416557],[-6.8607278300910872,34.017206752762299],[-6.8607383741710972,34.017200592690095],[-6.8607424932267485,34.017189713125269],[-6.8607374378747759,34.017179299445459],[-6.8607397452931451,34.017167473282278],[-6.8607366268559131,34.017159015745477],[-6.8607279168075967,34.017161720089426],[-6.8607221172110568,34.017162055547026],[-6.8607177768181629,34.017155902120649],[-6.8607045008608685,34.017154436188818],[-6.8606894122007018,34.017152024570791],[-6.8606977996394605,34.01713528265357],[-6.8607065389511419,34.017117567115669],[-6.8607062856620447,34.017107138046789],[-6.8607070645573378,34.017098192260462],[-6.8607149236768299,34.017092417021338],[-6.8607294573256867,34.017093383082099],[-6.8607273658303836,34.017105425884957],[-6.8607284875931382,34.017106117176318],[-6.8607381061392818,34.017112292954607],[-6.860741503365853,34.017107762004507],[-6.8607461118721043,34.017103126747649],[-6.8607508377342894,34.017110111720847],[-6.8607517126751647,34.017117188478586],[-6.8607569108608262,34.017115803930778],[-6.8607637388760176,34.017108545393938],[-6.8607649138958671,34.01709823044861],[-6.8607663624344406,34.017093942270463],[-6.8607727036716,34.017088845797012],[-6.8607742322098169,34.017085966321353],[-6.8607790006834488,34.017084146665084],[-6.8607883004028194,34.01708469302676],[-6.8607968196049534,34.017085776986342],[-6.8608052443796135,34.017079246589276],[-6.8608148373061653,34.017073010115141],[-6.8608229352755865,34.017071457382784],[-6.8608274379303387,34.017073926546978],[-6.8608297006073595,34.01707432225021],[-6.8608321678520809,34.017075161096528],[-6.860835053747679,34.017075712774826],[-6.8608375455995541,34.017076340294729],[-6.860840291217988,34.017076987403428],[-6.8608423665847011,34.017077902065957],[-6.8608483367224382,34.017080624686386],[-6.860850574792777,34.017081231715558],[-6.8608533204266182,34.017081879725659],[-6.8608563873964785,34.017083087663543],[-6.8608595689386114,34.017084410608064],[-6.8608631188652236,34.017085870853002],[-6.8608665306954677,34.01708742740486],[-6.8608698268405197,34.017088867159153],[-6.8608728692038712,34.017090286422921],[-6.8608760272375751,34.017091821582333],[-6.8608789550136677,34.017093124937595],[-6.8608819973924797,34.017094545102871],[-6.8608852935380567,34.017095984856759],[-6.8608888199414171,34.017097656414627],[-6.8608928539085889,34.017099368953225],[-6.8608974876009228,34.017101450583567],[-6.860902350468411,34.017103764030402],[-6.860907721982672,34.017106118445206],[-6.8609136245699007,34.017108301625122],[-6.8609186277002543,34.017110518739074],[-6.8609236114071628,34.017111773775511],[-6.8609287342934673,34.017112932492111],[-6.8609337436751323,34.017113975287522],[-6.8609387754981705,34.017114806781777],[-6.860943857587408,34.017115213807188],[-6.860949404292576,34.017114911049397],[-6.8609549337089222,34.017113644385383],[-6.8609604866490921,34.017112166407578],[-6.8609658585143647,34.017110032169526],[-6.8609711639072328,34.017107358481354],[-6.8609765839025432,34.017104801602919],[-6.8609809641634261,34.017102374089589],[-6.8609853025586363,34.017099195799958],[-6.8609890166365526,34.017095860646656],[-6.8609921331545012,34.01709215637657],[-6.8609949283504523,34.017087893080671],[-6.8609966827294757,34.017083759162787],[-6.8609979060359976,34.017079796479848],[-6.8609984150296315,34.017075348797235],[-6.8609985064708194,34.017071189172192],[-6.8609973697858848,34.017067677885002],[-6.86099586366407,34.017064031113655],[-6.8609940802368268,34.017060575165736],[-6.8609914433180519,34.017056730537846],[-6.8609888310061189,34.017052674583638],[-6.8609856373261575,34.017049212529486],[-6.8609821898647496,34.017045729985043],[-6.8609789480698327,34.017042691472376],[-6.8609752898057739,34.017039941004512],[-6.860971975289166,34.017037537359641],[-6.8609681940221039,34.017035845326454],[-6.86096429923548,34.017034036470513],[-6.8609602652699335,34.017032323934153],[-6.8609563694159226,34.01703051599231],[-6.8609524746297028,34.017028707135992],[-6.8609488325576553,34.017026919684177],[-6.8609457483151512,34.017024748744262],[-6.8609426640727182,34.017022577804291],[-6.8609397179418208,34.017020311458872],[-6.8609369785447321,34.017018488231038],[-6.8609342626717815,34.017016453689465],[-6.8609316614014677,34.017014535957856],[-6.8609292914565385,34.017012849115893],[-6.8609268047737819,34.017011047292435],[-6.8609243191739973,34.017009245456343],[-6.8609218335591571,34.017007442718516],[-6.8609190930952204,34.017005620404639],[-6.860916033445827,34.017003237235976],[-6.8609130454363623,34.017000219211951],[-6.8609098282525114,34.016996969371164],[-6.8609064043202164,34.016993275510906],[-6.8609032179645011,34.016988638222294],[-6.8608999159541462,34.016983885939666],[-6.8608975155353171,34.016979097894101],[-6.8608958529521429,34.016974583535138],[-6.8608946006176641,34.016970957252852],[-6.8608939663479021,34.016968662152394],[-6.8608934701895166,34.016966271646588],[-6.8608931870156651,34.016963149940651],[-6.8608929089951687,34.016958853027631],[-6.860892722052971,34.016954884238366],[-6.8608926026651114,34.01695145488646],[-6.8608924094868096,34.016948661316789],[-6.8608922163086037,34.016945867747161],[-6.8608923250123919,34.016942670224566],[-6.8608925739931328,34.016939377271392],[-6.8608932578290123,34.016936761068678],[-6.8608932703164101,34.016934411531132],[-6.8608932592796261,34.016932273307148],[-6.8608932052803437,34.016929383417853],[-6.8608930848097112,34.01692595407853],[-6.8608928251600219,34.016922621058875],[-6.8608920579326513,34.016919246156654],[-6.8608911023429844,34.016916392030048],[-6.8608900505065487,34.016914384085013],[-6.8608883262390039,34.016912642817722],[-6.8608852901178432,34.016910048334566],[-6.8608822058809924,34.01690787739301],[-6.8608800159307792,34.016906846822707],[-6.860877802471645,34.016906028467737],[-6.8608749165662513,34.016905475888699],[-6.8608714085263189,34.016904767321954],[-6.8608683845248937,34.016904311049736],[-6.860865014596337,34.016903507077586],[-6.8608628922004549,34.016903015944379],[-6.860860514940553,34.016902504333267],[-6.8608579985017704,34.016902089041743],[-6.8608538672296451,34.016901223597834],[-6.8608505700091875,34.016899783855614],[-6.860847618715832,34.016898691813239],[-6.8608450839220678,34.016897313529796],[-6.8608423915640318,34.016895066770765],[-6.8608383608710248,34.016893355094275],[-6.8608363369036862,34.01689201865549],[-6.8608344029164474,34.016891009451371],[-6.8608322632641459,34.016889556215077],[-6.8608298944377397,34.016887871161906],[-6.8608277375286617,34.016885455822937],[-6.8608256287357561,34.016882616942212],[-6.8608241002285277,34.016879184174677],[-6.8608227109154845,34.016875655989267],[-6.8608219374996473,34.016873459011336],[-6.8608210076178615,34.016870394446961],[-6.8608200777360588,34.016867329882551],[-6.8608199081148555,34.016864326802441],[-6.8608196249742948,34.016861206899598],[-6.8608195956301063,34.016858108388973],[-6.8608194506008253,34.016854893080911],[-6.8608193731252634,34.01685221721025],[-6.8608186724329148,34.016849385364317],[-6.8608177179444523,34.016846532126195],[-6.860816786980152,34.016843467574311],[-6.8608158335897631,34.016840615225227],[-6.860814879101409,34.016837761987055],[-6.8608137854342672,34.01683500506838],[-6.8608127828299557,34.016832575371829],[-6.8608113380667808,34.016830645058505],[-6.8608098279005372,34.016828174380692],[-6.8608079001674502,34.016825990858187],[-6.8608058332403798,34.016823902753444],[-6.8608040693085632,34.016821412486713],[-6.8608023053768452,34.016818922219947],[-6.8608008187353562,34.01681624022843],[-6.8607997977921524,34.016812848441724],[-6.8607989406350178,34.016809149009148],[-6.8607987291358254,34.016805394250881],[-6.8607991162763797,34.016802008597622],[-6.860800035570616,34.016798451697589],[-6.8608015116408607,34.016794513126172],[-6.8608031430635315,34.016791440350431],[-6.8608048420396548,34.016788907012163],[-6.8608070004613984,34.016786838196673],[-6.8608095026286113,34.016785116204709],[-6.860812004810886,34.016783395114452],[-6.86081388484439,34.016781517134561],[-6.8608157648778159,34.016779639154635],[-6.8608171854806717,34.016777297553602],[-6.8608185150055689,34.016774627828724],[-6.8608187640341001,34.0167713375806],[-6.8608186671362565,34.016767699632425],[-6.860817924565632,34.016764116108384],[-6.8608166498415395,34.016760703831167],[-6.8608155624275451,34.01675677259442],[-6.8608140831218316,34.016752916272338],[-6.8608129229849784,34.016749619903521],[-6.8608118293189255,34.016746862984753],[-6.8608102945622447,34.016744604534885],[-6.8608086635583732,34.016743192266603],[-6.8608057809224254,34.016742640549779],[-6.8608029636744607,34.01674262829556],[-6.860799616438781,34.016742787262793],[-6.8607961524353867,34.016742829445107],[-6.8607930589652195,34.016743008001086],[-6.8607897587628699,34.01674274343906],[-6.8607871780392262,34.016741789572457],[-6.8607853167791681,34.01674014549959],[-6.8607837584990605,34.016738098363092],[-6.8607823864463091,34.016735532279711],[-6.8607815230379057,34.016733007164966],[-6.8607809134102871,34.016730502540845],[-6.8607808348532346,34.016727826682668],[-6.8607806181851849,34.016725246229655],[-6.8607804250413036,34.016722454463014],[-6.8607803946156949,34.016719355964838],[-6.8607801596083622,34.016715813421783],[-6.8607799010768957,34.016712482192382],[-6.8607791574254744,34.016708898680655],[-6.8607779319028488,34.016705062848715],[-6.8607766807055155,34.016701439257353],[-6.8607753343434474,34.016698661834951],[-6.8607736839189801,34.01669628748877],[-6.8607720110531405,34.016694124443617],[-6.8607702889731392,34.016692384050984],[-6.8607680582643553,34.016690603591329],[-6.8607658286385265,34.016688823118983],[-6.8607642703597191,34.016686775982222],[-6.8607626199357803,34.016684401635892],[-6.8607616654508892,34.016681548397109],[-6.8607606874569456,34.016678907373695],[-6.8607604697219058,34.016676327834915],[-6.8607602284473685,34.016673958708125],[-6.8607604047544273,34.016671303327897],[-6.8607612513406453,34.016668382197601],[-6.8607619833249016,34.016665344257106],[-6.8607633609660965,34.016662250991104],[-6.8607648788837583,34.016659062294586],[-6.8607663722093495,34.016656085826092],[-6.8607681193153409,34.016653129848194],[-6.8607697026203445,34.016650480614416],[-6.8607711478142779,34.016647926785794],[-6.8607727322018777,34.016645277539311],[-6.8607743155065162,34.016642628305476],[-6.8607761536743919,34.016639999549611],[-6.8607777134546906,34.016637561629373],[-6.8607793213661159,34.016634701069158],[-6.860780953869436,34.016631628280898],[-6.8607827009744424,34.016628672302794],[-6.8607838248489657,34.016625559447547],[-6.8607846714187914,34.01662263741531],[-6.8607855425957025,34.016619504056834],[-6.8607865283439429,34.016616485705072],[-6.8607875376315457,34.016613256941305],[-6.8607879739706261,34.016609447733522],[-6.8607882711311596,34.016605734845285],[-6.8607883380203312,34.016601789251084],[-6.8607882657157608,34.016597939074643],[-6.8607882180183255,34.016593877571943],[-6.860787983011094,34.016590335028702],[-6.8607878625904748,34.01658690839394],[-6.8607877421698671,34.016583481759163],[-6.8607874836536604,34.016580151431342],[-6.8607873386260305,34.016576936122881],[-6.8607872846759648,34.016574048938217],[-6.8607870015526791,34.016570929936663],[-6.8607867665455595,34.016567387393394],[-6.8607865550474809,34.016563632634771],[-6.8607863200403987,34.016560090091509],[-6.8607871001541643,34.01655662951076],[-6.8607880440534164,34.016552861284168],[-6.8607892406347695,34.016549112659142],[-6.8607909877378335,34.01654615668081],[-6.8607928494121646,34.016543315709242],[-6.8607945729908364,34.016540571044544],[-6.8607961562929001,34.016537921810311],[-6.860798339300465,34.016535640766783],[-6.8608003820466674,34.016533456055349],[-6.8608024247776074,34.016531270442194],[-6.8608046977795487,34.016529317535003],[-6.8608061602422179,34.016527726710287],[-6.8608086870089648,34.016525793391921],[-6.860812301619041,34.016523307167773],[-6.8608161946008401,34.016520629206134],[-6.8608198092104855,34.016518142981802],[-6.860823145448026,34.016515848494826],[-6.8608264816702311,34.016513553106009],[-6.8608291230226648,34.016511735695644],[-6.8608316251967585,34.016510014604762],[-6.8608338500664443,34.016508484337059],[-6.8608363522402707,34.01650676324607],[-6.8608391327858271,34.016504850417604],[-6.8608421906353723,34.01650274676588],[-6.8608452249607499,34.016500854427768],[-6.8608478417207692,34.016499249245001],[-6.8608505495583243,34.016497972185967],[-6.8608531181872161,34.016496789643121],[-6.8608559652029601,34.016495416264384],[-6.8608594835638383,34.016493776220571],[-6.8608633027526666,34.016491734039747],[-6.8608670984021147,34.016489902270855],[-6.8608704775843279,34.016488358546383],[-6.8608737164749281,34.016486909350668],[-6.8608768418768662,34.016485345135607],[-6.8608798280852348,34.016483876338334],[-6.8608825359067618,34.016482598376911],[-6.8608855210321575,34.016481129592187],[-6.8608888756068485,34.01647979719349],[-6.8608926466636353,34.016478177651834],[-6.8608966244525229,34.016477001227884],[-6.8609002082001576,34.016475900645645],[-6.8609035135761953,34.016474991800997],[-6.8609065416330433,34.016474272877822],[-6.8609095697050018,34.016473554856276],[-6.8609133355930219,34.016473109619511],[-6.8609177225448601,34.016472821284339],[-6.8609218321928314,34.016472723772374],[-6.8609251805007503,34.016472564789197],[-6.8609278820704818,34.016472461144964],[-6.8609323182204083,34.016471749254869],[-6.8609334181525208,34.016473332756433],[-6.8609356121623106,34.016473188131357],[-6.8609387066902023,34.016473008657478],[-6.8609420550132585,34.016472850575553],[-6.8609454033211454,34.016472691591858],[-6.8609473189593295,34.016472738704309],[-6.8609493972994784,34.016472478183296],[-6.860953368852063,34.016472476977384],[-6.8609574538933762,34.016472590790556],[-6.8609596233115866,34.016472658393106],[-6.860961792714642,34.016472725093863],[-6.8609659934406828,34.016472955704209],[-6.860969849308499,34.016472837700341],[-6.8609720433181343,34.016472693074583],[-6.8609742373278424,34.01647254844886],[-6.860976406746067,34.016472616051097],[-6.8609786007556846,34.016472471425253],[-6.8609809093672371,34.016472443609359],[-6.860984396868278,34.016472189206603],[-6.860987466804664,34.016472221959589],[-6.8609903740241576,34.01647256144426],[-6.8609936496255042,34.01647303822908],[-6.8609967860184966,34.016473609530181],[-6.8610001762067263,34.016474202223115],[-6.8610037955685517,34.016475026732458],[-6.8610076451716306,34.016476082143939],[-6.8610103834399201,34.01647790357984],[-6.8610129149603987,34.016479280996336],[-6.8610152173225227,34.016480427498003],[-6.8610182156054869,34.016481094203982],[-6.8610217203810038,34.01648180280462],[-6.8610256008555783,34.016481473472709],[-6.8610294137753982,34.016480604703318],[-6.8610326056311042,34.016479579032627],[-6.8610358937315832,34.016477707180009],[-6.8610378883404177,34.016475945104773],[-6.8610393754043217,34.016474142950976],[-6.8610409351741772,34.016471705027278],[-6.8610424938611629,34.016469267116243],[-6.8610449306404826,34.016467006558429],[-6.8610472455010312,34.016465804423142],[-6.8610493730534676,34.016465121247791],[-6.861057966438131,34.016468366126205],[-6.8610749274804279,34.016477534385324],[-6.8610913083927443,34.016481250337613],[-6.8611066077062679,34.016502895608966],[-6.8611218136704588,34.016516927409832],[-6.8611279001621694,34.016528826172198],[-6.8611379320079928,34.016548247495095],[-6.8611355244507379,34.016563067268265],[-6.8611383335944396,34.016563692886542],[-6.8611247525420858,34.016598634866099],[-6.8611253354095032,34.016612494445795],[-6.8611294049775422,34.016621027465732],[-6.8611418779801525,34.016627433281364],[-6.8611525633895329,34.016636898365391],[-6.8611610842038848,34.016646389588502],[-6.8611626528759277,34.016662129814009],[-6.8611671559927085,34.016679506103273],[-6.8611697983412849,34.016687924990194],[-6.8611748509807935,34.016689931379176],[-6.8611861659259654,34.016685435262758],[-6.8612014800080212,34.01668586276616],[-6.861210586115444,34.016681789228564],[-6.8612143368411145,34.016684692832904],[-6.8612209420204859,34.01668782469892],[-6.8612279635210243,34.016685185101927],[-6.8612363440020987,34.016679052016855],[-6.8612357168942673,34.016665589780011],[-6.8612336855009017,34.01665601838539],[-6.861233067944152,34.01664035455272],[-6.8612372333145286,34.016629078503783],[-6.8612475266783663,34.016620896593238],[-6.8612496874341042,34.016612462287],[-6.861257216969153,34.016603258306894],[-6.8612625163889165,34.016598879223608],[-6.8612656640255461,34.016592325549901],[-6.8612717556693319,34.016585207243516],[-6.8612787744142141,34.016574160367874],[-6.8612819209658564,34.016567606706325],[-6.8612806509654893,34.016561900000426],[-6.861284134922756,34.016548167062183],[-6.8612861356874975,34.016536917153402],[-6.8612850352220622,34.016531824453317],[-6.86127985727639,34.016528806720729],[-6.8612708977808365,34.016529489296317],[-6.8612647127563209,34.016528993232825],[-6.861257799348734,34.016518029445955],[-6.8612617274919501,34.016510938170605],[-6.8612631866439724,34.016504449278919],[-6.8612586996525975,34.01650168683706],[-6.8612523104234739,34.016498772513224],[-6.8612542899104048,34.016491924920047],[-6.8612501654507199,34.016485989050899],[-6.8612425291671579,34.016481372993383],[-6.861239694903853,34.01647674152764],[-6.8612443044480118,34.016472107140459],[-6.8612586646227331,34.016464050968956],[-6.8612628742184523,34.016452378478114],[-6.8612571065846968,34.016446110036611],[-6.8612504773832557,34.016438972309757],[-6.8612466786193895,34.016428058784676],[-6.8612446723368494,34.016422492337583],[-6.8612401613268048,34.016415724934213],[-6.8612282780395679,34.016412569835857],[-6.861220165651865,34.016407915136362],[-6.8612140925596137,34.016402223848985],[-6.8612126866052607,34.016397706500875],[-6.8612010288099334,34.016392567344425],[-6.861189204234412,34.016395222358796],[-6.861189156176982,34.016387211535466],[-6.8611967097204012,34.01638201251906],[-6.8612087491481715,34.016379575057009],[-6.8612204388734357,34.016378111190406],[-6.8612437304249942,34.016384383636129],[-6.8612551588930772,34.016383098678844],[-6.8612777114318986,34.016381105003148],[-6.8612834896949693,34.01638517183526],[-6.8612935149666354,34.016387777705077],[-6.861303905515534,34.016395617423221],[-6.8613054809940799,34.016400747874528],[-6.861300883186539,34.016403181544611],[-6.8612877209171304,34.016404927741561],[-6.861275500223317,34.016408951924703],[-6.8612676412028915,34.016414727200448],[-6.8612728778539198,34.016423555050103],[-6.8612862230396194,34.016428628528253],[-6.8612939499606789,34.016432451677218],[-6.8612923308265117,34.016436124967576],[-6.8612804743210907,34.016445383012815],[-6.8612776813188292,34.016459371243094],[-6.8612808546528754,34.01646523071981],[-6.861289735246948,34.016463141231668],[-6.8613019453009532,34.01646131775405],[-6.8613058868331125,34.016460433046397],[-6.8613081862873324,34.016459216655882],[-6.8613120584726808,34.016454723440333],[-6.8613140379538979,34.016447875846055],[-6.8613204495415658,34.016446387838798],[-6.8613207203623681,34.016444008231886],[-6.8613244738316128,34.016455319109326],[-6.8613264588276497,34.016465286968753],[-6.8613228159764637,34.016476204294229],[-6.8613178450058863,34.016484013000543],[-6.8613121628724292,34.016495967816255],[-6.8613167192120859,34.016502338763864],[-6.8613314116579573,34.016506119467671],[-6.8613451183195187,34.016508020426492],[-6.861349459807343,34.016514173820099],[-6.8613597799448502,34.016518405038184],[-6.8613703932455818,34.016515853418809],[-6.8613782628980022,34.01650787652833],[-6.8613857817657244,34.016500873246997],[-6.8613941515735331,34.016496940857714],[-6.8613962350896696,34.016495506925438],[-6.8613897205423511,34.016491581260759],[-6.8613788230255519,34.016490305919639],[-6.8613693180884896,34.016487342256355],[-6.8613653391120373,34.016478014534428],[-6.8613607145041886,34.016468035068179],[-6.8613669969569999,34.016457129348957],[-6.8613780691086497,34.016440001634408],[-6.8613816889889803,34.016425078432142],[-6.8613860932147723,34.016418024890882],[-6.8613891838037384,34.016414069287897],[-6.8613983592241583,34.016413604243944],[-6.8614116216774139,34.016408863533357],[-6.861416240754723,34.016402027543748],[-6.8614166687881308,34.016394055360294],[-6.8614098353516209,34.016384498480384],[-6.8614030808434752,34.016376350315305],[-6.8614073597661633,34.016368286327001],[-6.8614231365016654,34.01636254587374],[-6.8614291732516905,34.016358025608078],[-6.861430520493494,34.016356732837423],[-6.8614352463701049,34.01636371778681],[-6.8614331549901744,34.016375760604802],[-6.8614331392549719,34.016396978374615],[-6.8614275958458881,34.016416150211462],[-6.8614288803556089,34.016428064374573],[-6.8614240000208628,34.016435079277535],[-6.861424309341956,34.01644291028601],[-6.8614302571667052,34.016447592018636],[-6.8614391819766025,34.016445105177866],[-6.8614473822256441,34.016440557877566],[-6.8614575087746861,34.016440169219628],[-6.8614635125476831,34.0164422528891],[-6.8614685064691043,34.016438450051922],[-6.8614692852799344,34.016429504258518],[-6.8614690329842478,34.016419075175826],[-6.8614669243391759,34.01641650325957],[-6.861460013693458,34.016413947661306],[-6.8614641230616877,34.016405268763783],[-6.8614700681066783,34.016401542316672],[-6.8614689223130076,34.016396846071039],[-6.8614643457803792,34.016394877431601],[-6.8614619087072581,34.016388876796853],[-6.8614649405662611,34.016379111075594],[-6.8614685632084775,34.016372596048534],[-6.8614735330762739,34.016364787348493],[-6.8614718322736588,34.016358645551442],[-6.861471932456273,34.016355651049331],[-6.8614739823738731,34.01635241284918],[-6.8614676558754883,34.016336291601938],[-6.8614707570852289,34.016330134388127],[-6.8614742582729455,34.016331016178533],[-6.8614817826483749,34.016340827443919],[-6.8614800420722153,34.01635189755455],[-6.8614853615027167,34.016370540472728],[-6.8614878813540887,34.016386357085814],[-6.8614951108999911,34.016394543898485],[-6.8615059871233059,34.016400220643291],[-6.861513700626479,34.016397836307739],[-6.8615228056063051,34.016393762759648],[-6.8615262374264523,34.016391035139165],[-6.8615269496602318,34.01638688901555],[-6.8615378124731663,34.016386359188289],[-6.8615563568960853,34.016390048946022],[-6.8615654763694325,34.016392181951538],[-6.8615752510335852,34.016392766005147],[-6.8615806757405107,34.016389398255733],[-6.8615856573064642,34.016379387930044],[-6.8615895266980296,34.016366487429408],[-6.8615933641704032,34.016360189049436],[-6.8616004656308993,34.016358957232029],[-6.8616075150093092,34.016368730739707],[-6.861609875969803,34.016381731736246],[-6.8616176018181489,34.016385554877971],[-6.861623345402414,34.016387816538852],[-6.8616314203501378,34.016382259682153],[-6.8616356992367624,34.016374194784404],[-6.8616358766317154,34.016364200806571],[-6.8616341411376611,34.01635625475781],[-6.8616265820487179,34.016344638346148],[-6.8616228632246585,34.016335131731118],[-6.8616110320160546,34.016320971343283],[-6.8616030555565377,34.016315126407392],[-6.8616020535440194,34.016298631016539],[-6.8615981775211274,34.016294716977342],[-6.8616044956937978,34.016285615486765],[-6.8616180154959618,34.016272287675072],[-6.8616205723202368,34.016262484199579],[-6.8616256753285203,34.016245077955389],[-6.8616283429514429,34.016230078368558],[-6.861629065802398,34.016223730635375],[-6.8616196246575294,34.016207559141513],[-6.8616055740214206,34.016196022949728],[-6.861598966073692,34.016184482924722],[-6.8615999155031364,34.0161761520243],[-6.8615975120230663,34.016171955658358],[-6.8615978494019521,34.016164776379888],[-6.8616056843375652,34.016154996121728],[-6.8616121720356116,34.016146508635828],[-6.861623404080003,34.016132195597642],[-6.8616334131342702,34.016120187593415],[-6.8616398555240163,34.016112097460777],[-6.8616432951712083,34.016098760950769],[-6.861648240965434,34.016086947281806],[-6.8616559852522192,34.016077959926541],[-6.8616682271415907,34.016069533389668],[-6.8616803437270368,34.016060096405582],[-6.8616919506167342,34.016048817416547],[-6.8617012031943005,34.016041351972156],[-6.8617098292305316,34.016028832493717],[-6.8617190337135323,34.016013357125352],[-6.8617285319492654,34.015999506220226],[-6.8617359998320318,34.015976083912776],[-6.861736529074661,34.01596511630985],[-6.8617379870992883,34.01595862742392],[-6.8617482707991879,34.015952647066484],[-6.8617580996433363,34.015942225753399],[-6.8617627186685866,34.015935389749814],[-6.8617695011895457,34.015928527608104],[-6.8617805787982196,34.015928215311853],[-6.8617840799577197,34.015929096192075],[-6.8617959525799197,34.01593445284729],[-6.8618039608891852,34.015933693846392],[-6.8618106180886391,34.015925820354838],[-6.8618138898947603,34.015920278025966],[-6.8618180126510708,34.01591780658741],[-6.861824401856456,34.01592072088313],[-6.8618257759497521,34.015931841248893],[-6.8618306830887388,34.015937239469821],[-6.8618401533123725,34.015938399746382],[-6.8618472547349034,34.015937167914799],[-6.861850098547789,34.0159395977713],[-6.861852595469152,34.015951408503973],[-6.861854400343872,34.015962963059025],[-6.8618586607561038,34.01596770864802],[-6.8618646308892455,34.015967987130288],[-6.8618720937368582,34.015963581880541],[-6.8618832457280998,34.015947861918946],[-6.8618967201179881,34.015934930528722],[-6.8619050310934915,34.015925187987335],[-6.8619081428889164,34.015916830054373],[-6.8619103835653812,34.015909803535344],[-6.8619141767755583,34.015903902486798],[-6.8619195773690027,34.015896528858882],[-6.8619222930552262,34.015889540088409],[-6.8619177848427855,34.015891180887643],[-6.8619153024356123,34.015885576713892],[-6.8619054361097032,34.015885785605896],[-6.8618965673039298,34.015885674418122],[-6.8618922615919296,34.015881326185223],[-6.861891115782381,34.015876629942468],[-6.8618941716440078,34.015870870072128],[-6.8618897405987402,34.015865509589851],[-6.8618848586112895,34.015864117221604],[-6.8618812197813668,34.015856018413423],[-6.8618846476818369,34.015844883517147],[-6.8618877941613814,34.01583832983863],[-6.8618884957416251,34.015836384419522],[-6.8618952015730823,34.015835780397765],[-6.8619037760749277,34.015835007570438],[-6.8619128714443036,34.015833135589581],[-6.8619259536120172,34.015829981525734],[-6.8619290788414631,34.015827830162642],[-6.8619265964353708,34.015822225988998],[-6.8619329934590656,34.015814532293675],[-6.8619395745274732,34.015813658259617],[-6.8619426919506523,34.015822115783429],[-6.8619434657270935,34.015832187052034],[-6.8619439977679892,34.015829627627461],[-6.8619481888060081,34.015830764705392],[-6.8619580204238302,34.015828750654229],[-6.8619629689718167,34.015825344249727],[-6.8619608132963075,34.015814762405476],[-6.8619595152810282,34.015796641674235],[-6.8619599432616143,34.015788669487094],[-6.8619685596885391,34.015778350684457],[-6.8619849695662314,34.015767056218579],[-6.8619897474885478,34.015763035820456],[-6.8619937661555417,34.01575515071179],[-6.8619945583502826,34.015752411483682],[-6.8619896724700764,34.015742611853781],[-6.8619886866640174,34.015740731213334],[-6.8619880958650405,34.015737480520706],[-6.861997167148953,34.015731602670286],[-6.8620077350186754,34.015729447449516],[-6.8620155833145118,34.015725873735065],[-6.8620236369187664,34.015724718266753],[-6.8620303981613944,34.015722258427132],[-6.8620310062866716,34.015712698635369],[-6.8620192108516047,34.015700341622576],[-6.8620142141798368,34.01569573720429],[-6.8620097725225975,34.015692578335162],[-6.8620189892795516,34.015683309526366],[-6.8620298173135428,34.015680975402148],[-6.8620384606159499,34.015683069736305],[-6.8620470115645986,34.015677550587114],[-6.8620608182574188,34.015676456063268],[-6.8620729174117052,34.015679828622609],[-6.8620861344002808,34.01567548429265],[-6.8620994218491118,34.015674748457151],[-6.8621104647346582,34.0156726318775],[-6.8621151424863251,34.01567160597785],[-6.8621224357567918,34.015666586707724],[-6.8621230785614022,34.01565883116951],[-6.862121002860877,34.015649656226394],[-6.8621243747960339,34.015641119385378],[-6.8621212920515431,34.015634466119671],[-6.862113238456871,34.015635621594328],[-6.8621044832882836,34.015638722488951],[-6.8621028093589214,34.015644993840944],[-6.8620991174310655,34.015647901281419],[-6.8620919360306889,34.015647725326609],[-6.8620849666460408,34.015639358742639],[-6.8620870366795232,34.015631718227304],[-6.8620912500308267,34.015628452971036],[-6.8620991570663827,34.01563068846729],[-6.8621093394600461,34.015627702595509],[-6.8621173919711822,34.015626547133792],[-6.862125264317279,34.015626978374165],[-6.8621345890365291,34.015631529585448],[-6.8621451905132878,34.015631179521549],[-6.8621515220204676,34.015628283670502],[-6.86215808963198,34.01562120395544],[-6.8621590485286816,34.015610671452293],[-6.8621560900213563,34.015605029547437],[-6.8621579345680663,34.015599372186927],[-6.8621642303142307,34.015594672995327],[-6.862166505652401,34.015589450725052],[-6.8621605114634461,34.015585166393571],[-6.8621488682590135,34.015586233882239],[-6.8621423672005761,34.015588514826554],[-6.862133066565117,34.015587969479384],[-6.8621313763416536,34.015579626080054],[-6.8621366409647688,34.01557344270384],[-6.862146291317182,34.015573016254706],[-6.8621548769386216,34.015569301352173],[-6.8621589291894525,34.015563220504468],[-6.862163322698728,34.015558368542969],[-6.862169733123455,34.015556880504406],[-6.8621795222377742,34.015563671069735],[-6.8621865794075179,34.015562836561202],[-6.862191958723594,34.01555986523767],[-6.8622004844848359,34.015550340226767],[-6.8621985234767759,34.015544377339602],[-6.8621872059141227,34.015540467172045],[-6.8621780518239532,34.015536529956862],[-6.8621775169439116,34.01553068120193],[-6.8621721935691955,34.015531055363823],[-6.8621553965363233,34.015533111019714],[-6.8621487142350466,34.015536978679769],[-6.862143414924696,34.015541357802356],[-6.8621402521764781,34.015533296736002],[-6.8621447805339963,34.015527254525772],[-6.8621584735879333,34.01552294792333],[-6.8621664259309911,34.015524786961969],[-6.8621758961142421,34.015525947213348],[-6.8621828279590886,34.015524101357606],[-6.8621893637028144,34.015523624665406],[-6.862196433244848,34.015528996740315],[-6.8622046121354074,34.01552885170598],[-6.8622093900343888,34.015524831299139],[-6.862215078751607,34.015529691885519],[-6.8622225762205815,34.015527089966731],[-6.8622294039885245,34.015519831345607],[-6.8622312591366006,34.01551197237449],[-6.8622395141113071,34.015504827872164],[-6.8622419349127854,34.015496214643207],[-6.8622477315528378,34.015487471835897],[-6.8622434112831314,34.015476916153901],[-6.8622455719137658,34.015468481826836],[-6.8622396481965682,34.015467805994867],[-6.8622306983582115,34.015466287944257],[-6.8622432254276449,34.015461687396623],[-6.8622481845662318,34.015456080272628],[-6.8622518389486649,34.015442961293914],[-6.8622466475722321,34.015433737028424],[-6.8622466206481141,34.015421323885278],[-6.8622517840160961,34.015418135020262],[-6.8622625465491556,34.015420599633742],[-6.8622786766978621,34.015422294541018],[-6.8622898448546756,34.015421188391066],[-6.8622935714749831,34.015420086100697],[-6.862295676178233,34.015414249835565],[-6.8622915265441211,34.01540430904879],[-6.8622911941294298,34.015392471261137],[-6.8622888706455747,34.015389682708047],[-6.862297840637039,34.015386799351603],[-6.8623085443863969,34.015383453843015],[-6.8623186679620165,34.0153746578358],[-6.8623255410094286,34.015367001853868],[-6.8623321981182936,34.015359128332896],[-6.8623365222192625,34.015350667856218],[-6.8623423216886863,34.015350332323692],[-6.8623439917703895,34.015363077123901],[-6.8623476894065361,34.015376986038369],[-6.8623455287880866,34.015385420367508],[-6.8623451114650793,34.015391191849368],[-6.8623544910222822,34.015393145895985],[-6.8623609573658619,34.015389060686225],[-6.8623713304712588,34.015382285578589],[-6.8623904587223947,34.015372410457488],[-6.8624012038435689,34.015360261220501],[-6.8624053024644578,34.015353783898227],[-6.8623961830794622,34.01535165095293],[-6.8623821952001283,34.015354332229684],[-6.8623746831816197,34.015350726697385],[-6.8623761875454568,34.015343841336367],[-6.8623704546149922,34.015339378099519],[-6.8623590917416504,34.01533586349899],[-6.8623537336851443,34.015334433414267],[-6.8623557930677928,34.01532899360145],[-6.8623649895926375,34.015324126169084],[-6.8623647601848301,34.015317702058724],[-6.8623542695181836,34.015312856929349],[-6.862345827630258,34.015304773596029],[-6.8623445816524766,34.015303071860401],[-6.8623415884493379,34.015295625704937],[-6.8623547958289386,34.015293482041294],[-6.8623716275056381,34.015293230612826],[-6.8623812990491846,34.015288401828059],[-6.8623897140093995,34.015284072916977],[-6.8624039178145901,34.015281609177784],[-6.8624105189922329,34.015276333715576],[-6.862416510301184,34.01527220985411],[-6.8624185243794384,34.015267167395422],[-6.8624222375169293,34.015259858529184],[-6.8624237513956938,34.015250771570344],[-6.8624289370507912,34.015243180367563],[-6.8624326278827432,34.015240273831239],[-6.8624332158224872,34.015235116340754],[-6.8624357165923131,34.015227910006303],[-6.8624355912831057,34.015226899560737],[-6.8624383869172538,34.015221318578106],[-6.8624504378497742,34.015216680275095],[-6.8624608591168013,34.015217916887806],[-6.8624774971577498,34.015213046478117],[-6.8624863524163953,34.015206951052754],[-6.8624886971196473,34.015205337284677],[-6.8624973828208136,34.01519862695222],[-6.8625067113026761,34.015184161979278],[-6.8625167413422119,34.015167751582368],[-6.8625269862325,34.015151558735582],[-6.8625288172632688,34.01513969479641],[-6.8625294253295586,34.015130135000106],[-6.8625335518112429,34.0151086473794],[-6.8625349838795415,34.015089745324772],[-6.8625343285340428,34.015063869954069],[-6.8625333292414172,34.015055782745073],[-6.8625341079302391,34.015046836940364],[-6.8625290659552141,34.015042628995062],[-6.8625240133802086,34.015040622659427],[-6.8625118448868916,34.015033640732113],[-6.8625022600593759,34.015029269352169],[-6.862498576976038,34.015021567000346],[-6.8624990144216858,34.015011393211772],[-6.8624932786284756,34.014998521797551],[-6.8624935677518186,34.014983331686246],[-6.8625003501407615,34.014976469502493],[-6.862500096627528,34.01496603952706],[-6.8624951105888652,34.01495923441847],[-6.8624886385428354,34.01494650417235],[-6.8624804009151568,34.014940839106202],[-6.8624637947628662,34.014939106490409],[-6.8624561037023533,34.014937087653337],[-6.8624556806697372,34.014926044574651],[-6.8624636849218881,34.014916877361273],[-6.8624684291614404,34.014911052676382],[-6.8624850883611845,34.014901779946925],[-6.8624875091215225,34.014893166711261],[-6.8624989210162051,34.014877266884156],[-6.8625071171144825,34.014864312243276],[-6.8625198242536358,34.014858125865011],[-6.8625314655567466,34.014848650146014],[-6.8625355736762801,34.014839972122509],[-6.8625390814643685,34.014830245005051],[-6.8625384329527295,34.014821185083605],[-6.8625324398812708,34.014816900756003],[-6.8625236019326401,34.014810186598517],[-6.8625069504909311,34.014808850442051],[-6.8624991022981181,34.014812424188484],[-6.862487300974939,34.014819084302594],[-6.8624920239898133,34.014817661934899],[-6.8624850614560913,34.014826110822248],[-6.8624756472754935,34.014822353432024],[-6.8624762794255085,34.014816798597806],[-6.8624938309223182,34.014801792130022],[-6.8625011934927027,34.014800381345559],[-6.8625108302766487,34.01479374829519],[-6.8625174632276478,34.014781868897956],[-6.8625189193912037,34.0147669727059],[-6.8625145442930791,34.014759015081431],[-6.8624929963638737,34.014750080018118],[-6.8624857456427844,34.014746295576344],[-6.8624796484884349,34.014736598481981],[-6.8624717733449572,34.014727759080415],[-6.8624661993728155,34.014726110560012],[-6.8624718841080785,34.014722563867238],[-6.8624887061553812,34.014724514020514],[-6.8625006451720889,34.014725070937608],[-6.8625164803317213,34.014725140462652],[-6.862520057512735,34.014719021854738],[-6.8625179577108328,34.014705841951795],[-6.8625113603559962,34.014692100358225],[-6.8625092835698958,34.014682926332519],[-6.8625107319973075,34.014678639031935],[-6.862498803572799,34.014675879603921],[-6.8624873618684781,34.014670958102165],[-6.8624828961661324,34.01466379428534],[-6.8624798866174155,34.014641733374368],[-6.8624814429308927,34.014623842677061],[-6.8624841702315962,34.014614653169865],[-6.8624863538150089,34.014610223811829],[-6.8624944603610407,34.014598062966911],[-6.8625069854792606,34.014585053293324],[-6.8625132453830586,34.014578551643595],[-6.8625240009893194,34.014564200782154],[-6.8625414512004417,34.014552188823949],[-6.8625595375321566,34.014543031100949],[-6.862561531036679,34.014541722657277],[-6.8625919512969737,34.014523512219341],[-6.8626091586408995,34.014516954944284],[-6.8626376814151753,34.014521008780584],[-6.8626492797716647,34.014519923730177],[-6.8626693305342004,34.014510948691189],[-6.8626757949251145,34.014503277614821],[-6.8626805221131129,34.014494962129774],[-6.8626915218227484,34.014493829048114],[-6.8627054296192975,34.014488393428643],[-6.862721063565826,34.01448107978878],[-6.8627345790846368,34.01447775463226],[-6.8627481654624241,34.014476451561755],[-6.8627651777107195,34.014475548617895],[-6.8627832687184647,34.014466542323014],[-6.8628038879279698,34.01446315768785],[-6.8628086767926337,34.01445824967859],[-6.8628179261057802,34.014453951581338],[-6.8628465781933352,34.014454235810035],[-6.8628864614159308,34.014446097049181],[-6.8629225364443176,34.01443299008826],[-6.8629454984726532,34.01442891159116],[-6.8629624773073301,34.014424351890924],[-6.8629880028141841,34.014424258624942],[-6.8630232631305006,34.014430114134399],[-6.863059041531721,34.014433741355283],[-6.8630792906791234,34.01443719633648],[-6.8631065780956391,34.014439986526448],[-6.863114329029373,34.014447814529554],[-6.8631134261573274,34.014455748980403],[-6.8631175053373736,34.014462081246698],[-6.8631250732055875,34.014463088671384],[-6.863135130095861,34.014459091368117],[-6.8631403039739531,34.014453701756629],[-6.8631426910139943,34.014443283337734],[-6.8631538656236968,34.014431569131759],[-6.8631605825062172,34.014429505671245],[-6.8631670381409169,34.014427621127098],[-6.8631740846097351,34.014428987271295],[-6.8631729146228677,34.014420285172548],[-6.8631641778699848,34.014410576540854],[-6.8631534336933866,34.014395302402072],[-6.8631440271739299,34.014380935266608],[-6.8631414405993807,34.014369918349537],[-6.8631432956556067,34.014362060263146],[-6.8631462366493858,34.01435308830321],[-6.8631456816099332,34.014351641856443],[-6.8631363368728913,34.014351493024776],[-6.8631318046378764,34.014349128003374],[-6.8631279403009531,34.014343012385517],[-6.8631275961236371,34.014333377120167],[-6.863137733004379,34.014330786715597],[-6.8631514740730308,34.014334491733329],[-6.8631660737662559,34.014330657837583],[-6.8631836038632494,34.014320053589714],[-6.8631977804286528,34.014305176611423],[-6.8632106646313895,34.014288995272132],[-6.8632257469811124,34.014274591121506],[-6.8632252679613455,34.01426614610714],[-6.8632248689334325,34.014259107090247],[-6.8632279122005713,34.014247140596915],[-6.8632279016180329,34.014249342207457],[-6.8632373157690028,34.014253099542017],[-6.8632544355561649,34.01426508222653],[-6.8632702176797693,34.014276157003955],[-6.8632781246377235,34.014278393328631],[-6.8632820430014068,34.014273502680098],[-6.8632817893963232,34.014263072703443],[-6.8632792269398699,34.014256061654152],[-6.8632630794332323,34.014239753030161],[-6.8632540931215047,34.014228022599511],[-6.8632392032694263,34.014211214076298],[-6.8632234471421629,34.014212552456101],[-6.8632197428488526,34.014209252442484],[-6.8632105088301953,34.014203907499819],[-6.8632078951914401,34.014180477434564],[-6.863214719823139,34.014164810570968],[-6.8632186371176163,34.014159920838559],[-6.8632268330409483,34.014146966147102],[-6.8632320839670831,34.014134576146894],[-6.8632322969538642,34.014126385498876],[-6.8632314671508707,34.01411891229634],[-6.8632317484945133,34.014114331072484],[-6.8632490289734962,34.014101705009821],[-6.8632553698467182,34.014096608405005],[-6.8632593912742754,34.01409713143606],[-6.8632557275863748,34.014112451147213],[-6.8632509652158582,34.014131086368522],[-6.8632428704994126,34.014141046542996],[-6.8632327500957473,34.014158249912455],[-6.8632258213313655,34.014168504012311],[-6.8632312593524887,34.014171341861307],[-6.8632500258893687,34.014164640929039],[-6.8632642053557973,34.014158171225766],[-6.8632767311143068,34.014153571486872],[-6.8632859486405593,34.014144301665191],[-6.8632877371920866,34.014141242349574],[-6.8633006001772205,34.014129463319662],[-6.863307913327958,34.014120040768915],[-6.8633173910107379,34.014110592040396],[-6.8633192913397849,34.014102336594867],[-6.8633197392800174,34.014089962090843],[-6.8633182773639367,34.014088042827133],[-6.8633094646449457,34.014085334576215],[-6.863305123139666,34.01407918124486],[-6.863295470018052,34.014071200499771],[-6.8632939386757776,34.014065672725813],[-6.8633041102492527,34.014064887464279],[-6.8633085730465639,34.014063643969777],[-6.8633123196888413,34.014058139341472],[-6.863311219136051,34.014053046654368],[-6.8633117375877726,34.014044280647518],[-6.8633227779298753,34.014006331422841],[-6.8633261507661221,34.013997794531548],[-6.8633384481047139,34.01398677066171],[-6.8633463414825293,34.013982799505776],[-6.8633527035304231,34.013973301477606],[-6.8633573329199944,34.013964264700988],[-6.8633610459228578,34.013956955803337],[-6.8633626987521508,34.01395593451462],[-6.8633662102305104,34.013953765976275],[-6.86337595100016,34.013952545622281],[-6.8633791152926005,34.01395574281004],[-6.8633802567060256,34.013956894709125],[-6.8633956744800164,34.013962735611507],[-6.8633917813567331,34.01397163211734],[-6.8633766584442899,34.013967415663238],[-6.8633665775011297,34.013967408022538],[-6.8633624443023704,34.01397208112467],[-6.8633653922382223,34.013979923713677],[-6.8633675480544403,34.013990506442909],[-6.8633761711311072,34.013997002993406],[-6.8633807928898891,34.01399857511074],[-6.8633934998251602,34.013992387740132],[-6.8634020735610184,34.013990873471641],[-6.8634068871187086,34.013988657259098],[-6.8634166837783708,34.013984838837082],[-6.8634186312892052,34.013984595133884],[-6.8634207041188944,34.013985361875633],[-6.863424277617554,34.013998259406264],[-6.8634253116971591,34.014008150866424],[-6.8634289158772326,34.014014445380504],[-6.863435962316748,34.01401581151022],[-6.8634493496120843,34.014012081024696],[-6.863462055476802,34.014005894561542],[-6.8634714772300676,34.013999042984139],[-6.8634838651525785,34.013987225290109],[-6.8634946552582052,34.013974679498801],[-6.8635074169980959,34.013965894965999],[-6.8635138601213272,34.013957803816055],[-6.8635156418715786,34.01395414843406],[-6.8635194964775685,34.013946245343107],[-6.8635223690496572,34.013933663948627],[-6.8635276893726687,34.01392488334676],[-6.8635322734330817,34.013916243017682],[-6.8635395558845973,34.013913424370898],[-6.8635558322622208,34.013911727239723],[-6.8635677817631828,34.01391008334614],[-6.8635755769165563,34.013917514880752],[-6.8635838098824697,34.01394219605627],[-6.8636084345647292,34.013940968698314],[-6.8636151261681793,34.013934899359924],[-6.8636308887553952,34.013922952048389],[-6.8636417377012435,34.013916216364954],[-6.8636428564412721,34.013908498543486],[-6.8636374260214259,34.013895051816917],[-6.8636210530879804,34.013880727298577],[-6.8636060620354753,34.013866913336031],[-6.8636044853689411,34.013861782019667],[-6.863611767813631,34.013858963368627],[-6.8636317072367872,34.013869370857577],[-6.8636632136524423,34.013885710185178],[-6.8636863351656787,34.0138913681796],[-6.8637058090917211,34.013899536316231],[-6.8637247597152022,34.013899654976079],[-6.8637542662903224,34.013899819887122],[-6.8638122946991817,34.013898269048234],[-6.8638346305970526,34.013896057374332],[-6.8638600050853702,34.013900895365516],[-6.8638733017463593,34.013897958644804],[-6.8638799344580121,34.0138860800731],[-6.8638847208400833,34.013871450691944],[-6.8638901981590754,34.013857076588017],[-6.8638956743934258,34.013842702496412],[-6.8639113821363997,34.01383335320179],[-6.8639260123690589,34.013822917101649],[-6.8639437098833946,34.01380451854952],[-6.8639603581496829,34.01379744723107],[-6.8639697999160729,34.013786194209722],[-6.8639839309535526,34.013771713593798],[-6.8639949916690481,34.013756786339862],[-6.8640069698493358,34.013740132089922],[-6.8640101160926212,34.013733578352799],[-6.8640077589525808,34.013728985562189],[-6.8640073039949074,34.013724544611762],[-6.8640167351847285,34.01371549319768],[-6.8640270426136389,34.013713517612523],[-6.8640380545696296,34.013718003878644],[-6.8640513753489207,34.0137190721032],[-6.8640619629932154,34.013712515301435],[-6.8640747362811121,34.013701529086227],[-6.8640890957356335,34.013693472581906],[-6.8640900226798633,34.01368954398783],[-6.8640885607535083,34.013687624732803],[-6.864097163125412,34.01367109920006],[-6.8640896975697805,34.013667097301187],[-6.8640795260651544,34.013667883528335],[-6.8640697823064292,34.01366069575046],[-6.8640523012073347,34.013651887502114],[-6.864050589698742,34.013647946443157],[-6.8640619724596448,34.013647057682903],[-6.8640662098086764,34.013647798223921],[-6.8640749424867407,34.013649099523143],[-6.8640846208697033,34.013661085161267],[-6.8640908510119125,34.013661184631694],[-6.8640981882072749,34.013655767899273],[-6.8640952507767796,34.013645723715463],[-6.8640836384858632,34.013640188367333],[-6.8640770651329976,34.013630452716846],[-6.8640670612335413,34.013623444746329],[-6.8640649219632728,34.013627476790163],[-6.8640673938833769,34.01363528253723],[-6.8640606781666005,34.013637346034336],[-6.8640529302339388,34.013637925372457],[-6.8640492142892171,34.013636827006437],[-6.8640457354054218,34.013631542953839],[-6.8640531632128043,34.013625333315211],[-6.8640569108718488,34.013619828651059],[-6.8640622552592196,34.013615052088255],[-6.8640552858631541,34.013606686509121],[-6.8640376352125534,34.013597263354022],[-6.8640285265491796,34.013592929816646],[-6.864032454334164,34.013585838446573],[-6.8640416736648993,34.013584976766829],[-6.8640632803465804,34.013599720787461],[-6.8640812742128956,34.013618780118733],[-6.8640955501912764,34.013628332883194],[-6.8641046905729226,34.01362606338558],[-6.8641106247392711,34.01362453751868],[-6.8641110978022137,34.013616167961501],[-6.8641029855210487,34.013611513443585],[-6.8641000269555708,34.013605871580324],[-6.8641064035708483,34.013602580075606],[-6.8641160989851882,34.013601756118348],[-6.8641308680771038,34.013598537013607],[-6.8641451062884569,34.013597877330596],[-6.8641559098332303,34.013591537154532],[-6.8641649701878009,34.013587860753574],[-6.8641831970187095,34.013594327110958],[-6.8642019769438223,34.01359383170869],[-6.8642113427314255,34.013589578140255],[-6.8642120936588649,34.013595643524589],[-6.8642240944853929,34.013610418585827],[-6.8642416756775733,34.013616232302866],[-6.8642507148876071,34.013616957314724],[-6.8642591326269162,34.013621035560448],[-6.8642655142389311,34.013634559532157],[-6.8642721223468772,34.01364609942776],[-6.8642814122321658,34.013648846227738],[-6.8642970187337289,34.013642491404163],[-6.8643093253711287,34.013629265839057],[-6.8643102428173917,34.013627537940138],[-6.8643142853394741,34.013623657715058],[-6.864320184782442,34.013620328484961],[-6.8643252584409433,34.01361793242868],[-6.8643241684042495,34.013610639040152],[-6.8643197373243288,34.013605278639197],[-6.8643113996229026,34.013602608197985],[-6.8643053159538834,34.013599117763881],[-6.864305482465797,34.013591324481176],[-6.8643122203812048,34.013584858637579],[-6.8643109944320617,34.013578754612347],[-6.8643105394747934,34.013574314564472],[-6.8643016909447825,34.013569801238702],[-6.8642913393324436,34.013572174190095],[-6.8642846402696378,34.013588851560201],[-6.864273510142727,34.013600169428919],[-6.8642597721915797,34.013604872720116],[-6.8642493963973257,34.013603239801782],[-6.8642479197965569,34.013595114887181],[-6.8642557658414987,34.013583132829986],[-6.8642661280274657,34.013578559172039],[-6.8642720380253026,34.013573028332928],[-6.8642748546153642,34.013563044985112],[-6.8642734138141011,34.013556723411398],[-6.8642633887796629,34.013554117777133],[-6.864256887928736,34.013556398832876],[-6.8642459243196461,34.01355992341658],[-6.8642360593613851,34.013560133381269],[-6.8642248219879409,34.013557630293676],[-6.8642256583146057,34.013554494607334],[-6.8642335969176109,34.013550126940416],[-6.8642500332898821,34.013551245320016],[-6.8642611558914854,34.013550536349733],[-6.8642621522781315,34.013550215362599],[-6.8642624441218434,34.013543432524187],[-6.8642558159929115,34.013536295837469],[-6.8642444638509588,34.013530580695956],[-6.864239918024472,34.013522009138086],[-6.8642339007828657,34.013513719023372],[-6.8642405817529406,34.013509851261851],[-6.8642488333241047,34.013494298434573],[-6.8642468163756289,34.013490934542268],[-6.8642444128419227,34.013486738222817],[-6.8642342730458488,34.013480920530434],[-6.8642232621774006,34.013476433366826],[-6.8642277102451894,34.013468983275956],[-6.8642348914698514,34.013469159108517],[-6.8642565846487482,34.013474702914593],[-6.8642725142944148,34.013482385680021],[-6.8642811574474845,34.013484480762948],[-6.8642848828766594,34.013483378425228],[-6.8643015824345612,34.013492725177151],[-6.8643140774299054,34.013494728351226],[-6.8643268114456344,34.013500954036687],[-6.8643328392496761,34.0135070425357],[-6.8643427430768362,34.013517044992916],[-6.8643478650908163,34.013522660668187],[-6.8643573803742424,34.013523423399356],[-6.8643706316563176,34.013520883079984],[-6.8643724096033756,34.013520025359433],[-6.8643812550710823,34.01351613049318],[-6.8643852270300734,34.013508641768205],[-6.8643863004249424,34.013501322196838],[-6.8643812342672561,34.013493108457233],[-6.8643677640073566,34.013487023957012],[-6.8643587217510538,34.013477890766339],[-6.8643477415015441,34.013466801497508],[-6.8643405572197942,34.013458217484079],[-6.8643392870639293,34.013452510802374],[-6.8643316267024055,34.013443889061378],[-6.864322698160616,34.013437968837984],[-6.8643225150003344,34.013431148259428],[-6.8643240633831084,34.013423865526399],[-6.8643209005248611,34.013415805410297],[-6.8643127746419301,34.013404944329508],[-6.8643123997245166,34.013401912081953],[-6.8643191259718339,34.013397646959881],[-6.8643292310292017,34.013401660390407],[-6.8643364511076896,34.013412047745476],[-6.8643424547406049,34.013414131279418],[-6.8643450656047227,34.013429153140429],[-6.8643588201948953,34.013439064603077],[-6.8643696267641943,34.013441132595631],[-6.8643754302263948,34.013449204241766],[-6.8643733593784644,34.013456845715609],[-6.8643733971592678,34.013467057256314],[-6.8643819432800157,34.013480554125593],[-6.8643875066404316,34.013484403271157],[-6.8643954271703285,34.013492846101983],[-6.8644043209864432,34.013496962065012],[-6.8644194755388597,34.013494574463671],[-6.8644310047401387,34.013490294694961],[-6.8644367346032942,34.013486350555155],[-6.8644234655632861,34.013474276131021],[-6.8644116142504377,34.013464518300459],[-6.864408315470155,34.013457647550332],[-6.864398165098514,34.013454030580753],[-6.8643896009183525,34.013453344220757],[-6.8643855911648348,34.013450620503562],[-6.8643843304765211,34.013442712223622],[-6.8643908977409618,34.013435632385693],[-6.8643913938610313,34.013431267804201],[-6.8643820597892136,34.013428918355714],[-6.8643757601918676,34.013425210389556],[-6.8643734588985676,34.013418019539394],[-6.8643700559162637,34.013405736022818],[-6.8643683191332654,34.013397789113966],[-6.8643609441972853,34.013392994321784],[-6.8643572176901246,34.01339409667446],[-6.8643452093590094,34.013389930521967],[-6.8643324783993034,34.013392112123981],[-6.8643216371023135,34.013388239873095],[-6.8643114414530304,34.01338502025262],[-6.8643054725571186,34.013384740972327],[-6.8643006454473507,34.01338075064367],[-6.8643047649739923,34.013369871834996],[-6.8643132238592193,34.013365145448006],[-6.8643122485848025,34.013361063212777],[-6.8643142625087625,34.013356020719975],[-6.8643200346177977,34.013343271943086],[-6.8643294668012995,34.013334219589758],[-6.8643363984255847,34.01333237361338],[-6.8643427391789045,34.013327276952019],[-6.8643443223084351,34.013321799375362],[-6.8643393709546121,34.013316798591063],[-6.8643373740324813,34.013309031489776],[-6.8643406002745619,34.013303885543955],[-6.8643488695608106,34.013302947460474],[-6.8643568901349115,34.013308394884739],[-6.8643702708558108,34.013315273184695],[-6.8643814417762341,34.013322575035204],[-6.8643862688865616,34.013326565360835],[-6.8643846393725729,34.013332439405204],[-6.8643852091235171,34.013340092410722],[-6.8643928830809555,34.013354919823371],[-6.8643963514067625,34.013362404576583],[-6.8644027657771645,34.013369324597534],[-6.8644052799610806,34.013368325696554],[-6.8644049850658231,34.013366700348136],[-6.8644113878019555,34.013375821992661],[-6.8644186943488892,34.013377008259006],[-6.8644243230448723,34.013376058640112],[-6.864428681580371,34.013369402339983],[-6.8644246012580501,34.013363069224646],[-6.8644136009774872,34.013356382269571],[-6.8644105170559513,34.013349729067073],[-6.8644265784561593,34.013347814274617],[-6.8644303038777101,34.013346711932464],[-6.8644332699568782,34.0133417448911],[-6.8644268461168556,34.013337026470417],[-6.864430852800643,34.013331341998686],[-6.8644219042267691,34.013329824090633],[-6.8644071668793458,34.013326440199158],[-6.8644050456892884,34.013317661740288],[-6.8644142060824889,34.013310990813018],[-6.8644196063026737,34.013303617070129],[-6.8644174714951438,34.013288632034964],[-6.8644246496553043,34.01328040057053],[-6.8644252469327469,34.013273041468032],[-6.8644307377576066,34.01326487481537],[-6.8644405573779004,34.013265061289871],[-6.864444388105003,34.013269372601961],[-6.8644546184830286,34.013274396466912],[-6.8644662518811073,34.013275530361874],[-6.86447552702918,34.013272070584108],[-6.8644847779891647,34.013264604938932],[-6.8644908238475422,34.013257883823393],[-6.864485080380307,34.013255621389476],[-6.8644900497988006,34.013247812560564],[-6.8644916445659376,34.013240134259441],[-6.8644889219434386,34.013230306729241],[-6.8644831890438871,34.013225843585488],[-6.8644819314206726,34.01322634349394],[-6.8644724761607296,34.013231389979715],[-6.8644628975408031,34.013243833319429],[-6.8644654158571505,34.013251241690895],[-6.8644679089045351,34.013254644208239],[-6.8644609561716079,34.013260892513259],[-6.8644543858732137,34.013259565069092],[-6.8644508616912328,34.013254678383291],[-6.8644480284449916,34.013250046971798],[-6.8644450381842841,34.01325100814698],[-6.8644398150356531,34.013248387897477],[-6.8644379887396383,34.013241234787301],[-6.8644453933829332,34.013231019245161],[-6.8644555501460109,34.013224027325982],[-6.8644640100916634,34.013219300915928],[-6.8644739973010545,34.013211694992876],[-6.8644828880212252,34.013207402762667],[-6.8644841445766138,34.013206903768527],[-6.8644890033517401,34.013204290157454],[-6.8644942012590064,34.013202906354238],[-6.8644997857221961,34.013202353173881],[-6.8645000080696859,34.013191961823559],[-6.8644925172661573,34.013183954093847],[-6.8644828672057425,34.013184381625749],[-6.8644836351113172,34.013177636512403],[-6.8644920391969277,34.013175508166505],[-6.8645045088951946,34.013173506369426],[-6.8645194168543657,34.013177504239266],[-6.8645247506395624,34.0131749292675],[-6.8645268551385961,34.01316909295997],[-6.8645211539204558,34.013158026786499],[-6.8645203798690879,34.013147955523529],[-6.8645255883220155,34.013144370107405],[-6.8645307419892383,34.013143381842951],[-6.8645396705302124,34.013149302953856],[-6.8645552724995582,34.013161964281728],[-6.8645625779476545,34.013163150552444],[-6.8645687280118244,34.013161842198542],[-6.8645743124719028,34.013161289014846],[-6.8645759650633655,34.013159419945374],[-6.8645856373297045,34.013154590973869],[-6.8645940266984047,34.013146256057055],[-6.8646029279687992,34.013139763108306],[-6.8646139388141956,34.013144250239158],[-6.8646187342533125,34.013154843587465],[-6.8646167551075008,34.013161691242502],[-6.8646083721364271,34.013159417275304],[-6.8646004683282333,34.013165589221835],[-6.8645906990712673,34.013181820890935],[-6.8645845309601832,34.013195938853769],[-6.8645796068411835,34.013203350330222],[-6.8645878781134337,34.013210820431688],[-6.8645933855994308,34.013217266732987],[-6.8645911946766294,34.013232305027969],[-6.8645979270459074,34.013244855364988],[-6.8646079078344,34.013247857414783],[-6.864618054039255,34.013243067094024],[-6.8646278263676379,34.013235242709527],[-6.8646417379614819,34.013239561554862],[-6.8646491445695617,34.013237753299684],[-6.864666962775023,34.013239383073056],[-6.8646793776976125,34.013239978410397],[-6.8646947817951682,34.01323961257809],[-6.8647063109489856,34.013235332783673],[-6.8647138956728213,34.013223530517813],[-6.8647137335870285,34.013212307617835],[-6.8646994470487002,34.013204955632133],[-6.8646869626467817,34.013200751786428],[-6.8646734134489984,34.013193259505201],[-6.8646736041080381,34.013189471185868],[-6.8646866721416169,34.013180110254027],[-6.8647018371760922,34.013175521006701],[-6.8647159911075351,34.013165046184326],[-6.8647208015073469,34.013154422634052],[-6.8647333965302542,34.01315343125821],[-6.8647528914920217,34.01315719691295],[-6.8647573784066767,34.013159958331485],[-6.8647654317366928,34.013158802685808],[-6.8647790790004821,34.013154893149618],[-6.8647826001122665,34.013151372539795],[-6.8647708866957258,34.013148831775389],[-6.8647550623651403,34.013146560923566],[-6.8647461590919567,34.013144645682168],[-6.8647403914416607,34.013138378294769],[-6.8647370926477622,34.01313150755243],[-6.8647266115895578,34.013124461920405],[-6.8647268697354376,34.013115874811952],[-6.8647129792771135,34.013107154556003],[-6.8647045963087825,34.013104880595158],[-6.8646898895569546,34.013094892816071],[-6.864677141939346,34.013082460589708],[-6.8646657909117872,34.013076745472752],[-6.864648816536298,34.01306137201253],[-6.8646420916494355,34.01303821277876],[-6.8646322089512068,34.013023808021678],[-6.8646307681329715,34.013017486450764],[-6.8646326777925264,34.01300703028452],[-6.8646275905465135,34.01300321977677],[-6.8646133187785772,34.013002075246789],[-6.8646052412681531,34.01299922501569],[-6.8645974102862013,34.012989989299847],[-6.8645996053667329,34.012983359179579],[-6.8646008452060929,34.012968245418229],[-6.8646055091526454,34.012961012847434],[-6.8645977456704159,34.01294697834232],[-6.8645858038038536,34.012938013435644],[-6.8645763750108726,34.012928048734238],[-6.8645756810131253,34.012919386173138],[-6.8645682808172666,34.012910584636082],[-6.8645637149617418,34.012906415397104],[-6.8645593987000515,34.012904267961012],[-6.8645647535795042,34.012897290665371],[-6.8645781828771399,34.012884755413872],[-6.8645907884255513,34.012881563342177],[-6.8646054773343508,34.012876936379861],[-6.8646150347837667,34.012868895349463],[-6.864621420789792,34.012863402218386],[-6.864632706696276,34.012846491740405],[-6.8646417080023259,34.012837004279511],[-6.8646482162793196,34.012824115205369],[-6.8646479530509268,34.012815886824988],[-6.864643869667435,34.012801146427705],[-6.8646311915811253,34.012792322706247],[-6.8646321154059997,34.012779985917341],[-6.8646347960359249,34.012771192824339],[-6.8646420436147393,34.01276656985673],[-6.8646433636642641,34.012766111605195],[-6.8647567981621789,34.012713540935863],[-6.8648938883981048,34.012704060525301],[-6.8649693186585745,34.012702816178084],[-6.8650021236946461,34.012701439698134],[-6.8650678762166768,34.012724031479635],[-6.8650877822168503,34.012731883203529],[-6.8651022041143799,34.01273454739529],[-6.8651043908904521,34.012728647884835],[-6.865103472033077,34.01272193962248],[-6.865103025438561,34.01271163816039],[-6.8651057712291772,34.012703436829717],[-6.8651131176251914,34.012696390229671],[-6.8651092013047892,34.01268610317959],[-6.8651006950864781,34.012679471900633],[-6.8650964457247916,34.012671721222652],[-6.8651024341995353,34.012663271842129],[-6.8651053373918405,34.012649953208154],[-6.8650910857625007,34.012635225284079],[-6.8650911467854323,34.012624969294002],[-6.8650938508191688,34.012622963464722],[-6.8651297411655507,34.012650934127223],[-6.8651488857386145,34.012658718084154],[-6.8651590304399992,34.012666563072642],[-6.8651742758521941,34.012671758223298],[-6.865183240381123,34.012669022625111],[-6.8651926579207823,34.012666755216479],[-6.8651976526071685,34.012667837695425],[-6.8652068388161283,34.012663412086205],[-6.8652122650594478,34.012655339946718],[-6.8652230811661061,34.012648278925177],[-6.8652209232730446,34.01264220925168],[-6.8652121418430934,34.012638653903018],[-6.8652119394391153,34.012636284325346],[-6.86520494317719,34.012624014882476],[-6.8652047225429653,34.012613947972625],[-6.8651962237930011,34.012598445721508],[-6.8651924927530157,34.012595551020958],[-6.8651896227148548,34.012586104917986],[-6.865180485717314,34.012575463144266],[-6.8651690302282757,34.01256194442437],[-6.8651767889308326,34.012562523805613],[-6.8651863060532063,34.012567319658672],[-6.8651929370890308,34.012567691263285],[-6.865202380346342,34.012576970322172],[-6.8652102547154863,34.012578628801137],[-6.8652160611457784,34.012576469450309],[-6.8652200470485152,34.012580348728733],[-6.8652352945949398,34.012586506152971],[-6.8652409510940942,34.012580593125875],[-6.8652385672297394,34.012574288900346],[-6.8652318858803518,34.012576264578115],[-6.8652267315879252,34.012567578413069],[-6.8652261897076494,34.01256485836587],[-6.865233145195119,34.012559807679843],[-6.8652348543320265,34.012554613610241],[-6.8652287715797211,34.012547128782877],[-6.8652210450128495,34.012548262601044],[-6.8652104570203827,34.012556519554074],[-6.8652078493630446,34.012550944859811],[-6.8652085122296169,34.012544910747415],[-6.8652146045921878,34.012544486877935],[-6.8652228023329025,34.012539759872439],[-6.86523306693348,34.012537887500358],[-6.8652411243923721,34.012533255027527],[-6.8652406563914932,34.012526052674922],[-6.8652334256304544,34.012522420574037],[-6.865225692644251,34.012520668451664],[-6.8652187692256907,34.012515673623213],[-6.8652144331228033,34.01250663247081],[-6.8652180024194029,34.012500962103999],[-6.8652347566280572,34.012487798072371],[-6.8652442523027064,34.01248297201424],[-6.8652499837788827,34.01248529588166],[-6.8652570174877638,34.012489445259135],[-6.8652651370504225,34.012487275994623],[-6.8652740694370609,34.012482828095173],[-6.8652764254015022,34.01247662266907],[-6.8652668964710077,34.012467015431007],[-6.8652697932337743,34.012463530064728],[-6.8652808792177904,34.012463227276108],[-6.8652852560035287,34.012465110631005],[-6.8652948073595299,34.012459861837982],[-6.8652974760181733,34.012455180539781],[-6.8653069374029609,34.012447678999692],[-6.8653114159078701,34.012444868682486],[-6.8653140406790243,34.012445420604926],[-6.8653191521184205,34.012447583067896],[-6.8653225618539864,34.01244606681923],[-6.865328222616319,34.012442077447957],[-6.865343588972447,34.012438518418271],[-6.8653507200899462,34.012436048655971],[-6.8653537100486419,34.01243577830202],[-6.8653627355535187,34.012422787601409],[-6.865364273326831,34.012416937161127],[-6.8653679004433892,34.012411806339657],[-6.8653728554889044,34.012407327380949],[-6.8653735483333014,34.012402044182664],[-6.8653655925948422,34.012401982091276],[-6.8653566516482192,34.012402581775497],[-6.8653506106887434,34.012400658359098],[-6.8653487365825647,34.012395361887478],[-6.8653414137260738,34.012388515667297],[-6.8653358696329034,34.012381825415389],[-6.8653388756310791,34.012376533206115],[-6.865344033067835,34.012374422924481],[-6.8653530201135178,34.012381310110136],[-6.8653579280600177,34.012381103006611],[-6.8653630490801563,34.012375355867732],[-6.8653651437116148,34.012366241324841],[-6.8653628219717078,34.012362401212798],[-6.8653527640432133,34.012355847619538],[-6.8653371492099602,34.012349551105331],[-6.8653347343561357,34.012354254689463],[-6.8653325775950567,34.012360905120183],[-6.8653298992714786,34.012361737308382],[-6.8653244440677499,34.012357299814724],[-6.8653267539407139,34.012343608419918],[-6.8653291816106554,34.01233195750401],[-6.8653331439230225,34.012325253492563],[-6.8653353927999703,34.012321818088814],[-6.8653457590744793,34.012315251134268],[-6.8653375388257105,34.012310356253366],[-6.8653297704900851,34.012305928672625],[-6.8653214485245062,34.012305727462056],[-6.8653156763978656,34.012310562295305],[-6.8653149578540766,34.012317019139836],[-6.8653183065886143,34.012325758882596],[-6.8653212837269262,34.012332435861396],[-6.8653173192819104,34.012338178493266],[-6.8653126662351402,34.012338408769203],[-6.865299641893122,34.012329988695491],[-6.8652942723842774,34.012325880286589],[-6.8652872044200661,34.012319056335386],[-6.86529263707342,34.012313871034088],[-6.8652971069711599,34.012307210691937],[-6.8652850411127631,34.012298341997145],[-6.8652652615743408,34.012296379906104],[-6.8652637237372991,34.012290472535831],[-6.8652703365161134,34.012283146803213],[-6.8652739443585808,34.012282075571825],[-6.8652760090837859,34.01228396882609],[-6.8652786745701881,34.012290083069395],[-6.8652873574139086,34.012287536543894],[-6.8652901417333618,34.012283934345362],[-6.8652960927145354,34.01228360501846],[-6.8653004866179481,34.012280466504428],[-6.865305246741646,34.012277466205056],[-6.8653117342619243,34.012276970970774],[-6.8653194212111064,34.01228299493016],[-6.865327773149164,34.012283946154632],[-6.8653324444003374,34.012278693996954],[-6.8653349545143278,34.012266408996759],[-6.865335285417812,34.012262911243894],[-6.8653461700333605,34.012261201165316],[-6.8653540860827658,34.012256662329698],[-6.8653609912290232,34.01225395891624],[-6.8653695605625424,34.012251296467873],[-6.8653737649071642,34.012251560255798],[-6.8653794160725461,34.012255480482345],[-6.8653849751200369,34.012256185681466],[-6.8654244409037348,34.012244173790435],[-6.8654344184444378,34.012240565933268],[-6.865448290858799,34.012237623208904],[-6.8654555119298495,34.012237406186578],[-6.8655100454182989,34.01225152409863],[-6.8655251451185251,34.012254889192398],[-6.8655359772759201,34.012254564096708],[-6.8655475151454777,34.012254728584495],[-6.8655608820939751,34.012252702658039],[-6.8655721875584632,34.012249746650731],[-6.8655757172651155,34.012251234958292],[-6.8655856552299044,34.012254784872503],[-6.8655938786160071,34.012248884195664],[-6.8655940081622999,34.012243979158356],[-6.8655889224361273,34.012240643961611],[-6.8655789320048166,34.012238478145399],[-6.8655732272958376,34.01223594293991],[-6.8655648410691184,34.012232316254526],[-6.8655941708141803,34.012229028593005],[-6.8656030249970561,34.012227138413984],[-6.8656074456462441,34.012223788536254],[-6.8656127058529117,34.012216984558933],[-6.8656178311463965,34.012213161971204],[-6.8656267677716665,34.012210637706389],[-6.8656357589983443,34.012207690722406],[-6.8656415953859113,34.012206282266931],[-6.8656488121684527,34.012204141573271],[-6.8656853102996385,34.012177543929468],[-6.8656951689325902,34.012170932377344],[-6.8657054216573234,34.012164249475831],[-6.8657174434670054,34.012153874327161],[-6.8657255650164233,34.012140909503181],[-6.8657272141441803,34.012134214496982],[-6.8657229947465011,34.012127214754038],[-6.8657194050559776,34.012124224619804],[-6.8657077407933231,34.012118170545065],[-6.8656972095489266,34.012114246986272],[-6.8656648973052095,34.012108933151623],[-6.8656302352914951,34.012075513540928],[-6.8656342875311367,34.012071061363805],[-6.8656416081235152,34.01206518747599],[-6.8656463500802607,34.012066248542034],[-6.8656520579828326,34.012070707417358],[-6.865663383841965,34.012076411016359],[-6.8656691805579344,34.012070403434407],[-6.8656656261344695,34.012058330952684],[-6.865660694582993,34.01204795478057],[-6.8656491298697748,34.012036243845344],[-6.8656402188300323,34.012025835752738],[-6.8656195664888253,34.012011932209838],[-6.8656132823950733,34.012003040115736],[-6.865604142190211,34.011990473795819],[-6.8655999175319211,34.011993307309943],[-6.8656056842544926,34.011986548815344],[-6.8656090510909289,34.011978508858668],[-6.8656044557782838,34.011967519982463],[-6.8656006518691477,34.01195734977621],[-6.8655956924887747,34.011947184966729],[-6.8655782795972522,34.011932071085397],[-6.8655344255835962,34.011897455734314],[-6.8655238863122028,34.011880659718301],[-6.865531261608913,34.011886121831225],[-6.8655405848618543,34.011892397205095],[-6.8655508215365728,34.01189073617212],[-6.8655572372140856,34.011883927701383],[-6.8655615571257602,34.011873513672981],[-6.8655576107976515,34.011862475718175],[-6.8655570024801866,34.011855366997523],[-6.8655629127078832,34.011849476238659],[-6.8655668192800974,34.011843194048076],[-6.8655687682169999,34.011832249484684],[-6.8655614238977201,34.011815780464943],[-6.8655319386995313,34.011776190943635],[-6.8655336316925668,34.011764261814896],[-6.8655331593584901,34.011755133997326],[-6.8655353364171106,34.011745386266988],[-6.8655365914604456,34.011738762610342],[-6.8655396369830273,34.011726311708571],[-6.8655475722347523,34.011717713271359],[-6.8655529448516752,34.011711026126598],[-6.8655545704406054,34.011706467049464],[-6.8655893292861645,34.011684311687098],[-6.8655963179218,34.011680975064934],[-6.8656017591005005,34.011679637971952],[-6.8656048411583948,34.011682582639658],[-6.8656123867140106,34.011688701129444],[-6.8656196452637639,34.0116921218439],[-6.8656279371790259,34.011691572119226],[-6.8656412076113913,34.011684406593787],[-6.865647552545644,34.011671285782818],[-6.865648028969626,34.011657859329489],[-6.8656469890443104,34.011647185112444],[-6.8656449949667016,34.011638884981615],[-6.8656419535573265,34.011628782517057],[-6.8656423604392298,34.011621763834775],[-6.8656457883104043,34.011616188000879],[-6.8656515925152828,34.01161306634792],[-6.8656875401241075,34.011604377458511],[-6.8657033539414476,34.011599362022508],[-6.865717424357646,34.011596864283042],[-6.8657247588937889,34.011596764063754],[-6.8657304646184656,34.011600260655094],[-6.8657434588995647,34.011607929770875],[-6.8657590693259651,34.011612301673829],[-6.8657714306414563,34.011614997105248],[-6.8657847161277861,34.011614568434318],[-6.8657930594144787,34.011611671404992],[-6.8658211336795079,34.011589567110533],[-6.8658259911334483,34.011579948555095],[-6.8658264279789796,34.011573679885899],[-6.8658167009729576,34.011563627671137],[-6.8658021217692857,34.011553360747129],[-6.8658089068704902,34.01154765364624],[-6.8658191295190916,34.011540219818315],[-6.8658284750879304,34.011531639136578],[-6.8658341185642824,34.01151995239313],[-6.8658390189058869,34.011516857537998],[-6.8658596089118866,34.011515577717127],[-6.8658701636273127,34.011517365335088],[-6.8658759421287394,34.01151541731852],[-6.86587530809879,34.011509482245273],[-6.8658702437883239,34.011503048849718],[-6.8658530687387866,34.011492980046953],[-6.8658387241074887,34.011486795901298],[-6.8658302736342955,34.011479741937499],[-6.8658333234102455,34.01146921558972],[-6.865831346414474,34.011455893591133],[-6.865821647262818,34.011445630010627],[-6.8658121226892206,34.011437947372741],[-6.8658042098254723,34.011431689792076],[-6.8657995995868983,34.011426685973888],[-6.8657854809253429,34.011420735471638],[-6.8657721194807975,34.011424685070793],[-6.8657582515100222,34.011429552394453],[-6.865753962609805,34.011428960422499],[-6.8657553065290493,34.011424589522207],[-6.8657540695489052,34.011414432583685],[-6.8657385083883549,34.011406751104673],[-6.865737226654467,34.011393234282899],[-6.8657370007908449,34.011393006043384],[-6.8657249856414246,34.011381295872418],[-6.865718889218801,34.011375117148724],[-6.8657146630760701,34.011368036313534],[-6.8657122247927873,34.01135856983592],[-6.8657120121393334,34.011349493092865],[-6.8657150882549667,34.011338152041461],[-6.8657189865771748,34.011326245814573],[-6.86573373381158,34.011309942286907],[-6.8657405342804863,34.011299111426382],[-6.8657464794441632,34.011286947669781],[-6.8657501849780704,34.011276710371703],[-6.8657549044012631,34.011264238078738],[-6.86576117289734,34.011251468083067],[-6.8657719698929469,34.011234426119977],[-6.8657794630540261,34.01122196557332],[-6.8657860045191992,34.01120900659582],[-6.8657866622440409,34.01119894654223],[-6.865787478824152,34.011178785372572],[-6.8657917115018314,34.011157424425519],[-6.865799571354799,34.011130876723549],[-6.8658068680048983,34.011107023212695],[-6.8658137629566438,34.011088825583478],[-6.8658217048899211,34.011070291029675],[-6.8658277937957664,34.011050342357258],[-6.8658278853515462,34.011036444208742],[-6.8658266709470244,34.011020755771838],[-6.8658253914139769,34.011001270277532],[-6.8658222717749045,34.010978054484518],[-6.8658216867957576,34.010963469801375],[-6.8658265187303877,34.010947845918835],[-6.8658297243049988,34.010937568469245],[-6.8658368951799389,34.010925714143518],[-6.8658430510862756,34.010916094825788],[-6.8658526252440319,34.010905275703458],[-6.865870774485809,34.010890089472859],[-6.8658917938122412,34.010874078715752],[-6.8659036783097873,34.010872139535721],[-6.8659124188445126,34.010870133417129],[-6.8659283375419857,34.010874104865117],[-6.8659349716910327,34.0108764019079],[-6.8659434991620802,34.010879934022974],[-6.8659707393101366,34.010887686281301],[-6.8659871345530092,34.010889989980846],[-6.8659960218114575,34.010890775264279],[-6.8660081806100468,34.010891101095119],[-6.8660159391537459,34.010891679523077],[-6.8660474157435525,34.01090140872811],[-6.8660582263536272,34.010904181797166],[-6.8660610299747047,34.010909239210783],[-6.8660658983061067,34.010916189866514],[-6.8660699773957576,34.010923284136005],[-6.8660716298694382,34.01093027151353],[-6.8660729450099094,34.010937869803264],[-6.8660757464932507,34.010941965836729],[-6.8660800407796705,34.010944483249631],[-6.8660887020747428,34.010945033975645],[-6.8661012763438487,34.010942190237543],[-6.8661121799983,34.010936419600121],[-6.8661272439523948,34.010924389936399],[-6.8661341125055344,34.010918048719105],[-6.8661555939818602,34.010887451805814],[-6.8661599897438759,34.010873516823729],[-6.866166653708742,34.010863843745405],[-6.8661821395552094,34.010851530457153],[-6.8661968758606369,34.01084396081044],[-6.8662097274345335,34.010839003415754],[-6.8662245623381049,34.010837534736709],[-6.866232520090672,34.010838559055053],[-6.8662396896760862,34.010840689282048],[-6.8662420435530347,34.010846241675416],[-6.8662423135134949,34.010852999014162],[-6.8662376499622377,34.01086113894192],[-6.8662378888423703,34.010867145377723],[-6.8662698953106638,34.010862063955912],[-6.8662807197218685,34.010858851062302],[-6.8662848221701784,34.010852052481866],[-6.8662855406297938,34.010845595628169],[-6.866291346917583,34.010843436226089],[-6.8663008745092053,34.010840323281883],[-6.8663078287214496,34.010834310238785],[-6.8663118989957352,34.010825797558638],[-6.8663143008237544,34.010815321165929],[-6.8663182532624409,34.010804767104567],[-6.8663375449818691,34.010790866144134],[-6.866353552397074,34.010784370174513],[-6.8663661598735617,34.010783239594033],[-6.8663809690832194,34.010782944543749],[-6.8663879008378101,34.010780029719044],[-6.8663912740305229,34.010774876582033],[-6.8663915491902952,34.01077180065451],[-6.8664002618636202,34.010770005867677],[-6.8664032133351034,34.010777855570346],[-6.8664036868380478,34.010786983375361],[-6.8664017047896539,34.01079621477173],[-6.8663995151217998,34.010812909856732],[-6.8664155903011137,34.010823522665071],[-6.8664323936513778,34.010831527729898],[-6.8664511384829821,34.010837460097356],[-6.8664725915670575,34.010843310262842],[-6.8664796368424241,34.010840512250986],[-6.8664850436517622,34.010836500542482],[-6.8664882851876632,34.010835290162412],[-6.8664925483985391,34.010837056658424],[-6.866500340182597,34.010839348240729],[-6.8665098507252811,34.010841258053787],[-6.866514922363125,34.010838819538911],[-6.8665174076864561,34.010827709044683],[-6.8665170733857046,34.010817525312447],[-6.8665190018872835,34.010809678025879],[-6.8665223664337178,34.010800675759604],[-6.8665283643636057,34.010796075418064],[-6.8665384819682878,34.010792372935647],[-6.8665517630046855,34.010790019620359],[-6.8665627630761303,34.010789387632641],[-6.8665591523027851,34.010801254449383],[-6.8665597011586668,34.010831339276308],[-6.8665655409120694,34.010843613168753],[-6.8665865945298616,34.010847611017539],[-6.866601789193302,34.010843395464022],[-6.8666142701902384,34.01083637435223],[-6.8666164149279112,34.010824912501029],[-6.8666161525040197,34.010821041994681],[-6.8666149989506327,34.010810250964511],[-6.8666095148609498,34.010805062596027],[-6.8665988680549717,34.010800060011782],[-6.8665897751196372,34.010795942925228],[-6.8665834620970481,34.010786299947441],[-6.8665807687100555,34.010780396192629],[-6.8666148655036592,34.01077699567405],[-6.8666400331526765,34.01076724759892],[-6.8666736102118495,34.010746270981848],[-6.8666829856120701,34.010738441149371],[-6.8666864990614673,34.010733193468781],[-6.86668800563573,34.010725629798763],[-6.8666845433058707,34.01071677326955],[-6.8666784283795668,34.010707574408585],[-6.8666706493263456,34.010698336402569],[-6.8666578894568548,34.010682030030715],[-6.8666587308870204,34.01066778128861],[-6.8666615288856203,34.010658194015086],[-6.8666613359270281,34.010647915734332],[-6.8666558870036942,34.010633645016419],[-6.8666589623279783,34.010621944997702],[-6.8666613062682744,34.010610929047928],[-6.8666583547640094,34.010603078449122],[-6.8666471768738635,34.010600167233271],[-6.8666574206944659,34.010589635123686],[-6.86665700825034,34.010582009137472],[-6.8666465371505714,34.010579587487335],[-6.8666499081588439,34.010573472061488],[-6.8666573699147824,34.010567503562761],[-6.8666604336099448,34.010562750867841],[-6.8666662023013982,34.010556953700636],[-6.8666707963453861,34.010555222432103],[-6.8666794481419915,34.010563682722939],[-6.8666885024092563,34.010563199761641],[-6.8666941521924958,34.01055439981981],[-6.8666965690844863,34.010550658487801],[-6.8667000408857159,34.010551606313314],[-6.8667060666282449,34.010546794596905],[-6.8667105920052949,34.010539711467878],[-6.8667195014140985,34.010525640659289],[-6.8667212382764911,34.010520236101129],[-6.866723182714157,34.010507366951146],[-6.86672290705717,34.010485964937459],[-6.8667188941557118,34.010470538337479],[-6.8667104126411376,34.010462734429076],[-6.8667003923851535,34.010459817785232],[-6.8666897607484678,34.01046155117912],[-6.8666754453961572,34.010467875873012],[-6.8666640172020816,34.010478623868259],[-6.8666572279176945,34.010482406454614],[-6.8666481606909633,34.01047711572425],[-6.8666335280536117,34.010468233906252],[-6.8666198805957048,34.010458690299927],[-6.8666079786521932,34.010447591261745],[-6.8665949393583707,34.010432436247164],[-6.866584185313851,34.010417482661339],[-6.8665744305252066,34.010407642768612],[-6.8665668701207183,34.010407508487674],[-6.8665573950374705,34.010409237353493],[-6.8665512663506689,34.010406023528148],[-6.8665532505345199,34.010397754409659],[-6.8665606244425845,34.010390495450928],[-6.8665705930967746,34.010383039276064],[-6.8665731770266563,34.010378029750527],[-6.8665689888485346,34.010371017941743],[-6.8665664367086672,34.01036674493713],[-6.8665567065090576,34.010355730506291],[-6.8665636045208709,34.010325662236021],[-6.8665879685441773,34.010297564885661],[-6.8666044961814388,34.010284167913383],[-6.8666157156751542,34.010280883625946],[-6.8666589394636368,34.010284274757574],[-6.8668127347951078,34.01030833874097],[-6.8669082366887197,34.010314639679379],[-6.8669424532994032,34.010314242733514],[-6.8669470313161067,34.01031752970772],[-6.866956585719163,34.010324991854169],[-6.8669668522932694,34.010334866311133],[-6.8669739511931134,34.010341471555066],[-6.866982856655544,34.010348983684956],[-6.8669899855460992,34.010356338941818],[-6.8669963873444697,34.010365337820453],[-6.8669977024666524,34.010371006078003],[-6.8669966937253646,34.010372837883033],[-6.8669936429411162,34.010379508736378],[-6.8669903201759217,34.01038925007073],[-6.8669880436882362,34.010399832335679],[-6.8669907906541017,34.010412245232004],[-6.8669979057104626,34.010423656408726],[-6.8670104403153083,34.010428926362657],[-6.867026557008078,34.010434299582066],[-6.8670453027101548,34.010442146544001],[-6.8670659159064877,34.010443539424749],[-6.8670801703489746,34.010448427582553],[-6.8670856811230658,34.010452437762353],[-6.8670900021092249,34.010454740180897],[-6.8670961510616175,34.010455817186987],[-6.8671007257197889,34.010449281809848],[-6.8671023458661757,34.010444727282362],[-6.8671058068831003,34.010442791007712],[-6.8671106997687694,34.01044760027203],[-6.867114397511215,34.010448780831744],[-6.8671247110354035,34.010447449757471],[-6.8671245279900379,34.010451810691016],[-6.8671214707294785,34.010456557911276],[-6.8671170834349384,34.010459693710132],[-6.8671099108396962,34.010464505345823],[-6.8671044623615591,34.010470857049334],[-6.8671055944308677,34.010480885337323],[-6.8671088274959393,34.010486615915426],[-6.8671144860842563,34.01049245337785],[-6.8671250792353344,34.010498832817184],[-6.8671420794713436,34.010507273796797],[-6.8671549268174754,34.010513105554082],[-6.867166540393935,34.010512635883508],[-6.8671802238898456,34.010507118499696],[-6.8671870399426451,34.010505050948865],[-6.8671910728470174,34.010505620616208],[-6.8671951262131472,34.010511956670399],[-6.8672047255775599,34.010516113779829],[-6.8672178276435805,34.010514068226065],[-6.8672300869464014,34.010512588097406],[-6.8672348993974293,34.010510130942194],[-6.8672313514649943,34.010502878071563],[-6.8672304401007551,34.010500021663105],[-6.8672337725187038,34.010493162620918],[-6.8672264873264277,34.010489957860251],[-6.8672152624352156,34.010488432534338],[-6.8672078123509497,34.010486494140302],[-6.8671935343593988,34.010482777816023],[-6.8671882240091131,34.010488073607185],[-6.8671830656430046,34.010488259365118],[-6.8671781813572297,34.010486333316251],[-6.8671897572555833,34.010474330831414],[-6.8671946424475481,34.010468356392359],[-6.8671982715761821,34.010466114212996],[-6.8672064636772001,34.010462353952825],[-6.8672138976143406,34.010459487314392],[-6.8672171606607915,34.010465967001842],[-6.8672228770986887,34.010472344008789],[-6.8672280997627881,34.010474619631246],[-6.8672371207810912,34.01047434896148],[-6.8672457680144428,34.010472016458479],[-6.8672534246720174,34.010468422097603],[-6.8672580519132653,34.010469363593707],[-6.8672663693763383,34.010469564726499],[-6.8672674883818043,34.010466887467707],[-6.867266933556226,34.010461286970475],[-6.8672691502003236,34.010458066553269],[-6.8672745805198101,34.010454809408465],[-6.8673243460383295,34.010456107107451],[-6.8673385189605698,34.010453728833902],[-6.8673483462576081,34.010450219079118],[-6.8673510983248089,34.010446831855901],[-6.8673488836745529,34.010442152676063],[-6.8673474457605144,34.010439860698462],[-6.867305267471969,34.010414564401096],[-6.8673039954739643,34.010415235864762],[-6.8672963569834211,34.010415736564468],[-6.867283551647609,34.010422398988311],[-6.8672747052340499,34.010424287395232],[-6.8672623719375814,34.010420422044675],[-6.8672594686645168,34.010412159636438],[-6.8672695989737571,34.010406327603874],[-6.8672803493220709,34.010400657863855],[-6.8672835726879953,34.010403504336018],[-6.8672855349920559,34.01040273099391],[-6.8672926396816631,34.010399927730063],[-6.8672975656443196,34.010397587389562],[-6.8673040818938107,34.010398802581825],[-6.8673112095734608,34.010397296854428],[-6.8673103806534472,34.01039380726251],[-6.8673075973533528,34.010387583505207],[-6.8672991983644627,34.010380115972971],[-6.8672990354680516,34.010373482742132],[-6.8673047571061625,34.010372919710647],[-6.8673131913007319,34.010374198123067],[-6.8673175818200702,34.010372023684454],[-6.8673227102029992,34.010371088808888],[-6.8673279691664844,34.010367176196844],[-6.8673304974290756,34.010364516706936],[-6.8673343386819292,34.0103665640911],[-6.8673400337267569,34.010375073390094],[-6.8673466272237489,34.010382595431096],[-6.8673555573235205,34.010388934801014],[-6.8674019047227022,34.010396763331698],[-6.8674416992121952,34.01039280343727],[-6.8674542304429753,34.010388251902782],[-6.8674615411474056,34.010382385232653],[-6.86746512087631,34.010373626631875],[-6.8674630978503117,34.010367468830609],[-6.8674575013970429,34.01036313138583],[-6.8674497772295329,34.010363303911689],[-6.8674391574736688,34.010365995929938],[-6.8674349435273898,34.010361887605903],[-6.8674367039290098,34.010357238537559],[-6.8674414209855952,34.010351569991208],[-6.8674457075055404,34.010343300952265],[-6.8674394899467641,34.010338802128345],[-6.8674335850951325,34.010334864219757],[-6.8674207066817319,34.010328282489532],[-6.8674227273523369,34.010325578436401],[-6.8674325718865825,34.010326874596679],[-6.8674398773674472,34.010327946159308],[-6.8674526228665265,34.010328644670565],[-6.8674525009053804,34.010334505619682],[-6.8674575319386593,34.01033825985597],[-6.8674678551277353,34.010339811051708],[-6.8674751209340172,34.010337250300289],[-6.8674848282316336,34.010331701884859],[-6.8674928735569791,34.010326113407807],[-6.8674974354191436,34.010324594427424],[-6.8674975308011836,34.010327805810569],[-6.8674958560706791,34.010332782161235],[-6.8674940315442967,34.010343830827246],[-6.8674950447586891,34.01035182044977],[-6.867495574984031,34.010358592777877],[-6.8674944078564044,34.010363614591213],[-6.8674906438435528,34.010367873161137],[-6.8674944423481854,34.010374186938172],[-6.8674965102537007,34.010377037917621],[-6.8675012661211641,34.010382903070514],[-6.867503165915517,34.010386059952502],[-6.8675024636245556,34.010395392724526],[-6.8675078790171202,34.010396190601121],[-6.8675154972271386,34.01039782397639],[-6.8675218699821228,34.010398173228332],[-6.8675307131641699,34.010395324338447],[-6.8675377851500592,34.010394240428752],[-6.8675367347677376,34.010400339524821],[-6.8675360806250563,34.010407328646409],[-6.8675395674948021,34.010413080592222],[-6.8675456350885629,34.010414790747703],[-6.8675552910223931,34.010410625512122],[-6.8675612600081415,34.010408163818362],[-6.8675663851516386,34.010406267565649],[-6.8675727814226439,34.010405444094282],[-6.8675795728601594,34.010404549255391],[-6.8675904358222022,34.010406895891677],[-6.8675935016753531,34.010405031872502],[-6.8675998101216775,34.010402919738539],[-6.867603407276091,34.010407827132305],[-6.8676101389159276,34.010414293242874],[-6.8676238009952462,34.010410909009323],[-6.8676316160390565,34.010404125522577],[-6.8676346881631058,34.010395322356537],[-6.8676399738682194,34.010391198377953],[-6.8676433835045838,34.010390645273603],[-6.8676453079164999,34.010392630321796],[-6.8676502554202701,34.010397016845452],[-6.8676528095783107,34.010402047384943],[-6.8676584500503797,34.010410978487364],[-6.8676630773081069,34.010411920870219],[-6.8676689808967186,34.010406997802065],[-6.8676763526596574,34.010402631134134],[-6.8676813642801626,34.010400618059869],[-6.8676909785461122,34.010400719198948],[-6.8677025737748822,34.010394483066193],[-6.8677066397128286,34.010387903119224],[-6.8677099688483647,34.010380082696884],[-6.8677081566726796,34.01036935350055],[-6.867694254433335,34.010359799465618],[-6.8676891774208553,34.010359351171175],[-6.8676782738843851,34.010361270915894],[-6.8676731241341331,34.01036433900493],[-6.8676644724199738,34.010356850106021],[-6.8676495627368519,34.010357988842557],[-6.8676578426332986,34.010355517213981],[-6.8676651319493107,34.010351783730783],[-6.8676723537131537,34.010344627498036],[-6.8676730378538595,34.010338389291022],[-6.867669942889191,34.010331603712267],[-6.8676718254201363,34.010329954670041],[-6.8676770973110859,34.010329886610471],[-6.8676869621382073,34.01032904956444],[-6.8676904445087947,34.010324980074657],[-6.867695559923221,34.01032019971494],[-6.8676994031414536,34.010314347488979],[-6.8676934361252595,34.010308909590499],[-6.8676887575070058,34.010309350394003],[-6.8676844183658758,34.010310141660426],[-6.8676810866557148,34.010300239248231],[-6.8676812234923252,34.010290322365343],[-6.8676888853158724,34.01027978974588],[-6.8676916984360039,34.010277902529751],[-6.8676975935893614,34.010278957226262],[-6.8677022721907859,34.010278515520781],[-6.8677086695491143,34.010277692931481],[-6.8677150325740763,34.010275158071849],[-6.8677196619831937,34.010277061832632],[-6.8677257671147061,34.010281443813241],[-6.8677323561120112,34.010279143500689],[-6.8677376428881285,34.010275019505102],[-6.8677406208919516,34.01027186591935],[-6.8677438645553561,34.010272579193455],[-6.8677469444320192,34.010274559725019],[-6.8677536864313753,34.010267147561208],[-6.8677554168343429,34.010261749376212],[-6.8677595386404935,34.010263607673821],[-6.8677642366726284,34.010268933267753],[-6.8677740555123075,34.01027140124566],[-6.867782771349753,34.010272491441924],[-6.867789974969897,34.010268429768416],[-6.8677941779277063,34.010260793914291],[-6.8677967553781691,34.010255789849609],[-6.8677985339005465,34.010248047111411],[-6.8677926279560246,34.010244109232254],[-6.8677805612141212,34.010235250702216],[-6.8677723270837463,34.010226516832681],[-6.8677720933547652,34.010215499485525],[-6.8677799875854246,34.010207122339189],[-6.867788402337454,34.010202633417798],[-6.8677954261972287,34.010203894947807],[-6.8677937117815802,34.010205238088894],[-6.8677846791329769,34.010210525197955],[-6.8677813564781385,34.010220267455615],[-6.8677854398844653,34.010227354406808],[-6.8677915996061616,34.010231313664519],[-6.8677925623500116,34.01023278688384],[-6.8677956208576862,34.010236900613279],[-6.8677986085675498,34.010236630226203],[-6.8678047853497546,34.01023749583134],[-6.867807027871109,34.010241964538935],[-6.8678114099547125,34.010245767849277],[-6.8678151849500351,34.01025325343597],[-6.8678240099816756,34.010253499091498],[-6.8678341713129125,34.010248417013926],[-6.8678429918056443,34.010238840334495],[-6.8678477847867176,34.010230615853764],[-6.8678481883665068,34.010224566719266],[-6.8678503492951073,34.010221768122229],[-6.8678555354955364,34.010221371872305],[-6.8678579942498974,34.010223190123263],[-6.867859300782218,34.010225974257622],[-6.8678627812119508,34.010229805263791],[-6.8678687931113576,34.010231937234487],[-6.8678730154843874,34.010230067777748],[-6.8678848482889583,34.010219048874511],[-6.8678873603327553,34.010211583438618],[-6.8678901059015081,34.010206274370447],[-6.8678970589600121,34.010203151778256],[-6.8678985517419093,34.010202536344387],[-6.8679043514958042,34.01020037964819],[-6.8679096725807876,34.010197967013532],[-6.8679114588657333,34.010201007072929],[-6.8679142551592438,34.010211075384646],[-6.8679214184393755,34.010220141957163],[-6.8679284904061388,34.010219058025356],[-6.8679397558450068,34.010215355509473],[-6.867946997003636,34.010213965660661],[-6.8679528492012993,34.010210425764186],[-6.8679598782119742,34.010204747249581],[-6.8679642706412292,34.010194673188842],[-6.8679547964309844,34.010185615652752],[-6.8679440534932867,34.01018530859902],[-6.8679328040356831,34.010184956070709],[-6.867945492508162,34.010177214494355],[-6.8679540721455004,34.010171460094611],[-6.867961674142661,34.010168287508272],[-6.8679682631251415,34.010165987183214],[-6.8679718246731447,34.010160323133633],[-6.8679703927422224,34.010153577603738],[-6.867966521487018,34.010150780225182],[-6.8679744870934165,34.010130024813328],[-6.8679797330538612,34.0101222676061],[-6.8679858228346502,34.010113944052712],[-6.8679881102356548,34.010115106837219],[-6.8679937345354025,34.010119232892478],[-6.8679968441647468,34.010113101550544],[-6.8679940843339935,34.0101057050869],[-6.8679964625792396,34.010100256920161],[-6.8680029475217479,34.01009186199731],[-6.8680070198953356,34.010087203872821],[-6.8680131537114146,34.010083474886514],[-6.8680252961757438,34.010080916495909],[-6.8680301364162526,34.010078247943554],[-6.8680364961883349,34.01007475260181],[-6.8680352077711797,34.010068873902611],[-6.8680392555503662,34.01006538851064],[-6.868047457279677,34.010064510493457],[-6.8680536521700404,34.0100622815199],[-6.8680599411441028,34.010054402961977],[-6.8680620655904123,34.010048932514529],[-6.8680667312299661,34.01004464712949],[-6.8680726904423395,34.010039301309028],[-6.8680755484317499,34.010034109065629],[-6.8680695911297569,34.010031554384732],[-6.8680617813085192,34.01003139876557],[-6.8680533471362031,34.010030120403385],[-6.8680398251729882,34.01002454916739],[-6.8680133490787352,34.01002381315881],[-6.8680230360267123,34.010020397887644],[-6.8680336622105402,34.010019628554247],[-6.8680457597941444,34.010020376081776],[-6.8680558751314758,34.010018599918716],[-6.8680587085145826,34.010014579507576],[-6.8680681857096877,34.01001573652217],[-6.8680772099072529,34.010016426257465],[-6.8680834723609836,34.010017620031753],[-6.8680958634551139,34.010022023047767],[-6.8681035478887829,34.010018218169755],[-6.868098901208386,34.010011509402432],[-6.8680961029773169,34.010009340693934],[-6.8680844764942544,34.010005964981495],[-6.868084148659233,34.010000598119845],[-6.8680851541132997,34.009997804036786],[-6.8680909881741323,34.00999735870019],[-6.8680991996312066,34.009999364781571],[-6.8681084646558057,34.009996232226285],[-6.8681384947146125,34.009989382339789],[-6.8681462304865075,34.009984193371835],[-6.8681547789953017,34.00997768805523],[-6.8681590311022118,34.009967707622366],[-6.8681624245212829,34.009962349470506],[-6.8681690048286015,34.009957165019998],[-6.8681767341196025,34.00995005421705],[-6.8681747335102852,34.009941764115993],[-6.868168209693625,34.009938625345121],[-6.8681591684720686,34.009941030170303],[-6.868150303996857,34.009946012304404],[-6.8681406681765669,34.009939183419789],[-6.8681358514699884,34.009940680157257],[-6.8681335459565576,34.009942611942037],[-6.8681278008140945,34.009944345929036],[-6.8681181106488323,34.009946800742753],[-6.8681151753761576,34.009945687037536],[-6.8681150059281322,34.009937131071979],[-6.8681116593124285,34.00993128460383],[-6.8681025954061354,34.009926961656909],[-6.8681005618016053,34.009925821153665],[-6.8681004866761466,34.009920476583801],[-6.8681028005863505,34.009912567032536],[-6.8681001821086545,34.009905076020821],[-6.8680976739065027,34.009896740458075],[-6.8680972047153892,34.00989146814608],[-6.8681028425694546,34.009882678196803],[-6.8681079074151388,34.009871381417504],[-6.8681123835736333,34.009869535133348],[-6.8681160715699194,34.009867831561621],[-6.8681197090604726,34.0098596124895],[-6.868117039224237,34.009853504663674],[-6.8681200931641531,34.009847796050686],[-6.8681162570663199,34.009838809555546],[-6.8681163200656936,34.009832409969995],[-6.8681122880096757,34.009823939842818],[-6.8681135321415994,34.009816362992332],[-6.868118142079771,34.009812499435988],[-6.8681246561497051,34.009812754107415],[-6.868131670247168,34.009811131516578],[-6.8681371004939065,34.009807874333603],[-6.8681426280639011,34.009799928933191],[-6.8681493291907234,34.009788883545085],[-6.8681503611480768,34.009777017126986],[-6.8681434743753984,34.009774701515433],[-6.8681360683630812,34.009777356843365],[-6.8681325879546531,34.009773526745889],[-6.8681351224224576,34.009763928993287],[-6.8681346102507161,34.009754061197732],[-6.8681368106333904,34.009746034828886],[-6.8681383569264804,34.009744997586417],[-6.8681439617677862,34.009743357234349],[-6.868155909319948,34.00974131608799],[-6.8681664530144406,34.009741179026229],[-6.8681860411548472,34.009739598504254],[-6.8681983581812291,34.009738657829516],[-6.8682114676663133,34.009738533991722],[-6.8682229922178779,34.009736775574559],[-6.868232016387708,34.009737465298855],[-6.8682410289392708,34.009743172324193],[-6.8682456667031229,34.009739097396704],[-6.8682458645703619,34.009730681427641],[-6.8682474535615867,34.009725376883026],[-6.8682526856766248,34.009721674683263],[-6.8682522099839618,34.009714479636571],[-6.8682456762178292,34.009699597589659],[-6.8682444091496206,34.00969158569221],[-6.8682400173509777,34.009684899195605],[-6.8682306569406464,34.009684819475979],[-6.8682231749927576,34.009690030728784],[-6.8682147422007196,34.009697614247237],[-6.8682080119050948,34.009700009135642],[-6.8681952827065897,34.009704116636563],[-6.8681859598671471,34.009706709649528],[-6.8681826262081724,34.009704706849199],[-6.8681599484881044,34.009701423648238],[-6.8681450519054303,34.009706407913761],[-6.8681324864983608,34.00970924905166],[-6.8681283517298271,34.009703545296112],[-6.8681186718923186,34.009692121840011],[-6.8681075271215368,34.009681102453278],[-6.8681073330841338,34.009673719220636],[-6.8681097915874574,34.009666676486042],[-6.8681176235592618,34.009656798412749],[-6.8681248003599231,34.009652948072699],[-6.8681289681110433,34.009651501326971],[-6.8681309492684166,34.009654025028325],[-6.8681360113571444,34.009658528337766],[-6.8681414610510165,34.009661038457466],[-6.8681485886556528,34.009659532681965],[-6.8681556305757265,34.009657698723309],[-6.8681634403634702,34.009657854336638],[-6.8681710852737767,34.009659276318857],[-6.8681755841095224,34.009664157801147],[-6.8681770855193554,34.009666425577173],[-6.8681807040349812,34.009669199756175],[-6.8681938681128143,34.009668654101922],[-6.8682007451556242,34.009668086510175],[-6.8682053445443723,34.009669240239596],[-6.8682098633919111,34.009663126651056],[-6.8682124248518255,34.009662178523847],[-6.8682180821259653,34.009659154969931],[-6.8682189986563182,34.009655072236932],[-6.868219092729472,34.009649422651975],[-6.8682257919241003,34.009646276860131],[-6.8682359831750075,34.009641945664278],[-6.8682422369473777,34.009640255315738],[-6.868248777772493,34.009640299528762],[-6.8682543944932126,34.009642503752524],[-6.8682570867573798,34.009646477461956],[-6.8682590757504034,34.009659784864581],[-6.8682675442184635,34.009662774581642],[-6.8682695037508683,34.009658569597633],[-6.8682710992329135,34.009655187787516],[-6.8682764159447078,34.009651813782035],[-6.8682809477586266,34.009649544758979],[-6.8682882499612692,34.009649655806683],[-6.868290857364479,34.009645401744443],[-6.8682813980581949,34.009632289198343],[-6.8682769046290861,34.009629330467412],[-6.8682811813084452,34.009618178196924],[-6.8682779909118405,34.009608181247941],[-6.8682737064138593,34.009608550716578],[-6.8682729931466628,34.009606139326472],[-6.8682685286371008,34.009602969216139],[-6.8682757289322884,34.009597946146201],[-6.8682813570237817,34.009586272987121],[-6.8682866950875159,34.009580765781443],[-6.8682924829002765,34.00957476448589],[-6.8682923477646227,34.009567919887935],[-6.8682906790531311,34.009558057526768],[-6.8682947311127922,34.009555532578965],[-6.8683027784632538,34.009550904526755],[-6.868309406854503,34.009543376416367],[-6.8683124769764792,34.00954247283213],[-6.8683206808183215,34.00954255617706],[-6.8683230344399862,34.009538280736848],[-6.8683227687566628,34.009534413877041],[-6.8683243707137942,34.009532953899424],[-6.8683296166069656,34.009525196675789],[-6.8683217392542817,34.0095216183229],[-6.8683056453503086,34.009522973037377],[-6.8683066262038164,34.009521351685912],[-6.8683154595444877,34.009515619538895],[-6.8683301150038689,34.009505596560714],[-6.8683377831593999,34.009496985731708],[-6.8683426298377075,34.009496238999986],[-6.8683517534451335,34.009493200976301],[-6.8683579663940026,34.009487877419893],[-6.8683642961097169,34.009483632046994],[-6.8683707628641057,34.009478331670394],[-6.8683750462724813,34.009477962211101],[-6.8683786883059676,34.009479564565041],[-6.8683825392731421,34.009484495118564],[-6.8683824965801836,34.009488762419799],[-6.8683825290144958,34.009498373389754],[-6.8683866948576702,34.00950482623675],[-6.8683941781323945,34.009508475942681],[-6.8684061094355462,34.009501629738196],[-6.8684174066397325,34.009490776689027],[-6.8684149830215393,34.009482769326645],[-6.8684069791714251,34.009475229594564],[-6.8684110514944603,34.009470571455822],[-6.8684145616315533,34.009466290578153],[-6.868415339369049,34.009465467065411],[-6.868415433448992,34.00946533068074],[-6.8684121727782008,34.009455790008055],[-6.868407871253603,34.009451369788756],[-6.8684012824015648,34.009445790398864],[-6.8684067458365021,34.009441166464057],[-6.8684145533054357,34.009438237654237],[-6.8684232238800105,34.009433577038017],[-6.8684277910039562,34.009429937637577],[-6.8684256418796492,34.009412730573651],[-6.8684256911610015,34.009406353694402],[-6.8684282311837741,34.009402535125211],[-6.8684328208027647,34.009397727524494],[-6.86843109035508,34.009390236934223],[-6.8684244222872923,34.009385288888865],[-6.8684186590717138,34.009376272675055],[-6.8684274163771688,34.009371938424948],[-6.8684366148420697,34.009371152417337],[-6.8684392726522656,34.009373407540956],[-6.8684423769916325,34.00938016954472],[-6.8684478864190561,34.009384164349989],[-6.8684542118542851,34.009382806846745],[-6.8684596249209422,34.009379560672713],[-6.8684650979728969,34.009376852218693],[-6.8684842948609166,34.009362056455558],[-6.8684879721226899,34.009360360213002],[-6.8684913420284044,34.009359060792605],[-6.8684969660725246,34.009358174172014],[-6.8685013821972634,34.009357712062972],[-6.8685105646132145,34.009354053745547],[-6.8685101876738264,34.009347000038616],[-6.8685069098577971,34.009344584432419],[-6.8684965420478381,34.009342501735738],[-6.8685060864045697,34.00933802387609],[-6.8685200136951412,34.009332337537145],[-6.8685329440270113,34.009324435233076],[-6.8685417227341716,34.009318932787423],[-6.8685461988378096,34.009314009268031],[-6.868544841032354,34.009307614607259],[-6.8685401936097623,34.009301887110283],[-6.8685308238200156,34.009292021207443],[-6.8685304212103269,34.009285178841516],[-6.8685309716295242,34.009277888796049],[-6.868530277753381,34.009269319132933],[-6.8685227787042376,34.009261851053587],[-6.8685226020368075,34.009255241430758],[-6.8685271648720887,34.009245645149285],[-6.868532061813422,34.009235440691505],[-6.8685391357358156,34.009232234573673],[-6.8685432284708856,34.009234297011794],[-6.8685505261691748,34.009246320147575],[-6.8685607976107033,34.009251160119007],[-6.8685627015551658,34.009244307856882],[-6.8685618234822945,34.009238168217564],[-6.868560007356403,34.009230350347778],[-6.8685645905277131,34.009229584148358],[-6.8685693246731594,34.009225639752728],[-6.8685670448780138,34.00922044006775],[-6.8685584353900531,34.00921564014358],[-6.8685619841436472,34.009210953863814],[-6.868564616271434,34.009203422067621],[-6.8685616457781933,34.009195608707707],[-6.8685638088669174,34.009189736459184],[-6.868570624721654,34.00918555031307],[-6.8685793059651816,34.009177806027225],[-6.8685791132363061,34.0091733223272],[-6.8685799109958507,34.009170095064306],[-6.8685823589194239,34.009169991519059],[-6.8685869849184593,34.009171888073013],[-6.8685960655914293,34.009165030163565],[-6.8686050820044215,34.009156676785118],[-6.8686085777030241,34.009152760430602],[-6.8686110679660333,34.009149971487147],[-6.8686162604322281,34.00914245207084],[-6.8686217066823838,34.009139953160187],[-6.8686330885672584,34.009142125873879],[-6.8686412247473454,34.009142629365357],[-6.8686425932730009,34.009145941268798],[-6.8686457736318562,34.009151113261929],[-6.8686532084225558,34.009157085865908],[-6.8686581138972231,34.009158794255953],[-6.8686660616305071,34.00916077092328],[-6.8686716524397351,34.009159136122449],[-6.8686759721865158,34.009156432157255],[-6.8686778322129829,34.009156914508523],[-6.8686858816565124,34.009157091630691],[-6.8686938026104061,34.009154279619082],[-6.8687009364919973,34.009151610310553],[-6.8687065219438841,34.009149017772685],[-6.8687100642621646,34.009148372895147],[-6.8687132189422009,34.009148757098394],[-6.8687175376039695,34.009151051372015],[-6.868725974700471,34.009155198540022],[-6.8687305632227167,34.009155390069942],[-6.8687323429346616,34.009151504647491],[-6.868735476189169,34.009148057908433],[-6.8687395196498562,34.009146499863348],[-6.8687451704288236,34.009145401877639],[-6.8687575460202828,34.009133834491564],[-6.8687574335813251,34.009128719435346],[-6.8687571433917078,34.009121993898304],[-6.8687602059433637,34.009116093967563],[-6.8687591833129247,34.009109091119115],[-6.8687511713364664,34.009105619891045],[-6.8687396930849243,34.009101205338069],[-6.8687422491535308,34.009095261740711],[-6.8687473184713648,34.009090709148722],[-6.8687493894500804,34.009083552794969],[-6.8687541460869124,34.009078441093543],[-6.8687594745334142,34.009069869384994],[-6.8687528268137026,34.009063754083279],[-6.8687439688815806,34.009059888727364],[-6.8687427727614123,34.009052232244244],[-6.8687494108463722,34.009046435607289],[-6.8687550616187085,34.00904533762116],[-6.8687589273256737,34.009047167322258],[-6.8687646423614259,34.00905256303183],[-6.8687688999827241,34.009059319627518],[-6.8687692180372606,34.009065835601533],[-6.8687709581207423,34.009070242542208],[-6.8687792495873268,34.009078524736978],[-6.8687854068787413,34.009082470447446],[-6.8687904044283332,34.009080463804679],[-6.8687984024745043,34.009071064441372],[-6.8688057526515687,34.009061714158115],[-6.8688075269810467,34.009051871869524],[-6.8688044986795891,34.009043522572739],[-6.8688037929857018,34.009038035679993],[-6.8688096204607687,34.009043548216027],[-6.8688154704129047,34.0090478916498],[-6.8688179504562399,34.009048535383222],[-6.8688202195472039,34.009051819592997],[-6.8688275611837888,34.009061507227251],[-6.8688347903848124,34.009071078032534],[-6.8688428451783867,34.009072212880078],[-6.8688517480533688,34.009063743569428],[-6.8688580081285302,34.009060891491778],[-6.8688672558287056,34.009058727701699],[-6.8688752795565469,34.009054116121725],[-6.8688710904266896,34.009044812714883],[-6.8688639801015565,34.009036316462911],[-6.8688597106834166,34.009032642639987],[-6.8688522544807888,34.009027838235681],[-6.8688422154315125,34.009024188753102],[-6.8688343555432674,34.009022539352117],[-6.8688297787982613,34.009014265926858],[-6.868826669099648,34.009006547097968],[-6.8688212346197535,34.009000963216842],[-6.8688124730764848,34.008999340617322],[-6.8688070386178293,34.008998755865143],[-6.8688056379648614,34.008994696679963],[-6.8688150794571055,34.008987019223433],[-6.8688194634530593,34.008985810721484],[-6.8688266283788106,34.008988887831258],[-6.868837357024578,34.008990151871735],[-6.8688485225708433,34.008994006405324],[-6.8688589771015147,34.008996416341184],[-6.8688616841451768,34.008992293674055],[-6.8688660467173186,34.008992252456395],[-6.8688704189226319,34.008994126722321],[-6.8688795402621992,34.008999928929043],[-6.8688864428254748,34.008996069131705],[-6.8688848793831871,34.008988273556277],[-6.868887404397257,34.008981582659715],[-6.8688935563188727,34.008979572401593],[-6.8688981019764324,34.008977100269398],[-6.868895466647122,34.008968678726831],[-6.8688950147537868,34.008963215013807],[-6.8689022824582704,34.00895949433437],[-6.8689087962995368,34.008956663629974],[-6.8689073624507513,34.008951858077012],[-6.8689008389355219,34.008947773266229],[-6.8689046789223145,34.008939816044744],[-6.8689131298941675,34.008930881244268],[-6.8689186617674709,34.0089237104714],[-6.8689187174383139,34.008918290411899],[-6.8689133043915449,34.008916537476587],[-6.8689036048140322,34.008913237557074],[-6.8688897921841372,34.008909043384918],[-6.8688740477792525,34.008911911042119],[-6.8688605456963039,34.008918273358773],[-6.8688460702333787,34.00891625417313],[-6.8688426360656756,34.008911059005179],[-6.8688544826447373,34.008905614370398],[-6.8688648675362414,34.008900572873827],[-6.8688790581414354,34.008896823353801],[-6.8688922422061909,34.008893943320594],[-6.8689048694029546,34.008892395579771],[-6.8689224352863629,34.008893304390014],[-6.8689326584794843,34.008889524711954],[-6.8689384612852455,34.008880251181452],[-6.8689371195061257,34.008871730600596],[-6.8689434609448465,34.008868247149152],[-6.8689529559710101,34.008865147907315],[-6.8689575776572127,34.00886108756977],[-6.8689659097233218,34.008846079986036],[-6.8689617216917993,34.00883677747052],[-6.8689569778931903,34.008828808138013],[-6.8689587040568911,34.008825343616266],[-6.8689676433252824,34.008823578458156],[-6.8689755256874268,34.008824059650429],[-6.8689837700003578,34.008823722199899],[-6.8689934802433621,34.008818940226256],[-6.8689971263839924,34.008811496640782],[-6.8689942533379202,34.008805926028941],[-6.8689813198567844,34.008797874133087],[-6.8689666612539817,34.008788286713383],[-6.8689569242053388,34.00878328177896],[-6.8689613681180077,34.008777610058665],[-6.8690018871659202,34.008776391902174],[-6.8690135120518772,34.008771672257957],[-6.8690243231184551,34.008767306672169],[-6.8690312845299877,34.008758985469292],[-6.8690277047125159,34.008752926207066],[-6.8690262226891319,34.008749499295071],[-6.8690316421045221,34.008742211688364],[-6.8690262793860279,34.008734081864048],[-6.8690190277200234,34.008730677497482],[-6.8690064380018043,34.008728931138656],[-6.8690031612468214,34.008721516402098],[-6.8690049569997509,34.008715505953496],[-6.8690095411911489,34.008709740594831],[-6.8690178882785196,34.008707603584838],[-6.8690241311935489,34.008706877434548],[-6.8690245306129221,34.008707762909303],[-6.869027085632859,34.008711817578252],[-6.8690363097383047,34.008715820216949],[-6.8690461174250137,34.008713280076428],[-6.8690506630795474,34.008710808840149],[-6.8690575217185668,34.00870928542134],[-6.8690669032536436,34.008711069386855],[-6.86907637043024,34.008713178828856],[-6.8690917367984712,34.008713255712088],[-6.8691110833941647,34.00870528082654],[-6.8691190749278297,34.008694923718558],[-6.8691131275309161,34.008693335787818],[-6.8691011899800358,34.008697496333049],[-6.869089312401873,34.008702193695562],[-6.8690827289230976,34.008697572075491],[-6.8690763896123643,34.008691058150184],[-6.8690777816471504,34.00868320357587],[-6.8690815295270689,34.00867896047491],[-6.869098944363218,34.008678047425889],[-6.8691049998658444,34.008673794405375],[-6.8691108347646761,34.008665268149471],[-6.8691136231646732,34.008660514106964],[-6.8691198617975822,34.008658830203608],[-6.8691256741913271,34.008651471245848],[-6.869124996343654,34.0086457747908],[-6.8691299135645165,34.008644399490969],[-6.8691358116907093,34.00864736517206],[-6.8691509457017794,34.008651250713214],[-6.8691555566452482,34.008645274896772],[-6.8691562847649488,34.008639595327345],[-6.8691616978146941,34.008641349154026],[-6.8691704485907144,34.008641055356414],[-6.8691780899686234,34.008633432345881],[-6.869178959413099,34.008622659996512],[-6.8691711476982915,34.008614633747705],[-6.8691688625219252,34.008608476336889],[-6.8691785566881487,34.008605820272003],[-6.8691835542427917,34.008608812743617],[-6.8691855652679372,34.008611116921912],[-6.8691872197219705,34.008615198380483],[-6.8691874071613741,34.008623723475189],[-6.8691878922957654,34.008629935360254],[-6.8691904151792595,34.008633241840897],[-6.8691959031901346,34.008638404802291],[-6.8692086106977879,34.008641225705944],[-6.8692181378164703,34.008638873727051],[-6.8692262000295043,34.008630968901542],[-6.8692377167258201,34.008627090156374],[-6.8692492762723152,34.008625874164672],[-6.869258971520706,34.008623218080871],[-6.8692656673940862,34.008622957389697],[-6.8692761154782831,34.008629407796754],[-6.8692875197502623,34.008625413120591],[-6.8692943954680432,34.008616765523925],[-6.8692996853084214,34.008611487915005],[-6.8692980683063309,34.00860411324819],[-6.8692976538644377,34.008600353653073],[-6.8693080055321554,34.008599563978919],[-6.8693177596682506,34.008597444721651],[-6.8693160463160829,34.008592826433734],[-6.8692924848964374,34.008586710167862],[-6.8692757757383633,34.008588110102835],[-6.86925866287923,34.008587666813213],[-6.8692563124062449,34.00858501398038],[-6.8692490510722122,34.008574695914319],[-6.8692423401695342,34.008567085156379],[-6.8692366797487345,34.008561268550338],[-6.8692303393383973,34.008554753743525],[-6.8692297471414081,34.008549383667571],[-6.8692250569078794,34.008545992570248],[-6.8692126406912486,34.008544898964203],[-6.8691888576709967,34.008544506815511],[-6.8691469594916716,34.008540498564336],[-6.8691335409681225,34.008536232157184],[-6.8691331575769095,34.00853321985749],[-6.8691341448859156,34.008533519431225],[-6.8691375522520026,34.008533925913795],[-6.8691456616281057,34.008534640726573],[-6.8691582127509543,34.008534682065211],[-6.8691678373209131,34.008534571927505],[-6.869175859942823,34.008534959470467],[-6.8691797909301249,34.008533284582548],[-6.8691846588921619,34.008533287933417],[-6.8691886273823144,34.008533318965895],[-6.8691976854819767,34.008532627440623],[-6.8692038544740717,34.008528490328963],[-6.8692072950219538,34.008524645851473],[-6.8692026422360453,34.008517960641797],[-6.8691999148175586,34.0085132532312],[-6.8691931225459708,34.008506273839998],[-6.8691870145284071,34.008500949495819],[-6.8691918246377108,34.008495416872073],[-6.8691912752508157,34.008487710420006],[-6.8691851458461386,34.008483555165377],[-6.8691754570139079,34.008482169835972],[-6.8691657200128819,34.008482163146027],[-6.8691405620712445,34.008482500497216],[-6.8690958605154639,34.008480372150956],[-6.8690750544002839,34.008478752791866],[-6.8690511964131673,34.008474949677236],[-6.8690283203916334,34.008470489298624],[-6.8690111657641504,34.008462384077141],[-6.869009290723695,34.008454029380395],[-6.8690168507048712,34.008447036846874],[-6.8690301578047626,34.008441189065998],[-6.8690436747977186,34.008437699949638],[-6.8690745540938138,34.008428719547283],[-6.8690977180920747,34.008418952962472],[-6.8691018921220479,34.008410386653786],[-6.8690998714288733,34.008401167859198],[-6.8691000780351938,34.008387572273499],[-6.8691074559700143,34.008378011505101],[-6.8691148970719453,34.008369945315863],[-6.8691175730030851,34.00836007621534],[-6.8691132179288692,34.008351077792106],[-6.8691048183562362,34.008343637438998],[-6.8690972005097715,34.008340094872594],[-6.8691014655893996,34.008337811809128],[-6.8691107014028114,34.008333732541765],[-6.8691208281445322,34.008327710997257],[-6.8691272070226717,34.008325932554968],[-6.8691342798051824,34.008327725546003],[-6.8691418548435186,34.008333604486104],[-6.869145725872694,34.00833639100982],[-6.8691532419816026,34.008336733987278],[-6.8691667857184751,34.00833303440524],[-6.8691788260130311,34.008327075197286],[-6.8691921555699746,34.008320059198269],[-6.8691999468271172,34.00831425713109],[-6.8692046594905625,34.008311480898094],[-6.8692139552858542,34.008307939343204],[-6.8692293601097045,34.008304722085121],[-6.8692335170265562,34.008303279937323],[-6.869251569930225,34.008290404939871],[-6.8692569893133344,34.008283118223801],[-6.8692547640684758,34.00827249850127],[-6.8692551473713657,34.008265512538955],[-6.8692611653483668,34.008259554491104],[-6.8692768678062031,34.008249024885949],[-6.8692856516878962,34.008239481892396],[-6.8692907637318541,34.008232592900761],[-6.8692962848524921,34.008228505768905],[-6.8693001023524438,34.008231713192579],[-6.8693011582084367,34.008234465982014],[-6.8693035686480108,34.00823765563279],[-6.8693121620410338,34.00824458143137],[-6.8693217684237409,34.008251596362022],[-6.8693273056674959,34.008255380665261],[-6.8693360821516398,34.008259876449152],[-6.8693510062012484,34.008261403301141],[-6.8693597248257658,34.008260363108583],[-6.8693710037687614,34.008259335281089],[-6.8693817869441069,34.008260178357929],[-6.8693953521140099,34.008260309694016],[-6.8694015425322474,34.008260003515069],[-6.8694313430353366,34.008331336535569],[-6.86943785047783,34.008337546341721],[-6.8694407020954671,34.008339286903244],[-6.8694498886875293,34.008341584493088],[-6.8694555233693837,34.008342612398785],[-6.8694625051381033,34.008343121256978],[-6.8694835820910791,34.008337638662717],[-6.8694915778725685,34.008333237507095],[-6.8694992352743434,34.008328486781387],[-6.8695066335370099,34.008322756944835],[-6.8695116963220642,34.008317246597571],[-6.869512732830886,34.00831116928606],[-6.8695093639432034,34.008302470459974],[-6.8695052518750197,34.008291577953472],[-6.8695012897540613,34.008282508195585],[-6.869505511946195,34.008277561461831],[-6.8695179023859962,34.008273866347686],[-6.8695246474777401,34.008272226989469],[-6.8695408553798041,34.008266741060496],[-6.8695448677231159,34.008264434791066],[-6.8695497152913694,34.008260607172197],[-6.8695557814258761,34.008253271371395],[-6.8695591898024846,34.008248678698813],[-6.8695605442915255,34.008239119098739],[-6.8695600441342686,34.008230034896037],[-6.869564708555389,34.00822363815886],[-6.869571135594664,34.008220481955092],[-6.8695767049280176,34.008220015301376],[-6.8695856763655412,34.00822899474251],[-6.8695826780808851,34.008231389229408],[-6.8695744124279878,34.008232894907515],[-6.8695687831811547,34.008237823873884],[-6.8695694021609883,34.008242983496451],[-6.869571116602482,34.008247601768772],[-6.8695744790458546,34.008255342870413],[-6.8695788834233857,34.008262963526413],[-6.8695775942139283,34.008269018549605],[-6.8695748818611451,34.008272183497624],[-6.8695759270439414,34.008278019042507],[-6.8695801804073788,34.008283817864154],[-6.8696012499887242,34.008292374030773],[-6.8696025425134621,34.008297274128672],[-6.8696093251522905,34.008302338014154],[-6.8696213955620014,34.008312122563318],[-6.8696374612037214,34.008321726775499],[-6.8696540836171875,34.008324998655524],[-6.8696577554305573,34.00832234374063],[-6.8696560581118078,34.008315600434806],[-6.8696556704196334,34.008311630388043],[-6.8696537085795715,34.008302949334642],[-6.8696504970604391,34.008292030036799],[-6.8696527510930254,34.008287442783391],[-6.8696623166868003,34.008281797547561],[-6.8696696442785257,34.00827861364089],[-6.8696784057651428,34.008280236180894],[-6.8696849355754894,34.008275280413315],[-6.8696927107658929,34.008271604239248],[-6.8696999677157349,34.008270967172137],[-6.8697093063363077,34.008270087433445],[-6.8697161594895828,34.008262607111597],[-6.8697137992877826,34.008253039671892],[-6.8697127862422391,34.00824795231307],[-6.8697079460709114,34.008242739386596],[-6.8697000626746725,34.008242258252956],[-6.8696916363541076,34.008240026620591],[-6.8696855337067113,34.008235660937594],[-6.8696898319085422,34.008229125993616],[-6.8696985236907508,34.008223297098858],[-6.8697103690964374,34.008222850623831],[-6.8697198479955119,34.008221877246967],[-6.869729327846362,34.008210906496309],[-6.8697297111108346,34.008203920532395],[-6.8697274322828372,34.008193721722733],[-6.8697199225044665,34.008184339142204],[-6.8697123966829787,34.008177081583405],[-6.8697091423113008,34.00816350043344],[-6.8697115419010153,34.008154777244243],[-6.8697150306439578,34.008154553242903],[-6.8697178234236373,34.008160755196826],[-6.8697206097537435,34.008165999427654],[-6.8697270893581539,34.008172419684286],[-6.8697325720044677,34.008176624887291],[-6.8697396352086759,34.008181501491265],[-6.8697440609192801,34.008182954822345],[-6.8697505208727208,34.008181617319181],[-6.8697523533280451,34.008181238680578],[-6.8697633206555206,34.008179651698207],[-6.8697684531216332,34.008181592773774],[-6.8697721571322106,34.008184684269821],[-6.8697796946261018,34.008183859021521],[-6.8697904081650929,34.008182249760928],[-6.8697982101061577,34.00817836312774],[-6.8698019194086601,34.008177413227521],[-6.8698026519220114,34.008182689664018],[-6.869803034236873,34.008185701073089],[-6.8698115516596072,34.008194215943298],[-6.8698184638495414,34.00819727070872],[-6.8698256993819102,34.008197800920769],[-6.8698365746001624,34.008194929830559],[-6.8698434867910319,34.008197984594609],[-6.8698489265105804,34.008194528808346],[-6.8698554188040566,34.008187868012726],[-6.8698607246905299,34.008185463586493],[-6.8698679548533388,34.008185036060382],[-6.8698715356263813,34.008181097024938],[-6.8698694228275325,34.008175593271645],[-6.8698664148319351,34.008171074051766],[-6.8698663987254003,34.008168200844551],[-6.869867893528558,34.008163545832801],[-6.86986436830193,34.008157066577198],[-6.8698607884663359,34.008151008239096],[-6.8698576241627611,34.0081487085804],[-6.8698542659842188,34.008141925234511],[-6.8698516091776787,34.008134670995922],[-6.8698597622485478,34.008123052012721],[-6.8698641953309565,34.00811546478748],[-6.8698705142001915,34.008113149489041],[-6.8698766671203551,34.008111139169287],[-6.8698796000302185,34.008107249219634],[-6.8698819835760272,34.008100651951032],[-6.8698847944079295,34.008094730591083],[-6.8698937559768067,34.008086798034185],[-6.8699202575242877,34.008074986357286],[-6.869949740196625,34.008062904312361],[-6.8699549261861481,34.008064424475513],[-6.8699599944701308,34.008069870108052],[-6.8699654663813581,34.00807215982951],[-6.8699779969682595,34.008063371900597],[-6.8699819566875844,34.008051489148258],[-6.8699829277960811,34.008043916376636],[-6.8699893548067976,34.008040760151204],[-6.8699931883466787,34.008041841629968],[-6.8699969298780461,34.008046639040309],[-6.8700009464867122,34.008045290504576],[-6.8700079773839624,34.008039421547572],[-6.8700143903581399,34.008028392956625],[-6.8700233026703499,34.008021839043728],[-6.8700305553089702,34.008020244208907],[-6.8700380381776007,34.008019839862776],[-6.8700451933168871,34.008016002288215],[-6.870050849376697,34.00801586197899],[-6.8700522618049344,34.008016837479197],[-6.8700536046712832,34.008020358906691],[-6.8700519749683666,34.008026065294459],[-6.87005135405518,34.008035902191786],[-6.8700534293575481,34.008039700923256],[-6.8700571056184643,34.008048002007641],[-6.8700622263508286,34.008053026743838],[-6.8700700337317997,34.00805509696071],[-6.8700816093041226,34.008056754099272],[-6.8700847146201003,34.00805351779028],[-6.8700846299498961,34.008048192267957],[-6.870082726969712,34.008040048051122],[-6.8700814664624374,34.008030896109588],[-6.8700771926759971,34.008021266348536],[-6.8700718127855831,34.008015261601784],[-6.8700702011001988,34.00800884467909],[-6.8700784613519739,34.008006381232313],[-6.8700814586105414,34.008008984975781],[-6.8700844291064307,34.008011799171797],[-6.870097526239463,34.008008591743518],[-6.8701062813472511,34.008014255662154],[-6.8701164391143053,34.008013979562165],[-6.8701249199362229,34.008010791116966],[-6.8701280916024974,34.008004051118235],[-6.870127946934641,34.007998187876098],[-6.8701292628644035,34.007991922394091],[-6.8701268427405804,34.007986817274599],[-6.8701342195267188,34.007982254686851],[-6.8701420589407762,34.007980073051044],[-6.870147132506502,34.00798147728058],[-6.8701483340257141,34.007985093259364],[-6.8701486029285741,34.007992986984412],[-6.8701523487404463,34.007998741236989],[-6.8701632410241036,34.007993744181377],[-6.8701708491389439,34.007990372969303],[-6.8701794702240511,34.00798708998083],[-6.8701854667282847,34.007982300076286],[-6.8701878502474463,34.007975702801566],[-6.8701875589523409,34.007973975507454],[-6.8701872312327197,34.007970543181536],[-6.8701846868412044,34.007963405776913],[-6.8701826007902609,34.007957691575911],[-6.8701826017739354,34.007952692431658],[-6.8701881120901547,34.007946689788398],[-6.8701934564430607,34.007940991222668],[-6.8701974141616278,34.007939106751579],[-6.8701996896309234,34.007938349529248],[-6.8702085708676517,34.007931048307],[-6.8702143723752638,34.007921773825046],[-6.8702191771156107,34.007920282556476],[-6.8702203957366663,34.007921772597797],[-6.8702213167080801,34.00792557675355],[-6.8702221082283605,34.007936388248758],[-6.8702282814347395,34.00793320973591],[-6.8702322347448455,34.007925367481896],[-6.8702398867126151,34.00791965987613],[-6.8702452138587784,34.007911088113318],[-6.8702474314244135,34.007904795816792],[-6.8702560953798395,34.007904175577863],[-6.8702619516067918,34.00789948020919],[-6.8702594617150323,34.007886922756335],[-6.8702596019976063,34.007886829118391],[-6.8702651722848058,34.007881363289648],[-6.8702607303578294,34.00787203763754],[-6.8702530268455382,34.007868168762599],[-6.8702501911556482,34.007859304064937],[-6.8702586194122457,34.007851537371231],[-6.8702715922631237,34.007846298539995],[-6.8702810175750839,34.007845745124008],[-6.8702886075815641,34.007849498084362],[-6.8702929423561931,34.007854666414026],[-6.8702970715849805,34.007863432057803],[-6.8703001492374929,34.007870403570294],[-6.8703041970984557,34.007879800584128],[-6.8703091678879948,34.007883003464244],[-6.8703144351508882,34.007878894012144],[-6.8703179945028516,34.007876123151924],[-6.8703223505616933,34.007875124160407],[-6.8703396751640691,34.007867927680323],[-6.8703492514153748,34.007864197862766],[-6.8703515697659121,34.007866103392573],[-6.8703498544251236,34.007871483406447],[-6.8703485321648445,34.007881790299635],[-6.8703528819692048,34.007889830945665],[-6.8703614861599727,34.007898672144805],[-6.8703723165718831,34.00790813386989],[-6.8703747036140346,34.007917491747619],[-6.8703827476670805,34.007921709255008],[-6.8703945447828341,34.007917643126262],[-6.8703979263399653,34.007913260882894],[-6.8703993922943249,34.007913815473991],[-6.8704001473117069,34.007917923706401],[-6.8704035644228876,34.007925243868918],[-6.8704057950620561,34.007931822176651],[-6.8704147343215913,34.007935056046307],[-6.8704241220327926,34.007927799370663],[-6.8704288677425271,34.007920771230097],[-6.8704339689422644,34.007911967621126],[-6.8704368760276973,34.007903288966389],[-6.870438337591251,34.007897887578579],[-6.8704414128027933,34.007888904820199],[-6.8704461360549125,34.007883045781718],[-6.8704484124889582,34.007877289410494],[-6.8704440017109221,34.007873710192463],[-6.8704427788094886,34.007871263306484],[-6.8704462995467095,34.007866786534528],[-6.8704501179423696,34.007859996549193],[-6.8704509711109738,34.007846351882023],[-6.8704543152847179,34.007794317324546],[-6.870440157219674,34.00770191968499],[-6.8704384874845648,34.007684968560497],[-6.870444905639034,34.007669898549828],[-6.8704552929802993,34.007639862121977],[-6.8704619326784746,34.007619068871001],[-6.870464473542258,34.007610252014729],[-6.8704687662790862,34.007602759306543],[-6.8704737700623006,34.007596712088251],[-6.87047940996744,34.007593698551858],[-6.8704811779677888,34.007597895907629],[-6.8704840189320402,34.007602719204662],[-6.8704915777698732,34.007600726626521],[-6.8705027494498196,34.007595541375181],[-6.870510724808522,34.00759230832908],[-6.8705161056674866,34.007593313912992],[-6.8705241539907513,34.007598489160422],[-6.8705342304598291,34.007603843529395],[-6.8705443881928128,34.007603568296403],[-6.870552077625951,34.007599565690107],[-6.8705549881257548,34.007601842155708],[-6.8705636468085745,34.007605264193458],[-6.8705674266922037,34.007601767427907],[-6.87056834959838,34.007595573291653],[-6.8705630339915391,34.007591064033306],[-6.8705694555711716,34.007586950041627],[-6.8705791228039432,34.007584503418336],[-6.8705865253483669,34.007584730397291],[-6.8705933678638509,34.007585332818223],[-6.8705997412805102,34.007582596564568],[-6.8706074725187145,34.007581256722602],[-6.8706168271873089,34.007583250123822],[-6.870625835948398,34.007583937149029],[-6.8706256752407029,34.007580199831025],[-6.8706244297469103,34.007573922015531],[-6.8706214869681892,34.00756589823424],[-6.8706236006490355,34.007561404600509],[-6.870627872943639,34.007550080930301],[-6.8706291191763853,34.007541363139516],[-6.8706312383430772,34.007542825472193],[-6.8706344026450674,34.007545125111854],[-6.8706365377086911,34.007539463289262],[-6.8706372935815683,34.007533574145171],[-6.8706368897315091,34.007526731794158],[-6.870632199498262,34.007523340748129],[-6.8706234283985648,34.007519802789716],[-6.8706041600214336,34.007511193186538],[-6.870588842010382,34.007509737847499],[-6.870579606231991,34.007508818092674],[-6.8705913711443252,34.007504004661499],[-6.8705993902199083,34.007493436087287],[-6.8705975150476775,34.007485081411247],[-6.8705937521379949,34.007481453108134],[-6.8705974175503037,34.00748283957406],[-6.8706045995053113,34.007483790646582],[-6.8706108218938491,34.007479233460387],[-6.8706157561151331,34.007475732164323],[-6.8706205168485308,34.007471578137626],[-6.8706213583829339,34.007466015371435],[-6.8706204909367603,34.007461791214304],[-6.8705622059913898,34.007430707345591],[-6.8705783414178718,34.007401815575228],[-6.8705832969138285,34.007392147860813],[-6.8705902751564851,34.007381700629615],[-6.8705958721517799,34.007376024332444],[-6.8706032648841804,34.007369336693088],[-6.8706111427054513,34.007363860901357],[-6.8706258201462012,34.007356325674728],[-6.8706364316495883,34.007346517622544],[-6.8706363181447916,34.007346401709974],[-6.8706341946729825,34.007343980726866],[-6.8706379467138445,34.007340695325865],[-6.8706486824736048,34.00733291865722],[-6.8706527321496029,34.007327319139833],[-6.8706575474782108,34.007322744193367],[-6.8706672146943744,34.007320298464776],[-6.8706797292086703,34.007318634618933],[-6.8707002983930936,34.007318106402579],[-6.8707172493456348,34.00731981132266],[-6.8707262045582622,34.007320919246141],[-6.8707280162826931,34.007317781075962],[-6.8707269593252338,34.007315029211995],[-6.870733499759992,34.00731198886001],[-6.8707375120428402,34.007309683453293],[-6.8707394319083841,34.007305704361123],[-6.8707415894245152,34.007298874334793],[-6.8707450566013177,34.007294818458888],[-6.8707507115455808,34.007294679032455],[-6.8707568259034613,34.007295961893291],[-6.8707635602558019,34.007297405226872],[-6.8707722081589342,34.007298911778577],[-6.8707803709397437,34.007299204678766],[-6.8707829633852588,34.007299965200595],[-6.8707875411748001,34.007303239414398],[-6.8707932229992545,34.007307887764405],[-6.8707965329418723,34.007311050595902],[-6.8708019031632883,34.007315139828393],[-6.8708062047191039,34.007319560870798],[-6.8708093957631453,34.007321649151848],[-6.8708215386872205,34.007318889356952],[-6.870824385866575,34.007314673006221],[-6.8708262243632783,34.007311325283574],[-6.8708218585419694,34.007305410576969],[-6.8708136794874433,34.007297245338627],[-6.8708120571220972,34.007293911182771],[-6.8708150821014087,34.007291306212913],[-6.8708163605718822,34.00728833393385],[-6.8708184849944116,34.007285755768372],[-6.8708204852737333,34.007286144449544],[-6.8708259143955228,34.007290770511631],[-6.8708284908239792,34.007293656055559],[-6.8708309602096787,34.007297383410332],[-6.8708340271412967,34.007302440340844],[-6.87083661970882,34.007308199092648],[-6.8708392347406066,34.007312789642889],[-6.8708416227624447,34.007317148368358],[-6.8708455954792882,34.007318136195359],[-6.8708500703889124,34.007318210833702],[-6.8708545399340712,34.007317328637626],[-6.8708591722085357,34.007315183699568],[-6.8708656312588134,34.0073127738099],[-6.8708692709904264,34.007314370707931],[-6.870874775977688,34.007312409429844],[-6.8708786415131646,34.007309239934003],[-6.8708794348881277,34.007305055807223],[-6.8708779849417061,34.007302375296788],[-6.870877855281571,34.00729938527472],[-6.8708833496470572,34.007300507657007],[-6.8708881051024449,34.007300394114907],[-6.8708898354713632,34.007297888215014],[-6.8708892164045281,34.007292727695457],[-6.8708818202229258,34.007288460226533],[-6.8708771299929792,34.007285069189351],[-6.870881626296784,34.007283976539561],[-6.8708884677078901,34.007284578957162],[-6.8708954397072057,34.007283171349222],[-6.8708954728058229,34.007278920388657],[-6.8708910898830107,34.007275130720174],[-6.8708878013188253,34.007270799702312],[-6.8708879360801332,34.007264749194732],[-6.8708942130419759,34.007259771075873],[-6.8709039989892107,34.007253399844409],[-6.8709118554161899,34.007249093124038],[-6.8709223534954607,34.007244167366125],[-6.8709373800153131,34.007238896238775],[-6.8709415314721589,34.007236496297708],[-6.8709411491220234,34.00723348489106],[-6.8709375104751436,34.007231887982336],[-6.8709217352572312,34.007229010371461],[-6.8709211098674237,34.007227891261493],[-6.870928297058656,34.007224801820378],[-6.87093523582885,34.007222646939631],[-6.8709404827250795,34.007219705636302],[-6.8709468614846623,34.007217927100584],[-6.8709552073136395,34.00721579087476],[-6.8709608579390888,34.007214692788374],[-6.8709620165786438,34.007215646005058],[-6.8709633102468386,34.007220546078194],[-6.8709640052852574,34.007224116588802],[-6.8709666417159418,34.007227539849509],[-6.8709668891671525,34.007231602630895],[-6.8709684258751667,34.00723461040706],[-6.8709704250712376,34.007234999098571],[-6.8709748143145575,34.007234747354723],[-6.8709816674223152,34.007232266093695],[-6.8709870213588138,34.007228482977332],[-6.8709928336444897,34.007226123061876],[-6.8709955941982157,34.007226578573324],[-6.8710004417908177,34.007227750029749],[-6.8710052400151715,34.007225301007338],[-6.8710078066364257,34.007221272831622],[-6.8710064969681346,34.007218498683812],[-6.8710015583324831,34.007216043113836],[-6.8709959257249258,34.007210016118826],[-6.8709750885305088,34.00719765151252],[-6.8709731363922515,34.007195884192214],[-6.8709764580524784,34.007195964247181],[-6.8709814983617639,34.007196621172696],[-6.8709868792016797,34.007197626736591],[-6.8709973978433894,34.007201530160486],[-6.8710048540231892,34.007206335342232],[-6.8710099221609884,34.007206780899423],[-6.8710155085017606,34.007204188244003],[-6.8710223722368182,34.007198624221509],[-6.8710224642312081,34.007194910091265],[-6.8710208632385417,34.007190407749199],[-6.8710176346558196,34.007186613552392],[-6.8710197376910989,34.007185203572234],[-6.8710227518973239,34.007180683125164],[-6.8710215278913394,34.007178235355148],[-6.8710207139490205,34.007173590294784],[-6.8710189084080717,34.007167687926604],[-6.8710207273863864,34.007155510098229],[-6.8710201243253648,34.007148224555849],[-6.8710144317363211,34.007141660743677],[-6.8710077133894147,34.007138091498604],[-6.8710014276995635,34.007136154992729],[-6.8709986680854005,34.007130700335601],[-6.8710044588389598,34.007124509475268],[-6.871010627660362,34.007120373174104],[-6.8710169787153843,34.007123804233423],[-6.871022111131885,34.007125744356756],[-6.8710229955419644,34.007122844342554],[-6.8710234323654786,34.007120436599337],[-6.8710290989961322,34.007117213486637],[-6.8710333158110171,34.007116308096279],[-6.8710375423064676,34.007117318190687],[-6.8710393915542243,34.007115885936827],[-6.8710422494797818,34.00711358505292],[-6.8710458944393924,34.007111140548922],[-6.871049178557362,34.007109514680934],[-6.8710528064374392,34.007109196114406],[-6.8710566185864437,34.007111446651578],[-6.8710613526530437,34.007112501291736],[-6.8710654173554957,34.007109774981501],[-6.8710693866987951,34.007104805906856],[-6.871068361875234,34.007102801328813],[-6.8710660927501976,34.0070995171573],[-6.8710668753502588,34.007093417556881],[-6.8710707087268572,34.007089500771507],[-6.8710873265080341,34.007086815580962],[-6.8710954998982459,34.007084025701339],[-6.8710995924409959,34.007081088924444],[-6.8711008655162882,34.007077158906078],[-6.8711003321162005,34.007072325666556],[-6.8710981763593981,34.007064159176188],[-6.8710986077982055,34.007060793696603],[-6.8711028898404125,34.007056384626225],[-6.8711129455450841,34.007047910627875],[-6.8711194162633511,34.007042417051061],[-6.8711233042531914,34.007038080247391],[-6.8711223500264804,34.007033528826462],[-6.8711177679386575,34.007029296875729],[-6.8711151861106572,34.007025452699637],[-6.87111098622628,34.007019233021722],[-6.8711064095222563,34.007015958806626],[-6.8711106038712284,34.007016221615338],[-6.8711176455282317,34.007017267199302],[-6.8711230585012553,34.007019020040623],[-6.871128503617018,34.007021520165033],[-6.8711350163269138,34.007023689390586],[-6.8711528793229473,34.007017284638032],[-6.8711600932483945,34.007013984730563],[-6.8711651355584049,34.007009642489983],[-6.8711658367732227,34.00700417335819],[-6.8711662306830421,34.006999102858884],[-6.8711669543572178,34.006992465525407],[-6.8711589638717658,34.006987827161225],[-6.8711545006726045,34.006984668860014],[-6.8711526897435755,34.006977808757227],[-6.8711548579849735,34.006972894195158],[-6.8711582170074674,34.006969680131363],[-6.8711764792982502,34.006959163513777],[-6.8711820699187163,34.006957528599564],[-6.8711904114010522,34.006954433707293],[-6.8711984669544517,34.006950569258187],[-6.8712057408582696,34.006947806165741],[-6.8712134228122359,34.006947844940626],[-6.8712187062700494,34.006951606889189],[-6.8712199731891612,34.006956717412997],[-6.871221261484374,34.006960659747804],[-6.8712228667688713,34.006966118934855],[-6.8712278375400118,34.006969321779614],[-6.8712341456813659,34.006970090072613],[-6.8712380381078866,34.006971709245896],[-6.8712468370196014,34.006975036696431],[-6.8712505847047787,34.006970792626113],[-6.8712436734999391,34.00696273969384],[-6.8712402071225638,34.006956797304426],[-6.871248899756373,34.006950968286638],[-6.8712545171344894,34.006949122916268],[-6.871258501690118,34.006952026189893],[-6.8712627881814559,34.006953573996178],[-6.8712678230793998,34.006953272272455],[-6.8712723310505792,34.006949095934552],[-6.8712715716988191,34.006944029956998],[-6.8712665152647379,34.006940500736413],[-6.8712671833923142,34.006939282565057],[-6.8712706451612933,34.00693426983964],[-6.8712761018187534,34.006928688051985],[-6.8712790464775209,34.006926713527406],[-6.8712835695019301,34.006925409508426],[-6.8712895980160127,34.006921366832387],[-6.8712920243504003,34.006917433191283],[-6.8712956809833763,34.00691190500585],[-6.8712984575190896,34.006910234585554],[-6.87131496621992,34.006913390334979],[-6.8713204605514662,34.006914511796587],[-6.8713265738082701,34.006915794642566],[-6.8713301760025587,34.006915686508087],[-6.8713314319926875,34.006913882425025],[-6.8713315731901057,34.006908789639596],[-6.8713293949584067,34.006901791354437],[-6.8713262423489825,34.006896408057749],[-6.871321988018817,34.006895608438619],[-6.8713186834424542,34.006893402454885],[-6.8713212286646295,34.006890542461264],[-6.8713282861387297,34.00688446297471],[-6.8713349078961929,34.006880792121208],[-6.8713493581517406,34.0068730231811],[-6.8713584053060011,34.006870416928642],[-6.8713623790910425,34.006871404726702],[-6.8713692580029226,34.006873712137612],[-6.8713733453087498,34.006874816748962],[-6.8713770759121564,34.006872698612618],[-6.8713748816739315,34.006867825351669],[-6.8713741652323463,34.00686542213014],[-6.8713778915479438,34.006862347146608],[-6.8713806413212071,34.006860887177325],[-6.8713850840782653,34.006860215415031],[-6.8713905397941986,34.006859631866853],[-6.8713937157766205,34.006858847813938],[-6.8713977172498106,34.00685462691338],[-6.8714057673990423,34.006849804714619],[-6.8714103985522428,34.006847659768496],[-6.8714147439453441,34.006849744400014],[-6.8714191813003715,34.006848113998636],[-6.8714246754738753,34.006844237223717],[-6.871427570911349,34.006843641350223],[-6.8714300884422341,34.006845990051957],[-6.8714340033227321,34.006846441017373],[-6.8714355558559657,34.006842323729437],[-6.8714366351147476,34.00683890825249],[-6.8714389317613538,34.006831984586313],[-6.8714421407987665,34.006826948668987],[-6.8714472420034864,34.006823144148832],[-6.8714521215528821,34.006820063737521],[-6.8714490267604678,34.006815217286835],[-6.8714403789089982,34.006813711683265],[-6.8714290134168055,34.006814412431119],[-6.8714283505076654,34.006811589205789],[-6.8714271489513399,34.006807973237635],[-6.8714249879550211,34.006803848149673],[-6.8714238442204261,34.006800769024622],[-6.8714297324550531,34.006796820882691],[-6.8714364344635204,34.006792517763259],[-6.8714427498176853,34.006784246390687],[-6.8714436555831702,34.006780178184137],[-6.8714396613397595,34.006775359431103],[-6.8714329376024406,34.006770831570485],[-6.8714212441969904,34.006763101761322],[-6.8714165593601617,34.006760668479856],[-6.8714254940631028,34.006757945396124],[-6.8714442941540161,34.006758217958499],[-6.8714533735957701,34.00676135721443],[-6.871459351950584,34.006763691429562],[-6.8714649157940215,34.006762266955512],[-6.8714698231811528,34.006758976077769],[-6.8714738451091701,34.006758586132136],[-6.8714754299426115,34.006760214358913],[-6.8714787239032606,34.006765503098357],[-6.8714847559662253,34.006772416441919],[-6.8714886591465962,34.006775950178181],[-6.8715112336796889,34.006771769101455],[-6.8715211278363419,34.006769556031756],[-6.8715281265582666,34.006767938837122],[-6.8715357987896128,34.006766061205433],[-6.8715476492121033,34.006761574060533],[-6.8715559960500476,34.006759436879911],[-6.8715596892887385,34.006760612852425],[-6.8715600332201863,34.006766918384841],[-6.8715569226177537,34.006769196995798],[-6.8715474322179375,34.006773254186285],[-6.8715455080966548,34.006776275542762],[-6.8715434158542239,34.006779601004304],[-6.8715421320288241,34.006781615555234],[-6.8715417916595909,34.00678626515024],[-6.8715421688186575,34.006793317953196],[-6.8715442817051056,34.006798822582866],[-6.8715486430832113,34.006798781284523],[-6.8715549296655771,34.006795718616672],[-6.8715590651002998,34.00679544458005],[-6.8715598093726484,34.006797636433234],[-6.8715606393394717,34.0068001564672],[-6.8715602722123208,34.006805016515166],[-6.8715665149694471,34.006804290237703],[-6.8715731796169015,34.006803281225352],[-6.8715794877493366,34.006804049501035],[-6.8715874074769552,34.006806235548801],[-6.8715892728722743,34.006807676495114],[-6.8715909979881715,34.006809211080949],[-6.8715926578933617,34.00681424934502],[-6.871603490123225,34.006813713576413],[-6.8716095604545666,34.006812333653087],[-6.8716146339757591,34.006813737823791],[-6.8716169898761228,34.006817349252032],[-6.8716197611962526,34.006819720222119],[-6.8716285385545,34.00681921670143],[-6.8716316116218028,34.006815233069354],[-6.8716314990013405,34.006810117109488],[-6.8716274672111846,34.006803593343186],[-6.8716197412794537,34.006800892752544],[-6.871618700464257,34.006801014104084],[-6.8716167118698204,34.006797541761358],[-6.8716130186287883,34.006796365790606],[-6.8716076485822324,34.006797275725845],[-6.8716013190793213,34.006797675640676],[-6.871598331494698,34.006796986515681],[-6.871596919084201,34.006796011934185],[-6.8715953342325609,34.0067943828072],[-6.8715927310346903,34.00679170773148],[-6.871591620523553,34.006789375878405],[-6.8715902679211869,34.006783938980639],[-6.8715884666546208,34.00677899436868],[-6.8715856962395963,34.006771624251392],[-6.8715881182360903,34.006766731953732],[-6.8715892607134013,34.006764811956231],[-6.8715959413559089,34.006761677919108],[-6.871599123622901,34.006756852450565],[-6.8715984926747726,34.006749777375489],[-6.8715969676466964,34.006743686834007],[-6.8715924123097816,34.006739244447218],[-6.8715999934853844,34.006736082698069],[-6.8716056002472197,34.006737320973329],[-6.8716077944950857,34.006742194230519],[-6.871609993033216,34.006748024334868],[-6.871613163802885,34.006751281673964],[-6.8716195522077648,34.006751418588792],[-6.8716207708365209,34.006752908617159],[-6.8716216221752013,34.006754260461648],[-6.8716225388748891,34.006757105958187],[-6.8716218001558982,34.006760870073677],[-6.8716279143068668,34.0067571537585],[-6.8716325186910856,34.006755219256995],[-6.8716388160439497,34.006754072057326],[-6.8716406760507178,34.006754555266788],[-6.8716443906605598,34.006754563047664],[-6.8716457493857979,34.006750960302391],[-6.8716457878206629,34.006747666175208],[-6.8716442843426773,34.006745406579036],[-6.8716360562193071,34.00674361827955],[-6.8716317162296576,34.006742492293533],[-6.8716269670792878,34.006738563551757],[-6.8716172953016059,34.006730054240023],[-6.8716161526591781,34.006726976005609],[-6.871618838130737,34.006724021464535],[-6.8716219444245139,34.00672078510307],[-6.8716257296305594,34.006718246942292],[-6.8716292450542804,34.006717811532866],[-6.8716347875216659,34.006717555240371],[-6.8716373531834973,34.006718525295881],[-6.8716417199458251,34.006719441730525],[-6.8716459099764293,34.0067187467724],[-6.8716471981193745,34.006717690871007],[-6.8716502016681282,34.006716253167838],[-6.8716563425733206,34.006712326398244],[-6.8716567696829687,34.006708003167375],[-6.8716570500574052,34.006702816754277],[-6.8716608084878947,34.006700488143679],[-6.8716653218156294,34.006697269527429],[-6.8716653270198931,34.006693228129734],[-6.8716637860067236,34.006689263514254],[-6.8716559144164489,34.006685698829109],[-6.8716541303962879,34.006683627413793],[-6.8716606707510959,34.006680587012681],[-6.8716664070122073,34.00667981617331],[-6.8716722567785204,34.006679161245337],[-6.87167330836954,34.006680955365788],[-6.8716745366927929,34.006684360878793],[-6.8716749192508457,34.006692371417785],[-6.8716771233659477,34.006704158391187],[-6.8716786000855521,34.006706628439943],[-6.8716825781727477,34.006708573976923],[-6.8716840238280588,34.006710296729658],[-6.8716852253937208,34.006713912695488],[-6.8716857738925441,34.00672161825284],[-6.8716867389229961,34.006728085142434],[-6.8716904159955563,34.006726387902511],[-6.8716952152555288,34.00672393884053],[-6.8716986974490748,34.006722756158624],[-6.871700881820149,34.006720714795165],[-6.8717024997160863,34.006718092057454],[-6.871706031135056,34.006715531622241],[-6.8717117133841583,34.006714768630253],[-6.8717172769216965,34.006712942810651],[-6.8717237660021757,34.006715827476349],[-6.8717281723673542,34.006720105661742],[-6.8717388697887509,34.006726829817026],[-6.8717453121019876,34.006727080631372],[-6.87175100172316,34.006727264527925],[-6.8717613687632912,34.006730594267573],[-6.8717698853064331,34.006736496265937],[-6.8717763869689676,34.0067412747349],[-6.8717861257869091,34.006742551049257],[-6.8717886501802603,34.006736671786889],[-6.8717838278076186,34.006728675517948],[-6.8717832788971256,34.006725997962185],[-6.8717874226825959,34.006716369491826],[-6.8717871915770203,34.006707199156715],[-6.8717854871145772,34.006706628443645],[-6.8717732701283074,34.006709868103592],[-6.8717639467683673,34.006708312736109],[-6.871766900292684,34.006704049117111],[-6.871773191348141,34.006698501698523],[-6.8717786493139874,34.006693511507628],[-6.8717812798398992,34.006686801266575],[-6.8717826019254753,34.006680395898364],[-6.8717887133022799,34.006681248545767],[-6.8717937221859087,34.006679795401951],[-6.8717914488471283,34.006673705535007],[-6.871789414533656,34.006665743257528],[-6.8717874133291907,34.00665852103689],[-6.8717849813632554,34.006653679435004],[-6.8717799530642383,34.006656288118428],[-6.8717764306512743,34.006663025069201],[-6.8717728037668779,34.006658605153227],[-6.8717712242913906,34.006660043268603],[-6.871766400855444,34.00666803468728],[-6.871762324326248,34.006663153778902],[-6.8717552937262729,34.006658539351264],[-6.8717536754182706,34.006654295159152],[-6.8717533318937098,34.006645008899433],[-6.8717515817638262,34.006633811837396],[-6.8717487606030661,34.006625044400899],[-6.8717444529732461,34.006618986543614],[-6.8717369207698979,34.00661832464548],[-6.8717301874794661,34.006616366376754],[-6.8717248629639816,34.006608325497645],[-6.8717258010774085,34.006598942113293],[-6.8717316829476855,34.006594619749912],[-6.8717376162601154,34.00658988191595],[-6.8717405303998946,34.006583932239138],[-6.8717442776271174,34.006577425334349],[-6.8717531513299939,34.00657052632387],[-6.8717586161415776,34.006570481076615],[-6.8717622041735611,34.006569217783969],[-6.8717674777976976,34.006565684495406],[-6.8717737814214894,34.006562030882691],[-6.8717833689626202,34.00655750896555],[-6.8717896594579599,34.006555957795072],[-6.8717944035885967,34.006556584796883],[-6.8717957246056471,34.006558173729999],[-6.8718007466112621,34.006562611530171],[-6.8718059267099765,34.00656180482838],[-6.8718099107779587,34.006561418022081],[-6.8718153424800263,34.006560632715448],[-6.8718198492167879,34.006559135865004],[-6.8718235422823213,34.006557040702823],[-6.8718252609511508,34.006555508959686],[-6.8718287497157196,34.006552029101258],[-6.8718372016663221,34.006544462234025],[-6.8718390516213903,34.006537893736713],[-6.8718430561805084,34.006528357989232],[-6.8718481848278943,34.006519973368533],[-6.8718557044205566,34.006510747164533],[-6.8718598476579418,34.006505115842053],[-6.8718649027496346,34.006502299407359],[-6.8718688012109457,34.006501589828751],[-6.8718734266414545,34.006501154902026],[-6.8718810255527858,34.006499297951358],[-6.8718915175638235,34.006496644023329],[-6.8719021230490487,34.006494104202481],[-6.8719102046832967,34.006493446495107],[-6.8719173077448321,34.006492492740286],[-6.8719207833791778,34.006491115322312],[-6.8719222572595111,34.00648651193459],[-6.8719234333027934,34.006483249537787],[-6.8719273249159869,34.00647759591596],[-6.8719390870107082,34.006464955847427],[-6.8719459463661741,34.006460930435047],[-6.871954113058961,34.006456599258492],[-6.8719653667189755,34.006450961065418],[-6.8719752977669346,34.006447732005576],[-6.8719758330007235,34.006448514865532],[-6.8719780264757313,34.006451231724029],[-6.8719813240684804,34.006452258109967],[-6.8719899004628529,34.006450697211825],[-6.8719991108323439,34.006448140401922],[-6.8720123799043416,34.006439629480532],[-6.8720172831925721,34.006435011958942],[-6.8720306105008069,34.006423034415533],[-6.8720361152122118,34.006420678063265],[-6.8720414345111829,34.006419778626125],[-6.8720473210418485,34.006420400314632],[-6.8720601336879099,34.006422472934538],[-6.8720621611507653,34.006425490265165],[-6.8720637931522699,34.006431629148878],[-6.8720648961965995,34.006437931174396],[-6.8720690194838472,34.006437452535955],[-6.8720757995193367,34.006434051249208],[-6.872080787873208,34.006433752744812],[-6.8720860997818791,34.006431905513637],[-6.8720871045943186,34.006427996672983],[-6.872089827548824,34.00642655323653],[-6.872095886387048,34.006427821352297],[-6.8721030225372992,34.006427606742008],[-6.8721004918362096,34.006424544818813],[-6.8720989192125144,34.006422934493834],[-6.8720970760769911,34.006418460261152],[-6.8720981533733614,34.006416976633808],[-6.8721026532409706,34.006410535731625],[-6.8721049464953232,34.006403479514439],[-6.8721097898773928,34.006398330581973],[-6.8721177990158919,34.006395247647745],[-6.8721181819360719,34.006398226577716],[-6.8721183994070589,34.006405503119787],[-6.8721232491134074,34.00640929447777],[-6.8721312246235806,34.006409468636988],[-6.8721389222598921,34.006405832899326],[-6.8721417838577867,34.006400299597622],[-6.8721399538392323,34.006393722922347],[-6.8721345751759584,34.006390094707093],[-6.8721318926779311,34.006385231703845],[-6.8721341728104122,34.006380277929281],[-6.8721370138978175,34.006375899278758],[-6.8721412700839499,34.006374380107353],[-6.8721453728580029,34.006375056117527],[-6.8721513991632852,34.006379582213917],[-6.8721580520510601,34.006382164605768],[-6.872165116277726,34.00638352191698],[-6.8721670591853359,34.006378223075131],[-6.8721671190336311,34.00637076019261],[-6.8721652753440736,34.006362289724109],[-6.8721614236219555,34.006357638872622],[-6.8721485852779507,34.006355774899951],[-6.8721427244560367,34.00635494457925],[-6.8721422422463387,34.006349748183808],[-6.8721414239120096,34.006344207610532],[-6.8721384309801072,34.006338790890865],[-6.8721313604643779,34.006336486674996],[-6.8721339179341978,34.006331347461639],[-6.8721391053919687,34.006331487636437],[-6.8721444104678309,34.006332689749144],[-6.8721485405938081,34.00633715424803],[-6.8721502776160817,34.006342460360962],[-6.8721535221669416,34.006347899376848],[-6.8721578497550269,34.006348805431095],[-6.8721592637209223,34.006343670633122],[-6.8721616499648936,34.006337884977114],[-6.8721591118729268,34.006333875262847],[-6.8721596208512459,34.006330870522227],[-6.8721624294061066,34.006329749854373],[-6.8721685880439107,34.006329238280891],[-6.8721781556122021,34.006329869024533],[-6.8721874458269676,34.006330684304551],[-6.8721848694416385,34.006324989421408],[-6.8721821533158067,34.006323383513546],[-6.8721809835408108,34.006319599428103],[-6.8721827284339394,34.006313862793355],[-6.8721864356805904,34.006309665164252],[-6.8721927718504734,34.006310747836572],[-6.8722007142549177,34.006310182836167],[-6.8722005692800572,34.006305332409234],[-6.8721957263842981,34.006298490805925],[-6.8721912664115292,34.00629462813226],[-6.8721936127470364,34.006291153568526],[-6.8722018067285422,34.006282617476273],[-6.8722009872931187,34.006277076014264],[-6.8721940896024369,34.00627142107993],[-6.8721881956890742,34.006269851606127],[-6.8721819645533575,34.006267937065367],[-6.8721815748229069,34.006268008383636],[-6.8721813705019281,34.006266622786299],[-6.8721784043731997,34.006260998319469],[-6.8721765212793997,34.006250840890672],[-6.8721746450469547,34.006245627503645],[-6.8721729074579541,34.0062363242522],[-6.8721710249324985,34.006230163961874],[-6.8721702459722467,34.006226308545251],[-6.8721747978171397,34.006223448406438],[-6.8721744816043264,34.006217950635374],[-6.8721728496142909,34.006211812654314],[-6.8721759229007109,34.006208611839263],[-6.8721840097172855,34.006208901030121],[-6.8721921900600691,34.006206464533058],[-6.872196273929883,34.006204298930292],[-6.8721991286941018,34.006201814973423],[-6.8722022802071301,34.006197990037506],[-6.872206158672352,34.006194438849775],[-6.872211240522291,34.006191413751061],[-6.8722156022422354,34.006185065557361],[-6.8722158333107259,34.006178249116438],[-6.8722189260050985,34.006173892760096],[-6.8722258772386393,34.00617113790706],[-6.8722314607264368,34.006172154564524],[-6.8722342482540562,34.00617618569769],[-6.8722400229324663,34.006180689493796],[-6.8722428845595305,34.006183149577879],[-6.8722482164305756,34.006184143938192],[-6.8722507875604641,34.006180898515879],[-6.8722486660169491,34.006176610638406],[-6.8722473250163905,34.006172180111207],[-6.8722493603994605,34.006172148981477],[-6.8722536816700028,34.006172107227542],[-6.8722633553193058,34.006171905182072],[-6.8722698170030521,34.006171000429255],[-6.8722756053243685,34.006169405530521],[-6.8723031665013501,34.006155312644339],[-6.8723094637778983,34.00615071210089],[-6.8723143665097988,34.006150090817016],[-6.8723200686999908,34.006152169395868],[-6.8723250234306237,34.006155128878085],[-6.8723307261959139,34.006161204595209],[-6.8723360706572825,34.006164092758262],[-6.8723406498558122,34.006165021102433],[-6.8723438675572464,34.006162674473217],[-6.8723474623820691,34.006158361817036],[-6.8723511302359519,34.006152479026177],[-6.8723557156761776,34.006146360884337],[-6.8723607580706005,34.006133656332516],[-6.8723653177893826,34.006127745925639],[-6.8723602175533376,34.006123932267769],[-6.8723531869651531,34.006119317872717],[-6.8723488793181851,34.006113260035029],[-6.8723567686209019,34.006109114270885],[-6.8723603766252879,34.006110693461245],[-6.8723655041696867,34.006110302219518],[-6.8723742727618262,34.006104235933961],[-6.8723810316911829,34.006097993044399],[-6.8723858761225225,34.006092844087945],[-6.8723900051103053,34.006089315203212],[-6.8723975251705793,34.006084085202417],[-6.8724046156011669,34.006081237613323],[-6.8724129209256581,34.006080809930232],[-6.8724223823417656,34.006082271634838],[-6.8724276753773825,34.006085576166377],[-6.8724340840429683,34.006089084941841],[-6.8724427990849772,34.006091427536376],[-6.872448759188539,34.006094475308601],[-6.8724547986011988,34.006096898947355],[-6.8724625749876385,34.0060966353062],[-6.8724716807945709,34.006090914079742],[-6.8724776140322765,34.006086176209855],[-6.8724818176116571,34.006077079121333],[-6.8724841244531074,34.006063924202877],[-6.8724823863333633,34.006058618106735],[-6.8724818641925074,34.006055731903565],[-6.8724792152856899,34.006047610910663],[-6.8724778149707149,34.006046647019289],[-6.8724674411707491,34.006046366684849],[-6.8724612363297419,34.006048240659716],[-6.8724639319618781,34.006051002114653],[-6.872464005037088,34.006057424467201],[-6.8724578732072663,34.006057727405476],[-6.8724540209652423,34.006057072812446],[-6.8724487017080165,34.006057973168986],[-6.8724456683505109,34.006058863799375],[-6.8724413412922694,34.006053961504961],[-6.8724339472598279,34.006053206935313],[-6.8724237583602275,34.006055466832819],[-6.8724188025491815,34.006052507367123],[-6.8724219020445494,34.006045101658863],[-6.8724274130177294,34.006043692192357],[-6.8724332612286121,34.006042628693365],[-6.8724426895421242,34.006043351241203],[-6.872447077019082,34.00604478869267],[-6.8724499180797576,34.006040410034515],[-6.8724519864810816,34.006033123765981],[-6.8724483726997887,34.006026601424928],[-6.8724422544864217,34.006020804767211],[-6.8724482938319493,34.006015235017394],[-6.8724519354355129,34.006013556208615],[-6.8724528935141436,34.006015007804471],[-6.8724554893306689,34.006019548044172],[-6.8724584302671934,34.006021383990301],[-6.8724638540481084,34.006023648916546],[-6.8724661342156539,34.006026688524258],[-6.8724690409709952,34.006027785327724],[-6.872476725433601,34.006026251110598],[-6.8724803602388462,34.006027622549517],[-6.872486874997664,34.006030298539365],[-6.8724930914142037,34.006038311771384],[-6.87250065094217,34.006042762113353],[-6.8725088307451356,34.006044321845465],[-6.8725115263110164,34.006039089910495],[-6.8725123461961406,34.006032640830306],[-6.8725130268714558,34.006026284476228],[-6.8725088710221289,34.006022027724178],[-6.8725005326044597,34.006021716258488],[-6.8724955767927245,34.00601875679579],[-6.8724979036862752,34.006016436864563],[-6.8725047287984342,34.00601167227844],[-6.8725109336358923,34.006009798301378],[-6.8725192788645977,34.006007060419613],[-6.8725187966343153,34.006001864024931],[-6.872514534675525,34.00599843915434],[-6.8725092091253082,34.005998392610195],[-6.8725040495716065,34.00599804468991],[-6.8725027878691032,34.005992990031949],[-6.872498869946897,34.005986860879872],[-6.872489368045736,34.005983712233636],[-6.8724809902359123,34.005981714708206],[-6.8724835334814873,34.005978677943325],[-6.8724885690998967,34.00597701612152],[-6.8724940994900594,34.005974452013405],[-6.8724977542009231,34.005970670759737],[-6.8725001587364094,34.005963729568862],[-6.872499803122901,34.00595654664135],[-6.8724943514604409,34.005954489477453],[-6.8724863108757859,34.005952837018221],[-6.8724845134384536,34.00595099665383],[-6.8724841431169024,34.005949912432712],[-6.8724862183918187,34.00594757020577],[-6.8724899587073311,34.0059441117223],[-6.8724924625553108,34.005939388898753],[-6.8724929199338236,34.005920811946766],[-6.8724948029252353,34.005914982593445],[-6.8724999771669637,34.005909230905878],[-6.8725088906534193,34.005900021648408],[-6.8725150686960994,34.00589835632087],[-6.8725186498925428,34.005900143254898],[-6.8725192776138515,34.005906192925238],[-6.8725219002326607,34.005910525415629],[-6.8725285342032283,34.005910267078477],[-6.8725328223612019,34.00590948615973],[-6.8725349176394843,34.005909986432499],[-6.8725358489163275,34.005911645775875],[-6.8725377251632311,34.005916859158106],[-6.8725399974364993,34.005922948124272],[-6.872541200321364,34.005927471362185],[-6.8725421715798953,34.005934813903089],[-6.8725408027690467,34.005938585430457],[-6.8725372946510896,34.005943220849829],[-6.8725393090256457,34.00594834151854],[-6.8725456719602454,34.005949215523373],[-6.8725491281565398,34.005948993628024],[-6.8725492794632581,34.005954791860219],[-6.872552504018385,34.00595738836612],[-6.8725575585579106,34.005958569054755],[-6.8725634529543491,34.005956141359498],[-6.8725657461745788,34.005949086034363],[-6.8725690693708721,34.005941909477002],[-6.8725744621418761,34.005935441828647],[-6.8725784592856627,34.005932952554247],[-6.8725828992650566,34.005933973615868],[-6.8725834676164501,34.005935496530277],[-6.8725852188477541,34.005938700181652],[-6.8725899897522664,34.005939119405397],[-6.8725919452356026,34.005935715264272],[-6.8725911000593172,34.005930381539436],[-6.8725948991137198,34.005919461083323],[-6.8725952105572636,34.005912021396703],[-6.8725976686718298,34.00590466380585],[-6.8726005833165971,34.005902711246641],[-6.8726036623788964,34.005904454475896],[-6.8726101834305782,34.00590807736279],[-6.8726114718478293,34.005904929980645],[-6.8726090010306802,34.00590239857241],[-6.8726009724734025,34.005898643689598],[-6.8725910877343201,34.005900510412992],[-6.872583734194297,34.005901441897869],[-6.8725931309126675,34.005889435626919],[-6.8725978555161493,34.005883223847718],[-6.8726023285173099,34.005876990674402],[-6.872608718172498,34.005869663538441],[-6.8726122866807717,34.005861562372047],[-6.8726160464083028,34.005856949246038],[-6.8726208110101465,34.005856421565355],[-6.872622046410541,34.005857686818494],[-6.8726209686199011,34.005863166700927],[-6.8726299294571369,34.005860587523017],[-6.8726356914587843,34.005855204105274],[-6.8726378517598148,34.005849188408142],[-6.8726334516771983,34.005845856254922],[-6.8726278220139312,34.005846203805454],[-6.8726171504133111,34.005847264476266],[-6.8726091098362438,34.005845612024878],[-6.8726073649041997,34.005843355277008],[-6.8726097243028503,34.005837777359417],[-6.8726173824546759,34.005832454631467],[-6.8726237521900373,34.005830279285313],[-6.8726313573404854,34.005829370093672],[-6.8726351701595725,34.005828337721141],[-6.8726390627798724,34.005822684063077],[-6.8726410718467292,34.005818863523089],[-6.8726457365561524,34.005812121236531],[-6.8726504275577014,34.005809167452036],[-6.87265523204921,34.005806328676464],[-6.872658899359001,34.005804442126163],[-6.8726686132843557,34.005789939315662],[-6.8726677082178718,34.005784075085714],[-6.8726629110280228,34.005779867362669],[-6.8726635192720718,34.005779079183242],[-6.8726666045481677,34.005773775924624],[-6.8726685474116511,34.005768477073744],[-6.8726651847336848,34.005765973284213],[-6.8726590728230255,34.005761123539862],[-6.8726583594719575,34.005754750198214],[-6.8726605470634903,34.005744529600214],[-6.8726633892016036,34.005740151825655],[-6.8726674000297701,34.005739557243849],[-6.8726735712360201,34.00574094035381],[-6.8726780569207238,34.005744595275651],[-6.8726842355246038,34.005746926177387],[-6.8726920249841941,34.005744560078149],[-6.8726958382902632,34.005739530551537],[-6.8726922176969083,34.005736057563972],[-6.8726857748787511,34.005731810560505],[-6.872680013887889,34.005729200578152],[-6.872673347338627,34.005724723517645],[-6.8726692834158802,34.005721737345397],[-6.8726743578404292,34.005717765336826],[-6.8726796844714659,34.005717812762917],[-6.8726861393109386,34.005719957335671],[-6.8726853130435623,34.005717465222773],[-6.8726831799592878,34.005711282630791],[-6.8726820957918306,34.005707822220742],[-6.8726848517157366,34.005699123634514],[-6.8726856184887524,34.005689093798154],[-6.8726863595428007,34.00567927169714],[-6.8726896833251159,34.005676093177073],[-6.8726942688009105,34.005677968411831],[-6.8726991248063198,34.005682707553632],[-6.872702025830038,34.005686853686221],[-6.8727026792814092,34.005692695620731],[-6.8727015883928155,34.005700277947966],[-6.8727046548361423,34.005700126466543],[-6.8727085994756392,34.005698054474713],[-6.8727141960281086,34.005696967765303],[-6.8727180813417634,34.005698360603951],[-6.8727211010022637,34.005695576172926],[-6.8727147710837304,34.005687447040408],[-6.8727093136396986,34.005680446731716],[-6.8727094853576034,34.005677096021046],[-6.8727064131067861,34.005672303447035],[-6.8727024300657105,34.005664695977444],[-6.8726999124707531,34.005659531621582],[-6.8727058724681136,34.005654585991948],[-6.8727102341250701,34.00564823777971],[-6.8727095333699006,34.005643758244844],[-6.872712560410819,34.005641920704576],[-6.8727182162849747,34.00563736916417],[-6.8727222864179307,34.005633308848125],[-6.8727290663650429,34.005629907525019],[-6.8727358059165704,34.005632813545851],[-6.872736320665739,34.005634751956102],[-6.8727348074421393,34.005637669296298],[-6.8727427623963635,34.005638998969836],[-6.8727504605173904,34.005639359431449],[-6.8727598231815543,34.005642600784697],[-6.8727669330587915,34.005646591024345],[-6.8727710558014641,34.00565010861321],[-6.872772971961405,34.005653011800462],[-6.8727786069365404,34.005661605451309],[-6.872779227794239,34.005662711979667],[-6.8727831004918718,34.005662210107864],[-6.8727870383250567,34.005663187460797],[-6.8727914845933791,34.005665155418448],[-6.8727934075568298,34.005665009258166],[-6.8727920471333235,34.005661734276444],[-6.8727900584691373,34.005656405875811],[-6.8727893845111341,34.005651718593221],[-6.8727937057708228,34.005651677722355],[-6.8727969565273028,34.005650069334521],[-6.8728012976917059,34.005644876672356],[-6.8728065649017323,34.005640395533746],[-6.8728067623343803,34.005636837087444],[-6.8728035320488576,34.005637289020569],[-6.8727950943623366,34.005634760108862],[-6.8727949220519573,34.005634113680088],[-6.8728005059984465,34.005631133160144],[-6.8728074634705676,34.005629325177594],[-6.8728099552726629,34.005626704778294],[-6.8728038365769537,34.005624905289693],[-6.8727952470668532,34.005620574395977],[-6.8727966940848706,34.005616178744653],[-6.8728002095740646,34.00561249110978],[-6.8728048412529956,34.005613003051842],[-6.8728092812187853,34.005614024105569],[-6.8728142233190344,34.005615088860537],[-6.8728203756171578,34.005613631253219],[-6.8728299361978999,34.00560931700258],[-6.8728338876160784,34.005604194757787],[-6.872829692950825,34.005602248195039],[-6.8728237591834427,34.005602989844576],[-6.8728172439451622,34.005604310122436],[-6.8728048485414979,34.005605956552259],[-6.8728008571233765,34.005605395597911],[-6.87280474233979,34.005598795043603],[-6.8728071280340366,34.005597006526038],[-6.8728127382777444,34.005597814507965],[-6.8728118852219069,34.005595531045643],[-6.8728110600349162,34.005593038920743],[-6.8728071290065662,34.005589012221307],[-6.8728019883924363,34.005591505925082],[-6.8727980962798076,34.005593162436305],[-6.8727951558527369,34.005587330247195],[-6.8727889851425976,34.005581949990763],[-6.8727798204973762,34.005579146431216],[-6.8727717594407718,34.005578648641666],[-6.8727652316035934,34.005578075110051],[-6.8727665268137699,34.005571878378639],[-6.8727631436391476,34.005570529243137],[-6.8727591722206247,34.00557280988663],[-6.8727516527152082,34.005574042757743],[-6.8727451122790182,34.005571575418323],[-6.8727498032642877,34.005568621629877],[-6.8727562790844239,34.005565614395103],[-6.8727653643150601,34.005561047797762],[-6.8727710532825768,34.005557235410102],[-6.8727724083794168,34.005551569183893],[-6.8727721241651114,34.005546811482667],[-6.8727755740294727,34.005545641775939],[-6.8727793857517527,34.005544609411629],[-6.8727824783954121,34.00554025304033],[-6.8727829484333141,34.005531565085199],[-6.872784256837158,34.005531259300021],[-6.8727852075179188,34.005531763101253],[-6.872786654627915,34.005535360840312],[-6.8727889805111957,34.005541034306468],[-6.8727906188477537,34.005548120086182],[-6.8727928317437472,34.005549682292511],[-6.8727995523748131,34.005549746698151],[-6.8728046593985361,34.005550510991661],[-6.8728100905269898,34.005553721892298],[-6.87281379043851,34.005556571644902],[-6.8728200677409834,34.005557122866037],[-6.8728247787226904,34.005557010673904],[-6.8728340693612573,34.00555382965544],[-6.8728407358076851,34.005550313317265],[-6.8728461348349397,34.005544792559633],[-6.8728482489102189,34.005540140146898],[-6.8728516456705862,34.005535389683736],[-6.8728564359564333,34.005534653356847],[-6.8728601027512433,34.005536763051197],[-6.8728642585946513,34.005541019792403],[-6.8728668555165182,34.005545560913312],[-6.8728699608586474,34.005551091737132],[-6.8728734695425082,34.005550453447491],[-6.8728739784762585,34.00554744780132],[-6.8728731527036881,34.005540959438768],[-6.8728701728700994,34.005533441192711],[-6.872863162787425,34.005527671271977],[-6.8728553601514077,34.005524146435505],[-6.8728495586834892,34.005519850414878],[-6.8728477349307706,34.005514220651136],[-6.872850332221204,34.005506770327735],[-6.8728571378718462,34.005503161262034],[-6.8728605341464331,34.005502407951091],[-6.8728681660515454,34.005501290095069],[-6.8728757774718146,34.005501327791869],[-6.872881612524818,34.005502365813996],[-6.8728897591814677,34.005503186366361],[-6.8728962345097599,34.005504176276851],[-6.8729033306810798,34.005506271813132],[-6.8729073872175626,34.005508311087333],[-6.8729123955181439,34.00551085414893],[-6.8729167241551083,34.005511760164509],[-6.8729190231401267,34.005509647985932],[-6.8729178339426342,34.005507019446753],[-6.8729153095413205,34.00550490444229],[-6.8729102424201578,34.005501829961084],[-6.8729107308682513,34.005499979868084],[-6.8729126144084329,34.005498146745637],[-6.8729162548986373,34.005496467935792],[-6.8729191821411941,34.005496410077363],[-6.8729229755256798,34.005496532334817],[-6.8729249636078,34.005497864495631],[-6.8729267941477001,34.005500444009172],[-6.8729274749097211,34.00550208194386],[-6.8729297471994535,34.005508170903894],[-6.8729317946897073,34.005514030722395],[-6.8729332019205076,34.005519939553714],[-6.8729370478099385,34.005519645425359],[-6.8729401992657539,34.005515820469824],[-6.8729434511125289,34.005514212967107],[-6.8729472434150995,34.005514335236541],[-6.8729498072376956,34.005518137200617],[-6.8729513262742294,34.005520163913573],[-6.8729499853559544,34.00552372678338],[-6.8729491849243383,34.005529021228753],[-6.8729519997451032,34.005528847446271],[-6.8729604715026822,34.005524122099494],[-6.8729609210239841,34.00551658879526],[-6.8729533756997414,34.005510036023466],[-6.8729496158971841,34.005506655769608],[-6.8729530315719991,34.005504746915527],[-6.8729583969917822,34.005502483248613],[-6.8729654805601825,34.00550268497458],[-6.8729727752412364,34.005501222047457],[-6.8729784384776185,34.005497617385778],[-6.8729821718626738,34.005489215745541],[-6.8729793102376089,34.005486755677708],[-6.8729708132453355,34.00548769160882],[-6.8729628578223272,34.005490359102147],[-6.872954479554366,34.005492357858863],[-6.872947455890615,34.00549268753921],[-6.8729414633107,34.005492897774602],[-6.8729330188365196,34.005493418219451],[-6.8729311546980565,34.005494095801581],[-6.8729273292783359,34.005493233474766],[-6.8729231472350651,34.005493181623628],[-6.8729172470596129,34.005490665280249],[-6.8729155089248932,34.005485359188967],[-6.8729164280825179,34.005481127570398],[-6.8729202408830217,34.005480095189078],[-6.8729211516633759,34.005482909181474],[-6.8729222946736428,34.005486901911148],[-6.8729256909317478,34.005486147696701],[-6.8729329068031237,34.005481312654702],[-6.8729413779544331,34.005472590169298],[-6.8729449664192304,34.005467330591436],[-6.8729494987980262,34.005465625964291],[-6.8729524528250572,34.005465359455151],[-6.8729560207900313,34.005461254528626],[-6.8729571242727241,34.005455566907003],[-6.8729522083775176,34.005450297269483],[-6.8729438704931267,34.005445988680599],[-6.8729360599809679,34.005445513209239],[-6.8729346664527862,34.005441499073605],[-6.8729397503644298,34.005441730620213],[-6.8729412033687352,34.005440372439487],[-6.8729431028724477,34.005438522894956],[-6.8729451426519654,34.005436579709333],[-6.8729476021605453,34.005434354711575],[-6.8729496686947504,34.005432201072516],[-6.872950974983433,34.005429981513984],[-6.8729516088292204,34.005428020583672],[-6.8729522694451433,34.00542585010178],[-6.8729529300611123,34.005423679619845],[-6.8729537566250478,34.005421205056194],[-6.8729543572454777,34.005418497757063],[-6.872955158137021,34.005416233634051],[-6.8729564258280185,34.005412311773384],[-6.8729586380093908,34.005411020426358],[-6.8729608031203746,34.005411105004669],[-6.8729646868278014,34.005411764623418],[-6.8729690770147274,34.005412468793637],[-6.8729719691611049,34.005411873824059],[-6.8729746813667703,34.005409671107884],[-6.8729759341292374,34.005407871554027],[-6.8729768217553273,34.005405932893019],[-6.8729774823705316,34.005403762410936],[-6.8729777103312619,34.005399960998474],[-6.8729795498530697,34.005397575537877],[-6.8729824087888591,34.005396235100861],[-6.8729848598078949,34.005397087428079],[-6.8729875110830525,34.005398382029654],[-6.8729904953365946,34.005399068455041],[-6.8729942869358105,34.005398446677439],[-6.8729962453352611,34.005397133060342],[-6.8729987048414127,34.005394908061476],[-6.8729997852001299,34.005392456668638],[-6.8729996866215446,34.00539021845109],[-6.8729985354339771,34.005386190644622],[-6.8730004949158126,34.005384877014691],[-6.8730031129651925,34.005385425247091],[-6.8730068499560852,34.005385223486861],[-6.8730095364877908,34.005383231210544],[-6.8730108095485836,34.005380265282454],[-6.8730113041997454,34.005378397980245],[-6.8730101326970763,34.005375535645967],[-6.8730065348996057,34.005375643777924],[-6.8730033300759095,34.005375680550713],[-6.8730010247054825,34.005375690515912],[-6.8729982663807618,34.005375235924589],[-6.87299853402126,34.005373136801389],[-6.8729994740888669,34.00537077814792],[-6.873001400360006,34.005368719050828],[-6.8730031274425745,34.005366216764919],[-6.8730052475141381,34.005363644021656],[-6.8730064735052165,34.005362054019066],[-6.8730078932815584,34.005359949468705],[-6.8730091738802264,34.005357939448423],[-6.8730105401466783,34.005356255804699],[-6.8730116804697117,34.005354339425516],[-6.8730134000287775,34.005350882133364],[-6.8730144000761655,34.005349059395307],[-6.8730156539044591,34.005347258926562],[-6.8730169601901787,34.00534503936727],[-6.8730186540614371,34.005341791613951],[-6.873020406845586,34.00533908069054],[-6.8730215203981286,34.005337373862929],[-6.8730226339658289,34.005335667936961],[-6.87302360725801,34.005334055652185],[-6.8730251073283863,34.005331321544922],[-6.8730266074140314,34.005328588339317],[-6.8730281942349043,34.005326180595887],[-6.8730303058036348,34.005326684276369],[-6.8730314931950822,34.005323391971473],[-6.8730326003067157,34.005320730124929],[-6.8730346336256787,34.005317831017265],[-6.8730363660945688,34.005316285565748],[-6.8730377055898382,34.005314811473355],[-6.8730417712648126,34.005313045589801],[-6.8730426825463029,34.005314930635727],[-6.8730445007882981,34.005317742978235],[-6.8730454388246782,34.005319417570774],[-6.8730471371208406,34.005321158983975],[-6.8730495356964507,34.005322431302254],[-6.8730520670088504,34.005322654071477],[-6.8730535467640888,34.005321085436037],[-6.873055413052267,34.005318490422596],[-6.8730565266037775,34.005316783594637],[-6.8730574998951184,34.005315171309533],[-6.8730596199638265,34.00531259856529],[-6.8730617989151739,34.005310560847541],[-6.8730645111306039,34.005308359031034],[-6.8730670573679449,34.0053064594929],[-6.8730695757677331,34.005304770420764],[-6.8730719217640193,34.005302429509996],[-6.8730731756056507,34.005300629942347],[-6.8730744283493035,34.005298829485746],[-6.8730755419155534,34.005297123559323],[-6.8730765033766206,34.005293599420284],[-6.8730776896831438,34.005290307127673],[-6.8730788032491388,34.005288601201187],[-6.8730800570752253,34.005286800731753],[-6.8730815100746661,34.005285442549351],[-6.8730845884770293,34.005283378023044],[-6.8730873339019114,34.005281921673202],[-6.87308979985887,34.005280652592987],[-6.873092125540281,34.005279477153927],[-6.8730950636821619,34.005277507170348],[-6.8730968839674258,34.005276287167355],[-6.8730987031699184,34.005275067177081],[-6.8731023415900303,34.005272628098162],[-6.8731041607923675,34.005271408107795],[-6.8731062594624985,34.005270000847631],[-6.8731080797474498,34.00526878084451],[-6.8731117781328033,34.005266876779025],[-6.8731153159446485,34.005266232728665],[-6.8731156950613315,34.005268282762003],[-6.873114467990848,34.005269872778385],[-6.873112988222295,34.005271440512871],[-6.8731105554923753,34.005273455962417],[-6.873107983569855,34.005275565040371],[-6.8731061643521985,34.005276784129073],[-6.8731042916252401,34.005278424124519],[-6.873102558075586,34.005279969589701],[-6.8731001585563352,34.005282730506167],[-6.8730984914438347,34.005285767807266],[-6.8730974978554187,34.005288546466559],[-6.8730968704551296,34.005291462416537],[-6.8730965825190022,34.005294727913885],[-6.8730973878044814,34.005297451153368],[-6.8730999855537052,34.00529916575762],[-6.873103083325506,34.005299968992482],[-6.8731052484185806,34.005300052666612],[-6.8731075538023534,34.005300043601167],[-6.8731114042794736,34.005299956846535],[-6.873113709663162,34.005299947781005],[-6.8731165482803966,34.005299772813082],[-6.8731192466222204,34.005299691486321],[-6.8731214384851773,34.005299565608546],[-6.8731241368270757,34.005299484281693],[-6.873126974361548,34.005299309326304],[-6.873130092446619,34.005298947088249],[-6.873133377561607,34.00529828075549],[-6.8731366626611798,34.005297613520916],[-6.8731391875162977,34.005296880367908],[-6.8731419061709476,34.005295633568537],[-6.8731439191880508,34.005293900832946],[-6.8731450862618564,34.005291773999168],[-6.8731441471412138,34.005290099420051],[-6.8731425623644515,34.005288474820254],[-6.8731401905582432,34.005286992952087],[-6.8731380254501762,34.005286908376803],[-6.8731353271086846,34.00528698970394],[-6.8731322625636739,34.005286932838771],[-6.8731294517841857,34.005286897340959],[-6.8731266399372553,34.005286862757487],[-6.873124055101262,34.005287059994792],[-6.8731216094578267,34.005287163603477],[-6.8731189710974219,34.005287780845713],[-6.8731163327216116,34.005288397186199],[-6.873111982207492,34.00528939440872],[-6.8731097838882391,34.005288564365813],[-6.8731097110094792,34.005286117511027],[-6.8731114434764065,34.005284572058507],[-6.8731134029541634,34.005283258426758],[-6.8731165413367021,34.005281729815195],[-6.873119846764288,34.005279898010585],[-6.8731226135690964,34.005277275273301],[-6.8731242528280045,34.005274447536273],[-6.8731251072381481,34.005271763406967],[-6.8731265537799944,34.005269449303491],[-6.8731281941212696,34.00526662155368],[-6.8731304598360676,34.005264911100177],[-6.8731329257918343,34.005263642019116],[-6.8731354506459983,34.005262908866129],[-6.8731384016846695,34.005262849820895],[-6.8731412467422377,34.005263629871216],[-6.8731427780095444,34.005265675377785],[-6.8731429900818171,34.005268028604007],[-6.873143121875307,34.005271012288659],[-6.8731437547581411,34.005273083689339],[-6.873144666041342,34.005274968734561],[-6.873146957553244,34.005277080159367],[-6.8731487767550501,34.005275860168375],[-6.8731507094776125,34.005274756989422],[-6.8731543607950218,34.005274228848322],[-6.8731549058596775,34.005275974799574],[-6.8731556779353493,34.00527795257161],[-6.8731573826900485,34.005280649903817],[-6.8731594471913127,34.005282529507639],[-6.8731616187411113,34.005283569101323],[-6.8731643041834856,34.005281576834328],[-6.8731671031312089,34.005279700477637],[-6.8731703550181509,34.005278287775027],[-6.8731732739284297,34.005277483249095],[-6.8731756520501772,34.005275887816147],[-6.8731773256169877,34.005273806434509],[-6.8731772205920514,34.005270613198206],[-6.8731770674174983,34.005268795900236],[-6.8731765426496185,34.005265883575142],[-6.8731743175759732,34.005265263986779],[-6.8731745584422246,34.005263374414767],[-6.873174965270592,34.005261181662519],[-6.873174980208546,34.005259060257082],[-6.873174347309785,34.005256987954844],[-6.8731724562956709,34.005255760177057],[-6.8731695052571844,34.005255819223166],[-6.8731666934112452,34.005255784640568],[-6.8731641824130438,34.00525439640144],[-6.873164816252662,34.005252435469899],[-6.87316550253367,34.005250054546089],[-6.8731664169236728,34.005247906331938],[-6.8731672702495281,34.005245222215052],[-6.873168017594514,34.005243377193899],[-6.873168678203629,34.005241206710707],[-6.8731697520831618,34.005237798494015],[-6.8731701589116128,34.005235605741717],[-6.8731688814401277,34.005233583406174],[-6.8731664228839398,34.0052317751747],[-6.873163518913362,34.005230458295081],[-6.8731623806345388,34.005228342330931],[-6.8731629009532424,34.0052262645873],[-6.8731637286073326,34.00522379091111],[-6.8731637627600906,34.005220503144479],[-6.8731629842276289,34.005217569451922],[-6.873160539668917,34.005217673048655],[-6.8731580672577959,34.005217986209736],[-6.8731555359480936,34.00521776344263],[-6.8731532841060554,34.00521735340557],[-6.8731503801514418,34.005216037427303],[-6.8731518599030919,34.005214468790641],[-6.8731533664243809,34.005212690602235],[-6.8731548665039446,34.005209957395003],[-6.8731539476967498,34.00520711734368],[-6.8731521701893659,34.005206005475948],[-6.8731489589150261,34.005205086331934],[-6.873147653592059,34.005203273560554],[-6.8731476417760913,34.005201362608503],[-6.8731481353405703,34.005199495318344],[-6.8731491021719364,34.005196927111911],[-6.8731505219574105,34.005194823461501],[-6.8731529279296408,34.005193018464539],[-6.8731553200462328,34.005193334860294],[-6.8731563448189936,34.005195334914191],[-6.873158103096241,34.005197612241361],[-6.8731606205497924,34.005199956401228],[-6.873163404541538,34.005200200548337],[-6.8731661564197033,34.005199700117224],[-6.8731685956033655,34.005198640587139],[-6.8731693954045792,34.005196376475268],[-6.8731703033367237,34.005193272340499],[-6.8731709104060341,34.005191520960643],[-6.8731704113258294,34.005188399096482],[-6.8731692998018321,34.00518607267896],[-6.8731692879854709,34.005184161726817],[-6.8731694688702598,34.005181736239336],[-6.8731695962309578,34.005179730756915],[-6.8731681774025182,34.005177802075409],[-6.8731663131598628,34.005176364745765],[-6.8731639145866552,34.005175092429653],[-6.873162129555257,34.005173025555933],[-6.8731605982891271,34.005170980049513],[-6.8731626980386391,34.005169572775614],[-6.8731655837184675,34.005168021880927],[-6.8731685550665231,34.005166797362683],[-6.8731703936373005,34.005168445132959],[-6.8731718649069755,34.00516995382214],[-6.87317436408639,34.005169431109032],[-6.8731767154354575,34.005168045227677],[-6.8731784489815606,34.005166499761444],[-6.8731805744176455,34.005164882948293],[-6.8731824803523658,34.005163988418779],[-6.8731859978472718,34.005164509838629],[-6.8731873031705364,34.005166322609597],[-6.8731893344579422,34.005167456745873],[-6.8731919460598956,34.005167049955531],[-6.8731933990555847,34.005165691771708],[-6.8731958050262003,34.005163886773957],[-6.8731981639149984,34.005163456800034],[-6.8732002487264809,34.005164170931039],[-6.873203167632651,34.005163366404332],[-6.8732051806301859,34.005161632766033],[-6.8732072193145441,34.005159689588666],[-6.8732099315063779,34.005157486867155],[-6.8732127315317619,34.005155610496644],[-6.8732153901994035,34.005153827780148],[-6.8732176955639996,34.005153817810978],[-6.873220713038303,34.005155250599728],[-6.8732229113551622,34.005156080640724],[-6.8732251685710954,34.005157446609793],[-6.8732278862665925,34.005160232140661],[-6.8732310632452451,34.005160405828249],[-6.8732316114141891,34.005158118519908],[-6.8732308393378547,34.005156140748284],[-6.8732306861624624,34.005154323450256],[-6.8732314270474584,34.005151522508086],[-6.8732345718810626,34.005150949814023],[-6.8732372129240993,34.005150810535952],[-6.8732401960884717,34.005151496968168],[-6.8732431669507674,34.00515228816338],[-6.8732461645826417,34.005152869806871],[-6.8732482456239614,34.005153105983162],[-6.8732506703531238,34.00515215214174],[-6.8732509674593985,34.005150322334408],[-6.8732510814639838,34.005148423431152],[-6.8732515579013489,34.005146184765891],[-6.8732511750574545,34.005143659484077],[-6.873251036349135,34.005141737397487],[-6.8732531537738941,34.005141181292274],[-6.8732567076521152,34.005140910428587],[-6.8732596816856084,34.005140163874856],[-6.8732615704943401,34.005138897969474],[-6.8732636531168856,34.005137119319251],[-6.8732661169170033,34.005135851162642],[-6.8732690117399216,34.005135734152773],[-6.873272411958177,34.005135661705964],[-6.8732755594788308,34.005135566977508],[-6.8732780870158212,34.00513531178828],[-6.8732806547070346,34.005134742271508],[-6.8732833358883694,34.005134287763177],[-6.8732859731755136,34.005133671431871],[-6.8732902064190675,34.005132081240788],[-6.873292865099689,34.005130299424302],[-6.8732950269315118,34.005127891229399],[-6.8732958802827877,34.005125208914947],[-6.8732961976987639,34.005122213635254],[-6.8732950717354795,34.005119993810759],[-6.8732919723936226,34.005118714404681],[-6.873289554591973,34.005118607550479],[-6.8732864632833772,34.005118760240826],[-6.8732840117861134,34.005119923634695],[-6.8732814237844169,34.005121658623864],[-6.8732784604485557,34.005121822435633],[-6.8732770587891974,34.005120267835103],[-6.8732748374737263,34.005120125300692],[-6.8732723286821233,34.005121230745587],[-6.8732699478633954,34.00512234731206],[-6.873266989887818,34.005123466155183],[-6.8732638461227751,34.005124037935651],[-6.8732611386711042,34.005122687181675],[-6.8732606166195955,34.005120254626874],[-6.87325944783057,34.00511787206468],[-6.8732573099950347,34.005115563126203],[-6.8732553226325397,34.005114592617332],[-6.8732528448645214,34.005113950748715],[-6.8732503403271128,34.005113518431813],[-6.8732476125493012,34.005113332248129],[-6.8732451117823032,34.005113377885003],[-6.8732409550617151,34.005113860563824],[-6.8732386706083259,34.005114720763693],[-6.8732366292227596,34.005116185073234],[-6.8732347297170531,34.005118033720706],[-6.873232987610594,34.005120160101413],[-6.8732310758025843,34.00512211351198],[-6.8732288941418016,34.005123671462769],[-6.8732265989908781,34.005125114404954],[-6.8732234081442112,34.005127061208341],[-6.8732206964230507,34.005127247313176],[-6.8732186260797192,34.005126428393901],[-6.8732196652223685,34.005124293142622],[-6.8732210250386885,34.00512165447757],[-6.8732213917415006,34.005119777856038],[-6.8732214350678742,34.005117925779814],[-6.8732213525868451,34.005116062556432],[-6.8732212834906097,34.005114094557193],[-6.8732211571002724,34.005112068609122],[-6.8732212405657283,34.005109901303683],[-6.8732216645625064,34.005108082630855],[-6.8732229376426819,34.005105118503764],[-6.8732256086412047,34.00510323282731],[-6.8732278101134812,34.005102524217861],[-6.8732304779246052,34.005102175388195],[-6.8732338915263513,34.005101998166616],[-6.8732375455236818,34.005101947989672],[-6.8732410849327854,34.005101781915052],[-6.873244402168984,34.005101861059188],[-6.8732473130479264,34.005102116338925],[-6.8732503561924219,34.005103338686325],[-6.8732523709076858,34.005106114444409],[-6.8732543379280822,34.005108248622193],[-6.8732562460800324,34.005109848675225],[-6.8732591532041196,34.005109626902438],[-6.8732608829924224,34.005107604382758],[-6.8732623150910337,34.005105396869567],[-6.8732635678585252,34.005103598214347],[-6.8732647071052284,34.005101682747132],[-6.8732647611429361,34.005099248830049],[-6.8732640789889627,34.005096059673662],[-6.8732631441527792,34.005092849137384],[-6.8732633052376677,34.005089575210008],[-6.8732650847938492,34.005086655632944],[-6.8732672267976564,34.00508339719547],[-6.8732700075294808,34.005081149474393],[-6.8732734548261609,34.005079702003549],[-6.873276995317009,34.005079535915151],[-6.8732811450942455,34.005080113029884],[-6.8732849211273193,34.005079596044794],[-6.8732869073825258,34.005078073760181],[-6.8732877205795369,34.005075705773386],[-6.873288213088145,34.005073840298707],[-6.8732892399112711,34.005071808908198],[-6.873290828355926,34.005069880943978],[-6.8732943265025099,34.005067536402471],[-6.8732972443371301,34.005066732787967],[-6.8733002210404743,34.005066463298149],[-6.8733040206716662,34.005067274509422],[-6.8733061493910848,34.005068151363346],[-6.8733082502432667,34.005069236879955],[-6.8733101546247122,34.005070358978259],[-6.8733119064294304,34.005071679481119],[-6.8733145095063328,34.005074347309268],[-6.8733155888873867,34.005075927344087],[-6.8733170039314686,34.005077377168355],[-6.8733184350482288,34.005079200183395],[-6.873319979655264,34.005081138206961],[-6.873321731460349,34.005082458709744],[-6.8733236626115,34.005083371256106],[-6.8733272898386018,34.005083530628276],[-6.8733303136373012,34.005081887015393],[-6.873333231954045,34.005079067684775],[-6.8733341522268168,34.005075861490674],[-6.8733331172521188,34.005072429367054],[-6.8733338570962532,34.005069631142057],[-6.8733360226810092,34.005067699998619],[-6.8733392065820915,34.005066812987017],[-6.8733412677931049,34.005066198918762],[-6.8733437953279646,34.005065943728276],[-6.8733462264975582,34.005065944903833],[-6.8733486282249716,34.005065678566105],[-6.8733504768922806,34.00506472788868],[-6.873353185337054,34.005062049013539],[-6.8733544717966089,34.005058980109148],[-6.8733540691216444,34.005055604584541],[-6.8733525046704953,34.005052815416676],[-6.8733506366718125,34.00505090103745],[-6.8733484223140486,34.005049699611334],[-6.8733461876157165,34.005049661854031],[-6.8733434796681401,34.005050325915491],[-6.8733415051936575,34.005051265445751],[-6.8733395467920113,34.005052578166698],[-6.8733374481155414,34.005053984529162],[-6.8733348601168753,34.005055719519525],[-6.8733312056243152,34.005057784512893],[-6.8733278814487795,34.005058765165806],[-6.8733255236308999,34.005059194227741],[-6.8733231326154653,34.005058878724171],[-6.8733207522812831,34.005057979576335],[-6.8733188709138142,34.005056170874255],[-6.8733174520993652,34.005054243096062],[-6.8733162645642238,34.005051010278613],[-6.8733156316941812,34.005048939780366],[-6.8733143702947457,34.005047290636952],[-6.8733159025270725,34.00504530471094],[-6.8733179878189388,34.005044003124688],[-6.873321038385753,34.005042149960289],[-6.8733230315651808,34.00503956697866],[-6.8733234774753642,34.005037060812541],[-6.8733224661005643,34.00503495688578],[-6.8733203416500501,34.005032543172398],[-6.8733192997505785,34.005030171745084],[-6.8733196209361749,34.005027654419152],[-6.8733186850159544,34.00502444389592],[-6.8733180837534809,34.005022640885414],[-6.8733173411337392,34.005020931529153],[-6.8733158393545608,34.005019156242845],[-6.873313301606772,34.005017978459968],[-6.8733097118483562,34.005017026793141],[-6.8733077673294449,34.00501621992413],[-6.8733051374851453,34.005013761647476],[-6.8733042588443354,34.005010608171176],[-6.87330430216889,34.005008756094888],[-6.8733044857681662,34.005006810377076],[-6.8733049996846276,34.005003780318951],[-6.8733070287644527,34.005002420771369],[-6.8733091124749635,34.005003134011638],[-6.8733108214516836,34.005004291777219],[-6.8733132322936985,34.005005457524014],[-6.8733160923343828,34.005006610774018],[-6.8733187103744378,34.005007158999874],[-6.8733210012676809,34.005007253817432],[-6.8733231797383221,34.005007232711954],[-6.8733265028293005,34.005006252071894],[-6.8733288515292053,34.005004390926075],[-6.8733297182475788,34.005001602933667],[-6.8733290227226336,34.004998519455121],[-6.8733276413900182,34.00499580028437],[-6.8733258108588764,34.004993093610501],[-6.8733246752825767,34.004991456515967],[-6.8733235530757613,34.004989713743889],[-6.8733225015475696,34.004987924144679],[-6.8733218563759095,34.004985958409534],[-6.8733218172170183,34.004982243109779],[-6.8733232000417193,34.004978917839566],[-6.8733243259161974,34.004977108049239],[-6.8733255519112735,34.004975518945081],[-6.8733284595127762,34.00497328145525],[-6.8733318570517934,34.004972731941876],[-6.8733336811237189,34.004974482695047],[-6.8733338701867481,34.004977522525223],[-6.8733339403681439,34.004979490511751],[-6.8733339960822732,34.004981563286954],[-6.8733340517963244,34.004983636062128],[-6.8733341782043933,34.004985662911821],[-6.8733346574152021,34.004987931827429],[-6.8733357260837735,34.004990093702915],[-6.8733389625262662,34.004992817215182],[-6.8733421689411598,34.004993258413172],[-6.8733452270321322,34.004992360254349],[-6.8733477952002415,34.004989775020725],[-6.8733497273279998,34.004986657037655],[-6.8733505309087697,34.004984871780096],[-6.8733511503055382,34.004983017439415],[-6.873352180311092,34.004979449201372],[-6.8733531835474242,34.004976090515029],[-6.8733533981670565,34.004972397483954],[-6.8733539709659439,34.004969902452032],[-6.8733556434552403,34.004967821982191],[-6.8733577978440232,34.004968488394518],[-6.873359386374676,34.004970590044017],[-6.873360594235538,34.004972658290505],[-6.8733613700536207,34.004975112211994],[-6.8733622020983463,34.004977624996677],[-6.8733631411586673,34.004979295967495],[-6.8733643928527437,34.004981522430029],[-6.8733675472887992,34.004982858005214],[-6.8733700228732042,34.004983498995337],[-6.8733726580050867,34.004982883589328],[-6.8733744397298988,34.00498092268721],[-6.873375995541835,34.004978730853658],[-6.8733767664928243,34.004976681727712],[-6.8733764591914355,34.004973055259875],[-6.8733764977523482,34.004970730652538],[-6.8733758049907827,34.00496812964932],[-6.8733745521986007,34.004965902297926],[-6.8733729685825953,34.004964282196681],[-6.8733713838685615,34.004962661206427],[-6.8733697991546681,34.004961040216109],[-6.8733682144408332,34.004959419225798],[-6.8733661778862647,34.004957335470884],[-6.8733639143210095,34.004955019895526],[-6.8733615983003737,34.0049531234109],[-6.8733600135867565,34.004951502420475],[-6.8733598786758066,34.00494852688918],[-6.8733619409492528,34.00494637870414],[-6.8733641756121937,34.004944881455742],[-6.8733661308089076,34.004943571477604],[-6.8733673546831664,34.004941985103521],[-6.8733686310282884,34.004939980540378],[-6.8733696814453955,34.004937744144108],[-6.8733707318624493,34.004935507747803],[-6.8733716088222225,34.004932621329331],[-6.8733721538449624,34.004930340370265],[-6.8733721388524538,34.0049284339647],[-6.8733704342202868,34.004925743848659],[-6.8733687970515582,34.004924541949109],[-6.8733648577571929,34.004923349081565],[-6.8733613703188032,34.004922619880162],[-6.8733580948988759,34.004920216093545],[-6.8733551524837724,34.00491720593299],[-6.8733551921127427,34.004914880411157],[-6.8733566419147403,34.004913525870336],[-6.8733586506490658,34.004911796788804],[-6.8733617237098228,34.004909737729335],[-6.8733642378380271,34.004908053210492],[-6.8733662465721599,34.004906324128868],[-6.8733675764550233,34.004903900462189],[-6.8733684534146633,34.004901014043668],[-6.8733694363832685,34.004897290332529],[-6.8733709247305725,34.004893610282458],[-6.8733712288327631,34.004889191084615],[-6.8733713059395871,34.004884540968106],[-6.8733702662495153,34.004880639018701],[-6.8733688410997296,34.004877762533908],[-6.8733668034643429,34.004875678791691],[-6.8733648193672874,34.004873175945882],[-6.8733628888086677,34.004870253996579],[-6.8733611841932154,34.00486756478206],[-6.8733589741687693,34.004864830103038],[-6.8733572695535434,34.004862140888484],[-6.8733556698496097,34.004858613492345],[-6.8733538988543872,34.004854436048468],[-6.8733522327705394,34.004849420422957],[-6.8733495548319938,34.004844316586201],[-6.8733472773609732,34.004840094592112],[-6.8733464111445581,34.004836843566338],[-6.8733470610938818,34.004833725327437],[-6.8733477121257955,34.004830607075803],[-6.8733493739449267,34.004827577949854],[-6.8733513687680938,34.004823942450045],[-6.8733541484506704,34.004820164242616],[-6.8733555843416925,34.00481690328337],[-6.8733580310043516,34.004813730548065],[-6.8733599198178306,34.004810932340646],[-6.873362260486469,34.004808597799546],[-6.8733647746117379,34.00480691328066],[-6.8733673422751718,34.004804809658182],[-6.8733701894195391,34.004802519666946],[-6.8733733010218732,34.004798135097879],[-6.8733758537075609,34.004794125971252],[-6.8733773431355409,34.004790445908199],[-6.8733787115771765,34.004785697633849],[-6.8733803594690528,34.004780761187284],[-6.8733817803658264,34.004775593822046],[-6.8733825929043322,34.004771079358981],[-6.8733826434137049,34.0047708009849],[-6.8733831209716838,34.004767031809081],[-6.8733835450068348,34.004763682638504],[-6.8733844219492433,34.004760795317999],[-6.8733869221626946,34.004757204380191],[-6.8733885839789739,34.004754175253638],[-6.8733904727901765,34.004751377045729],[-6.8733923080631518,34.004748997941348],[-6.8733944228017245,34.004746431566431],[-6.8733968694762693,34.004743259731974],[-6.8734008869354533,34.004739801567354],[-6.8734053037788501,34.004737225257912],[-6.8734078179012998,34.004735540738132],[-6.8734092676994836,34.004734186196615],[-6.8734092537889104,34.004732279778132],[-6.8734073371576647,34.004731265149537],[-6.8734047555716904,34.004731461452721],[-6.8734040231836078,34.004731185971508],[-6.8734016536147271,34.004729707689251],[-6.8734001224577765,34.004727668497388],[-6.8733986972942223,34.004724791111066],[-6.8733976040668505,34.00472130826514],[-6.8733967378497374,34.004718057239657],[-6.8733958705346874,34.00471480532515],[-6.8733954958004579,34.004709692443782],[-6.8733948940407732,34.004704346840334],[-6.8733957046318777,34.004699973093757],[-6.8733965280352676,34.004697504876717],[-6.8733989361481678,34.004696657649689],[-6.8734012382524714,34.004696647715363],[-6.873404326297706,34.004696495060408],[-6.8734086510561632,34.004696663363625],[-6.8734121909564303,34.004696974374653],[-6.8734150519914898,34.004696589899062],[-6.8734172877298905,34.004695092636773],[-6.873418564070235,34.004693088072933],[-6.8734194410107685,34.004690200752123],[-6.8734193060981088,34.004687225220636],[-6.8734189988112515,34.004683599654179],[-6.873418410976357,34.00468016137097],[-6.8734175447588735,34.004676910345538],[-6.8734162256039548,34.004673195666712],[-6.8734136151156919,34.00466957914584],[-6.8734106727070703,34.004666568986345],[-6.8734069979112933,34.004663283345479],[-6.8734027117145748,34.004660790434549],[-6.8733974136501237,34.004658208410888],[-6.8733925160528111,34.004656508229672],[-6.8733884033135544,34.00465466534051],[-6.8733847959671479,34.004652867013846],[-6.8733812410914794,34.004650650498021],[-6.8733785256792732,34.004647871256402],[-6.8733760886652266,34.004644905658758],[-6.8733734257240657,34.004641708227872],[-6.8733715476410104,34.004638368089324],[-6.8733702285038474,34.00463465431163],[-6.8733696406559242,34.004631215126423],[-6.8733697327550063,34.004628471415216],[-6.8733713420988041,34.004625860477887],[-6.8733732972881505,34.004624550499472],[-6.8733769431787657,34.004624023317085],[-6.8733794187529389,34.004624664307137],[-6.8733824007870901,34.004625348945346],[-6.8733863400681896,34.004626541812534],[-6.8733908382798043,34.004627360138642],[-6.8733940997793779,34.004627857506179],[-6.8733965753538682,34.004628498495869],[-6.8733993828488265,34.004628533124169],[-6.8734030287393697,34.004628005941051],[-6.8734073931217781,34.004625848722277],[-6.8734092283917194,34.004623469617513],[-6.8734089874712092,34.004621331378623],[-6.8734076147795484,34.004618035803176],[-6.8734044999989212,34.004614375608476],[-6.8733998668759728,34.004610581751223],[-6.8733955132338833,34.00460660152504],[-6.8733926768366214,34.00460275407228],[-6.873391130673963,34.004598807572698],[-6.8733906499319835,34.00459453198382],[-6.8733912334971654,34.004589925514971],[-6.8733919230860785,34.004584482655119],[-6.8733928910419877,34.004578851635884],[-6.873394644937604,34.004573077896048],[-6.8733963463778052,34.004567723247042],[-6.8733981141986344,34.004563856827446],[-6.8733998434590404,34.004562315015455],[-6.8734020256410977,34.004561235955272],[-6.8734053246154989,34.004559408727538],[-6.8734109792435643,34.004557153363344],[-6.8734160224709786,34.004555690729006],[-6.873419095517785,34.004553631667839],[-6.8734219426373544,34.004551340773546],[-6.8734235509107275,34.00454873074986],[-6.873424375394527,34.004546262519717],[-6.8734249193307431,34.004543981572823],[-6.8734242265711289,34.004541380569478],[-6.8734220690233983,34.004538227702071],[-6.8734198975649692,34.004533168416053],[-6.8734174466267168,34.00452829549878],[-6.8734157281056021,34.004523699866105],[-6.8734141819433816,34.004519753366601],[-6.8734136476475616,34.004515895979608],[-6.8734141787712231,34.004511709503106],[-6.8734169187986627,34.004510255914312],[-6.8734198333805869,34.004509453236729],[-6.8734224674151134,34.004508837842344],[-6.8734243701306816,34.004507946052222],[-6.873426604781355,34.00450644880241],[-6.8734283340401916,34.004504906990043],[-6.8734296114602031,34.004502902413222],[-6.8734295300852581,34.004499507777936],[-6.8734290482592284,34.004495232201755],[-6.8734290868032337,34.004492906692271],[-6.8734289529733434,34.00448993114783],[-6.8734293770053752,34.004486581976742],[-6.8734308128880635,34.004483321016259],[-6.8734327680580192,34.004482010135156],[-6.8734364000463728,34.004479577434111],[-6.8734392086192493,34.004479612048804],[-6.8734433598950009,34.004479129426954],[-6.8734471792510989,34.004479253166409],[-6.8734503197434762,34.004478681419435],[-6.8734526079458034,34.004476765967205],[-6.873453099410626,34.004474903209321],[-6.8734510707994572,34.004473287439794],[-6.8734550406838073,34.004471686810952],[-6.8734583931913109,34.004469440478175],[-6.8734609073049873,34.00446775595713],[-6.8734622371785008,34.004465332289037],[-6.8734628346660136,34.004462633139973],[-6.8734627533050983,34.004459239406337],[-6.8734616600632092,34.004455755658974],[-6.8734613527754069,34.004452130092353],[-6.8734601535412692,34.004449484539435],[-6.8734594072438409,34.004447302639853],[-6.8734588868580744,34.004445351671542],[-6.8734572357855086,34.004442243354283],[-6.8734556510795022,34.004440622364768],[-6.8734531615984364,34.004438074957548],[-6.8734498861943099,34.00443567117285],[-6.8734461064663606,34.004433221911228],[-6.8734412613509424,34.004431103542572],[-6.8734364162357595,34.00442898517371],[-6.8734331408171538,34.004426580486914],[-6.8734307038073661,34.004423614890023],[-6.8734293322007947,34.004420319301836],[-6.8734293707447618,34.004417993792281],[-6.8734298622250396,34.00441613193621],[-6.8734320968732598,34.004414634686221],[-6.8734351174597954,34.004412994715416],[-6.8734389753566836,34.00441079294562],[-6.8734429007022868,34.004410078490658],[-6.8734469856084246,34.004408108540915],[-6.8734505115856503,34.004406513132196],[-6.873453810537872,34.004404685001383],[-6.8734578419060153,34.00440313415492],[-6.873462379732528,34.004401626956188],[-6.8734668640215153,34.004400538860999],[-6.8734717476786793,34.004400331719118],[-6.8734761259600168,34.004400080916433],[-6.8734810096325001,34.00439987467584],[-6.8734844296013025,34.004399116559043],[-6.8734880219443601,34.00439900847703],[-6.8734921207460058,34.004398944042748],[-6.8734970055010978,34.004398737788861],[-6.8735008773083166,34.004398442435765],[-6.873504191269773,34.004398521611279],[-6.8735067192931698,34.004398743507899],[-6.8735094218563173,34.004399615413931],[-6.8735121768893279,34.004400069130696],[-6.8735172864886769,34.004400094721653],[-6.8735212792833194,34.004400867579278],[-6.8735239818619673,34.004401740386655],[-6.8735297702946854,34.00440245965968],[-6.873535733282651,34.004403829843476],[-6.873541175883525,34.004403249059074],[-6.873545939635715,34.004401973690243],[-6.8735494655955893,34.004400377377017],[-6.8735517537936675,34.004398461922932],[-6.8735536415091767,34.004395663724956],[-6.8735552369294144,34.004391146366324],[-6.8735569372734489,34.004385791727479],[-6.8735589170813611,34.004380249817828],[-6.8735596601951769,34.00437438785297],[-6.8735598968350686,34.004368481338773],[-6.8735597340905477,34.004361692969695],[-6.8735617524382082,34.004353825550268],[-6.8735636658768664,34.004346796312689],[-6.8735666039957026,34.004341761716056],[-6.8735691041894915,34.004338170774034],[-6.8735718977611455,34.004336298979801],[-6.8735751442692585,34.0043348908384],[-6.8735780588438429,34.004334088157066],[-6.8735815312634339,34.004332910946616],[-6.8735857360682235,34.004332009216292],[-6.8735899944250267,34.004330689283869],[-6.873594477625967,34.004329601196794],[-6.873597498206486,34.004327961222053],[-6.8735995593919101,34.004325813946977],[-6.8736016741139885,34.004323247568223],[-6.8736015927324914,34.004319852932824],[-6.8736016709091956,34.004315202802395],[-6.8736012961492117,34.004310089019185],[-6.8736006943950025,34.004304744317615],[-6.8735995197834239,34.004297866837483],[-6.873599183578377,34.004290428446225],[-6.8735988998274182,34.004282570964001],[-6.873598563622485,34.004275132572701],[-6.8735994127387672,34.004268433314394],[-6.873600833598851,34.004263265043946],[-6.8736025489503119,34.004259817711976],[-6.8736039987222366,34.004258462266293],[-6.8736069132939894,34.004257659584205],[-6.8736117969581612,34.00425745333861],[-6.8736184773245359,34.00425719259264],[-6.8736257166330894,34.004256558206066],[-6.8736323295321107,34.004254809242632],[-6.8736374787439898,34.004252509306227],[-6.8736408837074237,34.004249844779039],[-6.8736430519630174,34.004246859295783],[-6.8736443143759214,34.004242948310548],[-6.8736443914675593,34.00423829819271],[-6.8736442961689042,34.004232997138452],[-6.8736422307108223,34.004227100562666],[-6.8736401117012225,34.004221622188815],[-6.873639336487444,34.004215627465271],[-6.8736396405736127,34.00421120826568],[-6.8736406235227987,34.004207484551465],[-6.87364122098771,34.004204784499564],[-6.873642550852253,34.004202360829382],[-6.8736438271801656,34.004200356262864],[-6.8736463423650918,34.004198671725192],[-6.8736494153938192,34.00419661265807],[-6.8736524348859707,34.004194972694648],[-6.8736555079144228,34.004192913627392],[-6.8736578496411056,34.004190579067519],[-6.8736596848949993,34.004188199958669],[-6.8736615201334219,34.004185819948127],[-6.8736628499970278,34.004183396277668],[-6.8736636734032253,34.004180928960061],[-6.8736640449557598,34.004177997977095],[-6.8736636841087639,34.004174790612616],[-6.8736624174198901,34.004170657746329],[-6.8736603658627624,34.004166666687787],[-6.8736585937842802,34.004162489259855],[-6.8736568752576455,34.004157893629859],[-6.8736564469587087,34.004153198950249],[-6.8736560721962805,34.004148085166882],[-6.873655923360551,34.004143203216238],[-6.8736560539878573,34.004138133994417],[-6.8736556792408061,34.004133021112736],[-6.8736555828587891,34.004127720070997],[-6.8736552080964426,34.004122606287631],[-6.8736553387391277,34.004117537967474],[-6.8736553633611202,34.004113306038754],[-6.8736552819777224,34.00410991140307],[-6.8736551470732596,34.004106936772928],[-6.8736539478379868,34.004104291221545],[-6.8736509529712189,34.004101699256317],[-6.8736453754705549,34.00409930451368],[-6.8736420476200868,34.004097319824737],[-6.8736400110638645,34.00409523517191],[-6.8736385859179485,34.004092358689348],[-6.8736389563882421,34.004089427719116],[-6.873639553852394,34.004086727667122],[-6.8736412830991043,34.004085185851572],[-6.8736439182018314,34.004084570439652],[-6.8736466057582026,34.00408353593668],[-6.8736501991707213,34.004083427837287],[-6.8736545774355795,34.004083177028271],[-6.8736594610897521,34.004082970780786],[-6.8736641188173841,34.004082532700394],[-6.8736687754623418,34.004082094632572],[-6.8736724748798821,34.00408114923944],[-6.8736758948192636,34.004080390215584],[-6.8736787558481511,34.00408000663559],[-6.8736813373989447,34.004079809424951],[-6.8736836395021674,34.004079800387132],[-6.8736867264423642,34.004079647737889],[-6.8736911047068459,34.004079396927629],[-6.8736962153548147,34.004079421596906],[-6.8737016579343022,34.004078840805406],[-6.8737072065185645,34.00407742272057],[-6.8737129146435016,34.004074748238494],[-6.8737189546841648,34.004071467393899],[-6.8737239828782171,34.004068098340795],[-6.8737282262198187,34.004064871997322],[-6.8737306739457837,34.004061700142827],[-6.8737324952773253,34.004057414613932],[-6.873733863672725,34.004052665432667],[-6.8737344996846828,34.00404764077193],[-6.8737341249180384,34.004042526988627],[-6.8737340285467061,34.004037226848475],[-6.8737323100032679,34.004032630317553],[-6.8737308173866483,34.004028265619162],[-6.8737300036172222,34.004024595504028],[-6.8737289639214127,34.004020693556313],[-6.8737284157125176,34.004014930652644],[-6.873727867488487,34.004009166847318],[-6.8737274916396895,34.004004053076599],[-6.8737281951050573,34.004000515730986],[-6.8737288461170545,34.003997397476361],[-6.8737302284444954,34.003994555615641],[-6.8737324491591538,34.003991151941158],[-6.8737353487205235,34.003988442849867],[-6.8737373049574613,34.003987131951035],[-6.8737410568387514,34.003985768366441],[-6.8737449821626768,34.003985053901943],[-6.8737480701821037,34.003984901238461],[-6.873751662507634,34.003984793148852],[-6.873756160689557,34.003985611462063],[-6.8737610593388849,34.003987311616804],[-6.8737651720544681,34.003989154494207],[-6.8737692847701402,34.003990997371503],[-6.8737745827896797,34.003993578478344],[-6.8737809451384697,34.003995830505069],[-6.8737859101606142,34.003999017986622],[-6.8737883471705388,34.004001983577069],[-6.8737903312599027,34.004004486416953],[-6.8737923153493021,34.004006989256808],[-6.8737946988240362,34.004010373950941],[-6.8737966304454892,34.004013294980069],[-6.8737992398473535,34.004016911506568],[-6.8738029285497273,34.004022103555641],[-6.8738068442620843,34.004027527424292],[-6.8738101335952475,34.004031838520589],[-6.8738142602333223,34.004035587815267],[-6.8738197317308334,34.004038819843686],[-6.8738241913675893,34.004041962762692],[-6.8738288094763753,34.004043850198961],[-6.8738324703422427,34.004045229409314],[-6.8738360102174161,34.00404554040847],[-6.8738390832362342,34.004043481336574],[-6.8738419827960264,34.004040772242845],[-6.8738437505709404,34.004036904914472],[-6.8738426584170913,34.004033422058825],[-6.873840992336067,34.004028407339966],[-6.8738393797906561,34.004022973517252],[-6.873837260773608,34.004017495146321],[-6.8738351417721191,34.004012017677127],[-6.8738330762910458,34.004006120202256],[-6.8738311168291073,34.003999386335821],[-6.8738293982813614,34.003994789806164],[-6.8738288778900003,34.003992838839068],[-6.8738293693593135,34.003990976981058],[-6.8738309786774989,34.003988366037184],[-6.8738326404636831,34.003985336903831],[-6.8738345292438794,34.003982538688426],[-6.8738365229446483,34.003978903192419],[-6.8738381858131667,34.003975874046276],[-6.8738380508872776,34.003972898514419],[-6.8738408059085589,34.003973352224008],[-6.8738432279170381,34.003974411407185],[-6.8738464358592566,34.003975327866918],[-6.8738490848773006,34.003976618869615],[-6.8738520133575047,34.003977722600744],[-6.8738544889015625,34.00397836267981],[-6.8738570169135533,34.003978584569424],[-6.87386134271987,34.003978752844368],[-6.8738652145072194,34.00397845747996],[-6.8738673966687607,34.00397737841142],[-6.8738701902223927,34.003975506610281],[-6.8738741551746578,34.003972467520647],[-6.8738781715118078,34.003969010254188],[-6.8738822424512325,34.003965132969263],[-6.8738856334750009,34.003960562016225],[-6.8738887450211896,34.003956177432961],[-6.8738911777344285,34.003951099168958],[-6.8738928791318621,34.003945744511931],[-6.8738945794464623,34.003940389867623],[-6.8738954424577674,34.003935597025432],[-6.8738954670679382,34.003931365096378],[-6.8738950387572268,34.003926670417208],[-6.8738951169179554,34.003922020285906],[-6.8738946350568497,34.003917743808913],[-6.8738959509888131,34.003913413716738],[-6.8738966544618822,34.003909877271738],[-6.8738978108403863,34.00390680267509],[-6.873898740240004,34.003903498062314],[-6.8739009609304462,34.003900093483026],[-6.8739031291836739,34.003897108896552],[-6.8739052963387559,34.003894123421048],[-6.8739071851145521,34.003891325204464],[-6.8739089004465184,34.00388787786779],[-6.8739102152946145,34.00388354778817],[-6.873910013977401,34.003879084026771],[-6.8739095856661638,34.003874389347544],[-6.8739095567407178,34.00387057652231],[-6.873909475362912,34.003867182788206],[-6.8739091680431343,34.003863556320148],[-6.8739091926679858,34.00385932529263],[-6.8739089902682613,34.00385486154395],[-6.8739085619571973,34.003850166864709],[-6.8739086401170519,34.003845516733257],[-6.8739088906531798,34.0038415166363],[-6.8739102065832789,34.003837186543869],[-6.8739114689782097,34.003833275555351],[-6.8739118929731511,34.003829925480076],[-6.873914166128805,34.003826102710995],[-6.8739170667616278,34.003823393602559],[-6.8739198603092397,34.003821521800219],[-6.8739228273309871,34.00382030092122],[-6.8739266991109895,34.003820005554907],[-6.8739307454328529,34.00382036019748],[-6.8739351236835686,34.003820109378651],[-6.8739392224728757,34.003820045831446],[-6.8739441061116713,34.003819839572827],[-6.8739484168900047,34.003818100536741],[-6.8739521012883076,34.003815248728948],[-6.8739548809124287,34.00381147050679],[-6.8739568221523024,34.003808254099852],[-6.8739582580039951,34.003804993132441],[-6.873957950682402,34.003801366664433],[-6.8739573628321491,34.003797928382617],[-6.8739560972175067,34.00379379550597],[-6.8739553358928589,34.003789706300729],[-6.8739535638078859,34.003785528876392],[-6.8739503954840675,34.003782286896332],[-6.8739472260929944,34.00377904583064],[-6.8739461478604378,34.003777469394599],[-6.8739448286964944,34.003773754720086],[-6.8739433896084119,34.003768970919801],[-6.8739431872224301,34.00376450807272],[-6.8739428799169016,34.003760882506356],[-6.8739427449878443,34.003757906974336],[-6.8739425575913682,34.003755349631867],[-6.8739437139815633,34.003752275936336],[-6.8739455492182957,34.003749896822917],[-6.8739486222240664,34.003747837748136],[-6.8739511363073689,34.003746153216781],[-6.8739533184773016,34.003745075048364],[-6.873955674091027,34.00374464599988],[-6.8739587074841673,34.003744912447871],[-6.8739617419599481,34.003745178883065],[-6.8739650558969183,34.003745258046365],[-6.8739681428247383,34.003745105390216],[-6.8739711248332691,34.003745790014662],[-6.8739746646968243,34.003746101009909],[-6.8739774197116281,34.003746554716535],[-6.8739799477171886,34.00374677660367],[-6.873983261654236,34.003746855766487],[-6.8739868015025039,34.003747165859657],[-6.8739912996742643,34.003747984164519],[-6.8739947335363025,34.003749132452633],[-6.8739976095436131,34.003750654370023],[-6.8740011494074587,34.003750965364453],[-6.8740060330421437,34.003750759103411],[-6.8740106372005041,34.003750739212343],[-6.87401438905201,34.003749374717756],[-6.8740179149920957,34.003747779292674],[-6.8740202566970519,34.003745444725581],[-6.8740234357022905,34.003742548355469],[-6.8740264412323615,34.00373900106193],[-6.8740289413898124,34.003735410109911],[-6.8740320004690219,34.00373144461399],[-6.8740348860882525,34.003726829096422],[-6.874037212785379,34.003722588122663],[-6.8740392064717888,34.003718952623068],[-6.8740419860890416,34.003715174398849],[-6.8740454981028689,34.00371167255387],[-6.874049236027691,34.003708401639102],[-6.8740536527994545,34.003705825305794],[-6.8740592013541608,34.003704407205127],[-6.8740652552808141,34.003703032762523],[-6.87407160369093,34.003703378355638],[-6.8740780720269949,34.003704793073965],[-6.8740843133386127,34.003705975071021],[-6.8740898769008734,34.003706463375387],[-6.8740935227638431,34.003705937073669],[-6.8740977275329076,34.003705035325964],[-6.8741018648424062,34.003702646263051],[-6.8741049378580952,34.003700588086112],[-6.8741063212358453,34.003697745306475],[-6.8741067452226945,34.003694395230383],[-6.8741059314405186,34.003690725117238],[-6.8741041068990905,34.003686966786077],[-6.8741012169511464,34.003683537550344],[-6.8740992328601545,34.0036810347151],[-6.8740984190937953,34.003677365503556],[-6.8740988430807697,34.003674015427485],[-6.874099494077023,34.003670897170565],[-6.8741007703865922,34.003668892598995],[-6.87410237969066,34.003666281651306],[-6.8741047202932339,34.003663946193605],[-6.8741070619936,34.003661611624899],[-6.8741098555319198,34.003659739818147],[-6.8741123696094695,34.003658055283523],[-6.8741149372208676,34.003655951644795],[-6.8741172778381197,34.00365361708856],[-6.8741197779893595,34.003650026134636],[-6.8741217192195281,34.003646809724948],[-6.8741230490620522,34.003644386049125],[-6.8741235265970255,34.003640617770586],[-6.8741208915111542,34.00364123319266],[-6.8741189888064138,34.003642124091904],[-6.874116075342652,34.00364292677331],[-6.8741115911162547,34.003644015793725],[-6.8741064280271953,34.003644409331038],[-6.8741023817128868,34.003644054694156],[-6.8741003451562444,34.003641970048463],[-6.8741001577706733,34.003639413607821],[-6.8741001962964239,34.003637088097371],[-6.8741010732188697,34.003634201672341],[-6.8741016706808313,34.003631502519426],[-6.8741036654451566,34.003627867005925],[-6.8741064975079631,34.003623669688821],[-6.874109223585374,34.003620310567001],[-6.8741117237360676,34.003616719613177],[-6.874113385489987,34.003613689573996],[-6.8741155537287764,34.003610704983551],[-6.8741177208693403,34.003607719504046],[-6.874119383720954,34.003604690353747],[-6.8741201546422284,34.003602641222173],[-6.8741206985541981,34.003600360271463],[-6.874121854936031,34.003597286574085],[-6.874122120470358,34.003595192882777],[-6.8741199243802198,34.003594364635049],[-6.8741172218359869,34.003593492741935],[-6.8741145203745049,34.003592620836024],[-6.8741118038892859,34.003589841621945],[-6.8741086355819121,34.00358660054733],[-6.8741047873301815,34.003582664002394],[-6.8741012185390611,34.003578540185131],[-6.8740980502324938,34.003575299110274],[-6.874095786683811,34.003572983546938],[-6.874094255515657,34.003570943460907],[-6.8740940145965075,34.003568806124235],[-6.8740943861165364,34.003565874237566],[-6.8740949835782352,34.003563175084622],[-6.8740965917978993,34.003560564149666],[-6.8740978691885344,34.003558559565299],[-6.874099424956766,34.003556367721565],[-6.87410103425879,34.003553756773776],[-6.8741029754874985,34.003550540364266],[-6.8741039583940662,34.003546815743796],[-6.8741056062366361,34.003541880187122],[-6.8741073065301483,34.003536525539111],[-6.874109459743484,34.003531633640485],[-6.8741112810452396,34.003527348105202],[-6.8741128228867607,34.003523249842054],[-6.8741148176481364,34.003519614328297],[-6.8741159729464014,34.003516540643631],[-6.8741172888611839,34.003512210548479],[-6.8741189366870463,34.003507274089905],[-6.874120757987825,34.003502988554459],[-6.8741219668193958,34.003499495765659],[-6.8741228972735424,34.003496190236291],[-6.8741241061202274,34.00349269834917],[-6.8741248095653145,34.003489161000587],[-6.8741265773165052,34.003485293667396],[-6.8741278932455794,34.003480964473809],[-6.8741288761503725,34.003477239853041],[-6.874128567755414,34.003473614299416],[-6.8741283128942481,34.003469569641751],[-6.8741286319770891,34.003467057747962],[-6.8741281115821691,34.003465106781682],[-6.8741278706471824,34.003462968543268],[-6.8741279627210909,34.003460224830313],[-6.8741280408688601,34.003455574698094],[-6.8741270675390007,34.003453160080767],[-6.874125989307224,34.003451583646111],[-6.8741272656129624,34.003449579074129],[-6.8741294477579729,34.0034485000008],[-6.8741332531435893,34.003446717300086],[-6.8741362340605638,34.003447401933478],[-6.874139081140207,34.003445111923618],[-6.8741400779858077,34.003443294623658],[-6.8741411283495983,34.003441057317936],[-6.8741424571211098,34.00343863455614],[-6.8741440139533934,34.003436441797326],[-6.8741457956444751,34.003434481784822],[-6.8741492016276009,34.003431816328579],[-6.8741513302537118,34.003431157260643],[-6.874154470703588,34.003430585495742],[-6.8741581165545949,34.003430059192105],[-6.874161203470881,34.003429906531167],[-6.874164291469774,34.003429753857361],[-6.8741674843856622,34.003428763902534],[-6.8741702254642769,34.003427311185682],[-6.8741727395340133,34.003425626649687],[-6.8741753071370821,34.003423523009516],[-6.8741771948113382,34.003420724801103],[-6.8741793630430417,34.003417740209301],[-6.8741814777259043,34.003415173819839],[-6.8741838183195894,34.003412838360475],[-6.8741861600110621,34.003410503789993],[-6.8741887800793986,34.003407981959903],[-6.8741914001474997,34.003405460129805],[-6.8741945791345973,34.003402563754918],[-6.8741984905007811,34.003399942856745],[-6.8742031342613208,34.00339759833691],[-6.8742080563984285,34.00339506655726],[-6.8742120352404505,34.003393933875643],[-6.8742165194679838,34.003392845753154],[-6.8742175441521685,34.003394840389483],[-6.8742180120980834,34.003397210446764],[-6.8742185314119162,34.003399161425463],[-6.8742195047284138,34.003401575140416],[-6.8742209298821519,34.003404451617122],[-6.8742226869765961,34.003406723533438],[-6.8742251775180812,34.003409270011879],[-6.8742276669923061,34.003411817404761],[-6.8742299305403041,34.003414132965808],[-6.8742331373832242,34.003415049428604],[-6.8742366247684386,34.003415778606168],[-6.8742407235384579,34.003415715049044],[-6.8742458866133216,34.003415321506196],[-6.8742513826806109,34.003414321586554],[-6.8742552405125741,34.003412119790767],[-6.8742584194977079,34.003409223414316],[-6.8742613725563553,34.003406095206103],[-6.8742635397021044,34.003403110625584],[-6.8742654809061392,34.003399893311673],[-6.8742672497471702,34.003396026865339],[-6.8742695228757658,34.003392204089138],[-6.874270785248064,34.003388293096343],[-6.8742715946849007,34.003383918453004],[-6.8742713398173443,34.003379873795453],[-6.8742712584258694,34.003376480060957],[-6.8742711245688639,34.003373504516169],[-6.8742721213955065,34.003371686313422],[-6.8742734512296266,34.003369262635751],[-6.8742761248423925,34.003366322601352],[-6.8742790243659719,34.003363613496823],[-6.8742824292596163,34.003360948049639],[-6.8742856082420527,34.003358051672429],[-6.8742892401595661,34.003355618945584],[-6.8742917553075396,34.003353934394461],[-6.8742949482191902,34.003352944436351],[-6.8742987000490601,34.00335157993301],[-6.8743036896435203,34.003350535464783],[-6.8743094651804979,34.003349349171678],[-6.8743150137082756,34.003347931059508],[-6.8743205622205759,34.00334651204539],[-6.874325098894345,34.003345004827594],[-6.8743289042713407,34.003343222120918],[-6.8743321507300941,34.003341813959352],[-6.8743349592665641,34.003341848554015],[-6.8743385515648665,34.003341740447574],[-6.8743431032515288,34.003342139635734],[-6.8743492781598929,34.003341834291831],[-6.8743546671562328,34.003341672576063],[-6.8743604426766307,34.003340485378914],[-6.874363689134773,34.00333907721653],[-6.8743659761890559,34.003337160857853],[-6.8743673060200301,34.003334737179145],[-6.8743679034716632,34.003332038024652],[-6.8743687279171013,34.003329569787176],[-6.8743695512798766,34.003327101562419],[-6.8743700962662766,34.003324820597634],[-6.8743705877202963,34.003322958737002],[-6.8743703467796617,34.003320820498956],[-6.8743696004690706,34.003318638603865],[-6.8743686282321121,34.003316224877246],[-6.8743673754382968,34.003313997534363],[-6.8743657918185024,34.003312376542951],[-6.8743631952781641,34.00331066736112],[-6.8743612786671306,34.003309652746502],[-6.8743585771967295,34.003308779944071],[-6.8743550898147845,34.003308050769881],[-6.8743516035155983,34.003307321582874],[-6.8743484480425332,34.003305986044396],[-6.8743450677412454,34.0033044195633],[-6.8743414068984459,34.003303040367499],[-6.8743377471231639,34.003301660257115],[-6.8743351516663145,34.00329995106194],[-6.8743324351831845,34.003297171852338],[-6.8743301716355001,34.003294856292982],[-6.8743284134731049,34.003292585292549],[-6.8743279466226559,34.003290216124519],[-6.8743277592312282,34.003287659683863],[-6.8743277453007412,34.003285753264493],[-6.8743282892053612,34.003283472312603],[-6.8743295665712845,34.003281466823957],[-6.8743313482550032,34.003279506808667],[-6.8743340357782987,34.003278472290638],[-6.8743366173190967,34.003278275968128],[-6.8743388669204917,34.003278684206293],[-6.87434184784862,34.003279369736475],[-6.8743448823094049,34.003279636162453],[-6.8743481962136768,34.003279714413978],[-6.8743525744359539,34.003279463580526],[-6.8743570586558205,34.003278375453],[-6.8743610364078611,34.003277242779276],[-6.874364668304592,34.003274809148529],[-6.8743677273675692,34.003270844545405],[-6.8743702799472306,34.003266834494475],[-6.874372168694503,34.00326403627021],[-6.8743734449918072,34.003262031695577],[-6.8743726986663507,34.003259848898743],[-6.8743710615150562,34.003258647011528],[-6.8743670687500318,34.003257873278905],[-6.8743618382214855,34.003256779511609],[-6.874356661225443,34.00325526663984],[-6.874352095612247,34.003252961032786],[-6.8743483672927788,34.003250093620245],[-6.8743457578911649,34.003246477104192],[-6.8743460223363302,34.00324438342485],[-6.8743475791752955,34.003242191565022],[-6.8743492409292077,34.003239162423959],[-6.8743509026677083,34.003236132381232],[-6.8743527914301534,34.003233335058908],[-6.8743546790945631,34.003230536847603],[-6.8743569532977622,34.003226714056844],[-6.8743595733555205,34.003224192223044],[-6.8743634847239994,34.003221572221221],[-6.8743662397089116,34.003222025017685],[-6.8743683297944731,34.003223690555195],[-6.8743704198801128,34.003225356092692],[-6.8743724564181772,34.003227439832614],[-6.874374494039035,34.003229523559781],[-6.8743776484270267,34.003230859110374],[-6.8743800564897297,34.003230011864069],[-6.8743838618452644,34.003228228253931],[-6.8743877732131926,34.003225608251405],[-6.8743916310333217,34.003223406451241],[-6.8743957158621853,34.003221436469694],[-6.8743999730695808,34.003220116521874],[-6.8744044048209902,34.003219446582435],[-6.8744082241231048,34.003219570292657],[-6.8744109791081867,34.003220023088112],[-6.8744132951209167,34.003221920456312],[-6.8744148798225639,34.003223541434465],[-6.874416636903125,34.003225812446495],[-6.8744189004513956,34.003228128004352],[-6.8744216169198342,34.003230906310492],[-6.8744237744713761,34.003234059162274],[-6.8744264374080499,34.003237256572476],[-6.8744288208863722,34.003240641255502],[-6.8744315373555214,34.003243419561393],[-6.8744350386682678,34.003246055152879],[-6.8744390453662803,34.003248735302691],[-6.8744436109816389,34.003251040906605],[-6.8744479506860037,34.003253115580712],[-6.8744523952891674,34.003254352071707],[-6.8744566150640498,34.00325535762012],[-6.8744605542977206,34.003256550454111],[-6.874464267589774,34.003257510554938],[-6.8744673020500873,34.003257776977932],[-6.8744705485034112,34.003256368812764],[-6.8744741268643157,34.003254354283058],[-6.874477479298525,34.003252107921952],[-6.8744806058059451,34.003249629729481],[-6.8744832794079436,34.003246689690528],[-6.8744857795324377,34.003243098728802],[-6.8744880001830095,34.003239694138202],[-6.8744904467752299,34.003236522280574],[-6.8744913236807541,34.003233635852361],[-6.8744927059558174,34.003230793080711],[-6.87449380985512,34.00322813756933],[-6.8744933954496696,34.003225349310334],[-6.8744918107618203,34.003223729234875],[-6.8744903331376124,34.003221270950881],[-6.8744881755839735,34.00321811810025],[-6.8744861914924655,34.003215615270669],[-6.8744851132570375,34.003214038838969],[-6.8744826226983164,34.003211491463745],[-6.8744803066996489,34.003209594998587],[-6.8744771523108508,34.003208259450538],[-6.8744732655436049,34.003206648427273],[-6.8744698841612326,34.003205081962207],[-6.8744662243880352,34.003203701855526],[-6.8744628430059072,34.003202135390261],[-6.8744600205405231,34.003200194379062],[-6.8744571991579626,34.003198253355059],[-6.8744554409789052,34.003195981454581],[-6.874453736362482,34.003193292253243],[-6.8744525371155083,34.003190646708624],[-6.8744520177976689,34.003188695730749],[-6.8744535060698722,34.003185015665423],[-6.8744547823641433,34.003183011089916],[-6.8744571764914548,34.003180257422656],[-6.8744598500768115,34.003177316482443],[-6.8744633085048816,34.003174232827583],[-6.8744666609514962,34.003171987368404],[-6.8744694020017967,34.003170533743152],[-6.874472035988231,34.00316991832635],[-6.8744742856028367,34.003170327463792],[-6.8744767075965783,34.003171386635053],[-6.8744793565994815,34.003172677624804],[-6.8744830174389797,34.003174056816661],[-6.8744865037492229,34.003174786901738],[-6.8744902705851283,34.003175328799323],[-6.874494369343541,34.003175265233914],[-6.87449846810203,34.003175201668341],[-6.8745026193095988,34.003174719011184],[-6.8745063711285148,34.003173354501556],[-6.8745094441006147,34.003171295412557],[-6.8745123446930299,34.003168586289668],[-6.87451479128244,34.003165414431507],[-6.8745161735556497,34.00316257165953],[-6.8745170504594943,34.003159685231076],[-6.8745179808949777,34.003156379698318],[-6.8745191372568515,34.003153305996761],[-6.8745211844416438,34.003149251384471],[-6.8745203031807796,34.00314409395807],[-6.8745230827588175,34.00314031572232],[-6.8745255828785252,34.003136724759599],[-6.8745282564603114,34.003133783817873],[-6.8745308765102964,34.003131261980378],[-6.8745342289382902,34.003129015617645],[-6.874537980754738,34.003127651107022],[-6.8745414541958247,34.003126473856696],[-6.8745439821847913,34.003126695732526],[-6.8745479749453633,34.003127469459535],[-6.8745501710277841,34.003128297699881],[-6.8745530994883106,34.003129401414988],[-6.874556027948989,34.003130505130009],[-6.8745583974786095,34.003131982489542],[-6.8745614458704205,34.003134155329697],[-6.8745644128596908,34.003132934435214],[-6.8745674858289867,34.003130875344787],[-6.8745711701778456,34.003128023518009],[-6.8745751875156458,34.003124565313676],[-6.8745789789418845,34.003120876179786],[-6.8745827692698871,34.003117186156814],[-6.8745865606954801,34.003113497022639],[-6.8745901925790527,34.003111063385163],[-6.8745940503889722,34.003108861578724],[-6.8745978557501095,34.003107078863685],[-6.8746017810273097,34.003106364372123],[-6.8746059857774746,34.003105463508881],[-6.8746100845325877,34.003105399939706],[-6.8746139562784103,34.003105104552063],[-6.8746182284963213,34.003105691003533],[-6.8746213828835652,34.003107026548072],[-6.8746245383383027,34.0031083611781],[-6.874626401416827,34.003109794893092],[-6.8746282655781092,34.003111228595273],[-6.8746306351237303,34.003112706855212],[-6.8746331781323802,34.003114835135925],[-6.8746359995161619,34.00311677615602],[-6.8746383165984488,34.003118672605709],[-6.8746401272290329,34.003120525412058],[-6.8746430696278988,34.003123535544475],[-6.8746451061701137,34.003125619280105],[-6.8746473697217816,34.003127934833913],[-6.8746498602830188,34.003130482205911],[-6.874652123834939,34.003132797759598],[-6.874654160377589,34.003134881495058],[-6.8746564239298191,34.003137197048687],[-6.8746582345458762,34.003139048953081],[-6.8746602721868113,34.003141133577351],[-6.8746623087298522,34.003143217312676],[-6.8746645722825166,34.003145532866121],[-6.8746670617466856,34.003148079348819],[-6.8746700041474176,34.003151089480596],[-6.8746724947099009,34.003153636852105],[-6.8746755431053241,34.00315580968951],[-6.8746788174125051,34.003158213456032],[-6.8746826517332682,34.003160243564572],[-6.8746865909658101,34.00316143639153],[-6.8746900783445728,34.00316216555651],[-6.8746936181716318,34.003162475629786],[-6.8746966526293303,34.003162742047223],[-6.8746997395351759,34.003162589372984],[-6.8747043436775241,34.00316257035815],[-6.8747079894986598,34.00316204313674],[-6.8747106780965348,34.0031610085978],[-6.8747507087403008,34.003120379244884],[-6.8747813651144618,34.003054819395125],[-6.8748327985737498,34.002998877085837],[-6.8751740722193526,34.002885009216094],[-6.8752019769481656,34.002844161718208],[-6.8752099218110976,34.002818497047699],[-6.875220793619639,34.002777387414703],[-6.8752286645908915,34.002753686112946],[-6.8752358174020136,34.002686080507161],[-6.8752449367778325,34.002677745244284],[-6.8752557759595962,34.002669739662956],[-6.8752638399388388,34.002659451618321],[-6.8752682504294729,34.002650577454112],[-6.8752699447598804,34.002641304169252],[-6.8752694378959855,34.002633963385307],[-6.8752663757012282,34.002629573892186],[-6.8752616332296101,34.002624440286311],[-6.8752592121830158,34.002621139935769],[-6.8752549256519657,34.002616455511195],[-6.8752540056120628,34.002608250175193],[-6.8752571847447452,34.00260409022971],[-6.8752638912099968,34.002599760685627],[-6.8752736008276569,34.002597937292599],[-6.8752894694787781,34.002597173246095],[-6.8753033302294533,34.002593971596269],[-6.8753163207937371,34.002589457126227],[-6.8753384226003442,34.002581615645497],[-6.8753491274987519,34.002579862598907],[-6.8753537572305863,34.002578928747553],[-6.8753621781684426,34.002577230551374],[-6.8753701495596964,34.002572780586718],[-6.8753732880738809,34.002569035081464],[-6.8753779936567918,34.002557259682959],[-6.8753783131104829,34.002551646199038],[-6.8753747857351968,34.002539501468689],[-6.8753675631712055,34.002529184176403],[-6.87536218064899,34.002522962320882],[-6.875356433672926,34.00251045320929],[-6.8753581626565881,34.002505773714866],[-6.8753631482219175,34.002501114497186],[-6.8753702077112795,34.002495765268186],[-6.875377394463281,34.002489173547026],[-6.8753892554031735,34.00247852602638],[-6.8754037469564082,34.002469107461479],[-6.8754221535540996,34.002463094306641],[-6.8754363684129896,34.002458873851623],[-6.8754476380634779,34.002454029700672],[-6.8754571034384107,34.002449684793923],[-6.875465656917088,34.002444440623016],[-6.8754717222107899,34.00243902192576],[-6.8754819445660846,34.002427216731931],[-6.8754925811494711,34.002416274272349],[-6.8755021981213389,34.002407974616325],[-6.8755094184468151,34.00240597669238],[-6.8755216590122572,34.00240391423786],[-6.8755309137452487,34.002401641631288],[-6.8755524079436219,34.002397305677505],[-6.8755647757522045,34.002393999825067],[-6.8755778680654185,34.002390952397029],[-6.875594528327075,34.002387321818205],[-6.8756087350833788,34.002388110506381],[-6.8756277503510068,34.00239090607554],[-6.8756421596431059,34.002394630715052],[-6.8756598926421528,34.002395249800891],[-6.8756779380646575,34.002395263647621],[-6.8756940763383811,34.002394309683787],[-6.8757119181408246,34.002391387583344],[-6.8757221681346516,34.002389184410355],[-6.8757385332946095,34.002388455043501],[-6.8757512888287842,34.002388724186439],[-6.8757626949656476,34.002389942671961],[-6.8758031720039146,34.00239612273603],[-6.8758419536053319,34.002399262662273],[-6.875868021364699,34.002401718990583],[-6.8758793256766984,34.002401468592822],[-6.875888082766461,34.002399161236688],[-6.8758981464774358,34.002396319003445],[-6.8759057220042461,34.002393302252237],[-6.87592415397783,34.002384577658383],[-6.8759358204940471,34.002378300202658],[-6.8759535257588338,34.002369315402937],[-6.8759658334099605,34.002364126181995],[-6.8759735107612832,34.002362578299284],[-6.8759858948001673,34.00236156841239],[-6.8759991306150798,34.002359575356692],[-6.8760191156117552,34.002352838245798],[-6.8760294072842685,34.002350220591389],[-6.8760607545552368,34.002345116415796],[-6.8760872863014519,34.002343012714341],[-6.876106183488198,34.002342043331218],[-6.8761192931427022,34.002341293644434],[-6.876134950023375,34.002342600908676],[-6.8761462300052694,34.002345062740936],[-6.8761598118895435,34.002347060038858],[-6.8761684173934379,34.002348707409773],[-6.876175428164073,34.002348781741617],[-6.8761857962463022,34.002350344311942],[-6.8761998757657823,34.002352376327487],[-6.8762092485817492,34.002353869452065],[-6.8762165046952628,34.002356466168457],[-6.8762228061341881,34.002358578095503],[-6.8762243591786367,34.002360565589747],[-6.8762292267631793,34.00236445579074],[-6.8762283078974784,34.002368565682943],[-6.8762267652449838,34.002373884235055],[-6.8762254321103953,34.002377129591125],[-6.8762215020095496,34.002383741615731],[-6.8762194189497805,34.002389439914829],[-6.8762199258924026,34.002396780695513],[-6.8762267353756705,34.002406234292081],[-6.8762362262900316,34.002411492294051],[-6.8762453641633234,34.002417769075215],[-6.8762596716670839,34.002420025673025],[-6.8762670539249147,34.002421378103058],[-6.8762737349100718,34.002419759869703],[-6.8762860842391271,34.002414156161088],[-6.8762940138935784,34.002410121495437],[-6.8762997412839777,34.002408018459583],[-6.8763040775925486,34.002407279229558],[-6.8763099669483125,34.002408527492584],[-6.8763146910294237,34.002411364175863],[-6.8763195516473621,34.002420262621669],[-6.8763213582602472,34.002432077671088],[-6.8763259411776119,34.002446175146787],[-6.8763310043722878,34.002458010447619],[-6.8763389098789354,34.002469001463943],[-6.8763553618594457,34.002479757398078],[-6.8763749523121609,34.002486767799581],[-6.8763916472790605,34.002487730906765],[-6.8764108986170509,34.002485742684776],[-6.8764307563777898,34.002480248903062],[-6.8764453079517347,34.002472712644533],[-6.8764623974315588,34.002459927271403],[-6.8764832144269281,34.002437593909612],[-6.8764959096328377,34.00242366621724],[-6.876508375764093,34.00240951304599],[-6.8765265703579939,34.002393256814472],[-6.8765393836556186,34.002383093996684],[-6.8765541284478537,34.002371188521749],[-6.8765674647639488,34.002358348154601],[-6.8765734698469787,34.002351046977005],[-6.876579500335132,34.002341034433833],[-6.8765837080933858,34.002329223366914],[-6.8765867770704752,34.002316289344982],[-6.8765908076656448,34.002298830958765],[-6.876592636020872,34.002283305109643],[-6.8765955788473256,34.002271614469322],[-6.8766057903717757,34.002240187901393],[-6.8766096370603451,34.002234404777276],[-6.8766141064461683,34.002227413003958],[-6.8766201125989177,34.002220111810999],[-6.8766287330775695,34.0022117417384],[-6.8766373535545613,34.002203371665246],[-6.8766498370133595,34.002191516276611],[-6.8766608957140978,34.002176429088408],[-6.8766763729971787,34.002159773755935],[-6.8766857271044426,34.002146654725919],[-6.8766964559946073,34.002129874975559],[-6.8767078075761825,34.002111886574625],[-6.8767165031431041,34.002095381510209],[-6.8767200951260596,34.002079770838236],[-6.8767215276481135,34.002065678236548],[-6.8767219314711401,34.002059235822379],[-6.8767185811121694,34.00205273934862],[-6.8767139831830351,34.00204865929787],[-6.8767060442466219,34.002045388832521],[-6.8766928165150736,34.0020423727996],[-6.876680515905492,34.002042553843481],[-6.8766660996738498,34.002043837571982],[-6.8766564735231412,34.00204483216033],[-6.8766301952428108,34.002044448303685],[-6.8766208641564281,34.002042541655669],[-6.8766123858886647,34.002039650018936],[-6.8766020432412462,34.002035376118172],[-6.8765997645749328,34.002033128417914],[-6.8765987345650652,34.002028464282922],[-6.876599426520448,34.002024129786292],[-6.8766015686156194,34.002020314821586],[-6.8766030695507823,34.002015410720695],[-6.8766041990012008,34.002009228517252],[-6.8766005199239579,34.002001038566718],[-6.8765878558458597,34.001994931433615],[-6.876583131793784,34.001992095661841],[-6.8765761290775229,34.001987012189225],[-6.8765666208091014,34.001979456414055],[-6.8765590603278897,34.001972455792817],[-6.8765477547647853,34.001960391028206],[-6.8765409279176861,34.001948640551191],[-6.8765345650588285,34.001932330988765],[-6.8765281431504315,34.00191413898596],[-6.876526681304969,34.001893999083364],[-6.8765260805450614,34.001880181167877],[-6.876528877466388,34.00185512180164],[-6.8765319221100194,34.001844899131754],[-6.8765366945925042,34.001829997864263],[-6.8765443104278168,34.001814251392922],[-6.8765529551977176,34.001803169971282],[-6.8765663504949002,34.001792212943243],[-6.8765820070676815,34.001781205816329],[-6.8765959590415795,34.001772165945503],[-6.8766072111728427,34.001765024792398],[-6.8766311006230287,34.00175438690993],[-6.876652578322302,34.001747753857053],[-6.8766713144775879,34.001743433076086],[-6.8766864399758205,34.001740111745832],[-6.8766988239330544,34.001739102689939],[-6.8767196270602788,34.001739101921423],[-6.8767356553421024,34.001741688114976],[-6.8767536752286516,34.001744413172631],[-6.8767656553674312,34.001749846525144],[-6.8767721604299847,34.001754894366279],[-6.8767817959186743,34.001761206731224],[-6.876785650848074,34.001762729674027],[-6.8767924082011112,34.001765290749084],[-6.8767980267789151,34.001766728870692],[-6.876803621040608,34.001770878345155],[-6.8768079909875626,34.001774733804979],[-6.8768193647154678,34.001783671810081],[-6.8768298936437953,34.001788585639659],[-6.8768450621664226,34.00179716415655],[-6.8768562402537166,34.001798157053138],[-6.8768700500407647,34.00180037886247],[-6.876883159606983,34.001799629095544],[-6.8768952565385515,34.001796512992499],[-6.8769213992196034,34.001790833213995],[-6.8769336233734046,34.001786473711846],[-6.8769501225406851,34.001779490738166],[-6.8769693897309736,34.001767485003391],[-6.8769828012630452,34.00175882483996],[-6.876996010213305,34.001747228721428],[-6.8770105522401952,34.001732386334538],[-6.8770210450441409,34.001720391130277],[-6.8770241660645111,34.001714347784272],[-6.8770245271100734,34.001708320739446],[-6.8770225862603809,34.001702757342223],[-6.8770184512126384,34.001694118227647],[-6.8770106892077951,34.001684180764805],[-6.8770014586095263,34.001671426890233],[-6.8769979727292254,34.001658867744872],[-6.8769970942363727,34.00165024886369],[-6.8769939127671069,34.001642093642374],[-6.8769874747641779,34.001633919088064],[-6.8769760593523452,34.001625395554413],[-6.8769534391169413,34.00160627527336],[-6.8769463436674654,34.00159471467294],[-6.8769437859761693,34.001585350786371],[-6.8769405454688881,34.001575314025175],[-6.8769376753519351,34.00156655447671],[-6.8769359867945363,34.001558504312342],[-6.8769360271323858,34.001545775531746],[-6.8769380163004028,34.001533600083761],[-6.8769375937575008,34.001525430377427],[-6.8769370450728928,34.00151850405382],[-6.8769363437693123,34.001515532491894],[-6.8769345290865429,34.00150872661186],[-6.8769352199231228,34.001504391223556],[-6.8769401208911054,34.001500560867512],[-6.8769540901727808,34.00149381875427],[-6.8769657148088337,34.001487955657211],[-6.8769898564207743,34.001474830939557],[-6.8770049724700275,34.00146420260743],[-6.8770302608589002,34.001447192570282],[-6.8770558721252719,34.001436884238082],[-6.8770801492300739,34.0014298221814],[-6.8770959411789407,34.00142487676559],[-6.8771209946552112,34.001412651274364],[-6.8771752595264788,34.001381811905432],[-6.8771921301033601,34.001376107901741],[-6.8772072555177717,34.001372786508135],[-6.8772209724680176,34.001368530229314],[-6.8772348989392222,34.001362202554013],[-6.8772446754472121,34.00135725318416],[-6.8772546636258305,34.001350231491308],[-6.8772643035152914,34.001339219454152],[-6.8772668250572426,34.001331674314741],[-6.87726943103549,34.001323299347206],[-6.8772750644812399,34.001314719130541],[-6.8772845122573054,34.001308077187062],[-6.8772965743232932,34.00130036634922],[-6.8773172497915969,34.001289293637917],[-6.8773383130643904,34.00128179683518],[-6.8773584412301734,34.001276113021511],[-6.8773786527615339,34.001269600290854],[-6.8773968563617833,34.001260649987891],[-6.8774149592034712,34.001250231699153],[-6.8774287247329129,34.001240553591593],[-6.877495193501372,34.001190741516389],[-6.8775205661642618,34.001172902451962],[-6.8775432828341687,34.001156545836345],[-6.8775625566908722,34.001139530855035],[-6.8775776552359513,34.001126606457177],[-6.8775898930330523,34.001112228584752],[-6.8775934525597204,34.001104338401234],[-6.8776039694832116,34.001089630889702],[-6.8776224760162261,34.001072770150898],[-6.8776890612586188,34.001014409425153],[-6.8777782800016993,34.000952835256754],[-6.877794745231907,34.000941258362737],[-6.8778066219941945,34.000932908418662],[-6.87782898338014,34.000917571461855],[-6.8778500787546379,34.000902354052123],[-6.8778761351767734,34.000885188672406],[-6.8779016443320469,34.000873412194956],[-6.8779157986312081,34.000867308127177],[-6.8779348121502153,34.000857789020685],[-6.8779491179490702,34.000847731099746],[-6.8779595260563537,34.000836563838192],[-6.8779672006446964,34.000822700616212],[-6.8779683136638328,34.00081422148773],[-6.8779655695943873,34.000804218576135],[-6.8779659221980252,34.000790885450591],[-6.8779693207333938,34.000779643943524],[-6.8779751726060008,34.000763983118055],[-6.8779852762432192,34.000748411930658],[-6.8780034111299306,34.000730273034435],[-6.8780254262743004,34.000710945673539],[-6.8780440925090716,34.00069743619482],[-6.8780610806396787,34.000683182612121],[-6.8780732697568698,34.00067422830066],[-6.8780814086394075,34.000668120318849],[-6.8780897591708721,34.000659940012206],[-6.8780977809478641,34.000650066234606],[-6.8781006981737214,34.000641087820746],[-6.8781010174445241,34.000635474325833],[-6.8780980813009798,34.000629841514254],[-6.8780935841631594,34.000627230396539],[-6.8780871392604785,34.000624064147509],[-6.8780838305352541,34.000617153249486],[-6.8780864780937261,34.000608363805526],[-6.8780944650569067,34.000593896233262],[-6.8781134247351394,34.000565170274719],[-6.8781252502662813,34.000549928692635],[-6.8781348065963837,34.000539745499594],[-6.8781449101790182,34.000524174298008],[-6.8781547857861023,34.000508378509821],[-6.878163850896355,34.000480837104767],[-6.8781671127163433,34.000463532924236],[-6.8781710747895124,34.000449200312531],[-6.8781713508516251,34.00043168694522],[-6.8781703862735579,34.000411581764631],[-6.878167472868113,34.000390922368425],[-6.8781672581592783,34.00036836513258],[-6.878169256615779,34.00036349662571],[-6.878172790703343,34.000358317791139],[-6.8781789227182459,34.00034977313377],[-6.878189971903784,34.000339694979736],[-6.878203097117793,34.000328927642315],[-6.8782195621732267,34.000317350689734],[-6.8782348884493123,34.000304650794284],[-6.87826450295033,34.000279594236829],[-6.8783067708273276,34.000253339486555],[-6.8783514191796806,34.000230799460198],[-6.8783766625200782,34.000226519785407],[-6.8783848778580943,34.00022459202242],[-6.8783957480525437,34.000221181799098],[-6.8784036752436801,34.000217147022106],[-6.8784137190567876,34.000212008614092],[-6.878429675303714,34.000205407929109],[-6.8784783355503452,34.000182738445872],[-6.8785167773138927,34.000171872554098],[-6.8785346164153491,34.000168950976516],[-6.8785470998018763,34.000169408831248],[-6.8785582338560545,34.000170816059615],[-6.8785739911555011,34.000173591002991],[-6.8785876735141285,34.000177055120417],[-6.8786073042076712,34.000183649832614],[-6.8786148287635864,34.000186055650822],[-6.8786204646726503,34.000189789687482],[-6.878624253612486,34.000194437485405],[-6.8786276884649427,34.000200104083433],[-6.8786294441411906,34.000205026600447],[-6.8786306790191754,34.000212625747402],[-6.8786314927596166,34.000224367716356],[-6.8786343038757947,34.000231242986892],[-6.8786426501161761,34.000240383408567],[-6.8786492559338495,34.000246898236142],[-6.8786623504758602,34.000256163898847],[-6.8786745516177401,34.000266827204086],[-6.8786794376820417,34.000273013296088],[-6.878686744843117,34.00028249877343],[-6.8786901565133354,34.000290875810038],[-6.8786900409668066,34.000299423443437],[-6.8786894288647318,34.00030793545028],[-6.8786898953937934,34.000315689769806],[-6.8786934563700832,34.000320112980646],[-6.8786984268607636,34.000325469242419],[-6.8787087277151908,34.000330156528634],[-6.8787201246077236,34.0003363821222],[-6.8787396397901572,34.000351523544822],[-6.8787496884063755,34.000358696696189],[-6.8787543048310145,34.000365072657836],[-6.8787577824584103,34.000370324781727],[-6.8787609893380308,34.000375765889366],[-6.8787662295015926,34.000380933177183],[-6.8787692152566153,34.000381142349426],[-6.8787712474420557,34.000380867640615],[-6.8787784016079927,34.000381996240833],[-6.878784870756748,34.000382450198003],[-6.8787972454849688,34.000386448310373],[-6.8788106339673094,34.000392812729302],[-6.8788184641272743,34.000399622444185],[-6.8788245560054602,34.000403805640325],[-6.8788301491782624,34.000407954137557],[-6.878835389347878,34.000413121422383],[-6.8788370025856249,34.000416990411118],[-6.8788389619990733,34.000424848864121],[-6.8788375641299782,34.000431219148226],[-6.8788348596864433,34.000438124339773],[-6.8788335811013823,34.000448259490817],[-6.8788347974938393,34.000453561750462],[-6.8788389231341478,34.000454894745083],[-6.8788424898690996,34.000454309712097],[-6.8788479046747382,34.0004528118032],[-6.8788553944264557,34.000450624713665],[-6.8788618461557629,34.000448781769478],[-6.8788710984432653,34.00044650984173],[-6.8788810161429925,34.00044261478196],[-6.8788926372758326,34.000436752443875],[-6.8789023270152398,34.000432633699695],[-6.8789107275755823,34.000431344957008],[-6.8789183782730463,34.000432507371499],[-6.8789241820145604,34.000434584453046],[-6.8789274559310876,34.000436900632913],[-6.8789330676202702,34.000443346010037],[-6.8789369826994999,34.000446750412756],[-6.8789442793135844,34.000448931626643],[-6.8789516603631196,34.000450283912301],[-6.8789615121347722,34.000449514658506],[-6.8789803454430309,34.000446662452518],[-6.8789918162113839,34.000444754845425],[-6.8789995328499831,34.000442792344259],[-6.8790053434126159,34.000439861169809],[-6.8790093497627316,34.000437429291956],[-6.879013127071433,34.000434773744303],[-6.8790160779861766,34.000430390017634],[-6.8790169539409742,34.000426694572283],[-6.8790169596915565,34.000421687234478],[-6.8790167627978454,34.000413743944883],[-6.8790183886273422,34.000407598242845],[-6.8790224666484621,34.00039703321427],[-6.8790294470879916,34.00038750716832],[-6.8790341014301788,34.000381156161652],[-6.8790381309556698,34.000376013842384],[-6.8790430723758176,34.000371769859385],[-6.8790481145614288,34.000368992956751],[-6.8790577209191612,34.000365702213905],[-6.8790639874376538,34.000363221106532],[-6.8790691742447088,34.000361497702251],[-6.8790729098726509,34.000359256610267],[-6.8790750681661397,34.000357738511077],[-6.8790765852962501,34.000355132189391],[-6.8790771314248174,34.000349745091619],[-6.8790779657159522,34.000346465005038],[-6.8790777862474801,34.000340818612706],[-6.8790803228684307,34.000335570356981],[-6.8790831302517761,34.000330134018327],[-6.8790917054130638,34.000322180069681],[-6.8790992610671555,34.000316867152847],[-6.8791065459884253,34.000311744121952],[-6.8791122129983844,34.000307759430505],[-6.8791144140632392,34.000305827761956],[-6.8791158895159441,34.000303635897296],[-6.8791165791820932,34.000299302311248],[-6.8791169817674973,34.000292861701247],[-6.8791167178478219,34.000288043335132],[-6.8791178392176908,34.000286870272049],[-6.8791191885612086,34.000285921792916],[-6.8791210355275796,34.000285008024107],[-6.8791279015111746,34.000284028691624],[-6.8791319242000828,34.000283893719931],[-6.8791433949435472,34.000281986098877],[-6.8791752539676576,34.000261893861733],[-6.8791878169495684,34.000249212039826],[-6.8791913071468116,34.000244448561176],[-6.8791978016113307,34.000242191129168],[-6.8792044570507098,34.000243284106141],[-6.8792122338582882,34.000243204018794],[-6.8792216538968667,34.000239274221741],[-6.8792316802449127,34.000231839752431],[-6.8792369155360671,34.000224694532513],[-6.8792398062401414,34.000218428373152],[-6.8792411787538557,34.000214769451965],[-6.8792405618294641,34.000210969875141],[-6.87923606576165,34.00020835878523],[-6.8792291395932432,34.00020745569654],[-6.879221944858978,34.000206742468571],[-6.8792166630039535,34.000201989657093],[-6.8792170830157069,34.000197845944108],[-6.8792223542574593,34.000195294507037],[-6.8792435563426633,34.000188852747293],[-6.8792704924151558,34.000175300459546],[-6.8792796659513469,34.000168849189613],[-6.8792831989128693,34.000163672139493],[-6.8792855745533412,34.000155074371655],[-6.879286018799986,34.000148219303114],[-6.8792854435639663,34.000144006170451],[-6.8792847664448944,34.000138324166578],[-6.8792826566529577,34.000134420460711],[-6.8792804624141421,34.000131344781202],[-6.8792813800445582,34.000127235777647],[-6.8792864649808729,34.000124045296417],[-6.8792986359750046,34.000125108322436],[-6.8793066164926397,34.000127963266429],[-6.8793157183758931,34.000129645144966],[-6.8793318956980078,34.000128276279654],[-6.8793538661115576,34.000121679323783],[-6.8793633278046116,34.000117335058192],[-6.8793708834396403,34.000112023026297],[-6.8793753271912141,34.00010774341871],[-6.8793782780765866,34.00010335968296],[-6.879378698080159,34.0000992159693],[-6.8793771275809048,34.000094932516596],[-6.8793742494180217,34.000091183088117],[-6.8793715992293576,34.000087658243132],[-6.8793726198066762,34.000085017195445],[-6.8793751738561619,34.00008206673256],[-6.8793792635274267,34.000078805927124],[-6.879385656120645,34.000075081417521],[-6.8793926713569862,34.000070148243736],[-6.8793995430490673,34.000064161557816],[-6.8794067271444659,34.000057570526756],[-6.879412232073844,34.000050236326558],[-6.8794176953284545,34.000043316583778],[-6.8794251918248177,34.000036121206811],[-6.8794339938171172,34.000028391830071],[-6.8794419451913287,34.000021646533412],[-6.8794506047193309,34.000012863631021],[-6.8794669274600491,33.999995229320923],[-6.8794734276229628,33.999987964535713],[-6.8794851815644007,33.999975851404209],[-6.8794930136173775,33.999965341237093],[-6.8794994721025517,33.999958490908277],[-6.8795065717522546,33.999952728799556],[-6.8795134260005577,33.999944446111115],[-6.8795269666867789,33.999929536773543],[-6.8795322261815386,33.999919681086709],[-6.8795341632855544,33.999912931044577],[-6.8795370782036862,33.999903954423793],[-6.8795457502331718,33.999885156823986],[-6.8795494149737966,33.999873728139143],[-6.8795522882160114,33.999865165975628],[-6.8795576495605326,33.999856777355205],[-6.8795607924481024,33.999848025316837],[-6.8795627712213454,33.999840860816263],[-6.8795643553284851,33.999835129563664],[-6.8795644037878301,33.999829706852474],[-6.879563744111703,33.999826322648943],[-6.8795616517427058,33.999824714943472],[-6.8795597873475502,33.999823331821112],[-6.8795585050168135,33.999821155380658],[-6.8795579297544025,33.999816941347007],[-6.8795603228014288,33.999810640470635],[-6.8795680704018549,33.999800959226576],[-6.8795744444403129,33.999794937821861],[-6.8795836189963708,33.999788486515925],[-6.8795931048857444,33.999781431778523],[-6.8796007865632545,33.999774875444118],[-6.879606123684562,33.999769199078671],[-6.8796117130069687,33.999761035940459],[-6.8796169065658574,33.999754305161233],[-6.8796232203972876,33.999746401326696],[-6.8796361373133985,33.999732700654157],[-6.8796439091409844,33.999720308951126],[-6.879646176063436,33.999715250557543],[-6.8796485167799748,33.999702059887241],[-6.8796542571994221,33.999672623076414],[-6.8796642610622216,33.999650580083724],[-6.8796666124245824,33.999644693662823],[-6.8796710550704816,33.999640414958414],[-6.8796744191169825,33.999636894851669],[-6.8796792585902935,33.999631182872953],[-6.8796807340173034,33.999628991001089],[-6.8796822753578581,33.999623674217219],[-6.8796831096191884,33.999620394125685],[-6.8796869663436215,33.999604597137207],[-6.8796893177032041,33.999598710715766],[-6.8796904875077187,33.999592114935453],[-6.8796921966187385,33.999585140307047],[-6.8796904223655693,33.99957792091859],[-6.8796889362874936,33.999572808540329],[-6.8796850037717192,33.99956710726196],[-6.879683205293583,33.999562599229222],[-6.8796819044345856,33.999558125904599],[-6.8796813719228389,33.999553497400434],[-6.8796828705070343,33.999548595087049],[-6.8796854081663321,33.999543347706485],[-6.8796876925283525,33.999540586209818],[-6.8796930470609903,33.999537205836525],[-6.8797022575574998,33.999535348304533],[-6.8797152210461201,33.999533544754705],[-6.8797179186141264,33.999531647795784],[-6.8797215106279257,33.999528352270531],[-6.8797236514419033,33.999524537261649],[-6.8797258175782048,33.999518011785696],[-6.8797240433389639,33.999510793299194],[-6.8797208178854943,33.999503054427436],[-6.8797187497614489,33.999498736270091],[-6.8797150452202862,33.999493259575402],[-6.8797005664777604,33.999480349611282],[-6.8796982276119873,33.999476220439533],[-6.8797001657758763,33.99946947038093],[-6.879704153547503,33.999464742496343],[-6.8797085128226687,33.999461291804522],[-6.8797122067080156,33.999459464248915],[-6.8797157559796203,33.999456584096137],[-6.8797175427200319,33.999453787890864],[-6.8797185875041942,33.9994484354837],[-6.8797183410010403,33.999445914015432],[-6.8797190317130745,33.999441580411826],[-6.8797216527111695,33.999435504114444],[-6.8797273011209574,33.999429223410203],[-6.8797321996989407,33.999425393869231],[-6.8797414946094015,33.99942270740565],[-6.8797478201451678,33.999422107801728],[-6.8797524248378688,33.999421178589316],[-6.8797556627742527,33.999418901866612],[-6.8797587881776767,33.999407852923753],[-6.8797579849351944,33.999403414307473],[-6.8797588191915491,33.999400134215115],[-6.8797608823646126,33.999392140781595],[-6.8797619086296153,33.999384492390263],[-6.87976210741326,33.999375115837026],[-6.8797619695741359,33.999369054985657],[-6.8797615873961648,33.999360472640504],[-6.8797614563473681,33.999349404436494],[-6.8797615774948797,33.999335849459186],[-6.8797611283239659,33.999330392039028],[-6.8797603678365027,33.999325538951922],[-6.8797597081566524,33.999322154748803],[-6.8797576400196263,33.999317835690064],[-6.8797534553144475,33.999314621186592],[-6.8797478368462492,33.999313183196193],[-6.8797379261058582,33.999312070973566],[-6.8797316664742878,33.999309544762909],[-6.8797267978521948,33.999305656509669],[-6.8797165572509398,33.999302850831114],[-6.879710255948571,33.999300739077341],[-6.8796996855174122,33.999296241746585],[-6.879695812132276,33.999292422908269],[-6.8796932891365339,33.999287654669608],[-6.879690993046454,33.999283111928413],[-6.8796908377658852,33.999274754178536],[-6.8796920492533467,33.999267744841184],[-6.8796937166704515,33.999261183768162],[-6.8796961096924116,33.999254882887868],[-6.8796981739657923,33.999246890343819],[-6.8796979100170725,33.999242071977037],[-6.8796943073616994,33.99923806325085],[-6.8796868245301326,33.999235243038676],[-6.8796781359233892,33.999234424823328],[-6.879651736710314,33.999235284935423],[-6.8796378371329485,33.999238900600972],[-6.8796231528477625,33.999240374533045],[-6.8796139851512494,33.999241818490418],[-6.8796001525548514,33.999242308324817],[-6.8795900555248268,33.999240557049369],[-6.8795816191196808,33.9992372520543],[-6.8795754856140379,33.999233483351006],[-6.8795687351771813,33.999225915070767],[-6.8795665060800149,33.999218246500284],[-6.8795668658717002,33.999212220356952],[-6.87956903092934,33.999205694895721],[-6.8795739790427399,33.999196442635288],[-6.8795776369651946,33.99919002220129],[-6.8795867940286524,33.999181274896998],[-6.8795928381765457,33.999173560936981],[-6.879602979825159,33.999157578797082],[-6.8796016789763472,33.999153105470931],[-6.8796012298164166,33.999147648049878],[-6.8795985194633102,33.999142241682435],[-6.8795922249755339,33.999135122569555],[-6.8795874233533194,33.999128108483667],[-6.8795823335457245,33.999118986484845],[-6.8795818242036439,33.99911164753761],[-6.8795896319384182,33.999103848717382],[-6.8795942608597942,33.999100209056024],[-6.8796000781121647,33.999092270499474],[-6.8796038030115518,33.999082724237347],[-6.8796041026007426,33.999074815665864],[-6.8796037378839383,33.999068530217691],[-6.8796011547158207,33.999061880450789],[-6.8795992369366781,33.999053607547715],[-6.8796014678887527,33.999043956271187],[-6.8796043168548131,33.999038104558529],[-6.8796081610676554,33.999032323164393],[-6.8796126279130352,33.999025333104676],[-6.8796142120020205,33.99901960184971],[-6.8796139908136116,33.999014369011569],[-6.8796116587787104,33.999005233385944],[-6.8796095925264726,33.998983595378675],[-6.8796030098784522,33.998974369254988],[-6.8796011939726291,33.998967564321482],[-6.8795965775754366,33.998961189289417],[-6.8795914461196039,33.998952482650061],[-6.8795905421009849,33.998946576049327],[-6.8795894507163222,33.998940031321837],[-6.879589566172589,33.998931483683243],[-6.879590675792091,33.998923006376124],[-6.8795930445682991,33.998919415951839],[-6.879597260291991,33.998914912652914],[-6.8796021414025867,33.998908786217655],[-6.8796080177580894,33.998902730100795],[-6.8796163473146184,33.998892254630171],[-6.8796220210068411,33.998883262560021],[-6.8796250619808603,33.998873042546961],[-6.8796241985657787,33.998866722402802],[-6.8796234797623024,33.998861454856019],[-6.8796228870736851,33.998854944824231],[-6.879621232142302,33.998851489399605],[-6.8796183551081338,33.998847740863916],[-6.8796160764627308,33.998845494117568],[-6.8796109809677723,33.998841380361462],[-6.8796038939163084,33.998837126882464],[-6.8796000633107877,33.998832893569741],[-6.8795964906223244,33.998821166142662],[-6.8795964372230536,33.998814276361145],[-6.8795973975795723,33.998809752882451],[-6.879603543572185,33.998803506890823],[-6.8796086109748682,33.998798019496213],[-6.879611795491412,33.998788852995141],[-6.8796135045929496,33.998781878365754],[-6.879617618437206,33.998775907095954],[-6.8796205275928841,33.998771937810282],[-6.8796239332800555,33.998768003245679],[-6.8796301811243614,33.998763224320896],[-6.8796374078649061,33.998756219704298],[-6.8796419416754366,33.998746103815321],[-6.8796440707580384,33.99873498546868],[-6.8796512013214803,33.998721504638567],[-6.8796566470279314,33.99871228798321],[-6.879665869931344,33.998700414856728],[-6.8796764595909137,33.998689890142622],[-6.8796970287476382,33.998660032879137],[-6.879704776230275,33.998650351622459],[-6.8797124994710748,33.99864338082034],[-6.8797234363943707,33.998636844652118],[-6.8797299307403037,33.99863458809287],[-6.8797347216907632,33.998634297921861],[-6.8797435954549284,33.99863575518728],[-6.8797532364755671,33.998637057284846],[-6.8797665111585173,33.998634650297653],[-6.8797727358452399,33.998632582709561],[-6.879780872282609,33.998626476441643],[-6.8797902629279148,33.998612945460607],[-6.8797936753895241,33.998604003537132],[-6.8797981083973792,33.998592420560918],[-6.8798099939058854,33.998574056664275],[-6.8798143356978549,33.998568309970402],[-6.8798217290920638,33.998559647510355],[-6.8798317377448202,33.998549916089395],[-6.8798456913630011,33.998535871247874],[-6.8798609942694204,33.998520877015153],[-6.8798688261458434,33.998510366818799],[-6.8798842309195818,33.998496840553017],[-6.8799027047379884,33.998482695416079],[-6.8799221331877964,33.998469034136065],[-6.8799315772351495,33.998462393827701],[-6.8799512094145197,33.998451667581094],[-6.8799641367616884,33.998445271121376],[-6.8799805299720713,33.998436822513547],[-6.8799937522702566,33.998427525706937],[-6.8800055475983362,33.998414998061328],[-6.8800132950247654,33.998405316784655],[-6.8800423476985744,33.998373342628476],[-6.8800547599592052,33.998364614553495],[-6.8800640604210264,33.998356919821518],[-6.8800776784312436,33.998346189742598],[-6.8800987848934492,33.998333272509299],[-6.8801130023872634,33.998324045102734],[-6.8801286108495594,33.998313454745556],[-6.8801382400679598,33.998307452572789],[-6.8801527457352636,33.998300332171894],[-6.8801704212233625,33.998294059974377],[-6.8801874566451104,33.998286700445625],[-6.8801996583519562,33.998280043771167],[-6.8802162563533695,33.998274531058698],[-6.8802356526536972,33.99826858845379],[-6.8802577486179892,33.998260747947185],[-6.8802866676523662,33.998252343412716],[-6.8803130558561634,33.998244178912742],[-6.8803674590092951,33.998221703257009],[-6.8803790972096381,33.998218137675202],[-6.8803920244906687,33.99821174117077],[-6.8804049528523503,33.998205344652241],[-6.8804213459746366,33.998196895985956],[-6.8804378060463813,33.998185321488933],[-6.8804514898531624,33.998171465552822],[-6.8804621035543247,33.998158229412709],[-6.8804700186765588,33.998146891162307],[-6.8804876901398497,33.998128307310651],[-6.8804955821231131,33.998119679501528],[-6.8805038872977917,33.998111915326348],[-6.8805129169708632,33.998104410449862],[-6.8805258267566707,33.998095717032172],[-6.8805374300115538,33.998087558538899],[-6.8805520246063407,33.998074601832151],[-6.880563904223532,33.998061245202678],[-6.8805772998145951,33.998045283144357],[-6.8806000869381725,33.998015790026969],[-6.880603804939966,33.998011251086481],[-6.8806107191356549,33.998004849858269],[-6.8806171948578427,33.998000296366008],[-6.8806302898550635,33.99799224289162],[-6.8806490285096009,33.997982915094582],[-6.8806661471481814,33.997974725681289],[-6.8806795719820517,33.997968363850887],[-6.8806892624288043,33.997964244050202],[-6.8807062724505004,33.997959594918811],[-6.8807268929371164,33.997953947115512],[-6.8807439214961699,33.997951593963776],[-6.8807528193995156,33.997950339800369],[-6.880759979025779,33.997946460044226],[-6.8807656874874894,33.997942061717659],[-6.8807674808797472,33.997934257238761],[-6.8807665999162122,33.997925640200961],[-6.8807647597496286,33.997921546639446],[-6.8807621512370467,33.997917607362503],[-6.8807611036086671,33.997910648158602],[-6.8807610073686059,33.997904172846503],[-6.8807640481744468,33.997893952802059],[-6.880767857309916,33.997883577571208],[-6.8807704488874188,33.997867900106989],[-6.8807713731554685,33.997858783733548],[-6.8807736883772677,33.997848304403682],[-6.8807769746108907,33.997840604937537],[-6.8807824792841545,33.997833270670988],[-6.8807895195491264,33.997825626945811],[-6.8807952696521646,33.997820813257491],[-6.8808020577374833,33.997815655406633],[-6.8808084490053769,33.997811929932361],[-6.8808155844277232,33.997810761530793],[-6.8808240021825071,33.997811769557927],[-6.8808318389807486,33.997813570896319],[-6.880842727337086,33.997812457344168],[-6.880846918737844,33.997810664457511],[-6.8808525844223265,33.997806679696438],[-6.8808566389922623,33.997798825942944],[-6.8808613336455657,33.997792060416515],[-6.8808661729381608,33.997786348387997],[-6.8808719899864297,33.997778409768429],[-6.8808778661771193,33.997772353589411],[-6.8808832205544608,33.997768973163012],[-6.8808902123991729,33.99776675034456],[-6.8808996239834457,33.99774327842767],[-6.8809021898345986,33.997735307887503],[-6.8809043161838135,33.997729187802719],[-6.8809075407561213,33.99772460688456],[-6.8809121156795392,33.997719076552436],[-6.8809154411069038,33.997715966321422],[-6.8809206155613358,33.997711940465138],[-6.8809279076122527,33.99770681002007],[-6.8809369478484577,33.997699294163475],[-6.8809438102130756,33.997690997761829],[-6.8809512381554212,33.997679607515551],[-6.8809579985934262,33.997669841340176],[-6.8809627992266345,33.997615215022712],[-6.8809623839476792,33.99757419219052],[-6.8809622993629018,33.997565859754516],[-6.8809655491172359,33.997546234159749],[-6.8809692197916723,33.997534789115868],[-6.880973532729211,33.997524433174632],[-6.8809817541861298,33.997510172760393],[-6.8809864803311891,33.997500681353387],[-6.880987796692378,33.997495131814617],[-6.8809917731340269,33.997488096088695],[-6.8809945833999979,33.997482650645956],[-6.8809996986603066,33.997476740541636],[-6.8810079705245997,33.997469378965256],[-6.8810190439218148,33.997461588343839],[-6.8810430155939653,33.997447805534343],[-6.8810535496979339,33.997440393764037],[-6.8810641682120322,33.997432153062682],[-6.8810801299314504,33.997418225931597],[-6.8810878614443629,33.99741124502038],[-6.8810916088202365,33.997403984723192],[-6.8810942163083402,33.997395599719397],[-6.8810959973437056,33.997385483843225],[-6.8810946886303768,33.997373689102695],[-6.8810924603442363,33.997366009720729],[-6.8810891929996316,33.997358674516207],[-6.8810882306463776,33.997350874648397],[-6.8810884914933608,33.997343369668094],[-6.8810902297965892,33.997333669165016],[-6.8810895633642186,33.997322964428221],[-6.8810866927851553,33.99731419414028],[-6.8810818723469076,33.997304869694268],[-6.8810756851204049,33.99729419504613],[-6.881072832087904,33.997287725264421],[-6.8810712450021354,33.99728113589876],[-6.8810723322398628,33.997263030289083],[-6.8810705346971446,33.997258515045893],[-6.8810687360874407,33.997254000717234],[-6.8810632075906222,33.997246715690174],[-6.8810584211482171,33.997241991367396],[-6.8810522679183208,33.997235916842278],[-6.8810433373146047,33.997227558199974],[-6.8810376641650697,33.997219218771896],[-6.8810324897052144,33.997210914033509],[-6.8810270872757444,33.9972023847141],[-6.8810226383944144,33.997194339258847],[-6.8810190170452366,33.997188024663551],[-6.8810148213714371,33.997177490613957],[-6.8810127443332521,33.997165850157785],[-6.8810119091179685,33.997156805083726],[-6.8810113008060201,33.99714798550491],[-6.88100870095841,33.997139025323918],[-6.8810044460964273,33.997126606127452],[-6.8810037193864488,33.997114015354121],[-6.8810056012832392,33.997105370165812],[-6.8810109269637092,33.997097385035929],[-6.8810145055389089,33.997091784404091],[-6.8810221361864201,33.99708333371013],[-6.8810335646320979,33.997074522461894],[-6.881050057885008,33.997065230160246],[-6.8810642812390252,33.997061003532885],[-6.8810805377747801,33.997056502144432],[-6.8810888008517459,33.997054156059541],[-6.8811025857908668,33.997051779871505],[-6.88112058065414,33.997049907672881],[-6.8811364579536871,33.9970491409657],[-6.8811510276766663,33.997048910103395],[-6.8811583536378675,33.997048378866651],[-6.88116892169423,33.99704556811195],[-6.8811744249270168,33.997043237512187],[-6.8811781481627472,33.997038692177043],[-6.8811790425287569,33.997037291795664],[-6.8811792113191563,33.997035632131521],[-6.8811773282977997,33.997031946734367],[-6.8811754880231479,33.997027846865585],[-6.8811780713748281,33.997022176824458],[-6.8811857600980755,33.997015610377758],[-6.8811958129972544,33.997010464411716],[-6.8812034940668756,33.997008913449129],[-6.881212273371335,33.997008902552203],[-6.8812236010103804,33.997010952101824],[-6.8812457082591481,33.997020444649479],[-6.8812548744954318,33.997024013274853],[-6.8812672159794648,33.997028432718345],[-6.8812786028045814,33.997032366507561],[-6.8812868406776388,33.997032735387982],[-6.8813009116944297,33.997032468917524],[-6.8813105009711837,33.99703188746355],[-6.8813177677467348,33.997029471972958],[-6.8813298800834461,33.997021335339952],[-6.881342667551289,33.997006559146683],[-6.8813459172834683,33.996999264139255],[-6.8813476303567249,33.99699227860976],[-6.8813464991972317,33.996986138407301],[-6.881343603424253,33.996980084004321],[-6.8813402100314933,33.996973993998033],[-6.8813386229312616,33.996967404634965],[-6.8813397792007027,33.996958499257651],[-6.881346480339789,33.996946847912398],[-6.8813570395665851,33.99693672203837],[-6.8813651677717456,33.996928306024515],[-6.8813718196159268,33.996922085523771],[-6.8813770356495851,33.996917644286818],[-6.8813812302132078,33.996915849539917],[-6.8813859826483261,33.996915973726061],[-6.881389738791996,33.996916028522065],[-6.8813965419432259,33.996918177548544],[-6.8814095246018283,33.996923686091918],[-6.8814213246469542,33.996928485303592],[-6.8814341045139908,33.99693105338406],[-6.881446056875097,33.996931892409215],[-6.8814618749486307,33.996929240514469],[-6.8814766802572542,33.996924218708813],[-6.8814871715463628,33.996917223175728],[-6.8814952153450806,33.996909636985677],[-6.8814992585555839,33.996899470902918],[-6.881498405752204,33.996888126226018],[-6.8814958223348652,33.996881466573932],[-6.8814881236372285,33.996868387347469],[-6.8814806364558381,33.996853233082412],[-6.8814497648588473,33.996784400815159],[-6.8814316732279304,33.996730466320287],[-6.8814297988574538,33.996709436628734],[-6.8814241848095206,33.996690651760296],[-6.8814211717224376,33.996680827052735],[-6.881418385539007,33.996671227839641],[-6.8814172620176546,33.99666007215113],[-6.8814163664974828,33.99664914284611],[-6.8814151509450729,33.996643832475776],[-6.8814111163646654,33.996636652455159],[-6.8814046507902829,33.996631183198161],[-6.8813976865313347,33.996625679252283],[-6.8813892283668583,33.996620070312943],[-6.8813804413711495,33.996612766105265],[-6.8813739582484255,33.996604996339492],[-6.8813646221108833,33.996590757698307],[-6.8813584425428314,33.996575067575179],[-6.8813555467827134,33.99656901317158],[-6.8813542051945484,33.996564947993427],[-6.8813540867964704,33.996561177700315],[-6.8813556738352455,33.996555438264224],[-6.8813595899224094,33.996546517390371],[-6.8813639027643969,33.996536161431848],[-6.8813691264476846,33.996526706511887],[-6.8813721317053442,33.996516885500526],[-6.8813729504094638,33.996511300352516],[-6.8813709665598353,33.996506146073301],[-6.8813663905592923,33.996499345833904],[-6.8813634706900375,33.996496006396477],[-6.8813609037483889,33.996491646359011],[-6.881362119208414,33.996484626126545],[-6.881364929418738,33.996479180673425],[-6.8813688378598545,33.996475275285242],[-6.8813740122347991,33.996471250310066],[-6.8813799713802686,33.996469369762863],[-6.8813878803683153,33.99646804336885],[-6.8814048371709218,33.99646651709962],[-6.8814202167440941,33.996465714753292],[-6.8814381281849686,33.996464673229966],[-6.881453549419918,33.996463456420557],[-6.8814715287798274,33.996459284539966],[-6.8814835906427021,33.99645657784847],[-6.8814973316642938,33.996454617002783],[-6.8815118157972641,33.996455215041955],[-6.8815322514392436,33.996458948011387],[-6.8815488630418438,33.996465756538839],[-6.8815630699146322,33.996471559937575],[-6.8815741026574777,33.996476513412382],[-6.8815889583748824,33.996478392238195],[-6.8816005390948014,33.996477950453233],[-6.8816079669538714,33.996478889864811],[-6.8816178006288853,33.996480834388706],[-6.8816234222081532,33.996482273160112],[-6.8816253304220538,33.996483243572236],[-6.8816294745734865,33.996486877873124],[-6.8816304029461062,33.996490077613736],[-6.8816284619198758,33.996496837666903],[-6.8816256682014867,33.996504583645908],[-6.8816199130496347,33.996521734354253],[-6.8816175325416635,33.996530344865995],[-6.8816175161889692,33.996540374949404],[-6.881623290201011,33.996550184139167],[-6.881633816645663,33.996560118407018],[-6.8816488072354636,33.99656806623517],[-6.881691612104663,33.996586117259298],[-6.8817535691804625,33.996605720285274],[-6.8817675645986043,33.996613599600884],[-6.8817765620353155,33.996618827853816],[-6.8817819896981201,33.99662464306553],[-6.8817829608059835,33.996627427431292],[-6.8817869110277119,33.996635437272552],[-6.8817880432962886,33.996641577459052],[-6.8817889377959549,33.996652507676018],[-6.8817855204184459,33.996661462348257],[-6.8817797893858996,33.996675898096811],[-6.8817771052452814,33.996680099267223],[-6.8817735180199326,33.996690714518749],[-6.8817696951885008,33.996706119774764],[-6.8817697807897114,33.996717619630289],[-6.8817701941488547,33.996730814765314],[-6.8817671056221297,33.996741465605147],[-6.8817584295067444,33.996755276903315],[-6.8817552982339762,33.996766342214634],[-6.8817626418584235,33.99678044115003],[-6.8817745954300591,33.99679361073337],[-6.8817817362690903,33.996804770109364],[-6.8817905156852026,33.996817088872348],[-6.881803160813071,33.996825917607012],[-6.8818178313515759,33.996827156452561],[-6.8818303481309231,33.996824899801268],[-6.8818470616088208,33.996820847458835],[-6.8818608705859559,33.996815756221267],[-6.8818748899831839,33.996808589956188],[-6.8818915353888661,33.996795337357945],[-6.8818959238740067,33.996789167048],[-6.8819010641938556,33.996780541024833],[-6.8819026336344464,33.996772501075405],[-6.8819030390910969,33.996766051392498],[-6.8819023627714744,33.996760361267413],[-6.8819011055428563,33.996755466262769],[-6.8819034433013409,33.996747271119965],[-6.8819065823140226,33.996743520019855],[-6.8819142041514016,33.996740084769037],[-6.8819261400068878,33.996738623228673],[-6.8819406493658981,33.996736506239394],[-6.8819576324689402,33.996732264903862],[-6.8819682004456517,33.996729453179704],[-6.8819775868873077,33.996725932116654],[-6.8819884069415345,33.996720630905493],[-6.8819967806057312,33.996714739936039],[-6.8820012118064886,33.996708154248616],[-6.8820021400327969,33.996699024285277],[-6.8820035231353067,33.996690344394509],[-6.8820062324389966,33.996683428240338],[-6.8820095664902858,33.996675303382062],[-6.882014850392344,33.996667732667348],[-6.882026691899255,33.996659785858803],[-6.8820382561694657,33.996657044415237],[-6.8820470935697626,33.996658918618806],[-6.8820513648759434,33.996661308600785],[-6.8820568428886313,33.996661692940876],[-6.8820665165057502,33.99666028159622],[-6.8820732856106339,33.996657830461068],[-6.8820808482190889,33.996652510053842],[-6.8820865036865628,33.996646219228282],[-6.882088985010407,33.996639078493359],[-6.8820878110765129,33.996633353670354],[-6.8820813279043991,33.99662558484296],[-6.882078744450201,33.996618925202313],[-6.8820780099881,33.996611349918844],[-6.8820813012878999,33.996603639530392],[-6.8820876823422452,33.99659760888391],[-6.8820972375213767,33.996592427244416],[-6.8821080334638136,33.996589840988889],[-6.8821240542720377,33.996590129469823],[-6.8821381844306364,33.996591748051451],[-6.8821485157178639,33.996593726330367],[-6.8821625866609493,33.996593459763098],[-6.8821745214248891,33.996591999113441],[-6.8821806833650756,33.996593058086077],[-6.8821888971148955,33.996596141873461],[-6.8821995583501092,33.996599816302705],[-6.8822082937891071,33.99660021982082],[-6.8822190897291264,33.996597633555659],[-6.8822279774608548,33.996594077788458],[-6.882231902345044,33.996592471991704],[-6.8822391877158129,33.996592356941449],[-6.8822465728503417,33.996593710787117],[-6.8822500341836506,33.996596670417048],[-6.8822572429592608,33.996604699413993],[-6.8822651608493048,33.996610688970598],[-6.882274268947862,33.99661237236301],[-6.8822811816465954,33.996610976529759],[-6.8822897153775138,33.996608441373439],[-6.8822959276495226,33.996604070382261],[-6.8822991093810719,33.996599904800092],[-6.8822961378413172,33.996589664752307],[-6.8822948630319516,33.996582470145995],[-6.8822971163646232,33.996575104828239],[-6.8823016900564351,33.996569574455783],[-6.8823070672017668,33.996568488999777],[-6.8823139798964839,33.996567093164693],[-6.8823275783801208,33.996564076000332],[-6.8823326683321921,33.996560880818642],[-6.8823380695419054,33.996557079493329],[-6.8823413532310278,33.996554384584073],[-6.882346383961516,33.996549304255716],[-6.8823505444142787,33.996542908449157],[-6.8823543935933058,33.99653711788423],[-6.8823613401143389,33.996527991568271],[-6.8823708009224953,33.996516325550921],[-6.882376540743337,33.996509204878926],[-6.8823792073018319,33.99650270499172],[-6.882381275378278,33.996494699720081],[-6.8823811228764562,33.996486329302435],[-6.882378108605681,33.996476504629939],[-6.8823733056384429,33.996469479836087],[-6.8823685870552254,33.996461625209037],[-6.8823660463090981,33.996454550200077],[-6.8823648131386079,33.996446940233142],[-6.8823671167865461,33.996434144955259],[-6.8823739951955387,33.996415819289069],[-6.88238402256128,33.99640105760183],[-6.8823946056797798,33.996388216671789],[-6.8824111324974311,33.996371194611662],[-6.8824175638332639,33.996359733989237],[-6.8824265105167317,33.996345732749504],[-6.8824379638831825,33.996334206391431],[-6.882455460725434,33.996319968698963],[-6.8824700454789856,33.996309706709859],[-6.8824861252138456,33.996299549686306],[-6.8825144344483729,33.996285027117871],[-6.8825302445442436,33.996275059969733],[-6.8825528642715366,33.996262227211517],[-6.8825795535434295,33.996248843941558],[-6.8826006980070185,33.996238205788487],[-6.8826497462706682,33.996219495620679],[-6.8826610562393213,33.996219243631963],[-6.8826705862052524,33.996216777829197],[-6.8826803857840639,33.996214121242495],[-6.8826865136435815,33.996210580966377],[-6.8826925822748954,33.996205155543699],[-6.8826967437682391,33.996198759711973],[-6.8826982035929527,33.996194264563762],[-6.882698928904925,33.99618219413442],[-6.8827042705850339,33.996164177943101],[-6.8827129300018077,33.996148066957922],[-6.8827246615785391,33.996131335191301],[-6.8827380647363112,33.996120363839232],[-6.8827486577791097,33.996114837970637],[-6.8827585844463881,33.996110936170368],[-6.8827688816263084,33.99610831517424],[-6.8827838468194953,33.996106648143893],[-6.8828041639738879,33.9961066106139],[-6.8828160153641029,33.996105979723566],[-6.8828303985770614,33.996105107825358],[-6.8828393871045677,33.996103021799122],[-6.882843793062853,33.996099151060051],[-6.8828445700283378,33.996093981262739],[-6.8828392518534747,33.996084621282726],[-6.882830548085896,33.9960764873546],[-6.8828226729438517,33.996070083360252],[-6.8828169831916188,33.996059443488875],[-6.8828156653308383,33.996040333654705],[-6.8828204250149527,33.99602311349696],[-6.8828301977619564,33.9959985115809],[-6.8828414819910853,33.995976315147189],[-6.8828518883795153,33.99595781872474],[-6.8828575923743767,33.995921437605176],[-6.8828617941152173,33.995902296714313],[-6.882868140693815,33.995879336195536],[-6.8828721482423321,33.995852240246215],[-6.8828766131162693,33.995837924045389],[-6.8828878710841881,33.99581844259891],[-6.8828953413341223,33.995806636855278],[-6.8829033256750929,33.995797165425302],[-6.8829188724957806,33.995782373535256],[-6.8829316508618286,33.995772611771692],[-6.8829425813430039,33.995763765649727],[-6.8829568371012098,33.995751809239323],[-6.8829658593646466,33.99574199272314],[-6.8829744091708669,33.995729426531078],[-6.8829830268394998,33.995713729984161],[-6.8829869930226675,33.995699379998044],[-6.8829925033666211,33.995679704123845],[-6.8830041339529053,33.995661502542973],[-6.8830157217972294,33.99564371543331],[-6.8830285163216418,33.995623923572332],[-6.8830444935975201,33.99559996699616],[-6.883057946898659,33.995583564745488],[-6.883076861643965,33.995565247170042],[-6.8831061324016627,33.995533864007371],[-6.8831166912363582,33.995523737077981],[-6.8831286003615588,33.995512660709117],[-6.8831401971370951,33.995502189595854],[-6.8831586231977342,33.99549115151855],[-6.8831784160624911,33.99548146452009],[-6.8831937437585911,33.995473762222737],[-6.8832061680641843,33.995465021048403],[-6.8832137304842114,33.995459699668707],[-6.8832245338026263,33.995452098729267],[-6.8832359025714496,33.995441402128272],[-6.8832450694668674,33.995432640890556],[-6.8832487322033371,33.995426210357451],[-6.8832496943744488,33.995421679605734],[-6.8832500318698937,33.995418360269888],[-6.8832522423555202,33.995411409404284],[-6.883254740067251,33.995406569163691],[-6.8832640329687207,33.995396562729056],[-6.8832781374775722,33.995388566456363],[-6.8832937096400659,33.995383389244068],[-6.8833063794819385,33.995377172242534],[-6.8833216730549891,33.995364870703938],[-6.8833274202504509,33.995352734496805],[-6.8833285587065962,33.995341529489437],[-6.8833359696145511,33.995327838570915],[-6.8833433708119633,33.995319162264394],[-6.8833531788940636,33.995311491024474],[-6.8833757566118203,33.995299073474598],[-6.8833867045779149,33.995292526918632],[-6.8833987145166793,33.995282920308107],[-6.883406639527367,33.995271564599385],[-6.8834125389260468,33.995255468198863],[-6.8834177116726023,33.995239112540858],[-6.8834215090183664,33.995226422206777],[-6.8834271211965339,33.995208216082148],[-6.8834318806986365,33.995190994994061],[-6.8834355685397224,33.995181849474193],[-6.8834404720356073,33.995178014307797],[-6.8834439836099062,33.995175543944796],[-6.8834521455638527,33.995171727917331],[-6.8834619450008789,33.995169071268435],[-6.8834789277080608,33.995164828822453],[-6.8834931922851572,33.99516018745647],[-6.8835087895202509,33.995152295236238],[-6.883523332317008,33.99514244848163],[-6.8835385500462118,33.995125961247929],[-6.8835487623334295,33.995111840312795],[-6.8835636587135767,33.995088643225444],[-6.883583112089009,33.995057615192842],[-6.8835997981459842,33.995031617288724],[-6.8836095795769063,33.995014331312909],[-6.8836230412902175,33.994992914397642],[-6.8836455075060545,33.994959381306273],[-6.883655525895672,33.99494963501126],[-6.8836627593726716,33.994942618340552],[-6.8836728204921105,33.994932457571323],[-6.8836875143589662,33.99491865061978],[-6.8837033732296353,33.994903253369188],[-6.8837100498714774,33.994894317758494],[-6.8837128850030851,33.994886157268397],[-6.8837123607865331,33.994876506959045],[-6.8837103603045513,33.994869052192527],[-6.8837124698549301,33.994860631532376],[-6.8837151197319644,33.994851831091509],[-6.8837197610805534,33.99484317030813],[-6.8837279567139422,33.994831624680508],[-6.8837403040102272,33.994818697796021],[-6.8837505930775373,33.994808761596097],[-6.8837655992508591,33.994794349376285],[-6.8837777526974309,33.994785798039857],[-6.8837858553495233,33.994780096843392],[-6.8837975539011484,33.994771094536908],[-6.883803335140259,33.994763559334906],[-6.8838036133456368,33.994758353948342],[-6.8837999667788825,33.994754754408881],[-6.8837926309285651,33.994747970704161],[-6.8837840718913208,33.994740891235843],[-6.8837773858400073,33.994730182031752],[-6.8837789220199568,33.994717541911797],[-6.8837891166046354,33.994701120446443],[-6.8838010089981365,33.994687743488925],[-6.8838157620544429,33.994675821667833],[-6.8838274013529004,33.994664935113107],[-6.8838382888710248,33.994656503382174],[-6.8838582085545195,33.994645571064169],[-6.8838588070337012,33.994647075540747],[-6.8838631712381382,33.994643620125501],[-6.8838681174019332,33.994639369566997],[-6.8838761607820675,33.994631783217621],[-6.8838821272592536,33.994624887961962],[-6.8838896805406007,33.994612251430254],[-6.8838908365173488,33.994603346021499],[-6.8838857965364006,33.99458878159534],[-6.8838767308920756,33.994574352331782],[-6.88386796792647,33.994564333324291],[-6.8838614340778017,33.994549663933341],[-6.8838605292503798,33.994531419527327],[-6.8838684285748322,33.994510448154934],[-6.8838848864706561,33.994484225631652],[-6.8838962876413801,33.994465798495156],[-6.8839096648478364,33.994445212281143],[-6.8839179864038611,33.994432420541109],[-6.8839276331115702,33.994421394334552],[-6.8839351031003,33.994409588522707],[-6.8839385794060117,33.994402518029482],[-6.8839388410806279,33.994395013022086],[-6.8839397856003171,33.99438818265633],[-6.8839440563936707,33.99437824196243],[-6.8839534323893457,33.994367405650898],[-6.8839666082164133,33.99435620866992],[-6.8839800616092894,33.994352136926125],[-6.8839955844051248,33.994352389575162],[-6.884010818907913,33.994350533414341],[-6.8840284351366634,33.994352395484398],[-6.8840410710963864,33.9943539088911],[-6.8840689821260508,33.994347127066312],[-6.8840782075439542,33.994339965920481],[-6.8840857148196308,33.994326794198209],[-6.8840855882921916,33.99431462741763],[-6.8840795146019618,33.994300845455221],[-6.8840740838424326,33.99427652181901],[-6.884071961723234,33.994252050763237],[-6.8840646933872547,33.994236219430164],[-6.8840565057060221,33.994224633353063],[-6.8840426999487807,33.994208319384114],[-6.8840286188792481,33.994185709885215],[-6.8840216117336084,33.994171857806499],[-6.8840175032484936,33.994161750305366],[-6.8840199311036949,33.994152125453255],[-6.8840247857299008,33.994132875761622],[-6.8840306720810744,33.994117231323578],[-6.8840346095359202,33.994102227763939],[-6.8840293053205643,33.994090070905642],[-6.8840192648834275,33.994082662674451],[-6.8840107644334809,33.994078504645344],[-6.8840038545159938,33.994068190424208],[-6.8839980420319584,33.994056387713954],[-6.8839944266243274,33.994041610705487],[-6.8839931863749078,33.994026616166693],[-6.8839938282443063,33.994016075407224],[-6.8840044660190527,33.993999997699881],[-6.8840125787526745,33.993990008788295],[-6.8840248515572382,33.993980719166949],[-6.8840465452128914,33.993971341400396],[-6.8840649432661101,33.99396642552982],[-6.8840896843466899,33.993954920177664],[-6.884108576539183,33.993945334781174],[-6.8841395927373572,33.993932331904347],[-6.884163578446107,33.993923514996524],[-6.8841863705972619,33.993912649604205],[-6.8841983143167997,33.993906473575741],[-6.8842177967529343,33.993895755612904],[-6.8842334612056248,33.993885539233801],[-6.884248013026518,33.993872496888528],[-6.8842625800311801,33.993863768095004],[-6.8842830931171344,33.993856656288756],[-6.8842992658276305,33.993846085750597],[-6.8843030675007242,33.993841268817675],[-6.8843094620544303,33.993825270214096],[-6.8843152804803731,33.993814719530086],[-6.8843250960549103,33.993806424011005],[-6.8843436450141224,33.993795637721057],[-6.8843556717652472,33.993788682363288],[-6.8843731363235605,33.993783698140163],[-6.8843895854342403,33.993779423105636],[-6.884401298342083,33.993779895809631],[-6.8844171056499235,33.99378616243574],[-6.8844296852338021,33.993791797200061],[-6.884444887055202,33.993794881016441],[-6.8844563235512188,33.993789059101601],[-6.8844659599142144,33.993778005915168],[-6.8844733851074134,33.993765613468106],[-6.8844839549196584,33.993754629487981],[-6.8845017343595689,33.993742216265829],[-6.8845263476477596,33.993718544056449],[-6.8845339520243778,33.99370890926177],[-6.8845396064352675,33.993699915366165],[-6.8845473080317543,33.993693817528069],[-6.8845563693458205,33.99368821224283],[-6.8845807518389046,33.993671188775004],[-6.884608113896153,33.993657131480596],[-6.8846540400533929,33.993636602299041],[-6.8847537357078297,33.993605926370947],[-6.8848105678784126,33.993597968280859],[-6.8848444977394117,33.9935930233422],[-6.8848749375976617,33.993585467302829],[-6.8848932546336119,33.993581330598651],[-6.8849210581146911,33.993572011036008],[-6.8849351987502798,33.993562859720079],[-6.8849439634394942,33.993556055703991],[-6.8849538963009369,33.993546201181623],[-6.8849647950525483,33.99353210354743],[-6.8849815426342573,33.993516085910819],[-6.8850036307588578,33.993498501521373],[-6.8850268478775316,33.993488059331895],[-6.8850544873441546,33.99348029653931],[-6.8850744100226358,33.993474317156327],[-6.8850944814078598,33.99346246561263],[-6.8851108999157367,33.993449560669696],[-6.8851211416552855,33.993441689333103],[-6.8851326753060418,33.993439404313143],[-6.8851410117629888,33.993445118165617],[-6.8851593440046734,33.993445295878068],[-6.885180297367552,33.993442922638231],[-6.8852093785082138,33.993434873957774],[-6.8852427016985605,33.993426747022646],[-6.8852730605786974,33.993419970175161],[-6.8853068767525647,33.993407173710594],[-6.8853282116524603,33.993392278605938],[-6.8853449591249376,33.993376260018216],[-6.8853530858213068,33.993370585486225],[-6.8853632455473841,33.993363492529824],[-6.8853807099625008,33.993358508165457],[-6.8853949630316933,33.993357208210085],[-6.8854024480295006,33.993362074444136],[-6.8854263972855971,33.993366980863975],[-6.8854483671369531,33.993363898366809],[-6.8854718453892136,33.993355436250958],[-6.8854803983435797,33.993350185053728],[-6.8854886081078277,33.993343733001431],[-6.8854981470289367,33.993329142776467],[-6.8855031816069268,33.993312651565738],[-6.885503644045416,33.993299352238786],[-6.8855041884493353,33.993285273609693],[-6.885507878586866,33.993272605213065],[-6.88551496036842,33.993259010044028],[-6.8855338359033258,33.993245109986887],[-6.8855435845990902,33.993241908128738],[-6.8855624097792401,33.993237416268641],[-6.8855782532153373,33.993229959177533],[-6.8855959493290833,33.993218324210936],[-6.8856077966699765,33.993208611076291],[-6.8856194800330783,33.993200453839748],[-6.8856403207856047,33.99319022910931],[-6.8856572626813346,33.993181283491609],[-6.88567300883087,33.993170289431006],[-6.8856844156815704,33.99315583757582],[-6.8856941185228946,33.99313969143558],[-6.8856997727613072,33.993130696583975],[-6.8857095739491587,33.993118087386904],[-6.8857135394701503,33.993111713608755],[-6.8857328270002398,33.993093921492367],[-6.8857445770378787,33.993080671386998],[-6.8857524282573177,33.993068702203068],[-6.8857549378684091,33.99305829891285],[-6.8857528753635959,33.993051087515987],[-6.8857524043152409,33.993037718988589],[-6.8857555041657292,33.993026183140756],[-6.8857624886168241,33.993009050999063],[-6.8857696359546621,33.992990362970104],[-6.8857741622155197,33.992974226804868],[-6.8857955483328066,33.992949923402826],[-6.88581464127817,33.99292505825936],[-6.8858301633175119,33.992898360435149],[-6.8858383424344831,33.992883278543943],[-6.8858527145787471,33.99286747654881],[-6.8858641508583815,33.992861654503422],[-6.8858828775806726,33.992853625649744],[-6.8859003943383534,33.992839232983393],[-6.8859124886068113,33.992827184603406],[-6.8859329040347923,33.992816535566668],[-6.8859434888339885,33.992809865916207],[-6.8859553360803778,33.992800152747215],[-6.8859688556540481,33.99278350405524],[-6.8859781484889062,33.992771248091465],[-6.8859892404559471,33.992764224292209],[-6.8859969571726811,33.992762441721354],[-6.8860140935116219,33.992760569969242],[-6.8860301171472331,33.992755870461842],[-6.8860398493956518,33.992748354120529],[-6.8860503522028438,33.992742462861777],[-6.8860619687943601,33.992739399341936],[-6.886070700927152,33.992736907561621],[-6.8860938499508011,33.992731558042003],[-6.8861049735909727,33.992733164034846],[-6.8861171115682485,33.992734060834181],[-6.8861401939255513,33.992733805065441],[-6.8861614913685925,33.99273263250101],[-6.8861789556111139,33.992727648024179],[-6.8861940304882419,33.99271856484382],[-6.8862063706370717,33.992704182133693],[-6.8862119275199785,33.992691651201625],[-6.8862142884173627,33.992687119159584],[-6.8862158940518254,33.992685276492033],[-6.8862239386682766,33.992680381204842],[-6.8862305568831887,33.992680085337916],[-6.8862354874902856,33.992682410539537],[-6.8862403361083251,33.992685513240332],[-6.8862574199908062,33.992693049684192],[-6.8862763412248471,33.992692094686213],[-6.8862905788519733,33.99268647927012],[-6.8863006411438361,33.992675850180106],[-6.8863120620477902,33.992665712734834],[-6.8863301022597518,33.992655280305236],[-6.8863466177113217,33.992645911252275],[-6.8863554995319314,33.992637547278278],[-6.8863653967669141,33.992628474096314],[-6.88636960923328,33.992619765981686],[-6.8863707743534217,33.992613184600458],[-6.8863704005084179,33.992603353030709],[-6.8863652764086529,33.992593954808044],[-6.8863602485075956,33.992588092653897],[-6.8863655594431021,33.992577896917879],[-6.8863770622991041,33.992566981065195],[-6.886394004012967,33.99255803624753],[-6.8864156303960327,33.99255375092401],[-6.8864301445601832,33.992554431005701],[-6.8864577158780049,33.992551761673646],[-6.8864767867761874,33.992544934471368],[-6.8865040815155449,33.99253596961519],[-6.8865203816584293,33.992537565558536],[-6.8865401696435837,33.992541772571577],[-6.8865703413231634,33.992554589366904],[-6.8865863278244221,33.992563613376632],[-6.8866268525787362,33.992576411027464],[-6.8866580778492512,33.992574795892281],[-6.8866719044852793,33.992573071550424],[-6.8866978035340578,33.992577337697355],[-6.8867225221360471,33.992583868963131],[-6.8867418019018123,33.992588431006702],[-6.8867690606571665,33.992593188766968],[-6.8867856220815966,33.992596765731882],[-6.8868078825179371,33.992604292076528],[-6.8868239356910008,33.992608223197415],[-6.8868395636615896,33.992611730063182],[-6.8868609430489132,33.992609779880091],[-6.8868784225597954,33.992609109762427],[-6.8869074509140571,33.992610469816867],[-6.8869231455206092,33.99260888381383],[-6.8869397735548166,33.992607366096571],[-6.8869507168251411,33.992606213471639],[-6.886963528064955,33.992605199211468],[-6.886982532321781,33.992603465692468],[-6.8870106938438935,33.99259966277377],[-6.8870423443051383,33.99259847089364],[-6.8870816283810719,33.99259627388053],[-6.8871283689576783,33.992590314047888],[-6.8871478803635435,33.992588225452572],[-6.8871833476255242,33.992586530972126],[-6.8871947325270968,33.992590117021884],[-6.8872070651402257,33.992598086727789],[-6.8872187266701692,33.992607968287437],[-6.8872294393928462,33.992613465300145],[-6.8872445734115892,33.992621641649556],[-6.8872478461021718,33.992635217722125],[-6.8872493338699163,33.992647877018555],[-6.8872435147956343,33.992658427856213],[-6.8872443969779198,33.992667904358662],[-6.887261870257718,33.992689587590917],[-6.8872769530649585,33.992707173054697],[-6.8873025539520016,33.992723181609442],[-6.8873242919389801,33.992726747555551],[-6.8873503396368267,33.992725142307265],[-6.8873845599268284,33.992730806660028],[-6.8874232026253965,33.992739151223603],[-6.8874418113499996,33.992745623211697],[-6.8874608606626131,33.992756834806336],[-6.8874789600734312,33.992763661867158],[-6.8875103277644447,33.992778527760436],[-6.8875284282661511,33.992785354801235],[-6.8875484776097275,33.992791540905635],[-6.8875822419939317,33.992788152040539],[-6.8876103226858332,33.992785128278086],[-6.8876430408845692,33.992773817897607],[-6.8876549698974525,33.992763326165829],[-6.8876621321957323,33.992748953385494],[-6.8876643956702459,33.992740884359883],[-6.8876679204496849,33.992729771812037],[-6.887673118518709,33.992711724608156],[-6.8876753358575602,33.992690711310509],[-6.8876720118977417,33.992686543466476],[-6.8876645422032245,33.992685991823478],[-6.8876582672245457,33.992687489516662],[-6.8876477491462662,33.992689065551993],[-6.8876433267532171,33.992686386241502],[-6.8876437222708375,33.99267817976218],[-6.8876481149878845,33.992672229244711],[-6.8876638300336239,33.992652605116625],[-6.8876746309000136,33.992634971187172],[-6.8876819428002687,33.992614726229647],[-6.8876890753867741,33.992591722717052],[-6.8876916216595774,33.992567596698976],[-6.8876996887657214,33.992544662356302],[-6.8877047217980456,33.992528171065089],[-6.8877164571509581,33.992510605400405],[-6.8877241430286791,33.992500192005693],[-6.8877352870959632,33.992483759820466],[-6.8877477089166517,33.992468598555114],[-6.8877598991472464,33.992460086964712],[-6.8877722851482721,33.992458648371759],[-6.8877883229443393,33.992458264010601],[-6.8877960538932115,33.99246079579865],[-6.8878058485861038,33.992470538938015],[-6.8878116603985688,33.99248234149151],[-6.8878131625427717,33.992499315251791],[-6.8878320479151434,33.992512082693501],[-6.8878371424741971,33.992512851027989],[-6.887869562417734,33.99251328492592],[-6.8878897613397809,33.992513599702214],[-6.8879012282197376,33.992516407285748],[-6.8879112677396881,33.992523816124717],[-6.8879290095841972,33.99252512599972],[-6.8879527486453149,33.992518643568388],[-6.8879703623537099,33.99250778756722],[-6.8879820965677121,33.992490221890407],[-6.8879907988953644,33.992479099245813],[-6.8880156055857302,33.992462499351014],[-6.8880201775869878,33.992459307374219],[-6.888036528904137,33.992451494902333],[-6.8880560094584524,33.992440776349717],[-6.8880692827023022,33.992426462635713],[-6.8880846697649112,33.992409951160525],[-6.8881136375300249,33.992394050389272],[-6.8881439958256907,33.992387272843523],[-6.8881700279939446,33.992381352065784],[-6.8881968818993178,33.992367648134561],[-6.8882193134024696,33.992351264907029],[-6.8882366503448038,33.992334113357252],[-6.8882466815249437,33.99231485339174],[-6.888260365577584,33.992296647631676],[-6.8882717708009258,33.992282195549059],[-6.8882791655855975,33.992261173040347],[-6.8882783806523671,33.992255232598609],[-6.8882757134197794,33.992244838438836],[-6.8882791407431281,33.992230189816951],[-6.8882850107968059,33.992210230710491],[-6.8882879463561926,33.992200250699788],[-6.8882930100790638,33.992192389199353],[-6.8882963565096142,33.992178518064662],[-6.8882988503868949,33.99216380026251],[-6.8882990665115349,33.992152835225447],[-6.8882895187620345,33.992140757804698],[-6.8882691097622191,33.9921290538202],[-6.8882566951630197,33.992121862619967],[-6.8882455418265973,33.992111626988141],[-6.888237943989953,33.992098908605676],[-6.8882373751931683,33.992082003126043],[-6.888241937753361,33.992052143274478],[-6.8882489727891372,33.992025603669987],[-6.8882492967318969,33.992017583825593],[-6.8882513147305096,33.991967735854608],[-6.8882608436181378,33.991926477544361],[-6.8882604089919077,33.991899385428276],[-6.8882566279568209,33.991886165348873],[-6.8882636272405824,33.991873348420029],[-6.8882729494074706,33.991869723014013],[-6.8882900178872584,33.991872943823388],[-6.8883134894908791,33.991886834580527],[-6.8883447442268526,33.991893848854922],[-6.8883725622208658,33.991888843880041],[-6.8883982355615272,33.991877405945175],[-6.8884201586714484,33.991861377748009],[-6.8884524571734502,33.991827291297319],[-6.888459799663126,33.991815676105979],[-6.8884803998018072,33.991785431793481],[-6.8884811384758962,33.991778427057483],[-6.8884749157723855,33.991770516558631],[-6.8884647778440673,33.991759571720266],[-6.8884528550002333,33.991747710121906],[-6.8884438831267722,33.99173018476781],[-6.8884388919243369,33.991710600003366],[-6.8884320636229175,33.991699507614605],[-6.8884180115699367,33.991685528418841],[-6.8883936374011032,33.991680198319806],[-6.8883825969050667,33.991677815015656],[-6.8883691647920067,33.991671332173368],[-6.888356734828105,33.991659825621838],[-6.8883476645251491,33.991638763315862],[-6.8883479317689265,33.9916183900555],[-6.888357783527657,33.991596372423004],[-6.8883721550011572,33.991580570131241],[-6.8883922111738771,33.991564403579574],[-6.8884077097420384,33.99155574438975],[-6.8884300898781987,33.991548769340859],[-6.8884539260149218,33.991545823769535],[-6.8884771576099908,33.991539695391523],[-6.8884957353297516,33.991537538309139],[-6.8885100023852672,33.99154055246985],[-6.8885228442945188,33.991548167868352],[-6.8885388297308445,33.991557191645235],[-6.8885614343751973,33.991565919416999],[-6.8885912319222902,33.99156890416333],[-6.8886101539685596,33.991567948799641],[-6.8886331231864695,33.991559840254261],[-6.8886487047635567,33.991550402618806],[-6.8886513779019349,33.991538443360454],[-6.8886556422468228,33.991520326029331],[-6.8886600859288398,33.991504967252204],[-6.8886644322366983,33.991486072419328],[-6.8886693841408793,33.991470358571185],[-6.8886801846563825,33.991452724547266],[-6.8886995377384554,33.991429839101542],[-6.8887071925553514,33.99141079672507],[-6.888711897513546,33.991397418096774],[-6.8887149149469087,33.991386659670049],[-6.8887257973931009,33.991368247238597],[-6.8887328785162314,33.991354651878012],[-6.8887312931794211,33.991338456537427],[-6.8887326231021069,33.99133031921383],[-6.8887389336231468,33.991315098785016],[-6.8887451776174622,33.991304971217687],[-6.8887505403447804,33.991285366238763],[-6.8887532954109849,33.991272628573938],[-6.8887515770236565,33.991266618957027],[-6.8887466831697743,33.991250571158901],[-6.8887466523029754,33.991241941339467],[-6.8887549137751867,33.99122607993084],[-6.8887661394340869,33.991208869242989],[-6.8887841327358368,33.991185491274081],[-6.8887970469828899,33.991165660367351],[-6.888799803105587,33.991152921786394],[-6.8887903527737384,33.991144380455211],[-6.8887842274799009,33.991140006927466],[-6.8887778100099393,33.991125022526532],[-6.8887733567922185,33.991113713434501],[-6.8887512450257278,33.991100315267779],[-6.8887250185159994,33.991099163155482],[-6.8887108478169603,33.991099685087669],[-6.8886961545540775,33.991096247616888],[-6.8886814304166446,33.991084179422664],[-6.8886666089110902,33.99106857517063],[-6.8886389764195028,33.991053985350113],[-6.8886267258296119,33.991045236475735],[-6.888621719205986,33.991021337254367],[-6.8886167280042567,33.991001752491854],[-6.8886075092236938,33.990986561465029],[-6.8885944737186682,33.990971873046441],[-6.888582192309979,33.990954495248779],[-6.8885721066477945,33.990934142179299],[-6.8885594500655465,33.99090693192089],[-6.8885549005869562,33.990892085849183],[-6.8885535776444735,33.990877869740999],[-6.8885577898068,33.99086916154711],[-6.888565116769386,33.990853230984236],[-6.8885674620773987,33.990844384435213],[-6.8885656154948585,33.990826208937435],[-6.8885607525482087,33.990818790950371],[-6.8885552983310836,33.99081250554741],[-6.8885528020180082,33.990778202051317],[-6.8885517095310229,33.990757337175197],[-6.8885508948280911,33.990742766897846],[-6.8885530810417519,33.990713122846259],[-6.8885527591445177,33.990693883038794],[-6.8885529443860145,33.990674288173921],[-6.8885491490110837,33.990656752722941],[-6.8885468915821884,33.990642468350437],[-6.8885426853555725,33.99062882402589],[-6.8885425582096813,33.990616657233055],[-6.8885479650530996,33.990609997466699],[-6.8885576979261796,33.990602480910894],[-6.8885670055949229,33.990594540106805],[-6.8885773797527365,33.990576482752971],[-6.8885862611473438,33.990568118614412],[-6.8885974356557007,33.990560316162359],[-6.8886036641784223,33.990545873237515],[-6.8886025360021108,33.990538731045071],[-6.8885943480798222,33.990527146150299],[-6.8885900599005216,33.990514280229945],[-6.8885923743302655,33.990496802955711],[-6.8885973405575527,33.990485405381051],[-6.8886029943228992,33.990476410389476],[-6.8886162682592635,33.990462096594179],[-6.8886369951660988,33.990444018132479],[-6.8886532343239333,33.990428354142551],[-6.8886689641741761,33.990413045233879],[-6.8886809746890014,33.990401774991845],[-6.8886953613446273,33.990390288017991],[-6.8887096649489372,33.990379578556812],[-6.8887151548123464,33.990372141268175],[-6.8887188443427307,33.990359471861495],[-6.888721271571181,33.990349846904593],[-6.8887248115583892,33.990343049679161],[-6.8887353138929255,33.990337158190044],[-6.8887432761854788,33.990333040238362],[-6.8887516647466231,33.990329345618584],[-6.8887586936171719,33.990325158489966],[-6.8887690320493524,33.990320823804694],[-6.8887853674694739,33.990308696768423],[-6.8887962497504205,33.990290283421757],[-6.8888052795634449,33.990276047999529],[-6.8888239447913602,33.9902507590404],[-6.8888366284756861,33.990237577793508],[-6.8888534566419652,33.990220780314452],[-6.8888672519970635,33.990210426807757],[-6.888894449443475,33.990197924451373],[-6.8889010520271894,33.990193313982616],[-6.8889151916941751,33.990184162205921],[-6.8889534507168877,33.990156005934722],[-6.8889751418038294,33.990146627314218],[-6.8889827762646574,33.990145622059629],[-6.8889976854250596,33.990138095353153],[-6.8890103834226819,33.990129228561635],[-6.8890200853084007,33.990113082145534],[-6.8890233639531289,33.990104303857827],[-6.8890268075879506,33.990093969651589],[-6.8890343957088804,33.990080020109957],[-6.889043933676791,33.990065429597259],[-6.8890545689669462,33.990049352351974],[-6.8890650557869737,33.990039145471982],[-6.8890716594321093,33.990034534981135],[-6.8890896976843123,33.990024102156752],[-6.8891035914514687,33.99001728466753],[-6.8891172084766819,33.990004172564433],[-6.8891282699998522,33.989988517742027],[-6.8891334011010876,33.989975563323682],[-6.8891394346969328,33.989954047352931],[-6.8891441240646136,33.989936354240207],[-6.8891523389725382,33.989907547611338],[-6.8891582906139996,33.989886810042904],[-6.8891659153691052,33.98985913779071],[-6.889166351415879,33.989857667035295],[-6.8891710309951923,33.989841868007396],[-6.8891747204366256,33.989829198584786],[-6.8891795380912431,33.989823671351161],[-6.8891893836766274,33.989824006164262],[-6.889204748877634,33.989825533501779],[-6.889220458388376,33.989828261670375],[-6.8892347927657234,33.989826182872648],[-6.8892432632166685,33.989821710717159],[-6.889247377833402,33.989809464635968],[-6.8892481164444206,33.989802460792014],[-6.8892501183966495,33.989792411577476],[-6.8892524625238813,33.98978356502495],[-6.889260656204975,33.989772797354],[-6.8892722568195994,33.989765418170215],[-6.8892871504375268,33.989753576967004],[-6.889297375895306,33.98974138991521],[-6.8893120901497529,33.989726790153782],[-6.8893229722617297,33.989708377659099],[-6.8893255632918651,33.989697195880318],[-6.88932864707935,33.989681344566733],[-6.8893277503129404,33.989667552692488],[-6.8893244253224104,33.98966338580216],[-6.889319792736889,33.989649317266455],[-6.8893209277687424,33.989634106914878],[-6.8893254841036962,33.989626599523945],[-6.8893372629673753,33.989621978901809],[-6.8893478471318375,33.989615309857506],[-6.8893608372447854,33.989617053004579],[-6.8893871762038126,33.989626057306658],[-6.8894067843063098,33.989627505316342],[-6.8894190570010352,33.989618215138584],[-6.8894222381699661,33.989605899879656],[-6.8894035691897457,33.989582168515987],[-6.8893960533473644,33.989568671787737],[-6.8893852445302093,33.989559637981962],[-6.8893800372586211,33.989551018288829],[-6.8893815309786905,33.989541324144874],[-6.8893900013788789,33.989536851077283],[-6.8894158985740432,33.989541116680016],[-6.8894311817712905,33.989543421492264],[-6.889447384004451,33.989541480999023],[-6.8894798394560928,33.98952819087571],[-6.889508461678238,33.989511088030731],[-6.8895211440683219,33.989497906723777],[-6.8895276038039848,33.98947681406046],[-6.8895321967282861,33.989455583957863],[-6.8895294985032347,33.989436560890582],[-6.8895195256795274,33.989424059306849],[-6.8895140570996993,33.989413459467841],[-6.8895143029239589,33.98941112425544],[-6.889510866133354,33.989399105935739],[-6.8895110975768459,33.989392456248723],[-6.8895143916236767,33.989387993309236],[-6.8895252060905365,33.989374673673446],[-6.8895314498538642,33.989364546059612],[-6.8895414294083537,33.989354694198582],[-6.8895701489837311,33.989341128297745],[-6.8895869103765008,33.989329424482342],[-6.8896134863422187,33.989309425618963],[-6.889640241645786,33.989292184403261],[-6.889653365738285,33.98928374177504],[-6.8896776120095486,33.989276904835926],[-6.8896990049031679,33.989279268640907],[-6.8897215935979217,33.989283681748866],[-6.8897401862793579,33.989285838942031],[-6.8897523094046607,33.989282420013843],[-6.8897808495533841,33.989266095509386],[-6.889805214305091,33.989244756534738],[-6.8898172920538228,33.989228393299641],[-6.8898196062025852,33.989210915994363],[-6.8898171847254561,33.989198188445833],[-6.8898176475645538,33.989184889069676],[-6.8898222547987338,33.989167973429169],[-6.8898318744881166,33.989152605348821],[-6.8898509953380458,33.989136369393819],[-6.8898645811201238,33.989114626477473],[-6.8898780030196809,33.989094440368397],[-6.8898897364028135,33.989076875392215],[-6.8899279083093008,33.989000475885867],[-6.8899423964731943,33.988970172300775],[-6.8899678805105049,33.988929307566757],[-6.8899825635262077,33.988906077895471],[-6.8899965755076291,33.988884758291363],[-6.8900143886363372,33.988858622472101],[-6.8900384454042767,33.988822358107122],[-6.8900875022788144,33.988776567328571],[-6.8900969889911776,33.988771384960444],[-6.890112651844972,33.988761168728416],[-6.8901357696398646,33.988747188614013],[-6.8901590668236254,33.988735967951925],[-6.8901897359089554,33.988721760917727],[-6.8902195690282246,33.988711021670525],[-6.8902581492627428,33.988702105704789],[-6.8902961393376447,33.988694322307673],[-6.8903248895996523,33.988689386057814],[-6.8903567699687702,33.988681543648369],[-6.8903694011876659,33.988677769581955],[-6.8903883879133492,33.988671720192144],[-6.8904125675313814,33.988669975976983],[-6.8904261321656666,33.988666271970274],[-6.8904436628367627,33.98865619310903],[-6.8904515429621149,33.988652853451164],[-6.8904694479346418,33.988652607060089],[-6.8904759983249555,33.988657403849153],[-6.8904848894569328,33.988675708371616],[-6.8904941238324469,33.9886952137362],[-6.8905095198977735,33.988705370741528],[-6.8905209708312976,33.98870386272479],[-6.8905339142743474,33.988692661460824],[-6.8905362282801503,33.988675185040499],[-6.8905430165322334,33.988650979587113],[-6.8905449197799218,33.988637394302643],[-6.8905463978244219,33.988623384776957],[-6.8905477109384972,33.988610932975824],[-6.8905508919261331,33.988598618585307],[-6.8905545966441375,33.988590264480827],[-6.8905626406217593,33.988585368005801],[-6.8905745997547436,33.988583505807242],[-6.890596403254766,33.988581978323083],[-6.8906171250072443,33.988586252946106],[-6.8906531143044978,33.988588517766729],[-6.8906712650540491,33.988585936131443],[-6.8906874515441183,33.98857968011253],[-6.8907101884445909,33.988578221770219],[-6.8907336295493087,33.988583481348869],[-6.8907560231914875,33.98858082125421],[-6.8907892984744388,33.988559747623931],[-6.8908126619093455,33.988543433069616],[-6.8908378476884584,33.988514311613692],[-6.8908547570630017,33.988496735449772],[-6.8908700609880071,33.9884810029153],[-6.890884349561432,33.988465978722253],[-6.8908927067725472,33.988453654128641],[-6.8908985095750293,33.988438787740058],[-6.8909065379869219,33.988429576779531],[-6.8909167786103254,33.988421704954419],[-6.8909281984170452,33.988411567072248],[-6.8909396037696373,33.988397114712917],[-6.890961120086156,33.988362623748749],[-6.8909656451422956,33.988346487368077],[-6.8909763173206882,33.988316686324829],[-6.8909880503615328,33.988299120338944],[-6.8910093819518954,33.988284224251295],[-6.8910398205132388,33.988276667588011],[-6.8910757122107951,33.988275395327861],[-6.8911164058098553,33.98826428128276],[-6.8911520714408319,33.988247306154769],[-6.8911774820027611,33.988233887486331],[-6.8912068585341473,33.988214094836131],[-6.8912233570683297,33.988200410661264],[-6.8912472285363942,33.988183741844168],[-6.8912743275158608,33.988167702002094],[-6.8912888773232295,33.98815465881119],[-6.8912988398899184,33.988140491453322],[-6.8913017894507265,33.988134826735077],[-6.89130898296726,33.988129083537416],[-6.891330314460907,33.988114187394167],[-6.8913475835748867,33.988102128256124],[-6.8913776517497789,33.988062386509561],[-6.8914136159739838,33.98803366782797],[-6.8914326543594528,33.98801821003056],[-6.8914487432070652,33.988008417853983],[-6.8914666988154938,33.98799876218358],[-6.8914983838449686,33.987983846463976],[-6.891524316965663,33.987974388019801],[-6.8915461721570361,33.987963452121967],[-6.8915663088266159,33.987946506634458],[-6.8915915086641402,33.987921699497313],[-6.891608582711414,33.987902567304701],[-6.8916205741655991,33.987884108010917],[-6.8916401285684987,33.987848816851638],[-6.891651666416494,33.987824177782755],[-6.8916708239784343,33.98779421791464],[-6.8917105110999,33.987739107853265],[-6.8917355314073818,33.987711542131414],[-6.891756684378576,33.987693887346637],[-6.891773167136785,33.987675887730759],[-6.8917907337100539,33.987652085963745],[-6.8918148713375933,33.987615043736945],[-6.8918275893381686,33.987588138571645],[-6.8918440274748551,33.987557194624976],[-6.8918658056581501,33.98752468362936],[-6.8918883522985404,33.987493798607574],[-6.8919042459514772,33.987476931548819],[-6.8919555163872008,33.987426099115524],[-6.8919705487300904,33.987425980514828],[-6.891984907615222,33.987432484407229],[-6.8919885429882246,33.987438394498653],[-6.8919977160069674,33.987434694819413],[-6.8920048927745796,33.987428549534791],[-6.8920121319994898,33.987428881794564],[-6.8920205436970496,33.987427631699944],[-6.8920305747186674,33.987422952265788],[-6.8920362645438651,33.98741899193481],[-6.8920476810347164,33.987408360648338],[-6.8920543473552698,33.987397582108876],[-6.8920574039647153,33.987390084353173],[-6.8920667542453877,33.987384727586004],[-6.8920806405962063,33.987383886677378],[-6.8920915594610372,33.987373217120954],[-6.8920981382289561,33.987363267558422],[-6.8921092402386765,33.987353238867776],[-6.8921187549526239,33.987341630027785],[-6.8921149043989001,33.987340088561069],[-6.8921023229245177,33.987338103636787],[-6.8920972951344375,33.987335848364452],[-6.8920937035306231,33.987329523786201],[-6.8920972518543469,33.987319765443132],[-6.8921002694674334,33.987314979237318],[-6.8920917136380089,33.987312877820358],[-6.8920736372140645,33.987320087289881],[-6.8920575832177704,33.987322436725236],[-6.8920502046403991,33.987321050012639],[-6.8920480561898003,33.987312954065281],[-6.8920512014241178,33.987304627317172],[-6.8920638469508324,33.987296593269264],[-6.8920880536763622,33.987297776844855],[-6.8921071947072718,33.987299416682092],[-6.8921159587483052,33.987294851539318],[-6.8921225113627331,33.98729220941425],[-6.8921237030130094,33.987281021682769],[-6.8921280323441723,33.987242712766751],[-6.8921259233484555,33.987215406955805],[-6.892126408605642,33.987194351921737],[-6.8921196611186621,33.987191759082194],[-6.8921151180922573,33.987184945286465],[-6.8921156856092018,33.987177260721381],[-6.8921326605467028,33.987163912560185],[-6.8921471832233063,33.987147666064395],[-6.8921475617215613,33.987137043582912],[-6.8921517517918973,33.987130675020296],[-6.8921706791906745,33.9871201869461],[-6.8921935954099478,33.987112294801847],[-6.8922127865269971,33.987099320671383],[-6.8922428857924496,33.987071082856616],[-6.8922857554784898,33.987047766955996],[-6.8923096727360287,33.987042246565856],[-6.8923453534931198,33.987036979262747],[-6.8923545334237444,33.987035577494488],[-6.8923640913995534,33.987040051557514],[-6.892378865081918,33.987049717908398],[-6.8923954732318506,33.987051586291223],[-6.8924080877631537,33.987048561684119],[-6.8924133546603183,33.98703914090806],[-6.8924058131980788,33.987027508860514],[-6.8923969054791652,33.987012225094169],[-6.8923954061637227,33.986993318556351],[-6.8923969501202356,33.986978815778151],[-6.8923982800133681,33.986968682510906],[-6.8924042346114103,33.986962237000974],[-6.892413269279575,33.986957482822483],[-6.8924228592581356,33.986956947391718],[-6.8924376211700684,33.986962018736499],[-6.8924636228626559,33.986974613237308],[-6.8924837409519126,33.986985932205585],[-6.892495597879055,33.986987654253959],[-6.8925038455453409,33.986976159685483],[-6.8925089495126439,33.986956493549251],[-6.892514311989542,33.986948541713666],[-6.8925103433989188,33.986936341301828],[-6.8925041244398901,33.986928776368643],[-6.89250582648324,33.986922220981185],[-6.8925121451777738,33.986917055422317],[-6.8925228130784539,33.986913467765497],[-6.8925318536267568,33.986911011528996],[-6.8925454504625598,33.986903465744284],[-6.8925556590601946,33.986880631769679],[-6.8925611719859488,33.986861831985678],[-6.8925657084585632,33.986849850414309],[-6.8925768861178334,33.986834397700754],[-6.8925920466879953,33.986819242054068],[-6.8926107779746042,33.98680351896013],[-6.8926301274694657,33.986781994742643],[-6.8926574722544851,33.986772554407928],[-6.892686109001021,33.986755692335166],[-6.8926967827707584,33.986754402614032],[-6.8927045066799115,33.986750177208592],[-6.8927010485282452,33.986742609150596],[-6.892702384278504,33.986734773830058],[-6.8927161951336409,33.986722859416005],[-6.8927269884119804,33.986715730320668],[-6.8927418201776174,33.986713080600971],[-6.8927499659197453,33.986714316534162],[-6.89275887511916,33.986713102849478],[-6.8927687169984884,33.986705486340966],[-6.892764848798878,33.986697052844811],[-6.8927675011453102,33.986690985777415],[-6.8927759885171138,33.986684311651715],[-6.892781539973341,33.986679296817911],[-6.892792382923588,33.98667405207933],[-6.8928037304351699,33.986671141737396],[-6.8928171062026529,33.986665668398523],[-6.8928280826191575,33.986659180160913],[-6.8928447216055453,33.986656039007258],[-6.8928556093843234,33.986650378858513],[-6.8928638073023674,33.986637000804123],[-6.8928721493908256,33.986626974266017],[-6.8928711343616893,33.986620007520528],[-6.8928658171345294,33.986611047454012],[-6.8928618426251509,33.986596550002552],[-6.8928648105023997,33.986589880316266],[-6.8928721254266669,33.986584789447832],[-6.8929377963313172,33.986545219162437],[-6.8929621734686215,33.986525951032618],[-6.8929752795966488,33.986520665777569],[-6.8929886932094604,33.986512480880656],[-6.8929985670053426,33.986499853961384],[-6.8930126296764129,33.986480857559549],[-6.8930230389392229,33.98646555645923],[-6.8930259501558639,33.986454706271516],[-6.893025931374706,33.986447813333058],[-6.8930211117377569,33.986438890632947],[-6.893020041137893,33.986427743377924],[-6.8930244580009603,33.986421599357207],[-6.8930348849540479,33.986413191207063],[-6.8930397048886638,33.986405615588311],[-6.8930399321235969,33.986389344547725],[-6.8930386853394703,33.986379853462779],[-6.8930420184068275,33.986374464615572],[-6.8930492068083398,33.986372914269154],[-6.8930682660099238,33.986377679989879],[-6.8930819064981748,33.986369720556937],[-6.89309120693264,33.986362480250349],[-6.8931055719179568,33.986354783649283],[-6.8931106257545336,33.986349732341885],[-6.8931155402177753,33.98634362657959],[-6.8931244493740973,33.986342412868737],[-6.8931369810533267,33.986342514230223],[-6.8931482020354933,33.986343145291322],[-6.893160859121954,33.986339706130337],[-6.8931744120471654,33.986332574765967],[-6.8931890230212121,33.986315500052704],[-6.8931967858071417,33.986308562161909],[-6.893216305020669,33.98629958024403],[-6.8932427301276489,33.986284641079401],[-6.8932575548107069,33.986279693359947],[-6.8932803195279062,33.986266151559256],[-6.8932892157836605,33.986260342848915],[-6.8932981179501294,33.98625683208909],[-6.8933118032468013,33.986248458127598],[-6.8933203095980593,33.986232179485178],[-6.8933242100462326,33.986219106056865],[-6.8933335034490062,33.986209567793594],[-6.8933519141188784,33.986192150140752],[-6.8933585920114506,33.986185967429499],[-6.8933652083964869,33.986173305354434],[-6.893362637977174,33.98615974808564],[-6.8933616489545262,33.986145473900457],[-6.8933697522197592,33.986130626852699],[-6.8933764182784092,33.98611984823777],[-6.8933789252905182,33.986110429652058],[-6.8933740181049767,33.986102335945084],[-6.8933676667513311,33.986096014536308],[-6.893404317517791,33.986081630757212],[-6.8934187960105948,33.986065798597807],[-6.8934219660213385,33.98605016438168],[-6.8934281215761857,33.986034753416675],[-6.893434560713894,33.986023749324552],[-6.893441226771885,33.986012971607458],[-6.8934455184251631,33.985993870672537],[-6.8934481140543591,33.985983623993008],[-6.8934430178126727,33.985972592372896],[-6.8934361310052932,33.985968945148599],[-6.8934306306187745,33.985959345139783],[-6.8934367233645908,33.985953954045712],[-6.8934518635145547,33.985948403684503],[-6.8934656870415694,33.985941084172609],[-6.8934673194133111,33.98592575238181],[-6.893468743694406,33.985917088056993],[-6.8934852254196546,33.985906000312006],[-6.8935021679373385,33.985897660548829],[-6.8935157835886081,33.985880511077575],[-6.8935206353965164,33.985867925947176],[-6.8935225194014569,33.985862010520265],[-6.8935331860485762,33.985858422788866],[-6.893544728407325,33.985860748245933],[-6.8935641339167111,33.985859901794711],[-6.8935741209099328,33.985855636724672],[-6.8935608578003107,33.985852974636522],[-6.8935553136428576,33.98584378912318],[-6.893557878379041,33.985838551018027],[-6.8935739699214178,33.985833489848865],[-6.8935842264993079,33.985829035773932],[-6.8935904835425958,33.985817391696095],[-6.8935856260377841,33.985811181457613],[-6.8935919835144617,33.985803303387215],[-6.8936210606806601,33.985782297954813],[-6.8936374987810805,33.985755126357269],[-6.8936438634510253,33.985733048801997],[-6.8936407825006549,33.985714859190075],[-6.8936424774311567,33.985706005845486],[-6.8936487462845593,33.985698956765781],[-6.8936587203453668,33.985690096700097],[-6.8936674403788007,33.985685945936552],[-6.8936759085584374,33.985688876228188],[-6.893688275835264,33.985695230511013],[-6.8936966873254821,33.985693979401361],[-6.893704770387167,33.985688736823128],[-6.8937027541965863,33.985679397414756],[-6.8936991187805967,33.985673487369169],[-6.8937055648623495,33.98566478120037],[-6.8937168555351409,33.985657690276405],[-6.8937301435464944,33.985653044917314],[-6.8937462468765016,33.985652578727333],[-6.8937594911219948,33.985648347855665],[-6.893770876321903,33.985642725884475],[-6.893779867014878,33.985638386095665],[-6.8937892986182892,33.985629903165353],[-6.8938001544474412,33.985612755003061],[-6.8938130903435582,33.985594928163728],[-6.8938111308243997,33.985589769255093],[-6.8938122903063581,33.985583590992803],[-6.8938157178294848,33.985579671081119],[-6.8938351989785156,33.985573401506642],[-6.8938451279845783,33.985581452449253],[-6.8938535701612835,33.985591690173067],[-6.8938598519096335,33.985589236071327],[-6.8938701403684659,33.985579772480243],[-6.893875735469452,33.985574344007034],[-6.8938891429239124,33.985563861059113],[-6.8938902019369035,33.985553915886634],[-6.8938901323301787,33.985545140399445],[-6.8938962190908057,33.985537451330444],[-6.8939122976191811,33.985527794226627],[-6.8939311995467722,33.985524613311483],[-6.8939610385911454,33.985534153029576],[-6.893968516431312,33.985539306552802],[-6.8939879100201438,33.985533865034078],[-6.894001985131526,33.98553596182709],[-6.8940076369117547,33.985534713846164],[-6.8940141893360192,33.985532071620447],[-6.8940063701085572,33.985518330741797],[-6.8939982434499312,33.98550749040831],[-6.8940041021939322,33.985499574972415],[-6.8940257887182188,33.9854890843635],[-6.8940394668255953,33.985478413282905],[-6.894042579888283,33.985475095971744],[-6.8940586334742919,33.985472745378694],[-6.8940644364965884,33.985477147752768],[-6.894070943937427,33.985491416548278],[-6.8940607807608352,33.985513837056288],[-6.894056590908284,33.985520205686576],[-6.8940579334120642,33.985531165709006],[-6.8940678057406579,33.985535036135836],[-6.8940877595400867,33.985536110407956],[-6.8941037126794171,33.985529993801606],[-6.8941181660433921,33.985521468087818],[-6.8941323546700275,33.985515429342229],[-6.8941486600904494,33.985505998582198],[-6.8941550553208257,33.985495408039846],[-6.8941538143776597,33.985488215816396],[-6.8941483706394076,33.985482796335653],[-6.8941450625821368,33.985480878684314],[-6.8941509283278428,33.985475261180433],[-6.8941646641979597,33.985468770571515],[-6.8941712603738532,33.985465713846807],[-6.8941781780935374,33.98544785412912],[-6.8941778199843684,33.985432373804549],[-6.8941811459271216,33.985424686986107],[-6.8941879630859546,33.985419558682779],[-6.8941913030476778,33.985416466840277],[-6.894207721843058,33.985415397068948],[-6.894223844002406,33.985421823758472],[-6.8942300689397689,33.98543168656245],[-6.8942264025734881,33.985447282532292],[-6.8942171212068732,33.985461415866446],[-6.8942193514153063,33.985466385750641],[-6.8942269248885983,33.98547300820313],[-6.8942420708256522,33.985469754795503],[-6.8942572556833035,33.985463789832259],[-6.8942672225548858,33.985469129200936],[-6.8942793191757064,33.985475672444345],[-6.8942852545588487,33.9854788304214],[-6.8942913909788723,33.985473024794061],[-6.8942995128890647,33.985465069721585],[-6.8943060015734865,33.985455949043342],[-6.8943216332328543,33.985448137979517],[-6.8943319405091348,33.985445567290895],[-6.8943516176838742,33.985444532587749],[-6.8943534567802152,33.98543903165114],[-6.8943476926802214,33.985431918638248],[-6.8943501995671781,33.985422500030658],[-6.8943505021315756,33.985417301519277],[-6.8943460984246387,33.985411543155308],[-6.8943392245694337,33.985412490968969],[-6.8943342405933308,33.985409821294049],[-6.8943373406967945,33.985401908986375],[-6.894352430992849,33.985394475054051],[-6.8943611439410963,33.985388026302772],[-6.8943726614316603,33.985381160791086],[-6.8943857732418588,33.985378173338084],[-6.8943999299172205,33.985377143153009],[-6.8944121529724525,33.985380145848389],[-6.8944350295649697,33.985391462265902],[-6.89444759894194,33.985388851955307],[-6.8944613525730265,33.985389253365838],[-6.8944645342141087,33.985394712446109],[-6.8944775006522931,33.985404870000984],[-6.8945123545021501,33.985412069777524],[-6.8945270287541973,33.985417969860656],[-6.8945409655538974,33.985419012126812],[-6.8945499113432014,33.985415086786105],[-6.8945505922969081,33.985415020940884],[-6.8945620776764835,33.985413908066882],[-6.8945739414584315,33.985417927858435],[-6.8945862023388855,33.98541821809409],[-6.8945900895821897,33.985417047056181],[-6.8945961065606864,33.985417078986679],[-6.8946009581693799,33.985420991234996],[-6.8946022618293057,33.985434662805879],[-6.89461435847047,33.985441206017128],[-6.8946275767077969,33.985444282497923],[-6.8946424649195164,33.985445813050077],[-6.8947189212075397,33.985446308669275],[-6.8947426417478779,33.985452049380953],[-6.8947752535276745,33.985449685109117],[-6.8947892719010033,33.985447600414005],[-6.894806396309451,33.985456398772492],[-6.8948089669331276,33.985469956015216],[-6.8948253160400688,33.985476607196802],[-6.8948463784942247,33.98548611795232],[-6.8948726459056271,33.985496225877448],[-6.8948891214404284,33.985499336514785],[-6.8949114686443531,33.985499128463935],[-6.8949267280450295,33.98550423687108],[-6.8949489876700829,33.98548835947151],[-6.8949856319216547,33.985455180753988],[-6.8949950952315593,33.985441687337712],[-6.8950073052752501,33.98542359756329],[-6.8950245052372257,33.98541047358372],[-6.8950486178848038,33.985377193674125],[-6.8950626302261764,33.985356314475119],[-6.8950736300411037,33.985342518618445],[-6.895089520389508,33.985329924337847],[-6.8951060585242745,33.98532301597352],[-6.8951266303259793,33.985318288944278],[-6.8951344236527197,33.98530634235231],[-6.8951396463767054,33.985297335044919],[-6.8951475920838066,33.985291037894115],[-6.8951583342004463,33.985282026039293],[-6.8951551395311137,33.985271971987196],[-6.8951430428883009,33.985265429729516],[-6.8951303411139078,33.985252786172417],[-6.8951247719213749,33.985234409833254],[-6.8951304673391123,33.985216249886477],[-6.8951469109081609,33.985207873461327],[-6.8951693595306152,33.985194933934629],[-6.8951706453168287,33.98518521512235],[-6.8951696311872812,33.985178247477094],[-6.8951640798746761,33.985166764995256],[-6.8951572060478235,33.985167712853915],[-6.8951453990334866,33.985167874517224],[-6.8951393701509547,33.985163246709043],[-6.8951403523414356,33.985158726423705],[-6.895165384521424,33.985147441700022],[-6.8951818221124723,33.985136767317982],[-6.8951871274702894,33.985124633962492],[-6.8951868756477737,33.985115217598256],[-6.8951938060416227,33.985085456288623],[-6.8952027268514975,33.985072340007108],[-6.8952003711933898,33.98505441414023],[-6.895197724916911,33.985046280888234],[-6.8951964141246966,33.985030311382353],[-6.8951986572726556,33.985023378814368],[-6.8952040820940583,33.985021905308614],[-6.895215926897702,33.985019032098187],[-6.8952195812437083,33.985015337617796],[-6.8952208789314291,33.985010213806966],[-6.8952152341479742,33.984997262356814],[-6.8952183211489251,33.984984754134693],[-6.8952223655318514,33.984975033059214],[-6.8952290442648598,33.984968849330841],[-6.8952308773481388,33.984961051329847],[-6.895227412017932,33.984951186298979],[-6.8952258057565725,33.984942713246596],[-6.8952270974800358,33.984935291483339],[-6.8952350869038188,33.984928579834985],[-6.8952409017401139,33.984921078830745],[-6.8952413295854003,33.984912340693889],[-6.8952337134101169,33.984906132779614],[-6.8952230209653322,33.984900530677315],[-6.8952152713436359,33.984895565359487],[-6.8952030115198779,33.984878777746431],[-6.8951958291463535,33.984866128743434],[-6.8951915885279345,33.984854117440555],[-6.8951884765191709,33.984840937341879],[-6.895191821207221,33.984823646010859],[-6.8952106411875018,33.984790596983508],[-6.8952406619807354,33.984767781520752],[-6.8952470570392848,33.984757191821473],[-6.8952544353429879,33.984742080920221],[-6.8952500186166343,33.984731727596476],[-6.895255481103999,33.984711044217697],[-6.8952598728157994,33.984695710120889],[-6.8952565123031162,33.984677713272553],[-6.895256563640892,33.984658478887411],[-6.8952606836493677,33.9846364126956],[-6.8952673823296839,33.984613703338361],[-6.8952791010751806,33.984588650465824],[-6.895298929858015,33.984567551188668],[-6.8953116673227592,33.9845540763814],[-6.8953313041299502,33.98452773397954],[-6.8953533287476398,33.98449550707862],[-6.8953633616833834,33.984465100840538],[-6.8953700952845196,33.98443737472904],[-6.895371329880839,33.984421157480242],[-6.8953751879502345,33.984403880756282],[-6.8953766494523263,33.984387888977551],[-6.8953825038717627,33.984373062315413],[-6.8953964595227246,33.984357586987421],[-6.8954236288928126,33.984340591158279],[-6.8954404847094812,33.98432616978927],[-6.8954662449662605,33.984305932231742],[-6.8954758651334283,33.984295778412999],[-6.8954789724997472,33.984287856064526],[-6.89547797501349,33.984264361026547],[-6.8954779864140159,33.984247842715234],[-6.8954682255911042,33.98423351992826],[-6.8953784654518522,33.984166997250512],[-6.8953267249215067,33.984143886967317],[-6.8952958564352222,33.984122757004364],[-6.8952836941684827,33.984107418475404],[-6.895275702814943,33.9840953193644],[-6.8952653597268947,33.984084089790457],[-6.8952608246517277,33.984079568617794],[-6.8952575903718358,33.984069916379504],[-6.8952664734295501,33.984052597714893],[-6.8952664711690339,33.984029177376314],[-6.8952628005147503,33.984004855640421],[-6.8952545198843671,33.983983742851187],[-6.8952459675143931,33.983962819094856],[-6.8952397182144738,33.983939140522565],[-6.8952355100783977,33.98391749660879],[-6.8952348555430989,33.983907201191698],[-6.895241097673968,33.98390515965545],[-6.8952569933327439,33.983909067222889],[-6.8952730672460563,33.983911315882523],[-6.8952832495097605,33.983909986707168],[-6.8952878556213077,33.98390447617335],[-6.8952821274396552,33.983892337421111],[-6.8952784852578821,33.983881818822681],[-6.8952740190579576,33.983867265068206],[-6.8952574338858765,33.983858077932304],[-6.8952421593640354,33.983848361070912],[-6.8952326118626655,33.983827363511004],[-6.8952245335590678,33.983794974636297],[-6.8952265002482251,33.983760200307266],[-6.8952282050466396,33.98373021635399],[-6.8952290705518351,33.983710415775938],[-6.8952285395808177,33.98369427461386],[-6.8952328553317059,33.983679751318618],[-6.8952234248758,33.983671726096929],[-6.8951989545619261,33.983658812649786],[-6.895162209411887,33.983641005925023],[-6.8951448489644385,33.983629669796493],[-6.8951432479616015,33.983621185853806],[-6.8951545013227138,33.983612199455628],[-6.8951839085333999,33.983604782127053],[-6.8952100475640874,33.983592727482772],[-6.8952383163333666,33.983581878496558],[-6.8952544202408665,33.983576810640301],[-6.8952765354865537,33.983567174186945],[-6.8952915146603395,33.983565576708905],[-6.8953007094156007,33.983568774197749],[-6.8953221024292235,33.983582294355337],[-6.8953429667389692,33.983603093689375],[-6.8953515677818862,33.983625903621849],[-6.8953529566749125,33.983641063203812],[-6.8953617123901862,33.983650709957814],[-6.8953708672504428,33.983656622617126],[-6.8953842153669012,33.983653857706678],[-6.8954028279753974,33.983658178357715],[-6.8954132907307555,33.983661261493388],[-6.8954396377175931,33.983684771389299],[-6.8954637865779009,33.983695988558189],[-6.895477089860746,33.983693638142284],[-6.8955012014516264,33.983686451711002],[-6.8955204800171925,33.983684548544481],[-6.8955338866764677,33.983688270238957],[-6.8955579469752335,33.983700317287202],[-6.89559941540944,33.983725586591149],[-6.8956210255551493,33.983734731726038],[-6.8956659453669307,33.983765277365116],[-6.8956905766435863,33.983790749469996],[-6.8957116433309,33.983800272658215],[-6.8957325639582869,33.983804138205514],[-6.8957576467170476,33.9838066426992],[-6.8957676507329078,33.983806973292779],[-6.8957692243334563,33.983801654075485],[-6.8957595707666961,33.983795704108978],[-6.8957496803979552,33.983784926427795],[-6.8957419159310964,33.983773053716568],[-6.8957330529097707,33.983755034189279],[-6.8957120739160738,33.983700142010044],[-6.8956902492902419,33.983674252191364],[-6.8956734485372664,33.983648319521649],[-6.8956615580120344,33.983632791992108],[-6.8956435128972089,33.983618477035208],[-6.8956255711743495,33.98361023419217],[-6.8955976117358082,33.983594758713075],[-6.8955775353354438,33.983583009534215],[-6.8955609890037586,33.983571107274663],[-6.8955550300318196,33.98355644147729],[-6.8955309697733567,33.983544394427817],[-6.8955314973852584,33.983537115259601],[-6.8955314836786084,33.983530214134028],[-6.8955175258407708,33.983522268237138],[-6.895504510656516,33.983510211978881],[-6.8955010106456163,33.983503049437623],[-6.8955014408990438,33.983491998811125],[-6.8955070333482062,33.983481961613741],[-6.8955184151459239,33.983469431010576],[-6.89554743449892,33.983449227571505],[-6.8955698838202446,33.983448189337388],[-6.8956024754617458,33.983448537975484],[-6.8956237502949795,33.983449083950752],[-6.8956394599626822,33.983450050811463],[-6.8956543505360397,33.983449283187667],[-6.8956683383793589,33.983449911648847],[-6.8956828834547688,33.983457064968405],[-6.8956957652625697,33.983470366512272],[-6.8957047828610278,33.98347522286533],[-6.8957162369074112,33.983476079991121],[-6.8957371688082398,33.983463427221942],[-6.8957527066441209,33.983447233987413],[-6.8957680722704362,33.983435001218012],[-6.8957821984611343,33.983436685935708],[-6.8958050542475355,33.983457634579032],[-6.8958374799366489,33.983487662847644],[-6.8958472555664159,33.983508887624183],[-6.8958539838898814,33.983523400820474],[-6.8958673146334108,33.983534854417428],[-6.8958806725880359,33.983536689895153],[-6.8958961006444923,33.98353324441581],[-6.8958980440082085,33.983532426641041],[-6.8959142357819303,33.983525609780266],[-6.8959260314656046,33.98351624615691],[-6.8959361201719824,33.983513447056488],[-6.8959437512368922,33.983526564159249],[-6.8959476017206383,33.98352810731393],[-6.8959581392943958,33.983523458479013],[-6.895964229288527,33.983513459511904],[-6.8959671544791847,33.983504895371695],[-6.8959752418869993,33.983497345542958],[-6.8959839055502092,33.983484401821514],[-6.8959937136833283,33.98347718949406],[-6.8960021825924587,33.983456703757049],[-6.8960008334603868,33.983438828103488],[-6.8960003471818823,33.983422272438389],[-6.8959952411044485,33.983404325306722],[-6.8959976327023904,33.9834007405791],[-6.8960068137063129,33.983397035988794],[-6.8960192939774272,33.98339065125198],[-6.896038446490528,33.98337117340693],[-6.8960467558529439,33.98336154927258],[-6.8960539306205906,33.98335079418473],[-6.8960534630290864,33.983343440316901],[-6.8960428630352872,33.983339301854208],[-6.896024383867088,33.983333736895119],[-6.895996102925265,33.983316564371734],[-6.8959565511384753,33.983299175601765],[-6.895944857534702,33.983291190987728],[-6.8959354559860353,33.983275850213609],[-6.8959314696845473,33.983252132017341],[-6.8959377191864091,33.983231270541935],[-6.8959484113166738,33.983213459428804],[-6.8959538254730086,33.983205082019332],[-6.895952228262634,33.983198898770311],[-6.8959452730268316,33.983184159206381],[-6.8958863681211096,33.983131864649238],[-6.8958667357425005,33.983115966913566],[-6.8958609676563736,33.983106544262398],[-6.8958596284458533,33.983093269948611],[-6.8958546296637602,33.983083694709578],[-6.8958419786699388,33.983072920236218],[-6.8958310258655207,33.983050980782942],[-6.8958326830771064,33.9830425309936],[-6.8958428465560759,33.983031999973733],[-6.8958464563486341,33.983026414731903],[-6.8958398303672164,33.983017972761438],[-6.8958343739062391,33.983005644995501],[-6.895831851451887,33.982989355349062],[-6.8958330996720782,33.982980039213906],[-6.8958372031795827,33.982972190636744],[-6.895837785467374,33.982969097403249],[-6.8958333728584815,33.982958730515868],[-6.8958163477052521,33.982955992736933],[-6.8958070245316518,33.982956340359685],[-6.8957997714356427,33.982951406124847],[-6.8958053151367338,33.982939483633551],[-6.8958185946803399,33.982925630709701],[-6.8958298380117125,33.982912043806351],[-6.8958374228567809,33.982902155963544],[-6.8958439366404081,33.98289992536143],[-6.8958536338500203,33.982905459930045],[-6.8958606201497865,33.982912883868828],[-6.895868370807146,33.982917854547694],[-6.8958772450956571,33.982919355751484],[-6.8958840743549938,33.982916520718909],[-6.8958928562109474,33.982916551134736],[-6.8959034310905585,33.982930306803198],[-6.8959095633570033,33.982941012106458],[-6.8959165185673026,33.982955751673671],[-6.8959215035958188,33.982958424882028],[-6.8959316808081201,33.982954795883302],[-6.8959433380623523,33.982944375987117],[-6.8959620278588707,33.982919844953095],[-6.8959712388235666,33.982908824745905],[-6.8959757562685846,33.982904144082831],[-6.8959866279604363,33.982908094418285],[-6.8959804134339935,33.982923940050078],[-6.895984271276844,33.982951203322308],[-6.8960012791193437,33.982968159640492],[-6.8960160559787562,33.982977838162235],[-6.8960386124527631,33.982985172646387],[-6.8960485627270005,33.982981316365532],[-6.8960747039440928,33.982992682787575],[-6.896088389993464,33.983000816757794],[-6.8960984973362747,33.983007219442456],[-6.8961059226414498,33.983008193191729],[-6.8961144189841201,33.983001509697289],[-6.8961352571933405,33.982987386085661],[-6.896147243687853,33.982983264671837],[-6.8961534282088364,33.982974735552517],[-6.8961541826861881,33.98296768275096],[-6.8961489767625714,33.982967083840045],[-6.8961476512812103,33.982960711557283],[-6.896151847212117,33.98295433465811],[-6.896160121576532,33.982949725461594],[-6.8961675419412831,33.982948399436992],[-6.8961725717945805,33.982950657228947],[-6.8961801791836805,33.98295227184925],[-6.8961899872560029,33.982945060406735],[-6.8961885982281323,33.982929900830143],[-6.8961900246118617,33.982918923980122],[-6.8961876841814247,33.982903275215762],[-6.8961936717632071,33.982887204104557],[-6.8961997778703195,33.982862985672298],[-6.8962023239977164,33.98284623865932],[-6.8962084686390952,33.982840425615336],[-6.8962205037976689,33.982838189472787],[-6.8962339989237451,33.982841081195161],[-6.8962375737731962,33.98284051269215],[-6.8962472971167221,33.982836430926383],[-6.8962676613621632,33.982833772415518],[-6.896283302417725,33.982823651229154],[-6.8963119847525753,33.982815969013764],[-6.8963268254388641,33.982813316044293],[-6.8963605514198516,33.982814794534185],[-6.8963951292415553,33.982812990768366],[-6.8964130870536398,33.982807015855421],[-6.896431365293008,33.982802737182062],[-6.8964424501197881,33.982800011819364],[-6.896453810560069,33.982799398104362],[-6.8964670389101164,33.982804779510033],[-6.8964774656063534,33.982812878419637],[-6.8964918772454062,33.982821276050295],[-6.8964993374495727,33.982817233927435],[-6.8965152801612115,33.982799607154661],[-6.8965299548943886,33.982782094736066],[-6.8965417952420154,33.982772316547226],[-6.8965555024043459,33.982768532589013],[-6.8965742930920149,33.982771193257342],[-6.8965917671132297,33.982772083001414],[-6.8966161052624759,33.982765121821402],[-6.8966441417012785,33.982751745472591],[-6.896661271543949,33.982739435592016],[-6.896683257992561,33.982733343963005],[-6.8967025374033391,33.982731440601029],[-6.8967445553742035,33.98273751246851],[-6.8967883665260974,33.982757310465047],[-6.8968368422912656,33.982778084475392],[-6.8968540755827554,33.982771846685978],[-6.8968627578251338,33.982768104699737],[-6.8968754786786866,33.982768847372995],[-6.8968787192535306,33.982759680581573],[-6.8968857826189884,33.982738251956235],[-6.8968884609186754,33.98272026053769],[-6.8968934083771032,33.982704529206721],[-6.8969124930528425,33.982673964145022],[-6.8969198757749162,33.982654232672772],[-6.8969289565461578,33.982623337106389],[-6.8969466148779341,33.982603747094949],[-6.8969662695733875,33.982586608021194],[-6.8969778917714946,33.982581203876769],[-6.8969976200127556,33.982577452535672],[-6.8970084906277522,33.982581402795859],[-6.8970233860145171,33.982582935681293],[-6.8970325181831056,33.982577345736331],[-6.8970372038212648,33.98256640478079],[-6.8970382299430941,33.982559162033517],[-6.8970502860929814,33.982545008833526],[-6.8970570079226405,33.982533801835366],[-6.8970664505897563,33.982525307685776],[-6.8970801399674659,33.982512321856547],[-6.8970902672746632,33.982506806596035],[-6.8971000840758645,33.982504195536791],[-6.8971081762532638,33.982498945402632],[-6.8971171075044433,33.982483512776817],[-6.8971207072386802,33.982473326152558],[-6.8971222082384811,33.982454619164564],[-6.8971211655165421,33.982431539530545],[-6.8971147863234563,33.982411406127831],[-6.8971018507567505,33.982393917872159],[-6.8971008805468506,33.98238422689073],[-6.8971087308769476,33.982371849271793],[-6.8971229665054015,33.9823607860599],[-6.8971409153172019,33.982350210585615],[-6.8971481933568954,33.982345527549185],[-6.8971602831910834,33.982347477253853],[-6.8971693046660203,33.982354635090523],[-6.8971813009656167,33.982355114019853],[-6.897192105102377,33.982347976270603],[-6.8971999554318231,33.982335599547497],[-6.8972043593279437,33.982320245376172],[-6.897214611113843,33.98230888434302],[-6.8972173142137345,33.982302395375079],[-6.8972258851184325,33.982287980775808],[-6.8972302104097549,33.982278057847381],[-6.897225527018314,33.982267880031515],[-6.8972200206007281,33.98225366615528],[-6.8972136613150257,33.982242735446235],[-6.8972086773701644,33.982240062275686],[-6.897213366849372,33.982231421095904],[-6.8972227020907857,33.982214555031582],[-6.8972272631775891,33.982209459829832],[-6.8972380711744412,33.982204621859964],[-6.8972483417807595,33.982202463526598],[-6.8972593678343559,33.982193251467429],[-6.8972691757159179,33.982186039036684],[-6.8972777693251341,33.982183126920098],[-6.8972800772608673,33.982182672738126],[-6.8972894501387341,33.982184210271207],[-6.8972952720262155,33.982197819712589],[-6.8972983631157767,33.982204114964439],[-6.8973077359962778,33.982205652496162],[-6.8973171437401453,33.982202174176905],[-6.8973237858345815,33.982196398420292],[-6.8973319217144713,33.982190733778765],[-6.8973402446709695,33.982188010683217],[-6.8973499330285355,33.982188944681205],[-6.8973766325852086,33.982185715119606],[-6.8973796810228096,33.982171306094259],[-6.8973859628061964,33.982166548370252],[-6.8973976436033864,33.98216763080962],[-6.8974093731451358,33.982170600329766],[-6.8974226850291664,33.982172851063929],[-6.8974347648752259,33.982170199397103],[-6.8974447459624795,33.982159027370045],[-6.8974468828116233,33.982141413085124],[-6.8974485846752351,33.982132548766266],[-6.8974473476664553,33.982125346595929],[-6.8974512279845266,33.982119573182104],[-6.8974600495856304,33.982116887408488],[-6.8974728101892353,33.982114914843358],[-6.897483938624025,33.982111773993758],[-6.8974989523589985,33.982105160400373],[-6.8975122863059077,33.982095494132601],[-6.8975331140954852,33.982076768938455],[-6.8975402846676497,33.982063713074837],[-6.897559209640904,33.982044009521054],[-6.8975623565586694,33.982033371034596],[-6.8975652765690443,33.982022507081446],[-6.8975700993806761,33.982012621482767],[-6.89758248080655,33.982002465141107],[-6.8976021551834723,33.981994527752775],[-6.8976216115168523,33.981990964449793],[-6.8976442773777942,33.981985550866241],[-6.8976676001287656,33.981969313006473],[-6.897677625972813,33.981957725552896],[-6.8976853965308687,33.981950779153863],[-6.8977023628421898,33.981947030055885],[-6.8977114113403566,33.981944570632429],[-6.8977230184435188,33.981932265301118],[-6.897740144061185,33.981917654583619],[-6.897751632760361,33.981913495672835],[-6.8977591415487822,33.98191133875212],[-6.8977570227916152,33.981893615706412],[-6.8977519712378763,33.981879854574572],[-6.8977492911951233,33.981853305988139],[-6.8977478880304632,33.981831245293066],[-6.8977464987331114,33.981816084825802],[-6.8977494396532046,33.981793302984833],[-6.8977545490413865,33.981769010698137],[-6.8977639897063323,33.981737096122146],[-6.8977778967640875,33.981698615562088],[-6.897806232404001,33.981654313913928],[-6.8978258589072983,33.981623370635475],[-6.8978393409529932,33.981598240480587],[-6.8978403222032902,33.981591414033062],[-6.897835288456422,33.981586854719282],[-6.8978227220728812,33.981572949854225],[-6.8978178874584168,33.981554813745163],[-6.8978197524866705,33.981537388489251],[-6.8978271050839908,33.981524974381749],[-6.8978342794797358,33.981514219184575],[-6.8978450684704331,33.981500179357482],[-6.8978564496717869,33.981487648532728],[-6.897880799370685,33.981464167860402],[-6.8979051479895448,33.981440688097791],[-6.8979164395265649,33.981428986278452],[-6.8979292259323159,33.981417396455214],[-6.8979445062446869,33.981408293093999],[-6.8979608763380487,33.981400736074626],[-6.8979795732243767,33.981401925760323],[-6.8979994175239039,33.981411147523026],[-6.898026486015099,33.981411500241506],[-6.8980476469985561,33.981422492903775],[-6.8980683641627731,33.981437635075551],[-6.8981202121660798,33.981447996478245],[-6.8981567520393359,33.981453658085464],[-6.8981699852946683,33.981461339987099],[-6.8981792734855096,33.981466008040194],[-6.8981932122981044,33.9814647509412],[-6.8982067320769724,33.981458025254469],[-6.8982147305528638,33.981451305175547],[-6.8982199274705431,33.981447302641719],[-6.8982260409759251,33.981448805132068],[-6.8982364498283966,33.981447702082654],[-6.8982390979901087,33.981437026249985],[-6.8982381774772952,33.98142922053961],[-6.8982518982918419,33.981432338426202],[-6.8982658162133763,33.981442998301731],[-6.8982793359987866,33.981436273508784],[-6.8982937146936125,33.981428566198687],[-6.8983177906184041,33.981426395071239],[-6.8983243131472083,33.98142876479649],[-6.8983413082858007,33.981438818761298],[-6.8983525789066142,33.981439034786924],[-6.8983647482658945,33.981435554018283],[-6.8983739877306443,33.981438336778332],[-6.8983915879353441,33.98145679997895],[-6.8983933236647292,33.981464039467994],[-6.8983935595261778,33.981468867193975],[-6.8984001856375174,33.981477309034261],[-6.8984107417929073,33.981481862694878],[-6.8984205534275365,33.981476950858102],[-6.898423237448875,33.981461259156717],[-6.8984369741091154,33.981450158465684],[-6.8984409041489183,33.981446270285431],[-6.8984537492469373,33.98144116703353],[-6.8984639211635148,33.981435237153967],[-6.8984679795549431,33.981427803893574],[-6.8984670977325733,33.981417282117221],[-6.8984634989924452,33.981406348207159],[-6.8984675136591855,33.981399330341276],[-6.8984682679195863,33.981392276619879],[-6.8984670358491913,33.981387375130815],[-6.8984794719279829,33.98138140553867],[-6.8984891412382758,33.981373136743194],[-6.8984972321596318,33.981367887431809],[-6.8985095886185475,33.98136734819461],[-6.8985175909784662,33.981362927880546],[-6.898527339896976,33.981349228724042],[-6.8985296775827125,33.981341457993558],[-6.8985322371613131,33.981331612054646],[-6.8985331437549169,33.981332516632293],[-6.8985459838161374,33.981325112697562],[-6.8985548540560027,33.981324313026384],[-6.8985606033541469,33.981324533755675],[-6.8985636705272775,33.981319326501065],[-6.8985611217514542,33.981312653209329],[-6.8985648198571488,33.981306238886916],[-6.8985771075074114,33.981294611671466],[-6.8985840161613003,33.981286346131775],[-6.8985898887896768,33.981280721106955],[-6.8986050944315593,33.981279349597806],[-6.8986182291240059,33.98128326000662],[-6.898631398589087,33.981282153659926],[-6.8986413187996236,33.981285614598008],[-6.8986582641246779,33.981293783254664],[-6.8986668188790246,33.981293586207961],[-6.8986736927398251,33.98129033651567],[-6.8986851225346442,33.981279690893274],[-6.8987040173138015,33.981267303686465],[-6.8987183461194528,33.981257711061509],[-6.898735751038835,33.98124751253534],[-6.8987466086718854,33.981244560600956],[-6.8987559714499262,33.981241497580037],[-6.8987654776137415,33.981241790596698],[-6.8987775185882825,33.981241854867477],[-6.8987864823641836,33.98124252505086],[-6.8987958103632687,33.9812444778794],[-6.8988046648031593,33.981257895847271],[-6.8988121975341681,33.981267242242119],[-6.8988170889921552,33.9812684445643],[-6.8988316239019669,33.981270995275878],[-6.8988439792626179,33.981270456018628],[-6.8988630174073666,33.98126142482608],[-6.8988824685171606,33.98125556155469],[-6.8989059274256981,33.981261498514471],[-6.8989195009032649,33.981258959603778],[-6.8989274057256003,33.981250767804561],[-6.8989434362130728,33.981232311713562],[-6.8989567637421807,33.981220343726839],[-6.8989669366809521,33.981214413793005],[-6.8989720259895835,33.981202038422204],[-6.8989748163809752,33.981194719525881],[-6.8989857535844319,33.981186337212044],[-6.8989962408823313,33.981179802852012],[-6.899007074462447,33.981165348417093],[-6.8990133510572376,33.981158289936381],[-6.8990278680256667,33.981151638807724],[-6.8990394400888659,33.981144350105268],[-6.8990485669488502,33.981136459336987],[-6.8990571772251874,33.981119329426782],[-6.8990611907328629,33.981112310652378],[-6.8990879902147215,33.981091731578267],[-6.8990842530403054,33.981079742320013],[-6.8990818773775704,33.981069109451916],[-6.8990828049632871,33.981065706324998],[-6.8990839443468781,33.981061526837692],[-6.8990924004967482,33.981057559217696],[-6.8991037993970314,33.981054230095424],[-6.8991152739105832,33.981043169025043],[-6.8991230352948643,33.981031621174623],[-6.8991177308850045,33.981027251842434],[-6.8991175437497727,33.981024310297343],[-6.8991194325565193,33.981018387497201],[-6.8991376514763507,33.981007621800615],[-6.8991432971419453,33.981001771285435],[-6.8991479426421423,33.980993545424148],[-6.8991648498911937,33.98098330950117],[-6.8991716688446472,33.980975873842034],[-6.8991788530757177,33.980969719011],[-6.8991976698732653,33.980941643297427],[-6.8992008513045509,33.980925988912276],[-6.8992123168225055,33.980910327374147],[-6.8992280754302628,33.980892058483413],[-6.8992408655326365,33.98088276921051],[-6.8992571328603516,33.980869139887645],[-6.8992720487244812,33.980858754619632],[-6.8992728914667758,33.980850871892656],[-6.8992838773513476,33.980844374830468],[-6.8992915899422158,33.980830941690073],[-6.8993031131714666,33.980821766781951],[-6.8993067226499516,33.980816181435806],[-6.8993080830778606,33.980817537836842],[-6.8993057572308931,33.980808790237674],[-6.8993056188588806,33.980807734873082],[-6.8993054664655968,33.980799777474587],[-6.8992942514016171,33.98078262779385],[-6.8992985713475861,33.98077040411485],[-6.8993043542920107,33.980765609871213],[-6.899317105668116,33.980759035756982],[-6.8993190432093243,33.980754998232015],[-6.8993336676816233,33.98075671987344],[-6.8993472500413366,33.980758781374519],[-6.8993544700849858,33.980747611568106],[-6.8993679846262852,33.980738585080552],[-6.8993790590402879,33.980731259010277],[-6.8993859227567143,33.98072340793086],[-6.8993907850688627,33.980710807077436],[-6.8993963678985697,33.980696168335669],[-6.8993911907277914,33.980688253946326],[-6.8993745014957426,33.980694114905688],[-6.89936277210162,33.980691146469617],[-6.8993565409613273,33.980676669880197],[-6.8993567875216311,33.980664978370442],[-6.8993643807594935,33.980659691666304],[-6.8993790259173871,33.980649494512903],[-6.8993894246015319,33.980643790921548],[-6.8994001146240809,33.980625979509661],[-6.8994083835728786,33.980619070322568],[-6.899410774953382,33.980615485526037],[-6.8994017534743595,33.980608327846198],[-6.8993831071771572,33.980587904858268],[-6.8993786953332119,33.980577537172024],[-6.8993709166307537,33.980558762637159],[-6.8993719375137061,33.980549220093259],[-6.8993830029124643,33.98053729266141],[-6.899389594889187,33.98052963062409],[-6.8993927364912953,33.980516691411779],[-6.8993961548688212,33.980505864732102],[-6.8993952331795656,33.980498059040514],[-6.8993921022192763,33.980494479016599],[-6.8993942576826441,33.980486066494414],[-6.8994023882460169,33.980478101942666],[-6.8994131034170234,33.980471792996418],[-6.899426810107145,33.980468009622498],[-6.8994428296820356,33.980466070895432],[-6.8994517345652646,33.98046025530639],[-6.8994589327673799,33.980461002492802],[-6.8994682556587899,33.980460654597955],[-6.8994765794650768,33.980457931345761],[-6.8994825007524918,33.980454192457955],[-6.8994866973845888,33.98044781452645],[-6.8994902530545117,33.980438044123161],[-6.8995012775488185,33.98042883097191],[-6.899510049074765,33.980424259786275],[-6.8995174114014102,33.98041644602062],[-6.8995230967784762,33.980407880306764],[-6.8995318979796831,33.980395991689711],[-6.8995375934197956,33.980392026421356],[-6.8995451776233852,33.980382138344794],[-6.8995510501439643,33.980376514174772],[-6.899555846905276,33.980376245708854],[-6.8995617692505737,33.980372505902515],[-6.8995706640329901,33.980362088956809],[-6.8995755262982366,33.980349488094589],[-6.8995811180749644,33.980339450703624],[-6.8995891062575447,33.980328129186105],[-6.8995920309994929,33.980319565852881],[-6.8995954930618089,33.980308323771858],[-6.8996057896283514,33.980275427442365],[-6.8996051794180904,33.980264717527838],[-6.8996061117393532,33.980256004882477],[-6.8996017643042293,33.980233304819627],[-6.8996027761711867,33.980219161813146],[-6.8996010862480333,33.98021150691649],[-6.8996106119197291,33.980199882893906],[-6.8996236786290961,33.980192704308593],[-6.8996360197997317,33.980185263839324],[-6.8996436874626133,33.98017224518042],[-6.8996505421215693,33.980159793625312],[-6.8996616461054678,33.980145150097869],[-6.8996767505451917,33.98011658662584],[-6.8996943785931144,33.980083193954023],[-6.899710680408643,33.980064547811594],[-6.8997164105427125,33.980055566679745],[-6.8997217356080878,33.980048018999248],[-6.8997750276536012,33.979990946660443],[-6.8997977930354786,33.979968183528989],[-6.8998114020857919,33.979960628652321],[-6.8998702529705014,33.979943074797504],[-6.8998971982138251,33.979928152280351],[-6.8999132730495853,33.979909280647981],[-6.8999556149529271,33.979853688579169],[-6.9000100749326814,33.979792730311097],[-6.9000227481209864,33.979770467685469],[-6.9000522179555528,33.97975071591619],[-6.9000850658657971,33.979743972307674],[-6.9000956952756338,33.97974079480548],[-6.9001097132819451,33.979734106228534],[-6.9001113403694445,33.979732972902369],[-6.9000924566474229,33.979728841989036],[-6.9000807620616005,33.979720857763475],[-6.9000794323689583,33.979712184827164],[-6.9000839342613114,33.979700601986828],[-6.900090437585491,33.979693769812251],[-6.9001042377064667,33.979691457135566],[-6.9001196312796091,33.979693026072219],[-6.9001351123134453,33.979693766019594],[-6.9001482020383627,33.97969809167855],[-6.9001597441576861,33.97969811849719],[-6.9001679294731222,33.979694338932468],[-6.9001735301718572,33.979688902874692],[-6.9001779536547261,33.979682752183663],[-6.9001879879338848,33.97967576588146],[-6.9001994263493627,33.97966972057489],[-6.9002116300820591,33.979661223768716],[-6.9002174139691919,33.979656428566308],[-6.900226096853646,33.979652687231379],[-6.9002351298642575,33.979643325599795],[-6.9002345098353031,33.979629165150783],[-6.900236033193349,33.97961066616724],[-6.900234692955971,33.979601132048252],[-6.9002303922005543,33.979596263717262],[-6.9002281005078059,33.979593451095283],[-6.9002136796414835,33.979578925617595],[-6.9002029234176154,33.979566283599631],[-6.9001945701994192,33.979556568312859],[-6.9001854895262555,33.979548675449408],[-6.9001830633082513,33.979540827351698],[-6.9001845073888992,33.979536241054802],[-6.9001900931276703,33.979531695345777],[-6.900196995881128,33.979531762390828],[-6.9002027494105791,33.979532987704353],[-6.9002116062490213,33.979532489306578],[-6.9002267993763988,33.979533548353821],[-6.9002295791116071,33.979542747765606],[-6.9002421224704662,33.979545149902187],[-6.9002511695488504,33.979542689404383],[-6.9002639644033312,33.979535700697028],[-6.9002730320892063,33.979521323206271],[-6.9002775787575379,33.979509325851403],[-6.9002822190103288,33.979498799268825],[-6.900270214050046,33.979493719273592],[-6.900256630783681,33.979491657884616],[-6.9002585592315508,33.979483019882501],[-6.9002680012545135,33.979474525481947],[-6.9002718324775509,33.979466865794166],[-6.9002647434708386,33.979453370858593],[-6.9002539605421926,33.979448590987204],[-6.9002574763329019,33.979441535739987],[-6.9002695813825454,33.979429267480121],[-6.9002887472366679,33.979416690079312],[-6.9002925874942234,33.979413631753189],[-6.9003026755839416,33.979410832296864],[-6.9003098993559995,33.979401962215832],[-6.9003258894592898,33.97938622111684],[-6.9003340209012105,33.979378255586695],[-6.900331486265622,33.979354778940731],[-6.9003294512676367,33.979336603965251],[-6.9003187170445059,33.97932071937835],[-6.9003170332370907,33.979318063621868],[-6.9002977223802215,33.979308561656595],[-6.9002913905900316,33.979304880196715],[-6.9002900037999257,33.979298796385166],[-6.9002929078352127,33.979288474582795],[-6.9002965199235797,33.979282608682652],[-6.9003086951907759,33.979266381157494],[-6.9003152114462418,33.97925835650873],[-6.9003208350409171,33.979249419010287],[-6.9003316005769104,33.979238513317064],[-6.9003402935447697,33.979230152343305],[-6.9003502494759168,33.979215619000577],[-6.9003578782889186,33.979197537514573],[-6.900361640641699,33.979187393925621],[-6.9003631605905627,33.979182186212959],[-6.9003713116264374,33.979163940639076],[-6.9003723889194788,33.979161312238297],[-6.9003806076704404,33.979144544059423],[-6.900395136482584,33.979129571731562],[-6.9004074532473147,33.979122360554527],[-6.9004218795111401,33.979116375939491],[-6.9004438399714614,33.979118568752412],[-6.9004575142957458,33.979122772835872],[-6.9004661857942304,33.97912885055657],[-6.9004746690015475,33.979135434691827],[-6.9004821077691725,33.979142347902886],[-6.9004897178573072,33.979149903916593],[-6.9005078570067848,33.979161707997555],[-6.9005296487436505,33.979166292840063],[-6.9005369775947463,33.979167966449218],[-6.9005463533752494,33.979167303978976],[-6.9005584085266811,33.979164254561745],[-6.9005807773343575,33.979163134306035],[-6.9006005231123773,33.979161894852751],[-6.9006211763428045,33.979160418149405],[-6.9006347674793025,33.979159174858793],[-6.9006403890382613,33.979158400426847],[-6.9006760800438931,33.979165041903393],[-6.9007041003165259,33.979165883184869],[-6.9007316566149557,33.979161671286285],[-6.9007396677214077,33.979161852189549],[-6.9007567616135042,33.979154557589467],[-6.900763438976476,33.979143764872376],[-6.9007711501054718,33.979130331645358],[-6.9007719001838863,33.979120978117969],[-6.9007710770526103,33.979116943879838],[-6.9007811741260872,33.979118743944241],[-6.900791908257963,33.979121638491549],[-6.9008015077909528,33.979123402126298],[-6.9008130538261563,33.979125729572715],[-6.9008167322206031,33.979131232158856],[-6.9008209916179215,33.97913364149673],[-6.9008303898370462,33.979125562448452],[-6.9008304103540725,33.979113644553514],[-6.9008291283147507,33.979106857817186],[-6.9008378060273321,33.979100814862377],[-6.9008559062465,33.979098196244692],[-6.9008645839563556,33.979092153288001],[-6.900874034947293,33.979088260203561],[-6.900880277666575,33.979086217467945],[-6.9008942302057905,33.979091862105371],[-6.9009042286219788,33.979089891614294],[-6.9009145883549969,33.979086902160361],[-6.9009210081264367,33.979083200518936],[-6.9009280241122655,33.979083306751782],[-6.9009363954621747,33.979082469595156],[-6.9009300935770836,33.979099144496018],[-6.9009335002617513,33.979104836125067],[-6.9009399291068325,33.979105735845579],[-6.9009492875660454,33.979100371068633],[-6.9009588729631011,33.979095233555036],[-6.9009659326757147,33.97909492529174],[-6.9009790580692281,33.979094234093139],[-6.90098951939079,33.979097316781235],[-6.9009998932773646,33.979101229358292],[-6.901005193682745,33.979103298827638],[-6.9010095416019572,33.979104878256329],[-6.9010137074212299,33.979105817717297],[-6.9010198168127284,33.979105019384569],[-6.9010314729565048,33.979094599901714],[-6.901037374845246,33.979081658225496],[-6.90103875764318,33.979080360061445],[-6.9010209239201705,33.979060980080227],[-6.9010170526072967,33.97906048172505],[-6.90101215726144,33.97905697970149],[-6.9010126867179169,33.979052030066789],[-6.9010127790671545,33.979051171257375],[-6.9010177437093168,33.979044641566595],[-6.9010205888114049,33.97904150856013],[-6.9010154574659301,33.979033178811328],[-6.9010123901867901,33.979025700971349],[-6.9010124224555796,33.979025688860055],[-6.9010390260065613,33.979004860960231],[-6.9010325271493809,33.978983603591743],[-6.9010385479872847,33.978971218762865],[-6.9010546928310559,33.978962821652274],[-6.9010749246988556,33.978959767095631],[-6.9011136035553191,33.978973740228987],[-6.9011435748721945,33.978977292578548],[-6.9011870655620804,33.978963849017028],[-6.9012208718285244,33.978942346721375],[-6.9012758941708023,33.978884949024959],[-6.9013064934188497,33.978857033880601],[-6.9013590495922221,33.978846030362376],[-6.9014016817176458,33.978810147024213],[-6.9014415145356871,33.978794466320906],[-6.9014811056452947,33.978772626749546],[-6.9015655700780485,33.978705836299063],[-6.9016107116937651,33.978673912791251],[-6.9016402693898833,33.978661044651609],[-6.901664477726535,33.978649540266083],[-6.9016963943458522,33.978643376486701],[-6.9017185829303198,33.978624937275235],[-6.901713578748411,33.978610308991307],[-6.9016511217539094,33.978615004443519],[-6.9016202985060424,33.978599102847298],[-6.9016010269126689,33.978562916215111],[-6.9016072901849608,33.978499890599707],[-6.9016214961895237,33.978492070419271],[-6.9016169135098959,33.978443491517766],[-6.9015843849921623,33.978382885333289],[-6.9015806178129449,33.978379263383523],[-6.9015360999157274,33.978297046274925],[-6.9015431888252357,33.978200651429084],[-6.9015462091152715,33.978183783138029],[-6.9015541532919746,33.978145808273979],[-6.9016161831372216,33.978087319884629],[-6.9016673356001474,33.978040393397386],[-6.9016739592613456,33.97802944884824],[-6.901687475931384,33.977982415263106],[-6.9016901330936316,33.977942458269368],[-6.9017354189960569,33.977906253475155],[-6.901769916743195,33.97788827545363],[-6.9017941699593042,33.977884646758298],[-6.9018390122127435,33.977887750978212],[-6.9018749641131008,33.977878374012491],[-6.9019401697952825,33.977911997716681],[-6.9019868982158519,33.977930533259048],[-6.9019994976729171,33.97795461522869],[-6.902067867014491,33.977968202285354],[-6.9020808768528372,33.977967537607647],[-6.9021135235153057,33.977969494654907],[-6.9021630616842282,33.97797545827693],[-6.9022453214958617,33.97799091243413],[-6.9023330394571953,33.978011487879805],[-6.9023554062509112,33.978020981743533],[-6.9024025186392022,33.978042056775855],[-6.9024145073141598,33.978046637113415],[-6.9024328346064312,33.978048152537951],[-6.9024375966887224,33.978047200738445],[-6.9024516837992307,33.978043910307726],[-6.9025044329805381,33.977988611859189],[-6.9025288619850746,33.977967593255443],[-6.9025576724656776,33.977931369330051],[-6.902559608882302,33.977907485534253],[-6.9025500113257827,33.977874824848378],[-6.9025544894621778,33.977864961205519],[-6.9025618462582194,33.977848023731099],[-6.9026144389834627,33.977805293228037],[-6.9026650963045135,33.977776234316472],[-6.9027145752110153,33.977744576727098],[-6.9027642731507672,33.977730415082682],[-6.902803187394098,33.977697334744022],[-6.9028510254794071,33.977662259657194],[-6.9028435341175083,33.977652620780503],[-6.9028288629992707,33.977643978959037],[-6.9028154241984367,33.977636483993621],[-6.9028153994670607,33.977620461199002],[-6.9028295015201939,33.977610900561231],[-6.9028507660174725,33.977605541603857],[-6.9028699276351979,33.977605100661137],[-6.9028915136062885,33.977605750783141],[-6.9029055257834795,33.977603516417666],[-6.9029232239726817,33.977602274103369],[-6.9029418291881939,33.977595698812905],[-6.9029588013578529,33.977581078356103],[-6.9029719766825206,33.977557239174281],[-6.9029900197006118,33.977538496823819],[-6.903082076388567,33.977473915832647],[-6.9031983740446945,33.977372709161195],[-6.9032657245127922,33.97731912281175],[-6.9032974545662737,33.977289119217545],[-6.9033443700819062,33.977224005613444],[-6.9033767620730186,33.977195723890546],[-6.9034029219185982,33.977161760152725],[-6.9034343897517667,33.977158729984922],[-6.9034880495600506,33.977148392334591],[-6.9035122415143393,33.977115196257962],[-6.9035427139542778,33.977077647092976],[-6.90356235282849,33.977033762264405],[-6.9035806948610015,33.977003967096749],[-6.9036328099603006,33.976956462723244],[-6.9037146417463298,33.97687654637258],[-6.9037478116191755,33.976831790181301],[-6.9037863377043953,33.976786139931669],[-6.9038081227372867,33.976745612307006],[-6.9038231798197121,33.976745027487354],[-6.9038205068108498,33.976717919699588],[-6.9038352715515963,33.976681846944111],[-6.9038688144649294,33.976666048850817],[-6.9038741625148079,33.976653291345379],[-6.9038720542109084,33.976645875106982],[-6.9038516144461841,33.976622730714212],[-6.9037808301897634,33.976521307225241],[-6.9037496064878283,33.976498569162743],[-6.9037387476886263,33.97648920525517],[-6.9037040884465517,33.976451975258669],[-6.9036689097626587,33.976389342346373],[-6.9036663286746274,33.976374556066681],[-6.9036609508658175,33.97628288057043],[-6.9036189641787891,33.976233024469394],[-6.9036139933458456,33.97623354230354],[-6.9035726095760745,33.976232253315729],[-6.9035884937022729,33.976199497851759],[-6.9036056863959372,33.976158466202683],[-6.9036139885254224,33.976129357928542],[-6.9036135996022123,33.976101862855884],[-6.9036196083235142,33.976087808617045],[-6.9036540806969731,33.976060728411142],[-6.9036841321406488,33.976043490457485],[-6.9037309900936714,33.976067047365895],[-6.9038121357520392,33.976113557157852],[-6.9038419386538115,33.976145349272656],[-6.9038521050082746,33.976154237166867],[-6.9038727059952478,33.976175443253652],[-6.9038853921609089,33.976184808659816],[-6.9039002960996685,33.976193525128316],[-6.9039187131138284,33.976198245498736],[-6.9039382546429993,33.976199445789206],[-6.9040052569874293,33.976197841311823],[-6.9040185950428397,33.976197829971021],[-6.904066207194461,33.976204523949235],[-6.9040848236603445,33.976223463012651],[-6.9040900701414341,33.976228365858518],[-6.9041016156272317,33.976248011233857],[-6.9041149677081934,33.976253503090064],[-6.9041491895747553,33.976253496195667],[-6.9041543011991182,33.97625335725013],[-6.9041821955721394,33.976245471597927],[-6.9041846297019047,33.976245627256247],[-6.9042162112848189,33.976249692548429],[-6.9042470135316458,33.97624782008284],[-6.9042608955871927,33.976246964321],[-6.9042853457964126,33.976249684829476],[-6.9042904928963669,33.976250282302196],[-6.9043020489755369,33.976254520425201],[-6.9043296676594883,33.976228950948048],[-6.904347279715954,33.976203415963681],[-6.9044010292849629,33.976151572430659],[-6.9044708713290568,33.976125893530622],[-6.9044865766477574,33.97609233470066],[-6.9045088963292374,33.976040317561761],[-6.9045492178784231,33.976008130655536],[-6.9045675975810603,33.975994243436958],[-6.9045873680372107,33.975987968658004],[-6.9046099579015898,33.975994041253223],[-6.9046479934248568,33.97595180668047],[-6.9046705139056321,33.975955747111421],[-6.9046870775798377,33.975949834619229],[-6.9046923454694422,33.975939710674353],[-6.9047071265239035,33.975935007392188],[-6.9047212563938682,33.975935588029508],[-6.9047420888321076,33.975916429493211],[-6.9047644226054627,33.975896823614022],[-6.9048095648855323,33.975860898966474],[-6.9048207095836247,33.975843372890616],[-6.9048531239678024,33.975828137336165],[-6.9048662878618412,33.975815128049803],[-6.9048686018902323,33.975809096318649],[-6.9048737106806595,33.975798225702007],[-6.9049111403326862,33.975780539849524],[-6.9049237365451566,33.97574968341862],[-6.9049927527784609,33.975699840586422],[-6.9050032073166481,33.975692290554072],[-6.9050338823020905,33.975670446904978],[-6.9050416867707129,33.97566477489503],[-6.9050767529279344,33.975618000536159],[-6.9051407004528587,33.975559341146763],[-6.9052011315096351,33.975510859502393],[-6.9052677027701925,33.975435993886265],[-6.905275123831637,33.975428687720793],[-6.9053495653830588,33.975348647989442],[-6.9053980936125257,33.975327304887415],[-6.9053840803369271,33.975314821486975],[-6.9054445668381605,33.975279874728557],[-6.9054681950868302,33.975262148043981],[-6.9054739426859548,33.97525010176421],[-6.9054808185644552,33.975246197782411],[-6.905494301209302,33.975241603807319],[-6.9055433863214182,33.975228981616176],[-6.905555936586028,33.975216681304012],[-6.9055544627960153,33.97521540569754],[-6.9055550089208237,33.975187554850407],[-6.9055754281263564,33.975171435116138],[-6.9056519101179674,33.975117668195409],[-6.9056792681229586,33.975102155888699],[-6.9056926218577885,33.975072305799003],[-6.9057126064994607,33.975053912169649],[-6.9057421383082538,33.97503759177183],[-6.9057902879045221,33.975016529044503],[-6.9058219475127602,33.974992119180783],[-6.9058612273528261,33.974947158148225],[-6.9058831045135118,33.974933843772881],[-6.9059079737107085,33.974910522942636],[-6.9059266890859785,33.974875417040359],[-6.9059391540907331,33.974829826863761],[-6.9059554502377098,33.974810799311889],[-6.9059712077136401,33.974806858866096],[-6.9060081231432155,33.974808707645714],[-6.9060454363776831,33.974792525401362],[-6.9060513887669446,33.974768872812916],[-6.9060760089780233,33.974754743474861],[-6.9060852748907315,33.974750455372941],[-6.9061006284409236,33.974735009748152],[-6.9061162566956327,33.974727548024838],[-6.9061660374747831,33.974689803873972],[-6.9062101442971402,33.974665976572801],[-6.9062695562094873,33.974620849071023],[-6.9062798637811902,33.974613765170957],[-6.9063235316267306,33.974589098029071],[-6.9063673070771836,33.974555897623688],[-6.9063943284990206,33.974523413679975],[-6.9063937746740738,33.974523313916656],[-6.906395266106502,33.974521921487487],[-6.9064097079414593,33.974520588862383],[-6.906425621143871,33.974514456677177],[-6.9064242528268398,33.974493902646742],[-6.906424904868409,33.974488612388868],[-6.9064300095383819,33.974464524436044],[-6.9064444709661084,33.974444643138831],[-6.9064489657330279,33.974440835381287],[-6.9064823755470712,33.974411622428214],[-6.9065180713521137,33.974383890846042],[-6.9065306236915527,33.974364165980489],[-6.9065556581880223,33.974367145976323],[-6.9065583099719152,33.974367058163374],[-6.9065735854413983,33.974350238923229],[-6.9066191485156505,33.974324380017698],[-6.90662071912217,33.974311627228388],[-6.9066200968271945,33.974311574286425],[-6.906619761787824,33.974311231085693],[-6.9066202077867507,33.974310168696626],[-6.906634084631853,33.974302659428481],[-6.9066432267058326,33.974288668350951],[-6.9066543054077991,33.974266617164666],[-6.9066540522105306,33.974266124166384],[-6.9066458430427495,33.974252115422956],[-6.9066690034401033,33.974247338166599],[-6.9066947400015515,33.97423492421143],[-6.9067164597921336,33.974191308704782],[-6.9067280313483117,33.974160656493922],[-6.9067410047892368,33.974145683149395],[-6.9067497687633601,33.974139360038933],[-6.9067698098139703,33.974116313560543],[-6.9067697669711832,33.974116152636171],[-6.906800895592256,33.974098179430456],[-6.9068060877429183,33.974095323791239],[-6.9068149303332795,33.974088852720797],[-6.906820737001123,33.974082540830061],[-6.9068353107646923,33.974071898077575],[-6.9068449915774064,33.974062198948587],[-6.9068516368106785,33.974054177792219],[-6.906868733737717,33.974040399446132],[-6.9068841385237159,33.974036794121787],[-6.9068909077858036,33.974032868794097],[-6.9069155203310251,33.974001453596181],[-6.9069183470318753,33.973983102939897],[-6.9069242102270927,33.973978366881788],[-6.9069571889538466,33.973971393473974],[-6.9069675767298069,33.973964635036261],[-6.906981989465236,33.97396550152142],[-6.9069953603040926,33.973947790616016],[-6.9070042572046129,33.973917911915478],[-6.9070438979871991,33.973879347811639],[-6.9070848289132973,33.973868499736284],[-6.9070963934106766,33.973862367476556],[-6.9071029951376115,33.973858270988231],[-6.9071098781217568,33.973853413520928],[-6.907122891640058,33.973849813489657],[-6.9071502685762853,33.973842362686639],[-6.907155251731786,33.973820271156654],[-6.9071562503211901,33.973809621251569],[-6.9072139929827268,33.973754128002142],[-6.9072262359452363,33.973748105714435],[-6.907242943961057,33.973732881741761],[-6.9072451906837129,33.973728412857071],[-6.9072465994811889,33.97372156853465],[-6.9072611759275651,33.973711399194109],[-6.9072719250463326,33.973707815572922],[-6.9073014535502102,33.973698715427638],[-6.9073526429936587,33.973661051230799],[-6.9074040536437469,33.973621912451812],[-6.9074305224140851,33.973594367398213],[-6.9074641972034163,33.973574667808421],[-6.9074743114561024,33.973572180401412],[-6.9074955494676216,33.973549321417615],[-6.9075073042081385,33.973538119963862],[-6.9075328684849548,33.97349493693477],[-6.9075873916807957,33.973435160353119],[-6.9075927160211261,33.973426135005695],[-6.9076005134068916,33.97340621652539],[-6.9076030528837959,33.973397843399191],[-6.9076377445309092,33.973379544795456],[-6.9076641163501868,33.973361399538661],[-6.9076680567370481,33.973355405892448],[-6.9076684247588487,33.973354966747578],[-6.9076642683134644,33.973344880341813],[-6.9076654236302337,33.973343147417019],[-6.9076759574616489,33.973327464678235],[-6.9076823275711279,33.973321626674114],[-6.9076871050158735,33.973300167118012],[-6.9076892425021672,33.973290462214855],[-6.9076977724507342,33.97325791825179],[-6.9077067360508009,33.973221853467457],[-6.9077079007749953,33.973207304451655],[-6.9077142111231495,33.973192777373093],[-6.9077147995671382,33.973175772209125],[-6.9077150831512615,33.9731546084532],[-6.9077155817258156,33.973142408784049],[-6.9077211318101988,33.973130484716314],[-6.9077278456437288,33.973116253111925],[-6.907751978507501,33.973094101494667],[-6.9077709127453186,33.973092841798703],[-6.9077768713798342,33.973093927205845],[-6.907783928144843,33.973095787652902],[-6.907810463445899,33.973097062778756],[-6.9078398193443844,33.973097374988406],[-6.9078775864001569,33.973095686534613],[-6.9078981500169352,33.973090380226964],[-6.9079037841113937,33.973087982795406],[-6.907911589676905,33.97307509539467],[-6.9079181044899567,33.973047705671668],[-6.907922776986493,33.973040359373705],[-6.9079426552624241,33.973021753795926],[-6.9080075630233484,33.97297299044002],[-6.9080118926107126,33.972954674866692],[-6.9080289609022323,33.972903319992952],[-6.9080362713108432,33.972891906835713],[-6.9080685963720079,33.972872740111882],[-6.9080840676399768,33.972864432237287],[-6.9080932234540171,33.972855374262039],[-6.9081114891340585,33.972780065861159],[-6.9081254098043159,33.972764932141892],[-6.9082001628739818,33.972718794611652],[-6.9082305588698167,33.972690209996195],[-6.9083842673476088,33.972572121412711],[-6.9084034907151528,33.972558894450231],[-6.9084698424429947,33.97244570795359],[-6.9084691694733893,33.972441984903014],[-6.9084360231672921,33.97241317880556],[-6.908430061042961,33.97240240617667],[-6.9083705709645757,33.972356894881344],[-6.908343089105542,33.972342291289522],[-6.9083082784047107,33.972321060408127],[-6.908254133122254,33.972325550001301],[-6.908229183889917,33.972323835588298],[-6.9082043971894391,33.972313643168036],[-6.9081867939395076,33.972304379783985],[-6.9081769918666653,33.97229714643472],[-6.9081516230225555,33.972264626390853],[-6.9081444418527846,33.972249911796474],[-6.9081206458414526,33.972214328899241],[-6.9081198206224013,33.972199581064409],[-6.908126134911428,33.972185601363201],[-6.9081280861283894,33.972178954323866],[-6.908112194247761,33.972154269498006],[-6.9080993517360438,33.972131889283609],[-6.908134922196151,33.972106625402567],[-6.9081480432369977,33.972105809027987],[-6.9081924129141639,33.972099487284162],[-6.9082110791207265,33.972091962548589],[-6.908257793884867,33.972115615112422],[-6.9082664573635029,33.972120864460344],[-6.9083099480750123,33.97211504389233],[-6.9083389698003899,33.972069406451347],[-6.9083323327914421,33.972046124488806],[-6.9083200564085798,33.972027239551728],[-6.9083309213727775,33.972015684358347],[-6.9083681294059698,33.971995091464848],[-6.9083877800131051,33.971986905480051],[-6.9084100117313438,33.971982299611319],[-6.9084283180608264,33.971980926519869],[-6.9084452249765658,33.971980692241573],[-6.9084624167966275,33.971981218438266],[-6.9084653792671542,33.971982071130391],[-6.9084780432954833,33.971985799482482],[-6.9084883712393124,33.971990212550722],[-6.9085079452424001,33.971996828533683],[-6.9085279843197345,33.972002672298075],[-6.9085427602125229,33.972006206553374],[-6.9085566461034533,33.972008420323355],[-6.908565724141714,33.97201067215704],[-6.9085750473286369,33.97201214179681],[-6.9085953510812548,33.972021010939457],[-6.9086093792277934,33.972024622737493],[-6.9086236479177821,33.972027311699627],[-6.9086366610471313,33.972028948836758],[-6.9086473711144043,33.972029680247175],[-6.9086612764834996,33.97203064554283],[-6.908673448450509,33.972030283377002],[-6.9086954845863549,33.972031936286648],[-6.9086999963323708,33.972033049900531],[-6.9087168124742275,33.972040185193876],[-6.9087244099924785,33.972046387129232],[-6.9087273449402886,33.972056944579883],[-6.9087305299382527,33.972069123338422],[-6.9087391069455348,33.97212172609737],[-6.9087425353049152,33.972124535703273],[-6.9087560645096433,33.97213114599581],[-6.9088075720100148,33.972156311732142],[-6.9088077100445338,33.972156218977567],[-6.9088291996929092,33.972154387196262],[-6.9088537030428938,33.972188358767553],[-6.9088722965026967,33.972192674939059],[-6.9088855153495619,33.972187513763693],[-6.9089028789046072,33.972171174124696],[-6.9088926685184395,33.972142724066629],[-6.9089387540061553,33.97212611416996],[-6.908969717762357,33.972098458694688],[-6.9089658496737449,33.972057339918948],[-6.9089352010261083,33.97197827980775],[-6.9089340421425698,33.971978494892547],[-6.908927199119721,33.971979902221229],[-6.9089213386944683,33.971974367519927],[-6.9089301453250949,33.971887567281037],[-6.908938772830945,33.971857373284976],[-6.9089462148790695,33.971855178596137],[-6.9089681706020478,33.971855693327676],[-6.908987038966159,33.971859823084472],[-6.9090005406210526,33.971863599915977],[-6.9090228639121012,33.971862153088622],[-6.9090448186717577,33.971851448193682],[-6.9091369738350874,33.971885753639441],[-6.9091717690200598,33.971898480474728],[-6.9092048611070762,33.971870903011059],[-6.9092082255484168,33.971811098126764],[-6.9092646632712924,33.971782852427857],[-6.9092612951717225,33.971739800271642],[-6.909216529537594,33.971722236762517],[-6.9091878570676961,33.971649641152801],[-6.9092255982229709,33.971608831816695],[-6.9092704513335379,33.971560348189769],[-6.9092900840413343,33.971508238881285],[-6.909340290872084,33.971456123701898],[-6.9093658106377918,33.971439958078328],[-6.9094038839199241,33.971424026278243],[-6.9094680120739458,33.971415146279341],[-6.9095396050621556,33.971439616902636],[-6.9095856617667222,33.971489584408246],[-6.9095924536994193,33.971538605552496],[-6.9096008704026977,33.97155096294621],[-6.9096273501546515,33.97156172001899],[-6.9096771600357867,33.971555704658002],[-6.9097446205234077,33.971490175742609],[-6.9097408184607101,33.971452629506736],[-6.9096265655856826,33.971397144579996],[-6.9096084301575278,33.971356356505119],[-6.9096118638166146,33.971303984215162],[-6.9096291486479604,33.97126486163372],[-6.9096540846603292,33.971210656359816],[-6.9096632019073043,33.971184683602061],[-6.9096629620533756,33.971154972515613],[-6.9096620904778545,33.971131397449518],[-6.90965729380647,33.971108012192936],[-6.9096519849999058,33.971038735446868],[-6.909672417291528,33.970993481685525],[-6.9097233815000596,33.970986509902588],[-6.9098119265603239,33.970956522272665],[-6.9098130379183562,33.970940355856136],[-6.9098112629682626,33.970934329113994],[-6.9097575947826826,33.970883578589117],[-6.9097538104557801,33.970878533884232],[-6.9097758562183715,33.970850834165716],[-6.9098435309668247,33.970835953267823],[-6.9098761158725992,33.970836116937058],[-6.9099309656877246,33.970833357898897],[-6.9100196279586772,33.970809571067939],[-6.9101195265912017,33.970736491563919],[-6.9101731153197132,33.970657143877773],[-6.9101853028538907,33.970614438088695],[-6.9101820711843329,33.970553836929014],[-6.910174903157114,33.970520072356081],[-6.910164735698868,33.970504514520094],[-6.9101915722372942,33.970366437487833],[-6.9101956234460351,33.970362167749734],[-6.9101963103188115,33.970361702204585],[-6.9102228488386457,33.970307244779683],[-6.9102372113507435,33.970298833647348],[-6.9102779507962877,33.970276333351087],[-6.9102792505212651,33.970270891849815],[-6.9102831466442352,33.970232144350206],[-6.9103020663352641,33.970226532771278],[-6.9103502008200337,33.970233791651715],[-6.9104065609591867,33.970210008039011],[-6.9104103476509868,33.970143591567002],[-6.9103925217094453,33.970134209417019],[-6.910357445111087,33.970107496042317],[-6.9103480449045556,33.970100336477167],[-6.91037347782843,33.970085748201335],[-6.9103901618121419,33.970082983809419],[-6.9104364140647876,33.970067764756777],[-6.9104226220856662,33.969980776887915],[-6.9104148950414093,33.969942502347791],[-6.9104347576260468,33.969926180138167],[-6.9105181781092728,33.969865420528016],[-6.9105597013186104,33.969891661980206],[-6.9106095612654137,33.969915626586157],[-6.9106769396698668,33.969879191584042],[-6.9107493529912336,33.969816050080638],[-6.9108117429701377,33.969754248808485],[-6.9108738385716428,33.969719241994262],[-6.9109395258034763,33.969656516115556],[-6.9109897443704842,33.969607872388465],[-6.9110009811598099,33.969574647015719],[-6.911053061731943,33.969531185662994],[-6.9110833426462737,33.969503944614701],[-6.9110859263805118,33.969473105436172],[-6.9110967571475648,33.969440812104445],[-6.9111102202961954,33.969411185497108],[-6.9110861980237877,33.969342553915133],[-6.9110855094925796,33.969342549595474],[-6.9110932866194412,33.969314431923664],[-6.9111138072032867,33.969271521759872],[-6.9111269453024322,33.969217775945062],[-6.9111287939662152,33.969145204785782],[-6.9111293010271906,33.969125300944661],[-6.9111264505119117,33.969106720115178],[-6.9111347127945297,33.969078740888513],[-6.9111205980203652,33.969050940551838],[-6.911101886030167,33.969030367589575],[-6.9111018975271001,33.968986620777343],[-6.9110652954673331,33.96890531683534],[-6.9110842932527214,33.96884535928276],[-6.9111073610615614,33.968822084316848],[-6.9111492551316305,33.968807151157876],[-6.9111869469731806,33.968810587185637],[-6.9112248140570678,33.968792031854704],[-6.9112176619434829,33.968752222588044],[-6.9112119682436113,33.968730056737108],[-6.9112498391210391,33.968720627681968],[-6.9112837588469986,33.968699919324287],[-6.9113010915182782,33.968668292478512],[-6.9112977473654515,33.968647469168282],[-6.9113442122889577,33.968609913434236],[-6.9113851753495963,33.96855500476871],[-6.9113908263791659,33.968521471558795],[-6.9113598191633399,33.968499867315586],[-6.9113289875527606,33.968482137313963],[-6.9113128135268127,33.968462283233961],[-6.9113286572628763,33.96844993353082],[-6.9113549026580419,33.96843703712134],[-6.911393647638203,33.968440040091714],[-6.9114350036091752,33.968398462165055],[-6.9114637208867089,33.968349735861935],[-6.911440996566113,33.968328557488398],[-6.9114113247198823,33.968348835834277],[-6.9113943764056556,33.968373922890819],[-6.9113627457238964,33.968369006821789],[-6.9113460092317531,33.968329186043313],[-6.911367145068156,33.968299335129309],[-6.9114164094461872,33.968282975417154],[-6.9114018086896634,33.968241475687996],[-6.9113631068632415,33.968230799732062],[-6.9113547226477339,33.968213395014885],[-6.9114000591226636,33.96819668496812],[-6.9114609477328495,33.968179437286359],[-6.9114633880785288,33.968208045886335],[-6.9114929363787851,33.968206318407127],[-6.9115070776641723,33.968200650662752],[-6.9115376933866681,33.968209141451474],[-6.9115645795217882,33.968190953929088],[-6.9115746581347519,33.968156073944336],[-6.9115938392381491,33.968129727916526],[-6.9116090765715414,33.968136734870271],[-6.9116196120585158,33.968183611169472],[-6.9116195078626541,33.968183968677778],[-6.9116575885433047,33.968194592526224],[-6.911682021707148,33.968178081454823],[-6.9116727129405096,33.968152454465965],[-6.9116539533084076,33.968119674027989],[-6.911646434344159,33.968104534381276],[-6.911687091775411,33.968078454937924],[-6.9117180433162178,33.968049108699795],[-6.9117070346513358,33.968024639526803],[-6.9117142700406413,33.968007219468589],[-6.9117481546003354,33.967978534087727],[-6.9117785252979402,33.967983768305956],[-6.9118160513849984,33.96799649121008],[-6.9118533816605661,33.967983447359352],[-6.9119063144562505,33.967936597704281],[-6.9119490730341759,33.967891857734834],[-6.9119969714750766,33.96783798979321],[-6.9120295543025829,33.967819237348536],[-6.9120860388130954,33.967773964548037],[-6.9121840268100003,33.96777530502267],[-6.9122625356720668,33.967803950272234],[-6.9122898719433863,33.967815143787959],[-6.9123429360071658,33.967812079642592],[-6.9123917698573747,33.967805532908713],[-6.9124117271441339,33.967820342836269],[-6.9124234597278127,33.96787503131781],[-6.9124492747420909,33.967893355559106],[-6.9124728878466604,33.967882732821245],[-6.9124720307337224,33.9678825573802],[-6.9124720825958397,33.967846646670075],[-6.912443466763829,33.967814727631747],[-6.9124073690292329,33.967777645362396],[-6.9124193414590405,33.967708844486353],[-6.9124520257676956,33.967672038255394],[-6.9124941832792244,33.967673289668873],[-6.9125692761871056,33.967685087884732],[-6.9126113429810188,33.967648520041188],[-6.9126137348841228,33.967637736887028],[-6.9125803818133216,33.967615935795195],[-6.9125814652314075,33.967587368527049],[-6.9126318459442384,33.967575231973711],[-6.9126952446007568,33.967497972440462],[-6.9127108420590231,33.967447285716567],[-6.912779065610172,33.967395317592498],[-6.912783290537158,33.96736994027841],[-6.9127515337551442,33.967320555147971],[-6.9127279970370612,33.967293188045893],[-6.912714583191292,33.967246893135822],[-6.912741900777978,33.967224791297298],[-6.9128032292546147,33.96722423091996],[-6.912833341109347,33.967207071999916],[-6.9128673340196576,33.967199645505737],[-6.9128943242191818,33.967174905919173],[-6.9129192977224232,33.967150784138454],[-6.9129254038665007,33.96712117491947],[-6.9129243547049875,33.967121035171786],[-6.9129329105632742,33.967062506662195],[-6.912931511968476,33.967062129426147],[-6.9129151862435156,33.967033376511388],[-6.9129187420823612,33.967015895298715],[-6.9129332730936124,33.967001101752963],[-6.9129197787221983,33.966992609216469],[-6.9128820178008015,33.967010233041535],[-6.9128232973879093,33.966987791435784],[-6.9127733128613382,33.966974026097731],[-6.9127495825544285,33.966930674235215],[-6.9127414024100542,33.966912626786034],[-6.9127157616144466,33.966870581397437],[-6.912703771689344,33.966792891236359],[-6.912691931414793,33.966750368903611],[-6.9127325818787195,33.96675965543411],[-6.9127565020593771,33.966746730880921],[-6.9127375848041224,33.966702470386096],[-6.9127191304846693,33.966652651290417],[-6.9127009722422317,33.96661530732144],[-6.912700573407581,33.966577450322589],[-6.9126996974740589,33.966539919260555],[-6.9127109719094451,33.966507424671676],[-6.9127551199547224,33.966480955461321],[-6.912755053014541,33.966448302030074],[-6.9127548754906858,33.966424348772577],[-6.9127733817649073,33.96640940350737],[-6.9127713860909132,33.966397229396541],[-6.9127907294975888,33.966384236554454],[-6.9128085120219636,33.96635643710826],[-6.9128103655824251,33.966330020575221],[-6.9128269613777,33.966309417300877],[-6.9128356598466931,33.966294360509565],[-6.9128143932843518,33.966289454004531],[-6.9128190000539869,33.966275574916459],[-6.9128471985571904,33.966270589510344],[-6.9128658633002278,33.966243851758556],[-6.9128921365881206,33.966229312306332],[-6.912918024272412,33.966210030799139],[-6.9129177749557877,33.966210010361358],[-6.9129253889481044,33.966190545542375],[-6.9128926606563148,33.966177936375459],[-6.9128648505788535,33.966164060144934],[-6.9128778818891865,33.966143894049885],[-6.912900101592431,33.966145477248212],[-6.9129190232117415,33.966176304754129],[-6.9129394520470635,33.966177111396185],[-6.9129452706068122,33.966142425227766],[-6.9129847440758283,33.966120476811227],[-6.9129991761617697,33.966083522922702],[-6.9130258954067623,33.966058474508422],[-6.9130461861824664,33.966067957289305],[-6.9130677502769631,33.966032799499025],[-6.9130893755545157,33.966016957892201],[-6.9131250615664772,33.966016100156793],[-6.9131412239914853,33.96600723761545],[-6.9131211019184748,33.965973798306685],[-6.9131392047041507,33.965936049669345],[-6.9131533618467387,33.965892321290809],[-6.9132007775718058,33.96584596338235],[-6.9132374556649339,33.965820015351483],[-6.9132695486521047,33.965774793154253],[-6.9133063818630403,33.965786120626134],[-6.9133663112238608,33.96580386743107],[-6.9133885493220566,33.965787606195825],[-6.9133804335112607,33.965767410575374],[-6.9133676231632437,33.965768544834866],[-6.9133708229768178,33.965753005186343],[-6.913401366975779,33.965744602865719],[-6.9134008898991643,33.965744929707611],[-6.9134295050369037,33.965740136648904],[-6.9134375484791271,33.965714321725798],[-6.9134420457547749,33.965700564788293],[-6.9134198374754758,33.965676373579768],[-6.9134417077513506,33.965650922792683],[-6.9134642656093153,33.965624429211282],[-6.9134643034696275,33.965615535101065],[-6.9135058892833632,33.965617889784099],[-6.913523069154131,33.965610523776959],[-6.9135299908036227,33.96557927852399],[-6.9135054827506304,33.965559711213125],[-6.9135316582276127,33.965537705054906],[-6.9135865885636028,33.965556868627075],[-6.9136281008093006,33.965537339512451],[-6.9136437083785909,33.965514457232594],[-6.9136689867699976,33.965478664593284],[-6.9136912604721248,33.965457181760961],[-6.9137128528563885,33.965436356528272],[-6.9137306466225983,33.965404443225566],[-6.9137471368907244,33.96540565539221],[-6.9137615031448281,33.965385338677493],[-6.9137237577846582,33.965365195450659],[-6.9137196548321329,33.965345018990121],[-6.9137485191256189,33.965324702016019],[-6.9137789618590926,33.965348792739327],[-6.9138003109208706,33.965334759948249],[-6.9137911541147536,33.965286171534089],[-6.9137906318131837,33.965253870820547],[-6.9137806033573765,33.965237967942997],[-6.9137774107232985,33.96522606084158],[-6.9137874423611345,33.965216779874964],[-6.9138106724669219,33.965226300060138],[-6.9138401853261984,33.965217934442954],[-6.913864548544761,33.96521438769588],[-6.9138787678252571,33.965208511289568],[-6.9139005493391936,33.9651800906231],[-6.9139148502421133,33.965167712316891],[-6.9139453899289096,33.965159760861759],[-6.9139738959627524,33.965152257876703],[-6.9139950722878867,33.965138690716067],[-6.9140338238321828,33.965107399759852],[-6.9140632500339283,33.965085855643373],[-6.9141069116189886,33.96506489521574],[-6.9141223789847093,33.965041370606691],[-6.9141505008681037,33.965016410500276],[-6.9141726663058378,33.965010355016517],[-6.9141862396944864,33.964985541931512],[-6.9142053568734259,33.964960893607582],[-6.914237547574162,33.964968131793839],[-6.914276480071611,33.964963338256119],[-6.9142868927729007,33.96493448677758],[-6.9143267027878768,33.964903758341563],[-6.9143648538351936,33.96488622944662],[-6.9144059579724706,33.964870641800637],[-6.9144379628529267,33.964854223487087],[-6.914459387233955,33.964830234472302],[-6.9145129442158533,33.964802320527262],[-6.9145537450195178,33.964794178995902],[-6.9146471757983079,33.964727219256439],[-6.9147178383180181,33.964704471881248],[-6.9147489492992138,33.964689872610776],[-6.9147496161155964,33.964654086086462],[-6.9147758813280715,33.964617816789008],[-6.9148156840412724,33.964595882727039],[-6.9148615797470487,33.964566497393534],[-6.9149074321607813,33.964537486855619],[-6.9149382133692292,33.964507257951453],[-6.9149821619510456,33.964480930123834],[-6.9150251320033949,33.964472680122],[-6.915074957941286,33.964456284161251],[-6.9151007111088019,33.964425364756245],[-6.9151465241393959,33.964361739592654],[-6.9152012885013523,33.964320589749065],[-6.9152530801060879,33.964296125866625],[-6.9153049256705454,33.964275070500264],[-6.9153284727632087,33.964283405980666],[-6.9153785139278483,33.964297193964732],[-6.9154073036839465,33.964262642768048],[-6.9154117491031899,33.964219785592235],[-6.915436467565895,33.964185093348746],[-6.915487836820537,33.964114731249801],[-6.9154608584529118,33.96407652031273],[-6.9154356903288896,33.964034483240575],[-6.9154691574802643,33.964003619224471],[-6.915503519316939,33.963978691517497],[-6.9155586936558544,33.963950529353511],[-6.9155972860969079,33.963944761849852],[-6.9156121277366651,33.963912013639721],[-6.9156161901322548,33.963876313172214],[-6.9155856061693903,33.963846603934918],[-6.9155348801321503,33.963836732265491],[-6.9155529001866665,33.963813697871352],[-6.9156048792741123,33.963788586704872],[-6.9156987916363075,33.96378668085336],[-6.915743006469441,33.963770941466471],[-6.9157800756728536,33.963747963294765],[-6.915805795622469,33.963698089747609],[-6.9158366112766521,33.963679743658282],[-6.9158333248118184,33.963635706551642],[-6.9158519057497658,33.963618464556809],[-6.9158840591945765,33.963605270164955],[-6.915915723145087,33.963578713688094],[-6.9159338724025714,33.963556393781921],[-6.9159668262459073,33.963525660298863],[-6.9159715003921196,33.963497492314573],[-6.9160290835947551,33.963444677025898],[-6.9160790339389511,33.963429687014404],[-6.9161192605293644,33.963436271865454],[-6.9161732984815343,33.963414666480027],[-6.9162092712780403,33.96339226603957],[-6.916253249621823,33.963352242891283],[-6.9163026382146393,33.963305044523267],[-6.9163529990446158,33.963262207689638],[-6.9163922289622377,33.963231506327645],[-6.9164151289865163,33.963196914353524],[-6.916443851939964,33.963170120970815],[-6.9164613149978322,33.963140989101319],[-6.9165141707811877,33.963092453528034],[-6.9165763037236019,33.96306998061651],[-6.9166375705037897,33.963052956637661],[-6.9166767302230792,33.963046228612576],[-6.916707828748657,33.963048839098697],[-6.9167440315489284,33.963023507233743],[-6.9167258451979894,33.962994536492836],[-6.916740110452035,33.962966382189606],[-6.9167851779718861,33.962956992315995],[-6.9168227391333055,33.962923966976909],[-6.9168520758609837,33.962889991422998],[-6.9168976873570953,33.962897391961675],[-6.9169380290256859,33.962904937485462],[-6.9169570666489495,33.962889635190756],[-6.9169608140343639,33.962841124236022],[-6.9169138796287015,33.962829428647254],[-6.9169694146984888,33.962805755649399],[-6.9169978486458703,33.962776559355461],[-6.9170152812898857,33.96272820370509],[-6.9170354985179143,33.962709666412231],[-6.9170932623022994,33.962710818300664],[-6.917136699077207,33.962704626358587],[-6.9171682395916001,33.962670353457852],[-6.9171725450463173,33.962619032615642],[-6.9171251175861812,33.962563811821191],[-6.9171258038439785,33.96253750942271],[-6.9171235421640302,33.962496409133436],[-6.9171335059726129,33.962450399597031],[-6.9171429494578813,33.962425376434929],[-6.9172112211536856,33.962402162322974],[-6.9172583314018334,33.962387037576576],[-6.9173056452786783,33.962392577458182],[-6.9173853726303474,33.962380757998488],[-6.9174284904839594,33.962345137104727],[-6.9174623711081225,33.962314288254476],[-6.917459716855519,33.962291140598509],[-6.9174907011268365,33.962272332970642],[-6.9175277846046299,33.962234606159612],[-6.9175447635512795,33.962194015895044],[-6.9175326190981421,33.962166104839994],[-6.9175278392331716,33.962126037980305],[-6.9175526982095032,33.962067911220679],[-6.9175797508880938,33.962038793750224],[-6.917619269491798,33.962030952633434],[-6.9176295367092884,33.962079741142254],[-6.9176297770876483,33.962113730968035],[-6.9176733643197839,33.962076055171202],[-6.9177214058920491,33.962037407239386],[-6.9176887861573846,33.96202439575265],[-6.917650803123875,33.961989922620404],[-6.9176253939127834,33.961950471021893],[-6.9176187507169846,33.961899025780511],[-6.9176020249527452,33.961843354640898],[-6.9176727664274473,33.961820346635612],[-6.9177407678368219,33.961797495357366],[-6.9181046898344629,33.961572028797818],[-6.9175177202364742,33.961269114161986],[-6.9168923308700814,33.960946367513699],[-6.9175825435593179,33.960802719960256],[-6.9190561635197554,33.959035159850423],[-6.9187479722597942,33.958741269283969],[-6.9196127527641869,33.958021030083565],[-6.9214064400347404,33.956235376256387],[-6.923246570904201,33.954007248696541],[-6.9264543830615555,33.950177358171125],[-6.9304377988887396,33.9464682910723],[-6.9304440168160681,33.946206661128628],[-6.9308955830896091,33.946038797105651],[-6.9381364739200153,33.939366098191627],[-6.938146176405243,33.939302845057085],[-6.9366757551658429,33.938148413455764],[-6.9364409318524931,33.938331678080843],[-6.9354845893888486,33.937486592581173],[-6.9357087531556667,33.937312479579518],[-6.9336923925278686,33.935876095904987],[-6.9321143125369868,33.937203192279803],[-6.930328053886849,33.935926283465783],[-6.9245703240486032,33.941417019628773],[-6.9218254933809185,33.939159557920775],[-6.921688162683016,33.939350628462392],[-6.9172543541034921,33.939512666607087],[-6.9072392186174216,33.948553502032752],[-6.9027399186705907,33.947900738386316],[-6.902346587224204,33.947849238788336],[-6.901954624638309,33.947790935598803],[-6.9015642024383261,33.947725854733292],[-6.9011754878354106,33.947654023063187],[-6.9007886491987973,33.947575471957414],[-6.900403853875936,33.947490236406693],[-6.9000212681456334,33.947398352318274],[-6.8996410583465799,33.947299859208343],[-6.899263387631299,33.947194800240496],[-6.8988884191805795,33.947083220383682],[-6.898516316234633,33.946965168215407],[-6.8981472388313927,33.946840695058853],[-6.8977813470367515,33.946709854042375],[-6.8973649145414342,33.946524318704881],[-6.8972957344748815,33.946489692048537],[-6.8969074484234465,33.946295344316013],[-6.895662880508576,33.945672387946985],[-6.8945302149675394,33.945105702835853],[-6.8935511634866797,33.944755518630274],[-6.8927867098214728,33.944511680903361],[-6.8910988515429192,33.944107441192948],[-6.8902544357096982,33.943943036802331],[-6.8894866832092463,33.943886750695818],[-6.8890096059592887,33.943877252277048],[-6.8883025570910954,33.943866474115303],[-6.8872596165158013,33.943903788953826],[-6.8866603889984237,33.943932601430717],[-6.8857636839672702,33.944061791493603],[-6.8848686459574919,33.944292195080621],[-6.883717866721371,33.944603579963932],[-6.8836077822160657,33.944250096636786],[-6.8834941232219879,33.943885133691985],[-6.8831652259527623,33.942960340075835],[-6.882968552850409,33.942562621370143],[-6.882753952810309,33.942228699859861],[-6.8824371561937605,33.941773481254423],[-6.8821513548487241,33.941425191021388],[-6.88159054020909,33.940851913019664],[-6.8811557869477671,33.940499500745929],[-6.88061671065475,33.940108929037102],[-6.8798958893517463,33.939640920960436],[-6.882223325115759,33.937556026696008],[-6.8714103565263498,33.929456383959078],[-6.8717207776338132,33.92935502410009],[-6.8755952250442647,33.925585045386107],[-6.8797130503841135,33.923826050780669],[-6.8842855533927914,33.924467169429782],[-6.8852342939749516,33.923003838636873],[-6.8832523171385969,33.921611337029923],[-6.8839474978107713,33.919871425675538],[-6.877117886328878,33.915866540336395],[-6.8759536376452095,33.9167461106627],[-6.8741637664591089,33.915820194878947],[-6.8730253954594653,33.91695196835046],[-6.8688851220892184,33.903038993313565],[-6.8761804793474139,33.898236124241997],[-6.8752364791224228,33.892799732491504],[-6.8759678690700161,33.89062904983129],[-6.8772862119494098,33.887086242788108],[-6.8784419936913466,33.885293239151942],[-6.8783347639583043,33.884979513130844],[-6.8771258913625681,33.882567616690864],[-6.8734699939932042,33.886353702456603],[-6.8668761861116856,33.882038817827031],[-6.8664801736486707,33.882065753718685],[-6.8637357193899158,33.885614224807171],[-6.8600035073303491,33.888765488124101],[-6.8574498006189968,33.891276406069643],[-6.8545386068131728,33.889217828688139],[-6.8561893937365381,33.887624861586602],[-6.8576070326785183,33.88645832564297],[-6.8548028394981158,33.884809375188865],[-6.854499528047759,33.884694674112467],[-6.8536262770765779,33.885059706120131],[-6.8523037924303996,33.884935055426254],[-6.8521367305014298,33.884831747568711],[-6.851610217632043,33.884985704193475],[-6.8509823696076735,33.885085836480613],[-6.8502726808213943,33.885251936301636],[-6.8497960896739931,33.885335142646454],[-6.8490322771563399,33.885376882620207],[-6.8475219169737205,33.88519889440844],[-6.846775686597411,33.884922193975278],[-6.8459182822889613,33.884821142826191],[-6.845595202455824,33.884832801972031],[-6.8455786432094268,33.884821047367879],[-6.8447660463963222,33.884244226047755],[-6.8445885363607637,33.884115754368445],[-6.8445073401700176,33.884234812531005],[-6.8443712610715837,33.884387886925886],[-6.8441290061362787,33.88463976436649],[-6.8438099664676884,33.884905366165327],[-6.8414580271121501,33.886750770400887],[-6.8362883462344994,33.890759255626186],[-6.8353534938559806,33.891521614906409],[-6.8347155190550195,33.892057995850237],[-6.8342572769333909,33.89249657783165],[-6.833607083126382,33.893193789753411],[-6.8329685488672833,33.893936532047746],[-6.8319026255807733,33.895201378238227],[-6.8295823118757077,33.89794939138946],[-6.8295952721001889,33.898154648630978],[-6.8294153663258825,33.89806108557179],[-6.8269685815217667,33.896788550154476],[-6.8242500271832691,33.895374571339687],[-6.8240946507955496,33.897280325721823],[-6.8238880718977981,33.897684179009445],[-6.8236284074488589,33.898078990739776],[-6.8230448617119395,33.898791086378743],[-6.822786397676313,33.899259816709588],[-6.8225349889334526,33.89961756442699],[-6.822055268837997,33.90011838245745],[-6.8216885516735442,33.90047743851482],[-6.8213563433999047,33.900776952345545],[-6.8209401450178744,33.901365767086226],[-6.82054542594397,33.901721397233992],[-6.8202217158327842,33.901998631574727],[-6.8196708915333133,33.902492852773342],[-6.8191802195739575,33.902868093829412],[-6.8186720465993691,33.903258318069796],[-6.8181881879026562,33.903507788527527],[-6.8179326661904476,33.903749852273002],[-6.8177392167949851,33.903855552442174],[-6.8175546621987735,33.903926646288731],[-6.8173804932718536,33.904162749289505],[-6.8172599273494834,33.904385920419671],[-6.8169867682639742,33.904499915858651],[-6.8166875998279233,33.90465117257564],[-6.8163331682782449,33.904677365675894],[-6.8159870019159214,33.904666494990465],[-6.8157391266629448,33.904698873728371],[-6.8155563465084814,33.904915352119573],[-6.8151448717078225,33.905252713446004],[-6.8148096026853242,33.905450629068021],[-6.814654029212166,33.90570376682566],[-6.8144889858821847,33.905920043945379],[-6.8142958879527171,33.906047916183368],[-6.8140127693920167,33.906095475583498],[-6.813466910520031,33.906353020623435],[-6.8128779002768267,33.906684985209758],[-6.8123341941096784,33.907075583752217],[-6.8118765250856139,33.90767221792067],[-6.8115513546608399,33.908038175770493],[-6.8114391945873471,33.908449434420319],[-6.8114161813974352,33.908671498290623],[-6.8112597530098409,33.908872886849522],[-6.810863226065285,33.90904001365093],[-6.8105368225314615,33.909154594755471],[-6.8100934261910782,33.909166984835977],[-6.8097996279586388,33.9091037527064],[-6.809577988139754,33.909113642899172],[-6.8093774443154231,33.909330312615488],[-6.8092490576077926,33.909620104282453],[-6.808873616256518,33.909994005549436],[-6.8083189677219913,33.910259019210784],[-6.8078163442098125,33.910449510487915],[-6.8075558501389457,33.910799934025711],[-6.8073897022742234,33.910949672660905],[-6.8072872016281734,33.911194809807178],[-6.8068090293862777,33.911251940287492],[-6.8065098211109021,33.911403171405468],[-6.806442440272658,33.91162573345246],[-6.8064104411762587,33.91195511917239],[-6.8063811720566108,33.912339908912777],[-6.8063065930349627,33.912666059802461],[-6.8061585387228254,33.912837772111565],[-6.8059482706288499,33.913002791055206],[-6.8057119858452939,33.91320506912254],[-6.8056622231441608,33.913420038883373],[-6.8055672732351695,33.913583761108278],[-6.8054911377154355,33.913813814558317],[-6.8055137150130562,33.914045017892271],[-6.8053540492255671,33.914311152791491],[-6.8053900069624769,33.914472849370455],[-6.8053646915732946,33.914625971346126],[-6.8052131354506793,33.914877770253625],[-6.8048637714233164,33.915270734000565],[-6.8045910064218704,33.915588733056076],[-6.8045053880180424,33.915794537077105],[-6.8044712823533393,33.915994446304282],[-6.8044949954628757,33.916183693810702],[-6.8044480669630163,33.916377234230659],[-6.804383995947993,33.916572248559312],[-6.8043004856609439,33.916734223210895],[-6.804208347099598,33.916882290722327],[-6.8041727185514382,33.917017471870835],[-6.8041828080607276,33.917124949536827],[-6.8041865365780518,33.917355961106409],[-6.8042326153067254,33.917489265097011],[-6.8042177390875187,33.917600585337475],[-6.8041590753246544,33.917754081876133],[-6.8041670243080521,33.91790219896582],[-6.8042855180916249,33.918012023005531],[-6.8044106172112979,33.918186615197563],[-6.8044601223646959,33.918406268580846],[-6.8044824599261089,33.918505377977965],[-6.8046138641227163,33.918726212859973],[-6.8047398091542721,33.91891697625892],[-6.8047731294928635,33.919259329288778],[-6.8048310938456691,33.919406884063449],[-6.805041199576765,33.9196824122603],[-6.8052186346264483,33.919999990123358],[-6.8052723164319575,33.920226327999323],[-6.8053196159685125,33.920401790780929],[-6.8054332314117598,33.92055335262166],[-6.8055305976008347,33.920679191444826],[-6.8056711786616919,33.920779503577101],[-6.805799668898155,33.920819743892473],[-6.8060165545863791,33.920826570518685],[-6.8063547114806688,33.921114551912538],[-6.8066424787664701,33.921379942273241],[-6.806785306494743,33.921619172384972],[-6.8068645568702566,33.921979304457857],[-6.807029529995738,33.922261943779148],[-6.8072637217544534,33.922674392133821],[-6.8074531849514353,33.922971010111269],[-6.8075903099285213,33.923201039901649],[-6.8076729103943547,33.923496523154839],[-6.8076487192185811,33.923719103320998],[-6.8075483715973384,33.924044431307593],[-6.8075070444471635,33.924582142908989],[-6.8073098077208183,33.92480004217618],[-6.8071771396222331,33.924911464596498],[-6.807053095100069,33.925080813801344],[-6.8069513048649553,33.925660885953654],[-6.8068619173692619,33.925976827401456],[-6.8068334385843654,33.92627819047182],[-6.8068460510992859,33.926370676722684],[-6.8069824319615462,33.926554400864489],[-6.8070845668499373,33.926682933713067],[-6.8071141769053476,33.926819568150989],[-6.8075776556739429,33.927055329526063],[-6.81069068788387,33.927493762339502],[-6.8108316890184373,33.928698575637583],[-6.8108693062311056,33.929019962665748],[-6.8084946816858203,33.93076935091446],[-6.8054174222624244,33.93381805521841],[-6.8031383099880411,33.934551779922344],[-6.803347435878619,33.934627893040826],[-6.8038270884025343,33.936403833203457],[-6.8015218222567873,33.937652908149119],[-6.7995103159082229,33.939408966301372],[-6.798893921561362,33.939542081405399],[-6.798877326900981,33.93954566515896],[-6.7979567110716408,33.939000608472959],[-6.7975659670729511,33.938676133832274],[-6.7972800499807464,33.938915378352789],[-6.7956599634670134,33.937066172422909],[-6.7954528014796072,33.937673623540803],[-6.7944563679385768,33.938319203164667],[-6.7943375772774983,33.938823332337599],[-6.7938188709230047,33.939196149730392],[-6.7929133897166674,33.939696070469893],[-6.7921047628872104,33.940162160698684],[-6.7913540371693069,33.940615321015144],[-6.7901042678351544,33.942059163222694],[-6.7898301114203461,33.943702294115056],[-6.7887465532312357,33.944230084564254],[-6.7874116756171246,33.945014440434896],[-6.7860762911218595,33.94566575168632],[-6.7853386148744459,33.945966593044083],[-6.784421644194329,33.946317850375081],[-6.7837080395111258,33.946640246992366],[-6.7846844173739012,33.947243461025082],[-6.7840177027816129,33.948043584238924],[-6.7835408940495148,33.948740635949335],[-6.7834598366241492,33.948858031564782],[-6.7828151132669312,33.949791783216277],[-6.7814988532503291,33.951756807384896],[-6.7814512049818871,33.951849434088501],[-6.7811742230459569,33.952295938925829],[-6.7805323977636478,33.954565287695885],[-6.7802383298178786,33.955638264439948],[-6.7798482129137305,33.956437359398976],[-6.7793929463967038,33.957207152904289],[-6.7790082721961422,33.957782414517787],[-6.7788070548094321,33.957949046982435],[-6.7787428093160687,33.958131226802053],[-6.778591908372297,33.958424881473697],[-6.7782279436803448,33.959326016859464],[-6.7775977610392788,33.960943006775899],[-6.7773013379961426,33.961509104847046],[-6.7759495947779369,33.963423964350916],[-6.7744022384598797,33.965606340046264],[-6.7743215176068059,33.965731390146061],[-6.7740436895326237,33.966129447826653],[-6.7732914735467542,33.967182184959647],[-6.7726336558602886,33.968147239371724],[-6.7724365025786186,33.968781140674714],[-6.7724137521640975,33.970192911642371],[-6.7723609035566392,33.970268535515238],[-6.7724494082809255,33.973022386662613],[-6.7732955613252797,33.97433594358813],[-6.7737759133267632,33.974108271148324],[-6.7741592899918581,33.974014012872857],[-6.7749985626835851,33.973854713155909],[-6.7751186774351089,33.97389023463419],[-6.7750381344032133,33.974026880997258],[-6.7749340038322146,33.975468198071823],[-6.7752743513957174,33.976380686951735],[-6.7765608132344397,33.977207737186411],[-6.7767656394766034,33.976903943798959],[-6.7778434397321252,33.977377835480205],[-6.7784680021201602,33.977619975213912],[-6.7789719581790999,33.977795899521034],[-6.7789974982674579,33.977908867616627],[-6.7789983962792428,33.977965482359117],[-6.7790144647238542,33.978049218317246],[-6.7793521868355118,33.978276773852805],[-6.7794339402543597,33.97821651986753],[-6.7798171946563413,33.978474954597125],[-6.780513255227123,33.978783836681274],[-6.7809175984978456,33.978926058202497],[-6.7817227943509053,33.978835994418318],[-6.7821888135291806,33.97791258062707],[-6.7828417582181801,33.977106490583211],[-6.7836295028919809,33.976744399892056],[-6.7846357241946791,33.976115186688617],[-6.7849280271249421,33.976678200427543],[-6.7848789326416377,33.977143338071585],[-6.785090722938846,33.97794670193354],[-6.784877617761178,33.978808659942729],[-6.7847954187556967,33.979611862819169],[-6.7850588083386629,33.980106974279792],[-6.7857544926130293,33.980492922585647],[-6.7862402387798566,33.98101422426209],[-6.7866664101542646,33.981445447944346],[-6.7874033960006246,33.980980197910164],[-6.7881072707228389,33.980031613973573],[-6.7890252505042277,33.978850742863578],[-6.7891293403196658,33.97890757781839],[-6.7892231895010147,33.97863091907054],[-6.7897783957973763,33.978169034601265],[-6.7899301987380323,33.977880815820264],[-6.790079977976287,33.977773409802879],[-6.7900522075625531,33.977675477686603],[-6.7900966493382739,33.977689310909987],[-6.7901840373417208,33.977674696504195],[-6.7902458048011223,33.977645357259973],[-6.7902527156658463,33.977565460315446],[-6.7902642556055914,33.97751894118278],[-6.7903050851835749,33.977460498745252],[-6.7904203334925866,33.977344606435551],[-6.790528584740402,33.977251986314052],[-6.7906147393537619,33.97716029413143],[-6.7907381640191877,33.977043628009874],[-6.7908081833211247,33.977018290503807],[-6.7909282997567999,33.976950781081754],[-6.7913268771753508,33.976629802530944],[-6.7915451652369292,33.976761093639837],[-6.7917684085687409,33.976434556761284],[-6.7921247229233703,33.976133829750985],[-6.7931377138823583,33.975164723400646],[-6.7950441209165469,33.974862428828814],[-6.7965386874609788,33.976450368031585],[-6.800581424264962,33.976087312829797],[-6.800464730718554,33.975909192145821],[-6.8003693618012413,33.975784046844794],[-6.8003330958487735,33.975667791698662],[-6.8002727800827776,33.975532703476006],[-6.8002017813716522,33.975446172164297],[-6.7991803927058774,33.974922038324912],[-6.7997033606290564,33.974547793508847],[-6.8000522355697974,33.974550034505498],[-6.8003327937711697,33.974530525452238],[-6.8009144448410215,33.974597019117937],[-6.8010899986818041,33.974667371403186],[-6.8011965640243686,33.974674366663869],[-6.8016011282860926,33.974524525886203],[-6.8019692526391733,33.974552470836542],[-6.8025020823618885,33.974587438851337],[-6.8028618505599727,33.97465572679171],[-6.8035681450826715,33.974631440683183],[-6.8038110166484325,33.974661465512504],[-6.8042271813293738,33.97467249169226],[-6.8045847472852117,33.974604354031477],[-6.8050293140870046,33.974599368045581],[-6.8053880368352928,33.974602848273179],[-6.8056218665070389,33.974681408620206],[-6.8060126419102582,33.974894653195868],[-6.8065213779571287,33.975211634488076],[-6.8069132065652234,33.975489675735993],[-6.8072511009118983,33.975774461743249],[-6.8073467539758941,33.975613064294741],[-6.8077247283022437,33.975743215067887],[-6.8077441783438459,33.975376641529103],[-6.8079724013026368,33.974653645496254],[-6.8080458792090779,33.974538886988931],[-6.8081330647127682,33.974411013327945],[-6.8082834580155271,33.974292661756067],[-6.8084849645306411,33.974195566301958],[-6.8085847617106188,33.974088016985853],[-6.8087114536349835,33.974023144498638],[-6.8088729328572732,33.973830987905323],[-6.809074227784059,33.973670447043226],[-6.8091362404318492,33.973606301703839],[-6.8092981823515908,33.973392307341868],[-6.8094475549960878,33.973211200782394],[-6.8096744268879288,33.973113136077181],[-6.8099537386385318,33.973067694683856],[-6.8100286158389363,33.973050540269995],[-6.8102449891697674,33.973000968099591],[-6.8104420763186893,33.972884135361483],[-6.810691879270018,33.972483583746111],[-6.81078573121109,33.972464106549509],[-6.8109127491024664,33.972116785913123],[-6.8113082678884309,33.972016818325216],[-6.8111728698859935,33.971746818094807],[-6.8116328402539255,33.971481023775837],[-6.8124499311505087,33.971524343588193],[-6.8127460138984235,33.971251524871263],[-6.8130498309404501,33.971051616041017],[-6.8134085952833354,33.97080674147643],[-6.8137495051873689,33.970622103344439],[-6.814236540404865,33.970510859608197],[-6.8145063910678303,33.970387740405663],[-6.8147736902280123,33.970158222112168],[-6.8150055506908673,33.969914776186712],[-6.8151482479135881,33.96977740093353],[-6.8155263927628527,33.969667382336759],[-6.8159399107650849,33.969466908221662],[-6.8160998836132052,33.969284309744211],[-6.8163494197233865,33.969070678900792],[-6.8165108567477413,33.968978116895052],[-6.8167459001156283,33.968930431630241],[-6.8169969009856377,33.968806837382857],[-6.8172645298883694,33.968547974036113],[-6.8172492951601038,33.96828810294533],[-6.8172463836536039,33.968238447211085],[-6.8178409529434969,33.967843529439378],[-6.8180796709989639,33.967619784567347],[-6.8184112158285979,33.967264000245635],[-6.8186974307772665,33.966990595680365],[-6.8190072456778807,33.966658251489598],[-6.8189216457698993,33.966480477541204],[-6.8191714897769975,33.966286622861013],[-6.8192468378011322,33.966388102905462],[-6.8195909040804956,33.966097667660776],[-6.8199970439817301,33.965747855176119],[-6.8203853258287745,33.965307507329108],[-6.8214426541687585,33.963942386840422],[-6.8214429817131768,33.963941963743579],[-6.8215550364964432,33.964210273448082],[-6.8217872455526232,33.964766283199069],[-6.8216265712131898,33.964754462411946],[-6.8202166057338092,33.966707991759158],[-6.8203024856752279,33.966789087178412],[-6.8203729511905902,33.966855626781019],[-6.8189984468118858,33.969029097526231],[-6.8191273447503598,33.969150438334111],[-6.8190934658801794,33.969332294890094],[-6.8190331733970595,33.969350715449906],[-6.8167314246522599,33.971509418136222],[-6.815596634486786,33.972372303941555],[-6.8155009809099694,33.972432116784965],[-6.8153688565288011,33.972514734642665],[-6.8152026398350696,33.97236447608261],[-6.8149836488503475,33.972191617854271],[-6.8147423745288549,33.972158867542355],[-6.8137555640166916,33.972958664159407],[-6.813764808318548,33.97312434110394],[-6.8141049925200159,33.973347682703263],[-6.8139452837736352,33.973496846805439],[-6.8136180082239077,33.97376524553998],[-6.8134565605036919,33.973908287656421],[-6.8133011869047584,33.974072411161387],[-6.8130917464655436,33.974285582054641],[-6.8129417809615234,33.97442985937802],[-6.8127868811738717,33.974572827608618],[-6.8126054888365539,33.97495009875913],[-6.8125041596186655,33.975114293497846],[-6.8124158305233529,33.975322686395046],[-6.8121919635741506,33.975353863451346],[-6.8120384069077744,33.975327623495197],[-6.8117430847658911,33.975698672919684],[-6.811757195370765,33.975912050722222],[-6.8119672893534728,33.975940382838097],[-6.8120222113588946,33.975943856483234],[-6.8122934455199822,33.9759551259788],[-6.8125136527251744,33.975950595672956],[-6.8125885672816322,33.975974993747037],[-6.8125653908624013,33.976060532944409],[-6.8125074749809054,33.976225602572022],[-6.8124789677459443,33.976436731745352],[-6.8125124984760568,33.976686048841508],[-6.8126501528107068,33.976892575062593],[-6.8129466444357583,33.977097310436044],[-6.8131234958939482,33.977145800276126],[-6.8133252288942225,33.977163308941144],[-6.8135898400032167,33.977169874010713],[-6.8136377735167732,33.976995365610385],[-6.8139182197924715,33.977069291697148],[-6.8140024859395583,33.97711473169219],[-6.8140051552853471,33.977178148323517],[-6.8139738890445924,33.977219435157814],[-6.8139145313840368,33.977245347164995],[-6.8136445535214731,33.977210872261594],[-6.813581698736539,33.977223179849958],[-6.81358938181046,33.97734316479719],[-6.8131631257453957,33.977417561218836],[-6.8129771385060574,33.977461957771126],[-6.8119079878004758,33.977684138346014],[-6.8115946829669749,33.977755209809949],[-6.8113580551709427,33.97795913277789],[-6.8112790922883955,33.978189932818438],[-6.8111237560577553,33.978760658639921],[-6.8109313954005515,33.979219916948843],[-6.8108241928764945,33.979375989725384],[-6.8106560581057849,33.979461114605336],[-6.8104944512951278,33.979696255573252],[-6.8103953143919771,33.979693278172626],[-6.8104915073652128,33.979161424239393],[-6.8106697582211426,33.977882972893916],[-6.8086484512528891,33.978069453634674],[-6.8078717703674938,33.97855301422274],[-6.8085878212856734,33.980291460700947],[-6.808834020960095,33.980172032371947],[-6.8089364871068652,33.980329837902218],[-6.8082885965298496,33.981080748388365],[-6.8082770326181654,33.981125223118056],[-6.8082484151410458,33.981330212027252],[-6.8082562207711321,33.981609836286665],[-6.8083028332240172,33.981757355555921],[-6.8083648034906616,33.981892421189151],[-6.8086141981468113,33.982172058107984],[-6.8088198549801433,33.982431037252553],[-6.8088621432253458,33.982513792869518],[-6.8088921281928947,33.982595323197557],[-6.8089012885038471,33.982655255842502],[-6.8090557854776321,33.982839765150011],[-6.808995314375851,33.982898434619379],[-6.8089363339932083,33.98285443403342],[-6.8083827059345419,33.982441411029356],[-6.8072707766039642,33.982200801956523],[-6.8057147286435296,33.983818087841996],[-6.8052424167215237,33.984642738102039],[-6.8047754561481231,33.985191024752019],[-6.8042350824752384,33.98641689901396],[-6.8039506382284713,33.986705255704571],[-6.8037356691928945,33.98685410494619],[-6.8035610609687316,33.986975005960396],[-6.8035011649347945,33.986968172453956],[-6.8034589596887391,33.986927592550508],[-6.8027100316166784,33.986207485886439],[-6.8022959259855629,33.985819844125068],[-6.802240580009375,33.985790445421642],[-6.8021705842473255,33.985766668854509],[-6.8010914655433705,33.985784882618823],[-6.8002946347114488,33.985786970188194],[-6.7994791356990136,33.9857994939834],[-6.7993948398848252,33.98580316474559],[-6.7993150442195667,33.985832027034938],[-6.7992608641517576,33.985874930443387],[-6.7992359742191253,33.98590590848606],[-6.799173248773327,33.985875909041262],[-6.7989569416433433,33.986073440428392],[-6.7990007793407843,33.986100239094085],[-6.7989689308396803,33.986207703953568],[-6.7989704412924361,33.987014074115947],[-6.7989980845170344,33.988121012305115],[-6.7991938131592802,33.988629128332583],[-6.7990137643105335,33.9886372791144],[-6.7990604696410815,33.988740455720261],[-6.7990825547767129,33.988840495448649],[-6.7990851835986037,33.989054683360514],[-6.7990415030442195,33.989088600253901],[-6.7993842889036173,33.989319456275531],[-6.7992994150807124,33.989490959723511],[-6.7995354620804536,33.989552452069354],[-6.7996294599931106,33.989591652858024],[-6.7997466724254076,33.989648332378401],[-6.7998134619211967,33.989676238849547],[-6.7998899687562933,33.989697215784929],[-6.8000468217629031,33.989723433899073],[-6.8001254882826103,33.989725965657762],[-6.8004207529119718,33.989752000886646],[-6.802497150340896,33.988038225897597],[-6.8028036299367862,33.988201257287947],[-6.8033475632813545,33.987701235845172],[-6.8039405049450687,33.988055488134755],[-6.8040858519221148,33.987876481744784],[-6.8046234913718191,33.988406681701747],[-6.8040724071045871,33.988666645845996],[-6.8034052743592239,33.989196021328439],[-6.8030243553497263,33.989394038873769],[-6.8028886794101471,33.989259113670826],[-6.8011955448796639,33.99005715938624],[-6.8017987511825799,33.990641215805816],[-6.801887138236113,33.990840117635095],[-6.8010933711153037,33.99093359271],[-6.8014126050332964,33.991328440094911],[-6.8014399118892932,33.991701309835634],[-6.8019047412993192,33.991677689302627],[-6.801907780632324,33.991713812544333],[-6.8023128648608031,33.991692906294858],[-6.802717948879935,33.991671997833727],[-6.8027263926074744,33.991789245044906],[-6.8031042562922242,33.99175636101721],[-6.8030845046229231,33.991598306853533],[-6.8044245242201526,33.99302277965387],[-6.8048064544721285,33.992785177863176],[-6.8053770225813262,33.99241174357028],[-6.8056445309312741,33.992695957798574],[-6.8061603513911164,33.992330638660981],[-6.8064998886892427,33.992662479894747],[-6.8065765228082071,33.992640471361597],[-6.8065892036078139,33.992917992498512],[-6.8065979900128273,33.993207838223363],[-6.8066224845102861,33.993354923116925],[-6.8066620851736088,33.993473867502694],[-6.806694174955318,33.993533542615516],[-6.8067605681342505,33.993637858881051],[-6.8068578566170057,33.993778669055004],[-6.8068899231191562,33.993887464332857],[-6.8069058532603819,33.994011449879707],[-6.8068834723692442,33.994146780176031],[-6.8068513741988541,33.994289043195295],[-6.8067904408668545,33.994623333406544],[-6.8067689428122238,33.994813232748626],[-6.8067797558461374,33.995076448275988],[-6.8068001046256992,33.995119199732926],[-6.8068920137993487,33.995079281377599],[-6.8070331574860843,33.995298053336938],[-6.8071913476975974,33.995456598298738],[-6.8073846979524566,33.995560853628866],[-6.8078923316294899,33.995852598035846],[-6.8081865332814937,33.995963223342315],[-6.808415510683866,33.995991349495462],[-6.8086531206728731,33.99599618184979],[-6.8088633299085588,33.995978127354505],[-6.8089636920926697,33.995954486049797],[-6.8091813611399106,33.99589131991965],[-6.8094169468536894,33.995720843802857],[-6.8097863818014126,33.995419921317669],[-6.8100115187445125,33.995211356188406],[-6.8103459017518411,33.994971544554801],[-6.8106437642636601,33.994702125028624],[-6.81085870537333,33.994471160355374],[-6.8110496650858785,33.994377591675004],[-6.8113305383005418,33.994222292616946],[-6.8115042767383205,33.994026584519716],[-6.8115756137844752,33.994038437780269],[-6.8115888680276129,33.994040640549095],[-6.811637737138998,33.994074200834916],[-6.8117847432310814,33.994148953450654],[-6.8118171566527588,33.994177923642262],[-6.8117950904631828,33.994180901386599],[-6.8116348963697249,33.99430277730405],[-6.811703962657055,33.994369539069694],[-6.8118133996277574,33.994450854962423],[-6.8115032241715543,33.994667885184583],[-6.8111948169179755,33.994893081047785],[-6.8107341366431369,33.995324657885043],[-6.8102326270328195,33.99581468060439],[-6.8100853858814734,33.995978024014683],[-6.8099338398912828,33.996178938353516],[-6.8098193670883322,33.996342595378216],[-6.8096356709593131,33.996631877310968],[-6.8095676656165294,33.996782048550145],[-6.8095304467283384,33.996911407062122],[-6.8095064312009947,33.997046757009301],[-6.8095038953716287,33.997193462558648],[-6.8095373270091342,33.997386155195024],[-6.8096032389885828,33.997561426066255],[-6.8097937953323706,33.997896981396046],[-6.8100155738896895,33.99823832503278],[-6.8102144999864107,33.998534216477999],[-6.8103464509382636,33.998740808975214],[-6.8105159412619205,33.999039760330106],[-6.8106376898366818,33.999273755474746],[-6.8108306891427182,33.999658401471642],[-6.8109696815598459,33.999894931172477],[-6.8110858208403169,34.000035524703542],[-6.81122538941678,34.000156070646995],[-6.8113695391536657,34.000256097617168],[-6.8115392103327386,34.000364023251649],[-6.8114839529017157,34.000391252947885],[-6.8110983889664709,34.000708734037126],[-6.8111184321974427,34.000732386416153],[-6.8110936972703957,34.000772915779216],[-6.8110543205192418,34.000819750011956],[-6.8110006580030982,34.001046169117139],[-6.8110244969209788,34.00105135882005],[-6.8110335277675258,34.001103106051353],[-6.8110691551827243,34.001228915351582],[-6.8110997668186579,34.001247672367946],[-6.8111914257202173,34.001293031736715],[-6.8111688603223959,34.001366282933802],[-6.8112050296825961,34.001424546295354],[-6.811219217482833,34.001440760081749],[-6.8113024547631325,34.001471886998374],[-6.8113174732368247,34.001488773236531],[-6.8113372730295865,34.001497419276291],[-6.8113107670062663,34.001529782278581],[-6.8113465920815601,34.001566900453263],[-6.8114077048821091,34.001547110303889],[-6.8114378637499735,34.00158838590044],[-6.8113341642583194,34.001659140145541],[-6.8113704889174791,34.001726952586118],[-6.811316082288088,34.001756218959798],[-6.8113641150507869,34.001838908563109],[-6.8112698117442454,34.001882950626452],[-6.8112847749324876,34.001946910967355],[-6.8112541187125357,34.001975909796442],[-6.81126282967851,34.002058359593676],[-6.8112905885704995,34.002153558424986],[-6.8113309848428134,34.002219960465908],[-6.8112903792613988,34.00224156684795],[-6.8113158012639854,34.002293811236186],[-6.8112892839058938,34.002325491628127],[-6.8113062618191078,34.00236214026981],[-6.811328928229595,34.002395996657356],[-6.8113197210309444,34.002434304775548],[-6.8113613690195098,34.002527298974684],[-6.8113311656064068,34.002533779159663],[-6.8113489288595099,34.002568372588698],[-6.8112844283870233,34.00258137905297],[-6.8112963602720598,34.002660382555142],[-6.8113525175383405,34.002738887011056],[-6.8114467885051875,34.002692798915277],[-6.8114767705529209,34.002723161065035],[-6.8114230610630475,34.002744914194892],[-6.8114543944257147,34.002808008277121],[-6.8114796160782349,34.002797490563957],[-6.8115696178143255,34.00289198723776],[-6.8116208763894095,34.0031731669092],[-6.8126032182429768,34.002580162619793],[-6.8129507936873157,34.002344288925428],[-6.8131177933718323,34.002126623360112],[-6.8131593493759501,34.00207245961326],[-6.813227547972148,34.002135819313509],[-6.8136943604522235,34.002230839359406],[-6.8144713017116443,34.002507239223227],[-6.8149801245535713,34.002113310803722],[-6.8153034713924994,34.002351847244945],[-6.8155961652746138,34.002468611349443],[-6.8159117450159723,34.002531903584391],[-6.816236196819065,34.002536423106946],[-6.8165531624486384,34.002483720221484],[-6.8168545964868965,34.002382755015873],[-6.8175453628361664,34.001945143150458],[-6.8177569024895393,34.001806987346896],[-6.8179576560194297,34.001610283363966],[-6.81864566363158,34.000803615310602],[-6.8186155321812638,34.000207725494526],[-6.8186154246664934,34.00020564968537],[-6.8188391726961886,34.000364120437936],[-6.8192075589437335,33.999999735260346],[-6.8192194373564492,34.000024843397611],[-6.8197642299860881,33.999879497899968],[-6.8196854480277098,34.000020928556083],[-6.8198905399093821,34.000090237168564],[-6.8207903652633144,33.99986650160546],[-6.8208841096188779,34.000189493565976],[-6.8214303635503279,33.999883120800568],[-6.8219299299856511,33.999476988261797],[-6.8221927803516627,33.999221583376638],[-6.8225285838351049,33.998819354287392],[-6.8231861208816156,33.998356844649805],[-6.8235297770678276,33.997684363504142],[-6.8236730411993083,33.997429631159697],[-6.8235248393739996,33.997382877803503],[-6.8233711621671151,33.997351876484927],[-6.8232193900512428,33.997337227873551],[-6.8231006000994254,33.997335848101528],[-6.82301713597034,33.99734088972432],[-6.8228384814854914,33.997085038711759],[-6.8221494002641645,33.99682065498105],[-6.8221883514768598,33.996798381934191],[-6.8221904718340181,33.996796873370897],[-6.8224182933689432,33.996634767054502],[-6.8225508229754679,33.996524789622789],[-6.8226889137053677,33.996454317091668],[-6.8227182321908968,33.996485969357209],[-6.822931553959382,33.996716263503643],[-6.8242265950070937,33.997270522650794],[-6.8243128045603729,33.997133098078343],[-6.8244104227737825,33.996992132821632],[-6.8244035278475152,33.996921260279521],[-6.8245081900247762,33.996610341151055],[-6.8245903511517483,33.9964258896158],[-6.8246664776939978,33.996223085717077],[-6.8246884378243982,33.99611368048533],[-6.8245807364856654,33.996039178721276],[-6.8244944954853342,33.995974665607889],[-6.824598738799498,33.995888203016392],[-6.8248809699082669,33.995567077874746],[-6.8246015763240795,33.99531169211248],[-6.8244644656319657,33.995191815506402],[-6.8250035428434614,33.995049923317858],[-6.8250804131184228,33.995192315496716],[-6.8257560508411999,33.99493698200201],[-6.8258748247583219,33.994987479462473],[-6.8260469503248817,33.995344369011832],[-6.8261352943866491,33.995586917324111],[-6.8255070503407156,33.996285158405605],[-6.8255599544340972,33.996314573762767],[-6.8253208911793335,33.996620882893041],[-6.8253407024348185,33.996630208430339],[-6.825255973351072,33.996807867847345],[-6.8250119255886457,33.997159942107466],[-6.8248524713448591,33.997326171074668],[-6.8246198487377825,33.997525978171417],[-6.8246495652779338,33.997539966643842],[-6.824765859923291,33.997439039680927],[-6.8252688563247519,33.997643443348181],[-6.8254949368488038,33.997694084974597],[-6.8251602181089366,33.997861625510836],[-6.8247440795112979,33.997959141008721],[-6.8246890254729458,33.998248347001805],[-6.8246342875132262,33.998506849350115],[-6.824808427623263,33.998986517193487],[-6.8248804764444388,33.999134422325092],[-6.824965718114762,33.999287634642087],[-6.8258135939368234,33.999367917114441],[-6.8258533710310383,33.999371683447883],[-6.8272292034828208,33.999355336093949],[-6.8272283299840568,33.999509928254795],[-6.8272281554986902,33.999540912520708],[-6.8272884092963206,33.999568879778252],[-6.8273241619786837,33.99960121885136],[-6.8273484383290741,33.99963300683163],[-6.8273597459081881,33.999673128911724],[-6.8273524234725764,33.999975436745551],[-6.8273535522311777,34.000143932889728],[-6.8273605592314643,34.00032123024063],[-6.827359713147084,34.000519084295817],[-6.8273708002470768,34.000845059570381],[-6.8271750781344389,34.000847971803779],[-6.8269707239374862,34.001023582805985],[-6.8271657128068997,34.001175544551316],[-6.8271884206131759,34.001161641368753],[-6.8273253342939597,34.00116895086137],[-6.8272769457080207,34.00166411247416],[-6.827245914076931,34.001669923226082],[-6.8268892798799818,34.001600987903274],[-6.8268767160110793,34.001584075544827],[-6.8266655676566268,34.001545546325978],[-6.8259687399717128,34.002159973274296],[-6.8258762400778599,34.002163755031191],[-6.8258037989078737,34.002191867528012],[-6.8257729795984021,34.002210638198115],[-6.8257139877457345,34.002259747559009],[-6.8257003453684915,34.002276958217699],[-6.8256868697405535,34.002304400595293],[-6.8256816180974758,34.002333795759135],[-6.8256814149723839,34.002371319831894],[-6.825392113825032,34.002562222749411],[-6.8253947855203227,34.002775044715506],[-6.8253353008743005,34.002794141362628],[-6.8254650089157094,34.003161065120231],[-6.8260673408709911,34.004774485056721],[-6.8261861963547377,34.005078766991801],[-6.826280091969978,34.005359454785726],[-6.8262933167248887,34.005416611367572],[-6.8262873361110419,34.00545147208225],[-6.8262469566123913,34.005486725244111],[-6.8262543252453023,34.005536443057608],[-6.8262455795557635,34.005545546049547],[-6.8262636161633283,34.005556934386583],[-6.8262644897462668,34.005555858423584],[-6.8263090177221297,34.00559363898838],[-6.8269131706945148,34.006102233224766],[-6.8278766575262955,34.006945779455904],[-6.8293594916194547,34.008471739372141],[-6.8304285265229483,34.009748069273606],[-6.8309463993165007,34.010476947991819],[-6.8323765151605187,34.012550628160433],[-6.8335133933071335,34.012935639534014],[-6.8336560707989715,34.012669942504075],[-6.83342861698757,34.011696651239369],[-6.8345401458864705,34.011381595581142],[-6.8351074803941696,34.013259839122306],[-6.8374232378900848,34.012737692079583],[-6.8375482296296752,34.013085247519385],[-6.8375559313229761,34.013083241779405],[-6.837748772640075,34.013033174961656],[-6.8377488378359796,34.013033384350898]]]},"properties":{"prefecture":"Rabat","arrondissement":null,"type_arrondissement":"Arrondissement","nom":"PA de Rabat","Etat_PA":"PA Homologué","num_decret":"02-24-1158","num_bo":"7381","date_homo":"20/02/2025","date_apparttion_bo":"24/02/2025","objectid":2051,"shape.STArea()":110242994.20771338,"shape.STLength()":83068.361593482463}},{"type":"Feature","id":2052,"geometry":{"type":"MultiPolygon","coordinates":[[[[-6.8264013527204801,34.014679966700072],[-6.8300350814838824,34.020226735701584],[-6.8304629847584852,34.021058147448308],[-6.8306797893754458,34.021418279660388],[-6.8312632212559787,34.022028306025049],[-6.8314857248624516,34.022166759957095],[-6.8330031406527851,34.023984723123036],[-6.8370470434264474,34.022572597354781],[-6.8403514406560042,34.021404990306628],[-6.8377488084771416,34.01303318086363],[-6.8352933487894179,34.013670610912243],[-6.8340920783585783,34.014142025235834],[-6.833524620937065,34.013057758584779],[-6.8326001796622915,34.012799757031516],[-6.8323428131463553,34.012726527466867],[-6.8316727077329196,34.012841748142584],[-6.8288927342875851,34.01092821174646],[-6.8288307477613595,34.010885542815046],[-6.829102793894994,34.008529109922755],[-6.8265938940417374,34.006413331278686],[-6.8264187767676736,34.006265647489172],[-6.8264187504418858,34.006265627045643],[-6.8258830091283187,34.006753032162528],[-6.825860996143323,34.006770113485928],[-6.8235053264187933,34.008590804277112],[-6.8232732549479742,34.008767174248966],[-6.8229721380859489,34.009002845182366],[-6.8226140450208792,34.009325581769666],[-6.8224606640355452,34.009468109428916],[-6.8222454156265675,34.009668124799362],[-6.8222433279964561,34.009670064077923],[-6.8222427364060012,34.009670774255497],[-6.8218289567479191,34.010167918378279],[-6.821625886602118,34.010456983585925],[-6.8220993607632634,34.010869805440912],[-6.8224157076232537,34.01123749720292],[-6.8228941974717658,34.011745558437795],[-6.8233864044603285,34.012031101994602],[-6.8236921600715394,34.012258283208929],[-6.8243263370311,34.012999228009498],[-6.8248640803308902,34.01340841921882],[-6.8256285568948583,34.013834389475448],[-6.8258173021616955,34.013965866579632],[-6.8264013527204801,34.014679966700072]]],[[[-6.8456975120917383,34.014666810133974],[-6.845672177403058,34.014688791638882],[-6.8461162791120334,34.014994972969191],[-6.8462557270043449,34.014832956791004],[-6.8466634166577975,34.014383315442743],[-6.8468742356304064,34.014524708395491],[-6.8471134930112436,34.014678489066029],[-6.847160163235646,34.014705942584719],[-6.8475385794491537,34.014267781754967],[-6.8476157735503689,34.014167410284223],[-6.8483736187417223,34.013256334998218],[-6.8470311989673549,34.01230147260609],[-6.8469360756615734,34.012229673106425],[-6.8466125533860618,34.012326280940975],[-6.8466480464361679,34.012640950311855],[-6.8463420318134895,34.012686701340861],[-6.8462081146635736,34.012850246676251],[-6.8461152228789732,34.012949637759959],[-6.8458850376760303,34.01315300129059],[-6.8458649558916251,34.013206410392151],[-6.8457855903295428,34.013301317034774],[-6.8458585266295691,34.013348935202529],[-6.8464577370579969,34.013772908314905],[-6.8465318310803989,34.013899529802366],[-6.8465642185887203,34.013962880786686],[-6.8464023686634219,34.014025245999498],[-6.8463048225337184,34.014110348335841],[-6.8456975120917383,34.014666810133974]]]]},"properties":{"prefecture":"Rabat","arrondissement":"Agdal-Ryad","type_arrondissement":"Arrondissement","nom":"PASP Rabat","Etat_PA":"PA Homologué","num_decret":"02-17-311","num_bo":"6619","date_homo":"03/11/2017","date_apparttion_bo":"06/11/207","objectid":2052,"shape.STArea()":1473456.5990465451,"shape.STLength()":6787.2145630088553}},{"type":"Feature","id":2053,"geometry":{"type":"Polygon","coordinates":[[[-6.8367135801649948,34.029330059483407],[-6.8370130608779638,34.029453517689106],[-6.8372093600220927,34.029283442330382],[-6.8372615924618136,34.029320365724871],[-6.8373730894861682,34.02922494083618],[-6.8374288361122018,34.029276150080115],[-6.8375416329309076,34.029160243974182],[-6.837675227276522,34.029063201733017],[-6.8377335329000299,34.029120521430194],[-6.838031939832196,34.028931535430992],[-6.8380882994818961,34.02882173443286],[-6.8381231424579285,34.028798139427074],[-6.8384280723747626,34.028656832575464],[-6.8384828142189962,34.028647336222363],[-6.8391311648104107,34.028264674439505],[-6.8391678944107808,34.028256066414123],[-6.8392846765554784,34.028183092477235],[-6.8393660789562141,34.028051854384906],[-6.8392866145833286,34.027953846054238],[-6.8394840359233315,34.027851975233766],[-6.8396095010880442,34.027759117792648],[-6.8397939498325009,34.027665581758988],[-6.8398019441164255,34.02760409049889],[-6.8408141738810535,34.027078750314033],[-6.8407350072231727,34.026949356992318],[-6.8419502099232439,34.026509679584493],[-6.8410510735831416,34.023671668595306],[-6.8416418790690221,34.023181645818816],[-6.8415182709032623,34.023068607233171],[-6.8418580919043013,34.022826685642784],[-6.8415962138421076,34.022533747440491],[-6.8417676674101848,34.022432336374536],[-6.8416747073648709,34.022313429482622],[-6.8416997056338049,34.022253743610257],[-6.8417492038041798,34.022109890801744],[-6.8418888798224415,34.022017888191805],[-6.8418331090866316,34.021947416160906],[-6.8414738765769316,34.021512214985925],[-6.8409162762248696,34.02120539364374],[-6.8403514406560042,34.021404990306628],[-6.8370470434264474,34.022572597354781],[-6.8330031406527851,34.023984723123036],[-6.8317967780195836,34.024405949300331],[-6.8265152967427927,34.026222299045379],[-6.8261010465789473,34.026260780173288],[-6.8258186605028381,34.026264791113356],[-6.8256799921303717,34.026154130762798],[-6.8256781934677777,34.026244203896155],[-6.8256504030815597,34.026348216176132],[-6.8256909335024334,34.026421434353345],[-6.8258214457020827,34.026435640437057],[-6.8261205258324278,34.026386530001041],[-6.8261225969671031,34.02651271599435],[-6.826208421639774,34.026549943540296],[-6.8267172368668598,34.026349721017688],[-6.8270822259844346,34.02622276699325],[-6.8273325570765122,34.026148966243781],[-6.8275322441419828,34.026533507946723],[-6.8282580078304358,34.026571629975784],[-6.8285253524235765,34.026486034916104],[-6.8287697580352082,34.026400701678426],[-6.8289890265300022,34.026331344405314],[-6.8303985536680631,34.025847265972864],[-6.8309409105657419,34.026490543999337],[-6.8309588660404694,34.026486246309716],[-6.8310222383992336,34.026553062081533],[-6.8310998705017267,34.026440974078717],[-6.8312194980722714,34.026490773934142],[-6.8312918801814622,34.026457884045122],[-6.8314741506859713,34.026579964817905],[-6.8316030496859774,34.026645350072634],[-6.8316284005276993,34.026642331444364],[-6.8316421850331377,34.026832512070527],[-6.8316861528103212,34.0268156363706],[-6.8317510184134864,34.026873566619862],[-6.8317599181675197,34.026916444518513],[-6.8318935656647808,34.027021343015385],[-6.8319541521005025,34.026968802266282],[-6.832046253713469,34.027038700161668],[-6.8319735933498631,34.027104340590391],[-6.8323010059504838,34.027332553418852],[-6.8328346917704526,34.026852313691357],[-6.8328162751503845,34.026828646289381],[-6.8329021217488366,34.026767630010823],[-6.8336560801267021,34.027521042251344],[-6.8340503110432564,34.027875377663918],[-6.8343292269025353,34.028044104350769],[-6.8343722183869637,34.028017688077007],[-6.8346497581348027,34.028251922764127],[-6.8349759715572151,34.028506064834133],[-6.835434461376666,34.029029532024786],[-6.8356792926963035,34.028920301694143],[-6.8359767152112134,34.029315990359862],[-6.8361011934232367,34.029311835116225],[-6.836167637973988,34.029415452695062],[-6.8364909124527156,34.029144319978379],[-6.8367135801649948,34.029330059483407]]]},"properties":{"prefecture":"Rabat","arrondissement":"Hassan","type_arrondissement":"Arrondissement","nom":"PAS de la Médina de Rabat","Etat_PA":"PA Homologué","num_decret":"02-17-312","num_bo":"6619","date_homo":"03/11/2017","date_apparttion_bo":"06/11/207","objectid":2053,"shape.STArea()":593761.31300793996,"shape.STLength()":4315.9574436332023}},{"type":"Feature","id":2054,"geometry":{"type":"Polygon","coordinates":[[[-6.7464353717352754,33.951366061607374],[-6.746445973862496,33.951353517809565],[-6.7465822931350514,33.95119222956064],[-6.7503843693579526,33.94702784751226],[-6.7511051824105568,33.946391056044583],[-6.7515677208928695,33.945938402773919],[-6.7554311863281953,33.941779395980824],[-6.7546857591478151,33.940687399169349],[-6.7543804006130133,33.940195339020008],[-6.7526880237927793,33.938149270306504],[-6.7523942766770944,33.937820899230331],[-6.7520511059734405,33.937176246464254],[-6.7519659773246481,33.937018698840255],[-6.7510051970284906,33.936225953306163],[-6.7517531884671929,33.935466039857552],[-6.7521213372311193,33.934710224404398],[-6.7519252737874185,33.934316637223844],[-6.7512143246231151,33.934403453327683],[-6.7506877586658671,33.934132140597008],[-6.7505823606231488,33.933460579330578],[-6.7511453373959531,33.933019229672503],[-6.751709535874471,33.932657003484763],[-6.7515140936353406,33.932302979303635],[-6.7511792937605195,33.932148310849662],[-6.751831063775275,33.931310292728554],[-6.7524421143258939,33.930907988164705],[-6.7526739588873257,33.93054934890931],[-6.7525734712545793,33.930194298318703],[-6.7516276322340438,33.930441937178841],[-6.7509191710686371,33.930687006654125],[-6.7505362898241916,33.930493285610403],[-6.7500418731651495,33.929232360147033],[-6.7494562062042283,33.928209838774045],[-6.7492071727420067,33.927460681200742],[-6.7491998092248213,33.926985913939539],[-6.7496215555468,33.926625233055681],[-6.7493719093380502,33.92583651138321],[-6.7494083354692886,33.925123846999014],[-6.7495927069410762,33.924765724408303],[-6.7490674314818522,33.924573532938737],[-6.748405873286746,33.924778513915911],[-6.747828837214759,33.924309879288785],[-6.7476759981525483,33.923638824393379],[-6.7478493377316529,33.922568550746604],[-6.7484104181897582,33.922008519407854],[-6.7487834472800783,33.921569222946118],[-6.7487730196288265,33.920896634161018],[-6.7481430162303928,33.920072435736024],[-6.7482639675142764,33.918686157432916],[-6.7483374477606546,33.917300390557607],[-6.7487949658455797,33.916187480732347],[-6.7491606057071536,33.915273412105293],[-6.7500045965840254,33.914591608532149],[-6.7504774307871189,33.914467797262496],[-6.7497499096584397,33.912938409185102],[-6.7498812615349433,33.912224717652123],[-6.7505865034667361,33.911781831366611],[-6.7516313751777286,33.911810123165097],[-6.7527717964996317,33.911876944446732],[-6.7536249590135577,33.911788578872205],[-6.7548042219407618,33.911300970276223],[-6.7559914874202827,33.911327684245805],[-6.7574684881806819,33.911667811144632],[-6.757766868633146,33.912535134046607],[-6.7579672320083679,33.913205664271267],[-6.7580985168998557,33.912491965083738],[-6.7582772669934776,33.911777749574021],[-6.7586532882090316,33.911536242201471],[-6.7598855529070558,33.911404147212473],[-6.7604045845146992,33.911200654218241],[-6.7604008728619451,33.910963268219717],[-6.7592555130023193,33.910580003782449],[-6.7583499609988298,33.910352408405885],[-6.7573463969273222,33.90992801673891],[-6.7571485143381498,33.909415741646171],[-6.7574745956416127,33.909016495363801],[-6.7578025294454518,33.908735942630898],[-6.7578419664504583,33.908221091802865],[-6.757785242254835,33.90762814403454],[-6.7582056240001727,33.907188303285253],[-6.7593909800523555,33.907096292302633],[-6.7604807865468484,33.906965736876074],[-6.7617660190140834,33.907189186271509],[-6.7638106789760526,33.907404348644015],[-6.765099028950174,33.907825583049906],[-6.7663380621472147,33.908128629734023],[-6.7670512690490625,33.908199983694438],[-6.7671874452049465,33.90780278730788],[-6.7675053898062245,33.906889180937753],[-6.7681530840796809,33.905813686870175],[-6.7688457329496936,33.904579412150277],[-6.7695957874786767,33.903977640613427],[-6.7701066524038183,33.903259769932333],[-6.770048602004568,33.902587698201238],[-6.7697870051841953,33.901047289549055],[-6.7691476121517553,33.899629728575675],[-6.7687517571653686,33.89860520984513],[-6.7688348484039942,33.897852449649704],[-6.7694899306079614,33.897251716406373],[-6.7691883732470339,33.896186596051443],[-6.7694500828361397,33.894719599243572],[-6.7700083533141999,33.894001208196599],[-6.7710911231299997,33.89343535257742],[-6.7722775259924877,33.8934223478524],[-6.7725603911209591,33.893300531943773],[-6.7723168704503243,33.89290749154592],[-6.7716993220836343,33.892874691214821],[-6.7708432461431514,33.892765358680144],[-6.7700333856934938,33.892576372820329],[-6.7698261265130162,33.891470646909866],[-6.770333179368361,33.890515387507691],[-6.7717942919545493,33.889866239172832],[-6.7729750274219001,33.889497147157762],[-6.7733515391957697,33.889295159955921],[-6.7729194616696153,33.888983330356801],[-6.7719691409101292,33.88891461106256],[-6.7714471497595126,33.888920333260984],[-6.7707372129909373,33.889046826951734],[-6.7704543602173493,33.889168638905254],[-6.770022915440987,33.888896363739768],[-6.7694646767627793,33.889614757022926],[-6.7688636005745932,33.890938090454682],[-6.7681555106406233,33.891183262640098],[-6.7673019465204582,33.891232163437216],[-6.7663484965451977,33.890965578532359],[-6.7659151939130284,33.890574597864884],[-6.7658109696917306,33.889982168143121],[-6.7661744575102096,33.888949348160828],[-6.7664467552243606,33.888154950029573],[-6.7660714755004383,33.888436046353014],[-6.765274698448823,33.889077882206934],[-6.764856921823001,33.889676007264683],[-6.7642456001474454,33.89003881553851],[-6.7638178916255125,33.890003906671467],[-6.7639010194852958,33.889251147507402],[-6.7645061339337191,33.88849269703811],[-6.7642071485671673,33.887585818521224],[-6.7634016860807931,33.887673739941846],[-6.7628803235418165,33.887718990870638],[-6.7624957432937123,33.887406610970118],[-6.762345952497272,33.886933386113597],[-6.7618782365688039,33.887373761223259],[-6.7618400710688533,33.887967745103758],[-6.7614697286977838,33.88856534262419],[-6.7607498826408507,33.888058747866665],[-6.7609242278986459,33.887067571027266],[-6.7606178624182522,33.885685909214885],[-6.760467469612407,33.885173119066089],[-6.7615964040837619,33.884527699770601],[-6.7627690580877724,33.883644366060679],[-6.7640465112093908,33.883393018374406],[-6.7651865697246469,33.88345972718443],[-6.7663309777148788,33.88380337639331],[-6.7669977749268639,33.883954378473149],[-6.7674254549969639,33.883989276542763],[-6.7679418213610987,33.883627491345628],[-6.7686048860914658,33.883541097767278],[-6.7694552657512075,33.8832943653291],[-6.7698754709898301,33.88285448170268],[-6.7708176220006111,33.882408877410526],[-6.7711922381993306,33.882088202641313],[-6.7709037990047234,33.881853934286163],[-6.7700041213553748,33.881982502639119],[-6.7691531347841458,33.882189675275164],[-6.7683495965021754,33.882396321363167],[-6.767022235509125,33.882489973335346],[-6.766683868905333,33.882097957351675],[-6.7657398375806483,33.882424835123267],[-6.7653177505275783,33.882746012207214],[-6.7649319425650276,33.882354509265468],[-6.7644986880525604,33.881963520754823],[-6.763880599220629,33.881891117171463],[-6.7634535506680802,33.881895771526516],[-6.7628224537368959,33.880992508513643],[-6.7621827022144263,33.879535335835989],[-6.7620552153654385,33.880486434956595],[-6.7617416419661849,33.881676987824186],[-6.7613220201413382,33.882156409782901],[-6.7606139793149858,33.8824015391397],[-6.7598023798528537,33.882093790909138],[-6.7584183027363283,33.881594399434547],[-6.7580288259380161,33.880965487463648],[-6.7580140105509692,33.880015935904922],[-6.7581452449879054,33.879302228518029],[-6.7572283005950187,33.8783228963323],[-6.7567858498558842,33.877338411691852],[-6.7571456906894118,33.876068226356963],[-6.7582776218847158,33.875620658381166],[-6.7595062857527184,33.875290743028501],[-6.7610689217710966,33.875075895023251],[-6.7616345622837555,33.874832311722521],[-6.7619111915505403,33.874314872384453],[-6.7624718683363625,33.873754768724304],[-6.7633665178224236,33.87330973761096],[-6.7637811235300971,33.87251378990041],[-6.7630762701199059,33.872956756465108],[-6.7618020622355628,33.873405919481648],[-6.7610965696299452,33.873809310113508],[-6.7602012873137562,33.874214760212226],[-6.7593447925795118,33.87406578543542],[-6.759103856364562,33.873830973734485],[-6.7587717393726745,33.873834581230732],[-6.7580649936045187,33.874158825338341],[-6.7573588606442385,33.87452263190395],[-6.756557214950095,33.874847896869618],[-6.7562294080618859,33.875128450468139],[-6.7559096078655045,33.875923344130548],[-6.7556890140519332,33.876994160293904],[-6.7554739578373919,33.878421057584291],[-6.7553451671510034,33.87929302094556],[-6.7551159340810614,33.879809931870227],[-6.7541250484530968,33.880176800816571],[-6.7527021917747962,33.880231763357784],[-6.7519356335189222,33.879765194072618],[-6.7456791152954603,33.880267924620114],[-6.7452618567412079,33.880905550716662],[-6.7436984673545819,33.881080636182247],[-6.7422354623607559,33.88161076436792],[-6.7412055883476363,33.882531945979274],[-6.7407438838083245,33.883367887507809],[-6.7404762402869922,33.884478749047467],[-6.7403904770763976,33.885073234412857],[-6.740157484604719,33.885352727325916],[-6.739160385146505,33.885323831661935],[-6.7383902030655785,33.884619791438169],[-6.7374807208648404,33.884115092254525],[-6.7368510906496128,33.883290828335049],[-6.7371753457872954,33.882772937285566],[-6.7380245894578739,33.882447289946064],[-6.7382606226700057,33.882365623243437],[-6.7379692312842048,33.881933456460899],[-6.7373024999468187,33.881782299593944],[-6.7364441474183625,33.881514472533887],[-6.7360170981843961,33.881519033260737],[-6.735453770780901,33.881920758993957],[-6.7347773359008505,33.881136553344376],[-6.7344685852522241,33.88073265265561],[-6.7346263111199933,33.880176452252691],[-6.7348676816819806,33.879654015862108],[-6.7347787242567021,33.879273732939673],[-6.7341964012831506,33.879245285465743],[-6.7337451185276898,33.87963132890458],[-6.7332895853423018,33.87974015687999],[-6.7330743699809661,33.879257245387521],[-6.7328954068098454,33.878427374694716],[-6.7325587136670242,33.878153702895617],[-6.7318485478360115,33.877918661300463],[-6.7312257358579748,33.877959948138169],[-6.7311095483346453,33.878515702560364],[-6.7308265988093154,33.879038573065166],[-6.7298655028074057,33.878702218987939],[-6.7293141571669466,33.877980272863077],[-6.7289248079715485,33.876979343597021],[-6.7286596066195594,33.875942437782072],[-6.7289325040370453,33.874761185029719],[-6.7291254623551149,33.873788725475151],[-6.7297424226163391,33.873366280226591],[-6.7298602034164379,33.872914481307127],[-6.7291958728601982,33.872956198004744],[-6.7284500191745336,33.873102751645057],[-6.7278240717355047,33.872936108387222],[-6.7266142621924727,33.872637025729603],[-6.7258631288441295,33.872437044247043],[-6.7267116274463197,33.873571744555463],[-6.7272682084120818,33.874640223584983],[-6.7274513377499012,33.875747316867248],[-6.7273446405726576,33.876926802611457],[-6.7270706549200563,33.878038746175555],[-6.7266998201967425,33.878250623695187],[-6.7259454709974085,33.877842731991969],[-6.7252295222000882,33.877226484318051],[-6.7247724119999903,33.877231325299554],[-6.7246929893381617,33.877474766728895],[-6.7252006283201027,33.878058567280966],[-6.725957084155576,33.878605070558798],[-6.7267535245439394,33.879047174310877],[-6.7275105272383016,33.879628320895442],[-6.7277283544929896,33.880284499043512],[-6.7273590949726962,33.880600333369514],[-6.726777293783349,33.880606504246174],[-6.7262865258899147,33.881131568222557],[-6.7252491666970187,33.881246531889346],[-6.7243790945146289,33.881429032316149],[-6.7240939864846174,33.881813281029757],[-6.7236847326088336,33.882233499084379],[-6.7232302268346142,33.882411592454929],[-6.7225647686218446,33.882383971675779],[-6.722228089387924,33.88211027067706],[-6.7222244045148214,33.881867708687842],[-6.722636298740909,33.881620754303093],[-6.722327495291367,33.880445668051514],[-6.722027121236712,33.879825009863481],[-6.7219324263235318,33.879063546744554],[-6.7219587203806945,33.87805820654085],[-6.7219844907438393,33.877018211220495],[-6.721847719124586,33.876222537049713],[-6.7215452586433946,33.875463268627449],[-6.7204932416351388,33.874607941882083],[-6.7198999192225708,33.87385173890214],[-6.7198068299572391,33.87319423064779],[-6.7200913999272966,33.872775338530033],[-6.7207120738472108,33.872595500537443],[-6.7201676736041627,33.872323986233674],[-6.7193781603295983,33.872332314986721],[-6.7188421627409491,33.872615226648094],[-6.7180989213332234,33.872934976314902],[-6.7173499058668957,33.872873550285846],[-6.7168444466279906,33.872428325286933],[-6.7164226226264381,33.872016875837105],[-6.7156320632407764,33.871955876738937],[-6.7148846282199806,33.871998391375939],[-6.7141729909393932,33.871659295314103],[-6.7132520251525412,33.8712184199033],[-6.7126208919289585,33.870705182740423],[-6.7124073808696476,33.870326190683443],[-6.7118771217389019,33.870990242609494],[-6.7111728105385229,33.871136256683471],[-6.7101329428489125,33.871077835600815],[-6.7094701849958671,33.871223403077508],[-6.7088084626341766,33.87143827228379],[-6.7083924106438051,33.871407967498747],[-6.7068130209152317,33.870487315039149],[-6.7067195106948034,33.869795145069475],[-6.7064177245234982,33.869070489730767],[-6.706199044961747,33.8683449667368],[-6.7058302810533528,33.868695391852349],[-6.7056729085062248,33.869286209404379],[-6.7052646616414471,33.869775674271175],[-6.7051067637996669,33.870331840522709],[-6.7053654318819147,33.870952974882861],[-6.7057487655074421,33.871572807519193],[-6.7059222560947109,33.872056201016527],[-6.7057622801822427,33.872473759061343],[-6.7052781863195365,33.873449216303214],[-6.7050382128667838,33.874075552198669],[-6.7046678586408355,33.874322017753123],[-6.7039235124366341,33.874572378759922],[-6.7033007111575387,33.874613524835198],[-6.7030960498269447,33.874823600105252],[-6.7026872471626797,33.875278404387146],[-6.7022353268280623,33.875629681646359],[-6.7019049570516067,33.875771749991152],[-6.701325258566273,33.875916410136817],[-6.7007871099336391,33.876060634681096],[-6.7003700054518962,33.875960998981917],[-6.700153948005747,33.875408727792689],[-6.6997270132370659,33.874650701922526],[-6.6994340623944568,33.874515115756829],[-6.6990611046861694,33.874588303922152],[-6.6987415943021675,33.87545805361875],[-6.6985420894628307,33.876014642780682],[-6.6982994772640874,33.876467704531152],[-6.6976776929990649,33.876578127758272],[-6.6971379883040543,33.876618381037879],[-6.6963443009877848,33.876349350058398],[-6.6956265109203112,33.875594324101776],[-6.6949523487611646,33.874977472411175],[-6.6947337531680802,33.874251930791296],[-6.6945556811490867,33.873456655206255],[-6.694587958532078,33.872832489430451],[-6.6948680095090269,33.872101787561952],[-6.6949839075588988,33.871511412489951],[-6.6946540580234464,33.871688113176937],[-6.6940328216350196,33.871833169737712],[-6.6934495287776432,33.871735229077409],[-6.6929405955720087,33.871047342735658],[-6.6923459945547394,33.870187053318269],[-6.6920443234620306,33.869462365250186],[-6.6915790227789325,33.868912651788385],[-6.6910721765760455,33.868363366225331],[-6.6906489528143966,33.867847872538157],[-6.6907643600225866,33.867222849160903],[-6.6905889072643507,33.866600826559925],[-6.69082896298276,33.865974516825929],[-6.6903288166932455,33.865875704782553],[-6.6899076621321756,33.865498816451918],[-6.6895254989289468,33.86494823678963],[-6.6893977679487797,33.864741608738065],[-6.6892726056990304,33.864708242067955],[-6.6885688214265278,33.864888781490436],[-6.6879886573294041,33.864998728098136],[-6.6873243671772489,33.865040222569682],[-6.6867401062651428,33.864872946646464],[-6.6860722330592086,33.864671870047999],[-6.6858229339375193,33.86467443278115],[-6.6851196543137217,33.864889604220188],[-6.6845394858562477,33.864999534831689],[-6.6840419067771233,33.865073958355062],[-6.6832473468391287,33.864735538563714],[-6.6826646242377112,33.864672199724282],[-6.6822486137000308,33.864641807930916],[-6.6819111125775166,33.864298692122055],[-6.6812463148896315,33.864305502886936],[-6.680829796769137,33.864240454025122],[-6.6802004372396304,33.863831006464892],[-6.6797849409806531,33.863835257924499],[-6.6792878737206287,33.863944315826032],[-6.6786215516725651,33.863847154665365],[-6.6780357861318622,33.863575882767257],[-6.6774920850157828,33.863338834332836],[-6.6769509271776757,33.863275045409949],[-6.6763651706788849,33.863003764735971],[-6.6760261753944485,33.862556677510973],[-6.6761047013868993,33.862243960135253],[-6.6761832289506806,33.861931240852002],[-6.6759729464242232,33.861760100804773],[-6.6746892802391349,33.861744898863193],[-6.6741050624820568,33.861577563781154],[-6.6737265609980101,33.861269502068744],[-6.6735527659346552,33.860751410670048],[-6.6730840815310737,33.859959061653726],[-6.6727820996132774,33.859199672240351],[-6.6729807172691133,33.858573817951687],[-6.6732193572343323,33.857843583884858],[-6.6728895185486179,33.858020227058688],[-6.6721006358062649,33.858062910871489],[-6.6717231690028935,33.857824145850927],[-6.6713371031924202,33.856996292228672],[-6.6710787182653402,33.85637508467012],[-6.6707372471239532,33.855754720606171],[-6.6703912281103221,33.85482248483023],[-6.6702960041040402,33.85399167401598],[-6.6705746812468272,33.853157062597113],[-6.6711862141577072,33.852353729101665],[-6.6716356083956487,33.851829296836492],[-6.6724624367808651,33.851543629112818],[-6.6732472053341461,33.851223725421015],[-6.6736996228207586,33.850907201649065],[-6.6738982149637591,33.85028134418377],[-6.6737639524491863,33.849624217922447],[-6.6732932990618377,33.848693257452332],[-6.6730774799435233,33.848140935421476],[-6.6731099051080331,33.847516768105855],[-6.6730592408455234,33.846893448235633],[-6.6728018877495892,33.84634154732516],[-6.6726038031560826,33.847002055540173],[-6.6726215292684925,33.848214889280086],[-6.6728054278860043,33.849426031590646],[-6.6728155589186793,33.850119078932053],[-6.6724913183014642,33.850676897647375],[-6.6719568214734162,33.851063567145964],[-6.6710443842593161,33.851176815019144],[-6.6702575815464025,33.851358096587013],[-6.669602988524149,33.852057892601117],[-6.6693638277952703,33.852753467750333],[-6.6688262776713492,33.85293221023182],[-6.668486347368237,33.852415796049655],[-6.6680567773456714,33.851449741924974],[-6.6677183709970507,33.851037283061196],[-6.667513174808823,33.851212650114839],[-6.6674036781018833,33.852253483132955],[-6.6670378486253057,33.852811710097697],[-6.6667936235599354,33.853160757564375],[-6.6663806976450442,33.853338227179108],[-6.6654677224354533,33.853416780884785],[-6.6647644834589714,33.853631838693971],[-6.6638940565069449,33.853779267662482],[-6.6630601421366258,33.853579746564371],[-6.6625560775562329,33.853203603631876],[-6.6624218961634449,33.852546467639499],[-6.6620399625439806,33.851995801677809],[-6.6617431293629483,33.851582907502255],[-6.6614873370600964,33.851134941931711],[-6.6613151409892568,33.850720788642413],[-6.6611429433270759,33.850306635993952],[-6.6608146129561501,33.850587204633875],[-6.6606104084284521,33.850831866447272],[-6.6600277953477978,33.850768420973274],[-6.6596529031291887,33.850702881869324],[-6.6599497234112599,33.851115782026653],[-6.6607045319870899,33.851593380357812],[-6.6611685413170578,33.852073907555621],[-6.6613442566162995,33.852730626051198],[-6.6614403968479046,33.853630749130978],[-6.6607441710304371,33.854330918129826],[-6.6607917374196512,33.85474632716064],[-6.6612522501323923,33.854984285804576],[-6.6613393587717402,33.855260667272319],[-6.6610545601807827,33.855679427265166],[-6.6603162674181204,33.856345359734021],[-6.6585342918416357,33.856675218219429],[-6.6565460734198219,33.857111094908447],[-6.6557176416614867,33.857292700188808],[-6.6549688038575692,33.85723090130233],[-6.6541318819395183,33.856823407491092],[-6.6534576635059182,33.85617167491381],[-6.6528244987681955,33.855484870820703],[-6.6520186877112053,33.854349246096703],[-6.6513740926222482,33.852865430972955],[-6.6511118789340529,33.851966961385116],[-6.6513531753450561,33.851410027823036],[-6.6519753368571983,33.851334488309661],[-6.6517586500468928,33.850712823847815],[-6.651539973966119,33.849952548364143],[-6.6510384706635994,33.849749620827559],[-6.6503623364714386,33.848959261307975],[-6.650186711595711,33.848302525672274],[-6.6502608394224163,33.847677950916847],[-6.6506222755350262,33.846807900775822],[-6.6510652926191396,33.845833062059903],[-6.6513876604319924,33.845136687272145],[-6.6513772025247269,33.844408984384778],[-6.6506244981251204,33.844069937647376],[-6.6499959206675729,33.843694990864336],[-6.6496155963074166,33.843248243508725],[-6.6487502147413338,33.843742092023732],[-6.6480890481839454,33.843991293806418],[-6.6467518235317513,33.843450112465945],[-6.6459116018616742,33.842799994505235],[-6.6455827550581166,33.843045872020731],[-6.6458369511979711,33.843389914052779],[-6.6460496105784728,33.843734371201059],[-6.6458493458543728,33.844256228519441],[-6.645813752878369,33.844672472223543],[-6.6452771943498448,33.844920417600939],[-6.6446150183060633,33.845100296402634],[-6.6440379043120972,33.845417955226431],[-6.6437530579721455,33.845836678048862],[-6.6437594925377992,33.846287159616224],[-6.6438490098312792,33.846736816666436],[-6.644023593593281,33.847324257058915],[-6.6438648503164091,33.847845697378162],[-6.6437021454544345,33.848089916858228],[-6.6438361787292823,33.848747075687307],[-6.6439682304764194,33.849265622690723],[-6.6440186846243394,33.849888953860038],[-6.6438375695960152,33.850951443727524],[-6.6432302506228993,33.852066517587417],[-6.6430719886959935,33.852622609619324],[-6.6427871141271106,33.853041328345128],[-6.6424176621665003,33.853356914763133],[-6.6420091334033406,33.853846175725486],[-6.6415130651681418,33.854024385512886],[-6.6403923339863349,33.854104819643815],[-6.6390614094574323,33.854014039405214],[-6.6385945573258027,33.853325516439511],[-6.6380460959658993,33.852741771146164],[-6.6373334381918276,33.8522982788691],[-6.6370377058088366,33.851954631448336],[-6.6370278593236725,33.851261580776203],[-6.636893381311344,33.850569763419522],[-6.6364685986656005,33.84991547450106],[-6.6365418420282403,33.849221602820769],[-6.6369503787438902,33.84873235988124],[-6.6376497063934909,33.848240237384154],[-6.6384345741005992,33.847920551774372],[-6.6394701706775479,33.847702348508939],[-6.6402124991556191,33.847313757937727],[-6.6408282204478022,33.846787790368253],[-6.6413608510029176,33.846262643441669],[-6.6418504516655865,33.845633949389637],[-6.6419627199451732,33.844766399220958],[-6.6419938798155016,33.84403828385696],[-6.641898936334643,33.843207445827645],[-6.6413485449240275,33.842485103821211],[-6.641005858515129,33.84176069839841],[-6.6402171042462115,33.841803181397545],[-6.6397572120457529,33.841599794353257],[-6.6397087665385994,33.84111507178622],[-6.6406191674832948,33.840863440092988],[-6.6419345720350114,33.839879975272218],[-6.6429636320426972,33.839211258081988],[-6.6441944253598244,33.838124637134008],[-6.6455201539746556,33.837868836249704],[-6.6460126512348383,33.837448040070221],[-6.6457574802984452,33.837034691226478],[-6.6444728077491613,33.837255427639029],[-6.6434783889467877,33.837438607270734],[-6.6428637410774298,33.838033895981049],[-6.6423346282650613,33.838801618508249],[-6.6415073313067721,33.839052437235772],[-6.6403882746298324,33.839236828294659],[-6.6393962938440758,33.839593239282621],[-6.6386881729729526,33.839461624400172],[-6.6383440390227868,33.83863325257304],[-6.6380038559265957,33.838082101205103],[-6.6371667051165346,33.837639837604371],[-6.6362093796432804,33.837510674813565],[-6.6363858613349844,33.838236738036372],[-6.6367710195506087,33.839030051772014],[-6.6376526724232265,33.839679820881706],[-6.6385333549202041,33.840260279836954],[-6.6384161333920142,33.840781303032394],[-6.6380457311996839,33.841027573155706],[-6.6370918131925354,33.841140985858253],[-6.6361794325072463,33.841253979780888],[-6.635424847001361,33.840776231857816],[-6.6346658457413339,33.83998660495272],[-6.6339122626343032,33.839578153326258],[-6.632330376785097,33.83935114946852],[-6.6306233962214103,33.839090698157122],[-6.6287913218963705,33.838796796085816],[-6.6271268769050007,33.838605195456196],[-6.6245945322525284,33.838733990504707],[-6.6233884739472142,33.838641822725933],[-6.622316271112795,33.839206824566183],[-6.6213608945196016,33.839216158748457],[-6.6207310240752557,33.838737106550042],[-6.6203025336657859,33.837805536219037],[-6.6194968207524161,33.836635043497793],[-6.6194426678974727,33.83573447732519],[-6.6197579740739414,33.834518391450381],[-6.6195425296202108,33.833965973664363],[-6.619034887150228,33.833312430315857],[-6.6178607519047157,33.83252674965243],[-6.6169527320909163,33.831577915872117],[-6.6164016498380196,33.830786154535552],[-6.6165189928600965,33.830265151165378],[-6.6172236151618335,33.830154321047331],[-6.6178427469759926,33.829871032843499],[-6.6177963648657316,33.8295249092576],[-6.6168811746953997,33.829429846672234],[-6.6160558299829555,33.829819108858075],[-6.6155608117720659,33.830066524021021],[-6.6149349033878018,33.829864661635874],[-6.6144302186518784,33.829419017674191],[-6.6138419857915798,33.828939523215809],[-6.6130093925348854,33.828808971945122],[-6.6120903569671219,33.828436652796668],[-6.6113403534473774,33.828270632155302],[-6.6102595323912112,33.828211782496922],[-6.6090579645254763,33.828431351736121],[-6.6080679013259012,33.828926125800415],[-6.6071135944201362,33.829004657273529],[-6.6059072095404421,33.828877666678828],[-6.6044501908104527,33.828649107697125],[-6.6034481291791725,33.828277523288186],[-6.6025281831705209,33.827835827665524],[-6.6021128549645045,33.827839821198388],[-6.6018283416663079,33.828293102172275],[-6.6009150931805562,33.82833653497616],[-6.5995803080716096,33.82793345802655],[-6.5977466670557376,33.82750048778064],[-6.5961211831304816,33.827100157387335],[-6.5947033751843405,33.82669782277479],[-6.5939515196425971,33.826393087085641],[-6.5924410438487699,33.82583139844855],[-6.5918144606480853,33.825094522176478],[-6.5918027334053129,33.824237496369726],[-6.5921365797292042,33.82360574782431],[-6.5919890455082557,33.822835730274448],[-6.5917321364564829,33.821581046578608],[-6.5917869434731893,33.820580529328836],[-6.5916362908403299,33.819581970996445],[-6.5919658202636766,33.818635979439534],[-6.5925957033975422,33.817115694384817],[-6.5932326063996198,33.816109621934764],[-6.5938994312676451,33.814788975179162],[-6.5943324264581635,33.813899129906702],[-6.5939129203156641,33.813274568571465],[-6.5926992419877033,33.812171870425239],[-6.5919719870651692,33.811578809751722],[-6.5904591791040241,33.811136081654915],[-6.5889817982265999,33.810778714416756],[-6.5872336258234716,33.810652471681742],[-6.5858939983413105,33.810350902319975],[-6.5852691344562215,33.809728258071068],[-6.5845668687174639,33.808449204786676],[-6.5843828580993025,33.807508093458821],[-6.5838563615703025,33.806858567245676],[-6.5830953643362466,33.806294343488673],[-6.5822009125172274,33.805988520954209],[-6.5814317945744154,33.804824365687999],[-6.5816271439206107,33.804079664100037],[-6.5823383696215423,33.80350151243865],[-6.5836222920191263,33.802232221107069],[-6.5840926720210842,33.801570622924928],[-6.5845272531573258,33.800795078502794],[-6.584375164501842,33.799682234530266],[-6.5838426138196011,33.798287279537909],[-6.5828603771187568,33.796553720897514],[-6.5821640682104388,33.795703165637157],[-6.5812016481141846,33.795426549720446],[-6.5806154153995182,33.79511780102802],[-6.5797207002163276,33.794783392414622],[-6.5794313653782242,33.793643265399254],[-6.5788058934079068,33.792963450121597],[-6.5775934625042707,33.791917736478752],[-6.5759141670866628,33.790624011709411],[-6.5750039640228293,33.789725300617981],[-6.5742159196461536,33.789121284068713],[-6.5736007352870534,33.789067891833888],[-6.5728225246392267,33.78919353648201],[-6.5717692371261327,33.789952900977042],[-6.5690055191133903,33.790057675142236],[-6.5681306565615225,33.790026407609403],[-6.5677594392212084,33.790542681086791],[-6.5681276475818846,33.791564852949499],[-6.5688351705163637,33.793214992806405],[-6.5692668883990457,33.793684312882498],[-6.5693459875554048,33.794294994277152],[-6.5690751081478673,33.795244244599822],[-6.5682375746897046,33.796238239344028],[-6.5677819602095981,33.79635347564615],[-6.5669420269719225,33.796565911264736],[-6.5659948834905792,33.79643668856162],[-6.5654452721846699,33.795988179988761],[-6.5650056537589663,33.794927222097961],[-6.5648464605728716,33.793626971379233],[-6.5647169678895398,33.792780077996547],[-6.564251635131332,33.791561570546968],[-6.5635600122262447,33.791094651215339],[-6.5624194160948228,33.790631906265034],[-6.5616485054700497,33.789534569900155],[-6.5614226890473688,33.788550505819785],[-6.5580399665347322,33.784800919235622],[-6.5573815286477197,33.783907637339631],[-6.5559593313524953,33.782301910083092],[-6.5552512301272454,33.781723859803691],[-6.5546574406376452,33.781639408097703],[-6.5533710427439784,33.782145948025729],[-6.5519277659734945,33.783013673744549],[-6.550692237411031,33.783294869660843],[-6.549612389679929,33.783124930947601],[-6.5485793081937471,33.782414923568027],[-6.5477540351015726,33.78111840088701],[-6.5474294194673526,33.7798814607238],[-6.5451078920347747,33.781560262666638],[-6.5434962340576384,33.782425770532008],[-6.5413254493796584,33.783832024151117],[-6.5408053236725916,33.784466960550631],[-6.5416733754196885,33.784459033922467],[-6.5422440365509953,33.784800420491273],[-6.5427408706672336,33.78526851863375],[-6.5426769555282176,33.786151364080069],[-6.5426652432962076,33.788136555854045],[-6.5392819783737011,33.789207246189001],[-6.5343576994618342,33.790795989079641],[-6.5308597705949545,33.791772961601325],[-6.5265301521908725,33.792662808145494],[-6.5233673018034679,33.793289948370095],[-6.5216760695299394,33.79387230036766],[-6.5198374785092481,33.794739533730834],[-6.518716834618429,33.795663333236647],[-6.5178242634609642,33.796711120240062],[-6.5175066094817531,33.797807019559173],[-6.5173526234563539,33.800518176723344],[-6.517371614581883,33.801998933174431],[-6.5176459599419756,33.802784207518741],[-6.5166087680769076,33.804337419658339],[-6.5157703753812113,33.806676571889618],[-6.5151467572034454,33.808100042217731],[-6.5140022423519532,33.810126819489973],[-6.5128942206601135,33.812058733662838],[-6.5121962158177356,33.813577375061513],[-6.5115046166481418,33.815600095702912],[-6.5115526949093603,33.81660253417261],[-6.5117113559050814,33.817199792827147],[-6.5128488548852452,33.817567780196697],[-6.5130666181944816,33.819834480656084],[-6.5162414108954723,33.820058247508129],[-6.51653438037967,33.822292760665874],[-6.5167088391633348,33.824118715039845],[-6.5167078403734493,33.826986026729053],[-6.5175032206693144,33.827167973854984],[-6.5175551278813613,33.828270318722957],[-6.515904169054914,33.829104291106944],[-6.5140389516764028,33.827412800021499],[-6.5127144425761925,33.826176671754752],[-6.5034641043541663,33.826492632411956],[-6.4960850304912565,33.826947508854218],[-6.4924368201297664,33.826745450800402],[-6.4895480784925734,33.827472608551716],[-6.4867478930432929,33.827808956638997],[-6.4844072683098997,33.827517296988951],[-6.4824473184193376,33.827768263759893],[-6.4815329583582058,33.829414066109038],[-6.4805231577616613,33.830904695938301],[-6.4790420820398413,33.83208740727801],[-6.47987759673887,33.832485704674212],[-6.4808386150596791,33.833074168854502],[-6.4811862491115946,33.833639513483895],[-6.4813628914349941,33.834149500127332],[-6.480959129681505,33.8345508352716],[-6.4803815449751045,33.834669497033531],[-6.4794956735251246,33.834648729449142],[-6.4783713911913354,33.834630011712619],[-6.4770445155558622,33.834755116239847],[-6.4759897544112723,33.834849447785608],[-6.4750389211503014,33.835084965210839],[-6.4745339996130973,33.835572401317464],[-6.4742039263651083,33.836427759498704],[-6.4737074035377855,33.837597136912891],[-6.4729773471016081,33.839166360015106],[-6.4721089193511103,33.840566260269583],[-6.4716130452046112,33.841792456371245],[-6.4719388317065132,33.843352618408446],[-6.4720033282324945,33.845824373860026],[-6.471688228833461,33.847901538242624],[-6.4716994198519346,33.848810795610632],[-6.4716747961265435,33.849578273026431],[-6.4717565304530247,33.850855379207687],[-6.4717062364482878,33.852305090653381],[-6.4717567391211173,33.853640269004657],[-6.4718103946386734,33.855231174723443],[-6.4720944726873162,33.856166508910825],[-6.4726778091778501,33.85650251284229],[-6.4735010259746613,33.85695012694331],[-6.4743944862412457,33.857567635246667],[-6.4750832031850685,33.858158479408353],[-6.4755057045597848,33.859263118416607],[-6.4756191428737138,33.860171493227028],[-6.475631780747694,33.861194403871451],[-6.4750638374848997,33.862108635709909],[-6.4744330024667152,33.863449662636299],[-6.4742391022079326,33.864303843393202],[-6.4742875501161512,33.865468530965693],[-6.4744013312172299,33.866405317733282],[-6.4754684122855215,33.867277081036647],[-6.4767009506345108,33.867749569689046],[-6.4782053743587813,33.868162870049161],[-6.4792640594140591,33.86835266114165],[-6.4804217899266865,33.868285834799721],[-6.4815078446814125,33.867935443932005],[-6.4829750394613495,33.868093253924087],[-6.484950836430829,33.868047718708567],[-6.4860755484889143,33.86806637532333],[-6.4870309730173243,33.868171746429049],[-6.4880556048684905,33.868361758276471],[-6.4889808712382253,33.868779965265169],[-6.4901450047889444,33.869224501731509],[-6.4913010183949558,33.869659175680297],[-6.4918816715207646,33.86976777759287],[-6.4933134154153729,33.869812108614653],[-6.4951199551368113,33.869853141206697],[-6.4968981552331746,33.870349072492658],[-6.4977237740755962,33.8709670088504],[-6.4981459080060944,33.872014738765465],[-6.4988409979553401,33.873088486521986],[-6.4993983737671295,33.874049773931006],[-6.4998506687276958,33.874784642351564],[-6.5008818747693464,33.875486000773989],[-6.5026203874041171,33.875527526414345],[-6.5040044640899826,33.874492304515336],[-6.5042006179851422,33.873836978350369],[-6.5043949664721756,33.873039582635997],[-6.5044544606686792,33.872357046237774],[-6.5041717841739342,33.871563860711944],[-6.503615452264226,33.870687836922777],[-6.5030609317590047,33.869953879672607],[-6.5027800755229945,33.869302761467331],[-6.5031107127672501,33.868504166002417],[-6.5037142755220358,33.867731576686076],[-6.5044229250364225,33.867185395472148],[-6.5054784057849471,33.8671192395663],[-6.506908670015001,33.867049756459416],[-6.5082725968123727,33.867122934545968],[-6.5094668954512533,33.867254432973688],[-6.5102218951641397,33.86767399372097],[-6.5111182645860053,33.868490135501318],[-6.511605425913487,33.869281489852021],[-6.5116489337716947,33.87001995085518],[-6.5113180052686355,33.870790154125572],[-6.5099387843086696,33.872194842134832],[-6.5091369613651562,33.873452308663296],[-6.5086011936225256,33.874195902673669],[-6.5079994356172648,33.875110581956292],[-6.508145139841611,33.875848137396105],[-6.5084931209741761,33.876413399009138],[-6.5094540933387366,33.876944805197226],[-6.5106521540627478,33.877360433141753],[-6.5120843953892038,33.877432961733867],[-6.5138892851556127,33.877331655309632],[-6.5152501013433284,33.877149030251623],[-6.5160541379432564,33.877013348183603],[-6.5167015592323008,33.877007571383274],[-6.5172170610439784,33.877343975259073],[-6.5174280760481338,33.877853599293537],[-6.5173008938834256,33.878565164368993],[-6.5168333157146057,33.879308184643392],[-6.51657419574396,33.880361931800621],[-6.5164828994441137,33.881215258992562],[-6.5164590291420508,33.882011151959333],[-6.5168418939022166,33.882632909976124],[-6.51786749416096,33.882879506066296],[-6.5187912297211339,33.883155420323092],[-6.5195427564250634,33.883290784893582],[-6.5206673102314747,33.883280717988782],[-6.5214166454472977,33.883245586900117],[-6.5222711446484896,33.883436845389468],[-6.5233696886821617,33.884052164287858],[-6.5250725505589067,33.886594403065828],[-6.5266992583498027,33.888512128056256],[-6.5274978095720924,33.889641618226158],[-6.528543415412007,33.8914224664125],[-6.5291353195653086,33.892383307050821],[-6.52931457107392,33.893063697823031],[-6.5297815530798786,33.894389637716039],[-6.5302994215586683,33.894896467466616],[-6.530956578815335,33.895629373743795],[-6.5314099890557209,33.89642095078846],[-6.5318122435251595,33.898520171209086],[-6.5323782806381159,33.900106402798983],[-6.5325623840986458,33.901156163788926],[-6.5327827947733192,33.902376097801749],[-6.5332362557311336,33.903167669103993],[-6.5339627814305921,33.903985180356059],[-6.534790095277712,33.904688105084333],[-6.5355503611289762,33.905476882793856],[-6.5366241010541675,33.906774314696321],[-6.5372795444058571,33.907365116003241],[-6.538173975855555,33.907982158090185],[-6.5390361927091467,33.908741571630301],[-6.5398965644901557,33.909358909503347],[-6.5407183887042644,33.909635592468824],[-6.541562369478708,33.909834312514491],[-6.5422100365117206,33.909828403765296],[-6.5431277915160466,33.909621106831757],[-6.5438357844509873,33.90901788155626],[-6.5449075155619001,33.907558820967857],[-6.545605004887971,33.906160006397442],[-6.5460395196668868,33.905502439352361],[-6.5469823157955682,33.904612876446045],[-6.5478921331020095,33.903808859683558],[-6.5492068257598932,33.902688532128501],[-6.5502274926630388,33.90253706973548],[-6.5518624324765211,33.90243678262857],[-6.5543142740809115,33.902243690979361],[-6.5559559977359205,33.902654793908432],[-6.5582449753433618,33.903031469583404],[-6.5590222110128051,33.903472884902477],[-6.5602022134689877,33.904093187193183],[-6.5596333663912301,33.904894134697805],[-6.5591001075576933,33.905808418363918],[-6.5588092240862492,33.907004627474535],[-6.5576771241706053,33.909032708749095],[-6.5569445825877244,33.910346661872431],[-6.5546852064650478,33.912214626295658],[-6.5531973578539624,33.913137684069589],[-6.5520870950176135,33.914256167050432],[-6.5510191651030025,33.915999421927317],[-6.5502088925928641,33.916603626176475],[-6.5488377693927893,33.916924811270214],[-6.5470309752596334,33.916941380803145],[-6.5454365799465144,33.917552733691387],[-6.5433367696244193,33.918623354249668],[-6.542659053346962,33.918942127303893],[-6.5406873497973672,33.919386362679226],[-6.5411113529315488,33.92051916879646],[-6.5415390964797222,33.92193611077353],[-6.541515068114478,33.922703581757204],[-6.5416197973421175,33.925487470700837],[-6.5418403955785003,33.926707378400792],[-6.5415390167000487,33.927148495010812],[-6.5410676574532731,33.927607460680278],[-6.5401879010116994,33.928126977045793],[-6.5396783375783647,33.928273699719938],[-6.5384102471362429,33.930388074085009],[-6.5371394917565961,33.932303540076639],[-6.5425184222521064,33.939460311096958],[-6.545239943020503,33.944387040165438],[-6.5489904964588739,33.951991509709131],[-6.5517652355329643,33.960878845666372],[-6.5526181817779676,33.961919565177389],[-6.5551407720429617,33.962304098638619],[-6.5562019910783356,33.96322636454039],[-6.5565709720284175,33.964679299087464],[-6.5558265865597027,33.966550285478995],[-6.5546541003362071,33.967784424574759],[-6.5534746254635037,33.96849433564401],[-6.5550284898753466,33.969645085849272],[-6.5573547106102072,33.971021696150771],[-6.5604494598141327,33.972332893460319],[-6.5639685639935736,33.973989592343024],[-6.5661465847257103,33.974726629781649],[-6.5714024477962321,33.975493136395094],[-6.5783750069434852,33.976046104467954],[-6.5813930752006442,33.978279885716702],[-6.5843953254954934,33.977807332654386],[-6.5848591246349235,33.977491046029677],[-6.5870004408075742,33.97661304723264],[-6.5895076101163772,33.97510773386891],[-6.5908458765022413,33.977122374215575],[-6.5913288806922168,33.978209434384752],[-6.59125877235034,33.979925553603834],[-6.5914652270167453,33.981327142180518],[-6.5916802424368255,33.983352448493243],[-6.592255839777529,33.984360647418036],[-6.5933910156520952,33.985207562795743],[-6.5943507614850159,33.986913866877437],[-6.5940934642366527,33.988631767954793],[-6.5932786955104046,33.99066687754317],[-6.5926479287604858,33.992466303994469],[-6.5929662565546634,33.995192389628997],[-6.5933621809979241,33.996748111479526],[-6.5939336006768841,33.997444440010007],[-6.5958190943568225,33.998362154323857],[-6.5971503481532716,33.999830960305623],[-6.5993018744055441,34.003690589510896],[-6.5904842288832892,34.009466801887918],[-6.5756602817393563,34.01963250801213],[-6.601902110061765,34.022996292152655],[-6.6017576949449177,34.023117882381726],[-6.6133615814082809,34.024686271842853],[-6.6239638570084542,34.025908742343006],[-6.6254723359341279,34.026595767537664],[-6.629672821420872,34.028890779789137],[-6.6299222531894753,34.02892490599244],[-6.6299173501031445,34.029147615854953],[-6.62993050425123,34.02944014903597],[-6.6299686474189272,34.029587812157544],[-6.6299626065860187,34.029682014420537],[-6.6299970477510186,34.02979969674994],[-6.6300950451635483,34.029950182329344],[-6.6301882460305439,34.030224875868221],[-6.6303237680675782,34.03042138309177],[-6.6304332447321714,34.030514451415357],[-6.6305622867645893,34.030600505985277],[-6.6306769589942496,34.030713306913952],[-6.6306982836494095,34.030830435102139],[-6.6306968710440675,34.030962113279315],[-6.6306871115942698,34.031082958345436],[-6.6306303170088601,34.031238374873709],[-6.6305616191329202,34.031421195416257],[-6.6305438109642774,34.031552351822789],[-6.6305728653332006,34.031636659844729],[-6.6306810905050417,34.031757028301691],[-6.6324619473049218,34.033396585978295],[-6.6340597620745623,34.034144243534733],[-6.6350068225093883,34.036494633884573],[-6.6358077353781439,34.038879201415057],[-6.636520306333435,34.041156845941003],[-6.6360422486602841,34.041366218759876],[-6.6377142226458954,34.0432350198355],[-6.6390243616355722,34.044699316677978],[-6.639106713708836,34.044726358870221],[-6.6406011210505751,34.045216516784372],[-6.6412701384010049,34.044261644641878],[-6.6401321739768617,34.043079748500446],[-6.6397798465403124,34.04182049086306],[-6.6408980370957842,34.038865753268766],[-6.6436027527849904,34.03867112993656],[-6.6454168761845009,34.03974599813634],[-6.6471967537299763,34.042313824152735],[-6.6513818402562865,34.039748673725427],[-6.6535936841351235,34.039357506113845],[-6.6540378445635167,34.037938869051878],[-6.6571764432178666,34.036755881485504],[-6.6603065110764739,34.034821117517396],[-6.6635212246555602,34.033081892760848],[-6.6651944514681487,34.031949260160673],[-6.6688898667816252,34.032407108757504],[-6.6885635832961379,34.03244032669263],[-6.6908364840411751,34.032040119917717],[-6.6912781830473289,34.031585145104451],[-6.7168432697230136,34.003684116015464],[-6.7166428236683391,34.003760683167407],[-6.7158232188883966,34.003239298640736],[-6.7164537279810643,34.002572131135842],[-6.7170025147646895,34.001933097041878],[-6.7170842157286188,34.001832304244047],[-6.7171848342363143,34.001678511840574],[-6.7172341708240664,34.001578600272765],[-6.7172621159639654,34.001503792464106],[-6.7172963367890315,34.001377369772925],[-6.7173180759312956,34.001246615855202],[-6.7173157896370199,34.001106628684994],[-6.7172988318862537,34.000976429496077],[-6.7172813351827481,34.000897259984626],[-6.7172562881657321,34.000820612101165],[-6.7172026255255375,34.00069748881063],[-6.7171357061933588,34.000577176179377],[-6.7169326077218621,34.000282239634608],[-6.716794955016292,34.000090520870927],[-6.7166858418426489,33.999918375585189],[-6.7166188055100058,33.999798972968058],[-6.7165659201894252,33.999674737320163],[-6.7165276798984568,33.999546832287123],[-6.7165044426137541,33.999416448192292],[-6.7164964216671912,33.999284805733424],[-6.7165036962209355,33.999153132424148],[-6.716526193892757,33.999022659168681],[-6.7165663605022186,33.998882864324855],[-6.7166210914675553,33.998746540118312],[-6.7166899652119501,33.998614738930257],[-6.7167724491653358,33.998488476426303],[-6.7168679104838214,33.998368724229536],[-6.7169709041175318,33.998258012465705],[-6.7170814779053236,33.998152495050249],[-6.7171180664701566,33.998121297212492],[-6.7151064770355022,33.995890768954375],[-6.7123018597960451,33.995434487781203],[-6.7122927175187366,33.995434747678601],[-6.7095848017484947,33.995525610567547],[-6.7075042272819587,33.99630528967996],[-6.7057614198886615,33.996958621168808],[-6.7055244129781535,33.997054664174243],[-6.7043337859204275,33.997538509168926],[-6.7043332843525754,33.997537339258223],[-6.7042898305243064,33.997554947825641],[-6.7025115643515365,33.998230662954199],[-6.697810056490189,33.999714139282425],[-6.6952612498043216,34.002587375830409],[-6.6942028210761624,34.005164783880964],[-6.6911748384687808,34.005082093084027],[-6.6905409956282895,34.005480210588601],[-6.6887970212904149,34.00664017617342],[-6.6859612727448017,34.008424630632838],[-6.6855095422057156,34.008953883436043],[-6.6840560373833071,34.010752906281468],[-6.6830248464682223,34.011998112428373],[-6.6822345140454562,34.013622347473316],[-6.6812067584986012,34.013984980838615],[-6.6806404167465532,34.013914292965254],[-6.67742085247309,34.013743634171753],[-6.6765818114891555,34.013736946334248],[-6.6763785114795553,34.013738600488821],[-6.6761754350660194,34.01374670483083],[-6.6759728766290838,34.013761249148594],[-6.6757711314605253,34.013782211498878],[-6.6755948019429798,34.013805898167995],[-6.6754195244102679,34.013834488105097],[-6.6752454943775987,34.013867948661385],[-6.6745878456775918,34.013978027329323],[-6.6744389568760516,34.014001957243643],[-6.6742893321638075,34.0140224574833],[-6.6741390850449225,34.014039512462048],[-6.6725425973192953,34.014202072328573],[-6.6716856329476695,34.014234504734581],[-6.6712301022991083,34.014184037427022],[-6.6698672938797916,34.014235596223841],[-6.6688234870620269,34.014250494243754],[-6.6666207890610254,34.014319419952734],[-6.6664510963979922,34.014321430771432],[-6.6662814859434931,34.014316597240196],[-6.6661123543082841,34.01430493248796],[-6.6659441004655591,34.014286463149801],[-6.6657771160440751,34.014261232170291],[-6.6656117961561634,34.014229298694438],[-6.6654485253203877,34.014190738209493],[-6.6652876882632466,34.014145640632186],[-6.6651296612822168,34.014094112199601],[-6.6649748154677049,34.014036273632584],[-6.6648235134542873,34.013972260168785],[-6.6646761115858695,34.013902221540235],[-6.6645329534317019,34.013826322940886],[-6.664394376243683,34.013744742255476],[-6.6642607033893473,34.013657671037564],[-6.664132249739855,34.013565312651359],[-6.6640093162687029,34.013467883227918],[-6.6638921911606603,34.01336561345731],[-6.6637811486108625,34.013258740484019],[-6.6636764500390644,34.013147516913016],[-6.6635783396401242,34.013032202737691],[-6.6634870476850327,34.012913068913804],[-6.6634027893858576,34.012790393763446],[-6.6633257616869619,34.01266446571266],[-6.6632561443083755,34.012535580575125],[-6.6631283096813974,34.011929632484126],[-6.6630083197701611,34.011322572449615],[-6.6628961884437432,34.010714471598874],[-6.6627919273909955,34.010105400177892],[-6.6626955493957949,34.009495429321923],[-6.6626070650487321,34.008884628383456],[-6.662526484991985,34.00827307032025],[-6.6624538176486992,34.007660824503752],[-6.6623890714673699,34.007047962107386],[-6.6623322549088524,34.006434555204855],[-6.6622833731457174,34.00582067319602],[-6.6622424314023316,34.005206389086268],[-6.662209434850169,34.004591772272484],[-6.6621843876299769,34.003976895768076],[-6.6622140968372028,34.003592258051889],[-6.6622518748385335,34.003208110767119],[-6.6622977080854815,34.00282457218588],[-6.6623515840867134,34.002441758764284],[-6.6624134860473871,34.002059788804353],[-6.6624833938993389,34.001678778835547],[-6.6625612875494458,34.001298843582795],[-6.6626471426146718,34.000920100518236],[-6.662740932521757,34.000542665331054],[-6.662842627451119,34.000166653741765],[-6.6629521986284432,33.999792178753545],[-6.6630696108376419,33.999419357040509],[-6.6631948287993783,33.999048300766852],[-6.6633278140146173,33.998679123931815],[-6.6634685247255687,33.998311939664411],[-6.6636169191640553,33.997946860190645],[-6.6637729523031464,33.997583996866403],[-6.6639365747620305,33.997223459286836],[-6.6641077372021664,33.996865359750998],[-6.6642863869742959,33.996509806081157],[-6.66447247036285,33.996156907011169],[-6.6646659293248769,33.995806771317618],[-6.6648667057945632,33.99545950597291],[-6.6650747373396531,33.995115215286809],[-6.6652899604880345,33.994774006284629],[-6.6655123106361218,33.994435982394869],[-6.6657417177577578,33.994101246198234],[-6.6659781129396514,33.993769902067278],[-6.6662214239453776,33.993442048996492],[-6.6665613859380173,33.992815243361449],[-6.6668937738678551,33.992185627231123],[-6.667218557380119,33.991553263201006],[-6.6675357018192374,33.990918215712647],[-6.6678451757674608,33.990280548272139],[-6.6681469478367488,33.989640326187953],[-6.6684409887808718,33.988997612942235],[-6.6687272693829014,33.988352473819312],[-6.6690057593335768,33.98770497321172],[-6.6692764316001432,33.987055177281555],[-6.6695392591266298,33.986403150386089],[-6.6697942159817334,33.985748959575709],[-6.6700412751149667,33.985092669205414],[-6.6702804138479523,33.984434346290229],[-6.6705116084092815,33.983774056953166],[-6.6707348328781322,33.983111868239718],[-6.6709500678179863,33.982447846226449],[-6.6711572905735137,33.981782058824969],[-6.6713564795344436,33.98111457122949],[-6.6715476174754782,33.980445452195681],[-6.6717306817346653,33.979774768729548],[-6.6719056572290931,33.979102587758646],[-6.6720725256569189,33.978428978045514],[-6.6722312687050973,33.977754007449789],[-6.6722874832137338,33.977319031036636],[-6.6723521333958677,33.976884868903987],[-6.6724252002115136,33.976451633964992],[-6.6725066668000101,33.97601944001115],[-6.6725965097944027,33.975588399996532],[-6.6726947068988025,33.975158625961029],[-6.6728012315158303,33.974730231790353],[-6.6729160559146186,33.97430332777278],[-6.673039150241558,33.97387802692235],[-6.6731704813581674,33.973454439579413],[-6.6733100161418344,33.973032676984666],[-6.6734577171162117,33.972612848617899],[-6.6736135446562601,33.97219506488134],[-6.6737774602087523,33.971779435263038],[-6.673949418702894,33.971366067512392],[-6.6741293761794251,33.97095507117011],[-6.6743172853694128,33.970546551299819],[-6.6745130969083597,33.970140617494721],[-6.674716759191142,33.969737373958651],[-6.6749282195604742,33.969336926708657],[-6.6751474220888198,33.968939379990417],[-6.6753743097704374,33.968544838059586],[-6.6756088223428831,33.968153404302164],[-6.6758508984522535,33.967765181212599],[-6.6761004767220031,33.967380269480913],[-6.6763574892860547,33.966998769862599],[-6.676621870446823,33.966620783090264],[-6.6768935501290834,33.966246406333028],[-6.6771724572059981,33.965875738573843],[-6.6774585205153043,33.965508876089864],[-6.6777516624189888,33.96514591612577],[-6.6780518084638523,33.964786951383772],[-6.6783588777476934,33.964432077337371],[-6.6786727925797749,33.964081386721183],[-6.6789934698228892,33.963734969619644],[-6.6793208253023746,33.963392918833165],[-6.6796547726040538,33.963055321773723],[-6.6799952264271552,33.962722267645546],[-6.6803420949427572,33.96239384301397],[-6.6806952906556045,33.962070134400157],[-6.6810547184730185,33.961751226599254],[-6.6814202865141743,33.961437201668161],[-6.6817918974919408,33.961128141719236],[-6.6821694552063216,33.96082412885422],[-6.6825528601756856,33.960525242502982],[-6.6829420128833315,33.960231559390749],[-6.6833368116663614,33.959943157167018],[-6.6835974130906894,33.959565859385847],[-6.6838652641575482,33.959192104096537],[-6.6841402947956272,33.958821987570872],[-6.6844224349379804,33.958455606080086],[-6.6847116101666284,33.958093054135738],[-6.6850077471500153,33.957734426237806],[-6.6853107670970457,33.957379813334512],[-6.6856205934386201,33.957029309958287],[-6.6859371441062398,33.956683004384757],[-6.6862603392268234,33.956340986670476],[-6.686590093521243,33.956003346927368],[-6.6869263216484036,33.955670170758566],[-6.6872689372028855,33.95534154468001],[-6.6876178516065909,33.955017554328023],[-6.6879755977564646,33.954695962193341],[-6.6883395498847662,33.954379242914179],[-6.6887096118127527,33.954067479498896],[-6.6890856862709187,33.953760754065357],[-6.6894676738170737,33.953459147852328],[-6.6898554749740358,33.95316273939379],[-6.6902489881050347,33.952871607246344],[-6.6906481082786842,33.952585826393538],[-6.6910527327456633,33.952305472699074],[-6.6914627544066585,33.952030620268246],[-6.6918780650447296,33.951761340513116],[-6.6922985553524459,33.951497703955759],[-6.69272411601328,33.951239780217456],[-6.6931546344429007,33.95098763715022],[-6.6935899980477984,33.950741341705594],[-6.6940300920080631,33.950500956349288],[-6.6944748004663817,33.950266546264814],[-6.6949240075029586,33.950038172127968],[-6.6953775961066295,33.949815893725152],[-6.6958354449291102,33.949599769987003],[-6.6962974347501705,33.949389857117978],[-6.6967634441895303,33.949186211345953],[-6.6972333507217856,33.948988884403029],[-6.6977070318390046,33.948797928924279],[-6.6981843617504984,33.948613394874727],[-6.6986652168066714,33.948435330395085],[-6.6991494690333635,33.948263783672431],[-6.6996369925569876,33.948098798364413],[-6.7001276593429075,33.947940418152761],[-6.7006213391557452,33.947788684038237],[-6.7011179039273392,33.947643637000787],[-6.7016172233879594,33.947505315339633],[-6.7021191650529888,33.947373753771117],[-6.7026235986047036,33.947248986991184],[-6.7031303904685409,33.947131048829597],[-6.7036394081140536,33.947019970401684],[-6.7041505189727024,33.946915780119468],[-6.7046635861232229,33.946818504638657],[-6.7051784780700823,33.94672817146234],[-6.7056950578149985,33.946644801839945],[-6.7062131894842665,33.946568419716854],[-6.706688993194728,33.94638995100992],[-6.7071681754310779,33.946217875625905],[-6.7076506125279263,33.946052239913733],[-6.708136179673744,33.945893085726624],[-6.7086247520599347,33.945740454919289],[-6.7091162026631981,33.945594385763989],[-6.7096104055585215,33.945454917424939],[-6.7101072325786122,33.94532208368048],[-6.7106065555996297,33.945195921016001],[-6.7111082453505224,33.945076461421152],[-6.7116121736311891,33.94496373597466],[-6.7121182089436635,33.944857772184065],[-6.712626221983375,33.94475859933965],[-6.7131360801203286,33.944666241357318],[-6.7136476518223693,33.944580723045298],[-6.7141608066136307,33.944502067399092],[-6.7146754117882885,33.944430292930242],[-6.7151913324915302,33.944365419076789],[-6.7157084381435945,33.944307461626444],[-6.7162265938514896,33.944256437316277],[-6.7167456657375961,33.944212358365441],[-6.7172655198975963,33.944175235191686],[-6.7177860224419517,33.944145079116772],[-6.7183070394134869,33.944121896955679],[-6.7188284357600381,33.944105694635503],[-6.7193500774980173,33.944096477172231],[-6.7198718295076834,33.944094245988481],[-6.7203935566554822,33.944099001607348],[-6.7209151248762229,33.944110743640962],[-6.7214364000636371,33.944129468998405],[-6.7219572469877171,33.944155171897194],[-6.7224775304046736,33.944187845655172],[-6.7229971172336631,33.944227483569634],[-6.7235158743109507,33.944274073529563],[-6.7240336652397925,33.944327604362115],[-6.7245503579225465,33.944388063047249],[-6.7250658191100428,33.944455432070058],[-6.7255799144968851,33.944529695732449],[-6.7260925129536853,33.944610833795366],[-6.7266034811715061,33.944698825143149],[-6.7271125599320163,33.944793623841804],[-6.727619746033783,33.94489522543941],[-6.7281249082572661,33.945003604294698],[-6.7286279175034114,33.945118732040143],[-6.7291286435610402,33.945240578518082],[-6.7296269572988265,33.94536911356137],[-6.7301227306094153,33.945504303386336],[-6.7306158342872546,33.94564611332077],[-6.7311061423282421,33.945794505954694],[-6.7315935265615554,33.945949443902776],[-6.7320778630995832,33.946110887030279],[-6.7325590269422264,33.946278793412105],[-6.7330368919901051,33.946453120234608],[-6.73351133642685,33.946633821934533],[-6.7339822384190011,33.946820852048283],[-6.7344494750197477,33.947014162321892],[-6.734912926496702,33.947213702664911],[-6.7353724731001741,33.947419422086355],[-6.7358279950486724,33.947631267793291],[-6.7362793768432772,33.947849184242692],[-6.7367265008170625,33.948073115915825],[-6.7371692524895508,33.948303003653564],[-6.7376075163216775,33.948538790113034],[-6.7380411799469879,33.948780413409089],[-6.7384701309946946,33.949027811657608],[-6.738894259212004,33.949280920247098],[-6.7393134543416062,33.949539674567021],[-6.7397276093262732,33.949804007267794],[-6.7401898618177691,33.949864490871235],[-6.7406508335010829,33.949931424151565],[-6.7411103943118178,33.950004787772919],[-6.7415684141702199,33.950084561499892],[-6.7420247662133761,33.950170723260364],[-6.7424793224527155,33.950263248290454],[-6.7429319527058729,33.950362110047742],[-6.7433825311169056,33.950467281945194],[-6.7438309317858725,33.950578734692122],[-6.7442770276589048,33.950696434502511],[-6.7447206938997519,33.950820351175622],[-6.7451618055720157,33.950950448200324],[-6.7456002399149746,33.951086689945377],[-6.7460358708631194,33.951229037209067],[-6.7464353717352754,33.951366061607374]]]},"properties":{"prefecture":"Salé","arrondissement":"Shoul","type_arrondissement":"Commune","nom":"PA Shoul","Etat_PA":"PA Homologué","num_decret":"02-17-801 ","num_bo":"6644","date_homo":"17/01/2018","date_apparttion_bo":"01/02/2018","objectid":2054,"shape.STArea()":366218740.85319602,"shape.STLength()":149858.77780197686}},{"type":"Feature","id":2055,"geometry":{"type":"Polygon","coordinates":[[[-6.7915883149704559,34.082921795267794],[-6.7915936697445147,34.08291600552149],[-6.7915997256403751,34.082920553978077],[-6.7916529792261979,34.08285647850731],[-6.7917424335292651,34.08283658859763],[-6.7918260706328386,34.082869643850799],[-6.7919177974557554,34.08291254581254],[-6.7920228648537009,34.082907723632111],[-6.792158907646086,34.082838567920632],[-6.7923124130662185,34.082656629867373],[-6.7924079882885495,34.08261521839917],[-6.7925116630603739,34.082577380229345],[-6.7925948970292662,34.082513525200802],[-6.7925523978372651,34.082404139529991],[-6.7925428977505549,34.08228945254465],[-6.7926590083100846,34.082257826970782],[-6.7927796027480172,34.082274109904631],[-6.7927737971805051,34.082190432486641],[-6.7927549287223901,34.082108097781159],[-6.7928522765484525,34.082063726250659],[-6.7929128326381303,34.081986326386861],[-6.7929222015376967,34.081894300681476],[-6.7929102707622748,34.081841354081583],[-6.7928577103099252,34.081809893389163],[-6.7927935866022171,34.081817313453328],[-6.7926796245784464,34.081724577663408],[-6.792621959118244,34.08160092723557],[-6.7925540546554419,34.081554391970869],[-6.7925005342456384,34.081496304832548],[-6.792516932077783,34.081368915431526],[-6.792585200762737,34.081254079166499],[-6.7926969262621677,34.081165925736961],[-6.7928383702686768,34.081115307119362],[-6.7930005644229619,34.081100964646708],[-6.7931620202878786,34.081120187902116],[-6.7932690134419857,34.08109380534048],[-6.7933777967771283,34.080998916511184],[-6.7934453063312237,34.081046642559095],[-6.7935237441832932,34.081050655452124],[-6.7935894151423284,34.081014744687998],[-6.7936383444952941,34.081028783861925],[-6.7936565261803974,34.081069101825939],[-6.7939027080068914,34.08098616466593],[-6.7943018183977806,34.080768886815562],[-6.7944991064589537,34.080705798775099],[-6.7945189757743218,34.080644396505818],[-6.7945506965305578,34.080586545596653],[-6.7946475951084366,34.080606140254204],[-6.7947350898779115,34.080645954225915],[-6.7947529138854863,34.080610941079634],[-6.7947353725275965,34.080575830624731],[-6.7946929700262295,34.080561647147178],[-6.7946244736187831,34.080484619075271],[-6.794617232322774,34.08038898830663],[-6.7946735701221099,34.08030541707916],[-6.7946746148665085,34.080235907269184],[-6.7947179373842701,34.080176471705499],[-6.7948631693678543,34.080110300452397],[-6.7948988788830231,34.080048846383377],[-6.7948857441051249,34.079981462102396],[-6.7948882084673823,34.079928142697369],[-6.7949359010329484,34.079891935138157],[-6.7950272649742196,34.079897370721312],[-6.7951106175599261,34.079864512707793],[-6.7951590379122147,34.079885077313278],[-6.7952129487537221,34.079890920379313],[-6.7954353698238021,34.079799864477884],[-6.7956427916712698,34.079686921296627],[-6.7957852187066674,34.079567443057812],[-6.7959369583169735,34.079321257735181],[-6.7960215920208826,34.079238839098217],[-6.7961088006922479,34.079160731429191],[-6.7961794103397768,34.079071769862999],[-6.7961796287197949,34.079011877484824],[-6.7961193233978836,34.078979182240303],[-6.7961217738547397,34.078904014755935],[-6.7961694625327258,34.078791191110632],[-6.7961792926973192,34.078747502553213],[-6.7961968155525723,34.078619672464107],[-6.796254165921324,34.078557987851724],[-6.7963112929651759,34.078559527086007],[-6.7963112432880948,34.078598900543518],[-6.7963501786673453,34.078621283809845],[-6.7963944233314022,34.078607315759164],[-6.7964057109115226,34.078569074350447],[-6.7964687585877988,34.078523756077672],[-6.7965394273896891,34.078487048530711],[-6.7965336357909658,34.078404853605804],[-6.7965879512559342,34.078336036536875],[-6.7966730768795953,34.078279852122314],[-6.7967542308517492,34.078219732924495],[-6.7966976704039217,34.078167965431213],[-6.7966254388880856,34.078132154784043],[-6.7966281432540621,34.077793285636936],[-6.7966047779364516,34.077659695229308],[-6.7965348616746546,34.077537880073713],[-6.7966078608972085,34.077339913947426],[-6.7967018383144788,34.077148171365764],[-6.7967886896925416,34.077027671178236],[-6.7969046128194339,34.07692550095382],[-6.7970238268057361,34.076857731972147],[-6.7971575637364383,34.076812473569383],[-6.7972339299345306,34.07681971055645],[-6.7972965781287646,34.076856763968671],[-6.797329891743769,34.076914399736133],[-6.7974556074004093,34.07698477531995],[-6.7976028955060563,34.077014356013684],[-6.7976212556432198,34.07697182941935],[-6.7976295150130124,34.07692716617732],[-6.797852455979581,34.076928144522604],[-6.7980752811237783,34.076922197559782],[-6.7981228093801054,34.076913260664952],[-6.7981639497547297,34.076891538204144],[-6.7981322333218266,34.076851416797716],[-6.7981166990721675,34.076805164576697],[-6.7982332850650833,34.076737544575366],[-6.7983698572774536,34.076704857505412],[-6.7983623655642544,34.076639813078394],[-6.7983973034978558,34.076581297498741],[-6.79846412390813,34.076546969317967],[-6.7984980516670932,34.076466786311521],[-6.7984767837061106,34.076383636661895],[-6.7984422238981503,34.076320124195263],[-6.798426640100554,34.076212249168165],[-6.798441981567672,34.07612121674093],[-6.7984860944270755,34.076062688995975],[-6.7985616368215496,34.0760340172898],[-6.7985824344095409,34.076094422121393],[-6.7986296432009317,34.076143468506892],[-6.7986681081258169,34.076163589066546],[-6.7987116548855964,34.076174351258068],[-6.7987719800266468,34.076149261746231],[-6.7987714987757917,34.07609314500521],[-6.7987194414273668,34.076108716171802],[-6.7986676782518538,34.076092490225555],[-6.7986409014841058,34.076052214640661],[-6.798690595567896,34.076013326384562],[-6.7987584687366525,34.076007652488478],[-6.7988164604373535,34.076037536881493],[-6.79886762786884,34.076024585553263],[-6.7988891066454853,34.075983827660039],[-6.7988659005504601,34.075943732342417],[-6.799006825244053,34.075873598092954],[-6.7992364112520614,34.075770978273503],[-6.799318464728402,34.075728866235636],[-6.7994288331696193,34.075756427146842],[-6.7995370292585804,34.075723434943278],[-6.7995998680921472,34.07564306242493],[-6.7996750406550044,34.075650392407617],[-6.7997455710447845,34.075673233671957],[-6.7998140259335909,34.075602817912269],[-6.799850058355295,34.075517353213428],[-6.7999676732845087,34.075464133413654],[-6.8000774535261588,34.075400368155854],[-6.8002324647959549,34.075295370227892],[-6.8002471391051618,34.075259606746883],[-6.8002161461377364,34.075231979207075],[-6.8002496362753346,34.075122234288195],[-6.8003466858525918,34.074986291547582],[-6.8003659329126203,34.074881665804199],[-6.8003476622913439,34.074783256091479],[-6.8003941658660967,34.074738284597366],[-6.8003980663355348,34.074687542617902],[-6.8003178500945323,34.074621706833135],[-6.800358493213575,34.074579733605269],[-6.8003107871543937,34.074531580811978],[-6.8002959738561204,34.074470402348496],[-6.8003175568882623,34.07441063560784],[-6.8002788499513818,34.074383413468169],[-6.8002781699557024,34.07434124331499],[-6.8003159852131683,34.074313170328601],[-6.8002882953121393,34.074266419151321],[-6.8002259765034028,34.074261184419818],[-6.8001703249277847,34.074267099649497],[-6.8002286773336786,34.074196395980799],[-6.8002161440323023,34.074125650463998],[-6.800190811151487,34.074067791005177],[-6.8004722264903785,34.074207566685217],[-6.8005521994947529,34.074236162272875],[-6.8007528075775179,34.074261166602334],[-6.800855939882231,34.07430501694666],[-6.8010231493546751,34.07423642829859],[-6.8011484921682559,34.074121602156673],[-6.8011671271654759,34.074052461888684],[-6.8011310620413994,34.073988277897264],[-6.8011102884134962,34.073961275905098],[-6.8010985529763515,34.073892601215903],[-6.8010820139278163,34.073857891586449],[-6.801060320614007,34.073836891757047],[-6.801030526139856,34.073824555424238],[-6.8011554991886412,34.073767451836027],[-6.801294554474242,34.073741241490296],[-6.8015808500045996,34.073755604707586],[-6.8017221820276603,34.073731603226797],[-6.8018510177142311,34.073677630277345],[-6.8019245703765385,34.073627675200818],[-6.8019868166687587,34.073568023519755],[-6.8019665648217567,34.073471717595538],[-6.8019964739094965,34.073377168644669],[-6.8019953883388311,34.073334631446166],[-6.8019521207393829,34.073311964642265],[-6.8019837746167342,34.073217682970913],[-6.8019440067380161,34.073125548927955],[-6.8019190777872822,34.073090615738209],[-6.8019046053298489,34.073051813948808],[-6.8018167019453877,34.07300924800608],[-6.8017879681878055,34.07292806710165],[-6.8017687091368408,34.072894048108139],[-6.8017236398735061,34.072891343098178],[-6.8016987126622972,34.072922710338972],[-6.8016900062744403,34.072918040468352],[-6.8016855034192183,34.072898929731004],[-6.8016841800207422,34.072879340330722],[-6.8016860715693319,34.072859797607492],[-6.8016911273382608,34.072840825649564],[-6.8016992117441211,34.072822933238633],[-6.8017101079828404,34.072806600205574],[-6.8017235238438367,34.072792264562551],[-6.8017390995463973,34.072780310756599],[-6.8017564173881162,34.07277105935966],[-6.8017677328886794,34.07276635481238],[-6.8017796348245039,34.072763436380995],[-6.8017918431003883,34.072762372746659],[-6.8018040704118556,34.072763188940499],[-6.8018160290064502,34.07276586575454],[-6.8018274374555885,34.072770340193763],[-6.8018380272775802,34.072776506958576],[-6.8018458560890744,34.072789330465739],[-6.8018556680111724,34.072800708462495],[-6.8018672012756332,34.072810337399929],[-6.8018801481912323,34.072817960391589],[-6.8018941633525243,34.072823374066807],[-6.801908872854777,34.072826433996354],[-6.8019238842692191,34.072827058545641],[-6.8019387971124896,34.072825231052562],[-6.8019532135309673,34.072821000272064],[-6.8019667489149427,34.07281447907539],[-6.8019790421594664,34.072805841438885],[-6.8019897652981154,34.072795317802495],[-6.8019986322526762,34.072783188921996],[-6.8020467627453183,34.072774263090274],[-6.8020955602155624,34.072770387307564],[-6.8021444962509969,34.072771603543487],[-6.8021930409387323,34.072777898627805],[-6.8022406686036581,34.07278920439304],[-6.8022868635008162,34.072805398412626],[-6.8022904892114529,34.072807211022855],[-6.8022943610882161,34.072808410982766],[-6.8022983764067044,34.07280896645635],[-6.8023024286368816,34.072808862706374],[-6.8023064102694084,34.072808102485432],[-6.8023102156679673,34.072806705962869],[-6.8023137438718857,34.072804710189693],[-6.8023169012747173,34.072802168115572],[-6.8023196041077041,34.072799147184043],[-6.8023217806622389,34.072795727543152],[-6.8023233731923565,34.072791999919069],[-6.8023243394467912,34.072788063209046],[-6.8023246537899364,34.072784021857558],[-6.8023243078819844,34.072779983085326],[-6.8023233109001886,34.072776054044631],[-6.8023167704141452,34.072769901608446],[-6.8023113711326602,34.072762726778258],[-6.8023072702613288,34.072754738456595],[-6.802304587201208,34.072746169231593],[-6.8023034000723364,34.072737268604996],[-6.8023037434391833,34.07272829572765],[-6.8023056073042723,34.072719511854032],[-6.8023089373992676,34.072711172735616],[-6.8023136367650494,34.07270352117434],[-6.8023195685747817,34.072696779953226],[-6.8023265601177645,34.072691145349829],[-6.8023344078280799,34.072686781421382],[-6.8023428832116224,34.07268381522811],[-6.8023517394989419,34.072682333133763],[-6.8023607188301831,34.072682378291042],[-6.8023695597629432,34.072683949385137],[-6.8023780048844316,34.07268700067204],[-6.8023858083063065,34.072691443310418],[-6.8023927428239679,34.072697147948318],[-6.802398606531848,34.072703948489369],[-6.8024032287021008,34.07271164692888],[-6.8024064747555206,34.072720019118911],[-6.802450161705095,34.072737439339164],[-6.8024958312025197,34.072748678139888],[-6.8025426132111741,34.07275352141388],[-6.8025896165003017,34.072751876893314],[-6.8026473837476269,34.072747518757268],[-6.8026759484056631,34.072786381092676],[-6.8027306681305255,34.072787790976989],[-6.8028392238376805,34.072660631303037],[-6.802845453024255,34.0725503265108],[-6.8028240026291158,34.072468963335787],[-6.8027666039691725,34.072400723796527],[-6.80274037401204,34.072306322790617],[-6.802654483997304,34.072240909041803],[-6.8026050606002881,34.072155809388271],[-6.8026006351196182,34.072061366481016],[-6.8026718107801019,34.071978153762352],[-6.8027815951760244,34.07193248248705],[-6.8029042965398006,34.071935043739707],[-6.8030403461371094,34.071886008494801],[-6.8031726400334698,34.071830308953686],[-6.8033010576940418,34.071885766199465],[-6.803396624074419,34.07197616254701],[-6.803397128478224,34.072074704045662],[-6.8034404603881597,34.072166411799159],[-6.8034869497903534,34.07231977265446],[-6.8035852465629851,34.072455146098946],[-6.8035530391890111,34.072505535893271],[-6.8035927714069997,34.07255205962263],[-6.8036605443496772,34.072543319661897],[-6.803669308209253,34.072582919269266],[-6.8036948522649086,34.072617118346962],[-6.8037549594759055,34.07261767204583],[-6.8037951813309574,34.072580503814962],[-6.8037882463171284,34.072530819079446],[-6.8038525468043698,34.072563503855939],[-6.8039276768809849,34.072558692825659],[-6.8039852087858099,34.072518204921998],[-6.8040937473861733,34.072462510650006],[-6.8042211632439473,34.072458331507647],[-6.8043618809924071,34.072338081055314],[-6.8043835456190882,34.072313721116757],[-6.8043941330740809,34.07228472525464],[-6.8043480415037365,34.072276289646659],[-6.8043223034247395,34.072243371694199],[-6.8043317035848361,34.072204889025862],[-6.8043516708832836,34.072191375731563],[-6.8043773086775072,34.072189544648516],[-6.8043939668035414,34.072114951712578],[-6.8043723614190093,34.07204124362373],[-6.8043034505198374,34.072028373919572],[-6.8042680502938424,34.071977519901516],[-6.8042889125660997,34.071921373270186],[-6.8042934664345713,34.071876738324676],[-6.8043309730411412,34.07184460198139],[-6.8042440208720816,34.071803625149329],[-6.8042042538077556,34.071727333673728],[-6.8041085649861737,34.071620552647076],[-6.8039746153164984,34.071547636976028],[-6.8039820846948134,34.071489066444855],[-6.8039417975343897,34.071440644323673],[-6.8038732896304435,34.071425854340717],[-6.8037986363809075,34.071321191411684],[-6.8037764670277658,34.071200885410299],[-6.8038099986686538,34.071082416118145],[-6.8038943616033078,34.070982994841486],[-6.803958958958507,34.070928598811783],[-6.8040199320814052,34.070871377238184],[-6.8040303639739843,34.070780344714862],[-6.8040958737397279,34.070706921934431],[-6.8041975762860742,34.070672288348419],[-6.8042300754092278,34.070727536250494],[-6.804299297198007,34.07074910718682],[-6.8043674089436079,34.070725220926683],[-6.8043971917854922,34.070668922035686],[-6.8043723673863292,34.070610985479156],[-6.8043145080505303,34.070535167178676],[-6.8043289452513829,34.070446158609776],[-6.8044183327461019,34.070364663610896],[-6.8044430461845309,34.07025625471848],[-6.8044826502171212,34.070164888191812],[-6.8045690502463501,34.070099589533001],[-6.8046821376470987,34.07007555465109],[-6.804771552356212,34.070223302789046],[-6.8048677400809225,34.070368069210858],[-6.8048918253118762,34.070424511472709],[-6.8048900065623403,34.070484384190301],[-6.8049581101475374,34.070536514838857],[-6.8050416800205848,34.07056957835151],[-6.8050105957294171,34.070619492439683],[-6.8050470636734666,34.070666818890288],[-6.8051145450772692,34.070664138226469],[-6.8051109935853127,34.070719120674021],[-6.8051600469881306,34.070756068242467],[-6.8052254374863557,34.070747666149245],[-6.8053088526746057,34.070803833069128],[-6.8053474832107277,34.07088714075104],[-6.8053310166012855,34.070975378545427],[-6.8054124435045473,34.071067510099198],[-6.8055211108988534,34.071137522282022],[-6.805587850435554,34.071139737722504],[-6.8056283186786981,34.071095519029498],[-6.805609620620956,34.071050430375891],[-6.8056290277229499,34.071005549505983],[-6.8056779658371607,34.070980717669286],[-6.8058118698683909,34.071046359517709],[-6.8059521181236668,34.071102085474394],[-6.80599946653129,34.071100356953238],[-6.8060275888992958,34.071068601264322],[-6.8058958666764733,34.070897955954983],[-6.8058141943879429,34.070626670850544],[-6.8058655081122614,34.070562765694064],[-6.8059566564917588,34.070550355202229],[-6.8060297684385533,34.070597317422497],[-6.8061401110971058,34.07069637159379],[-6.8062001527133713,34.07082185666826],[-6.8063224785516301,34.07088992031931],[-6.8064908135160005,34.070964291240365],[-6.8065275394603821,34.070983593814518],[-6.8065617512315733,34.070995540210149],[-6.806598845551755,34.070995030343759],[-6.8066442128350229,34.071004809793408],[-6.8066608966064601,34.071041257699477],[-6.8067894802650715,34.071031162901903],[-6.806902662885852,34.070979385785144],[-6.8069050826800055,34.071019310703505],[-6.806948821031086,34.071035837942247],[-6.8070111605782122,34.070993103157171],[-6.8070427717940314,34.071000253689668],[-6.8070551323590252,34.071064570399393],[-6.80712281244368,34.071097276925265],[-6.8071667640287323,34.071084020721955],[-6.8071833083089928,34.071047640123048],[-6.8072398658355864,34.071011111721717],[-6.8073100344663002,34.070999296423494],[-6.807376592039124,34.071016366465379],[-6.807423295463539,34.071059367513129],[-6.807436997914877,34.071116190965249],[-6.8074838805241882,34.071170510031564],[-6.8075416170895195,34.071217025272688],[-6.8075863408376254,34.07122359379661],[-6.807616792330121,34.071195559702289],[-6.8076044313699509,34.071159193265004],[-6.8077246836832117,34.07120113051927],[-6.8078005363667442,34.071289378416758],[-6.8078093853367605,34.071397627634482],[-6.8078994361157044,34.071438736775342],[-6.8080014765466244,34.071448508941486],[-6.8080458861502953,34.071434489733697],[-6.8080742973566206,34.071402807898991],[-6.8080749936260574,34.071335199019472],[-6.808023316178847,34.071283022700193],[-6.807971642087149,34.071238268568081],[-6.8079284458695417,34.071095171409723],[-6.8078477597090297,34.071042215033124],[-6.807835630055715,34.070958619603736],[-6.8077721508832472,34.070893055095681],[-6.8076765752965454,34.070865414821533],[-6.8075779118269031,34.070884084998291],[-6.8075285335082762,34.070879848599944],[-6.8075158934831732,34.070839899516422],[-6.8074169705303094,34.070637001708],[-6.8074245037787744,34.070586665925859],[-6.8074795552740577,34.070564894189367],[-6.8075246466787558,34.070458566481115],[-6.8076013831351654,34.070365640406372],[-6.8076525020375431,34.070324171173901],[-6.8075656670653402,34.070323995126856],[-6.8075016997771813,34.070266787109198],[-6.8075013405042961,34.070237131004937],[-6.8075229008858162,34.070213512981063],[-6.8076244213267438,34.070268452463118],[-6.8077446758162825,34.070280381422478],[-6.8077805004387191,34.0702670809493],[-6.8078004140681401,34.070238952258926],[-6.8077451741712753,34.07019814127397],[-6.8077057252849329,34.070146170235127],[-6.8076519941136704,34.070094132240357],[-6.8075729191692851,34.070074722754306],[-6.8074952823331039,34.07006634477554],[-6.8074228031825745,34.070041733227782],[-6.8073608897564917,34.069998897460252],[-6.8073206407592064,34.06994086761285],[-6.8072764364939458,34.06988659777339],[-6.8071835620283689,34.069846603894838],[-6.8071579234113075,34.069789081019486],[-6.8071600960882046,34.06977342764003],[-6.8071647538992446,34.069758326196066],[-6.8071717759827584,34.069744168542428],[-6.8071809801285319,34.069731322044312],[-6.8071921275058331,34.069720120044821],[-6.8072049288606289,34.069710853215327],[-6.8072190520211961,34.069703762013106],[-6.8072341305173731,34.069699030441868],[-6.8072497730897883,34.069696781277223],[-6.8072655738423231,34.069697072880871],[-6.8072811227743761,34.069699897686242],[-6.8073140662379892,34.0697081310526],[-6.8073452296539134,34.069721618143625],[-6.8073626892194046,34.069729169199597],[-6.8073810902807574,34.069733991627878],[-6.807400009147683,34.069735974390525],[-6.8074190102072532,34.069735071833797],[-6.8074084111847597,34.069718947052415],[-6.8074007043182565,34.069701256601284],[-6.8073961134753063,34.069682514349196],[-6.8073947720098227,34.069663264717434],[-6.8073967188884339,34.069644066865578],[-6.8074018975585888,34.069625478449076],[-6.8074101575912831,34.069608039420658],[-6.8074212590506935,34.069592256345814],[-6.8074348794637833,34.069578587688248],[-6.8074506231874423,34.069567430492462],[-6.8075121461266566,34.069529976787088],[-6.8075770229518904,34.069498690214189],[-6.8076167335064248,34.069485144856024],[-6.8076578948969937,34.069477011910948],[-6.8076997729559556,34.069474436440743],[-6.807741620732946,34.069477464382317],[-6.8077826918177173,34.069486041728346],[-6.8078222536533524,34.069500015490561],[-6.807860520843473,34.069495722099866],[-6.8078975219208102,34.069485057611161],[-6.8079322040061534,34.069468325486383],[-6.8079635802080603,34.069446001844263],[-6.8079907577052117,34.069418721912228],[-6.8080129631519695,34.069387261950723],[-6.8080295646842135,34.069352517164489],[-6.8080400898992623,34.069315476229136],[-6.8080442392982672,34.069277193158058],[-6.8080090631624195,34.069239043379213],[-6.8079692044443494,34.069205816150124],[-6.8079253463825875,34.069178081035602],[-6.8078782407704459,34.069156313457334],[-6.8078286950691469,34.069140886544425],[-6.8078286051445724,34.068992280163918],[-6.8078300118993047,34.068987001979686],[-6.8078322827982012,34.068982033961376],[-6.8078353536869063,34.068977516458716],[-6.8078391378108343,34.068973577094077],[-6.8078435282660426,34.068970327157032],[-6.8078484010193412,34.068967858460418],[-6.8078536184123069,34.068966240746491],[-6.8078590330502236,34.06896551971672],[-6.8078644919660789,34.06896571574066],[-6.8078698409419793,34.068966823280512],[-6.807874928865906,34.068968811047554],[-6.8078796120007272,34.068971622886089],[-6.8078837580448655,34.06897517935986],[-6.8078872498698964,34.0689793799962],[-6.8078621816640892,34.068919564708381],[-6.8078330929616913,34.068861598071493],[-6.8078001191820441,34.06880574994301],[-6.807763413831049,34.068752280317916],[-6.8076942489061665,34.068725726267829],[-6.8076275872381968,34.068693397852563],[-6.8075639098778264,34.068655528363706],[-6.8075036763400787,34.068612391078901],[-6.8074803116830331,34.068572933999384],[-6.8074528128739846,34.068536238170957],[-6.8074215031310787,34.06850273491257],[-6.8073867504657795,34.068472818018051],[-6.8073489633573026,34.068446839127468],[-6.8073426082752224,34.068442531673156],[-6.807336985667753,34.068437304100485],[-6.8073322274770929,34.068431279081601],[-6.8073284453607164,34.068424598001855],[-6.8073257280711745,34.068417417641946],[-6.8073241393733941,34.068409906498879],[-6.8073237165483498,34.068402240831922],[-6.8073828045818727,34.068406087830475],[-6.8074415939097035,34.068413159607957],[-6.8074460104318248,34.068414452533546],[-6.8074505839186887,34.068414962966813],[-6.8074551768174674,34.068414675555914],[-6.8074596509914977,34.068413598945043],[-6.8074638718749005,34.068411765514512],[-6.8074677125197978,34.068409230406822],[-6.8074710574144195,34.068406069868232],[-6.807473805957251,34.068402378955533],[-6.8074758754827336,34.068398268677136],[-6.8074772037475322,34.068393862654347],[-6.8074777508025699,34.068389293403314],[-6.8074775001945422,34.068384698349469],[-6.8074764594607728,34.06838021569429],[-6.807474659902514,34.068375980258743],[-6.8074721556435307,34.068372119428368],[-6.8074690220022642,34.068368749322048],[-6.8074653532265472,34.068365971299556],[-6.8074694121936101,34.068359138371974],[-6.8074745440103754,34.068353069717283],[-6.8074806077057266,34.068347932041576],[-6.8074874367098213,34.068343866476908],[-6.807494843429768,34.068340984704427],[-6.8075026244028098,34.068339365886487],[-6.8075105658854485,34.06833905449205],[-6.8075184497249852,34.068340059075133],[-6.8075260593521758,34.068342352039814],[-6.8075331857303967,34.068345870398304],[-6.8075396330978837,34.068350517501216],[-6.8075452243453132,34.068356165692535],[-6.8075498058809956,34.068362659816323],[-6.8075532518500479,34.068369821478861],[-6.8075554675916257,34.068377453949118],[-6.807556392239257,34.06838534756298],[-6.8075858945876151,34.068420614924449],[-6.807619894954736,34.068451568928701],[-6.8076577687567355,34.068477640953283],[-6.8076988202550552,34.06849835205729],[-6.8077422953371247,34.068513321779484],[-6.8077873953693402,34.068522275127336],[-6.8078332918679036,34.06852504762859],[-6.8078794070664213,34.068528116529677],[-6.8079250048283377,34.068535658001444],[-6.8079696524157916,34.068547600472833],[-6.8080129261083906,34.068563830605825],[-6.8080207801646413,34.068566626407801],[-6.8080289751935315,34.06856815748904],[-6.8080373088882125,34.068568386052448],[-6.8080455755186575,34.068567306455598],[-6.8080535710104231,34.068564945349991],[-6.8080610979825389,34.068561361023129],[-6.8080679706201623,34.068556641959624],[-6.8080740192616993,34.068550904656789],[-6.8080430646632202,34.06849355073998],[-6.8080077777999497,34.068438755701699],[-6.8079683689843362,34.068386846124625],[-6.8079452554305684,34.06836312596127],[-6.8079190115621424,34.068342923439459],[-6.8078901678795205,34.068326646938296],[-6.8078593074364973,34.068314625475246],[-6.8078162077441178,34.068297846055259],[-6.8077755817488974,34.06827574037883],[-6.80773808444388,34.068248664844951],[-6.807701402408747,34.068214700300061],[-6.8076687763035038,34.068176822875813],[-6.8076406207647313,34.068135513946423],[-6.8076157407295437,34.068098385589657],[-6.8075872999798079,34.06806390871651],[-6.8075555791320719,34.068032423500199],[-6.8075357494967488,34.068011602534931],[-6.8075196854546398,34.067987755657086],[-6.8075078404418683,34.067961555987161],[-6.8075083081508909,34.067950962717475],[-6.8075105046955473,34.067940589130544],[-6.8075143707425978,34.0679307154385],[-6.8075198018620755,34.067921608350296],[-6.8075266513481552,34.067913513867317],[-6.8075347341819796,34.067906650638363],[-6.8075438320294079,34.067901204053513],[-6.8075536991386718,34.067897321236359],[-6.8075640689786407,34.067895107069845],[-6.807574661438383,34.067894621363223],[-6.8075851903935449,34.067895877236431],[-6.8075953714351627,34.067898840765729],[-6.8076049295521415,34.067903431900021],[-6.8076136065598751,34.067909526623239],[-6.8076211680743484,34.067916960304238],[-6.8076274098433442,34.067925532143839],[-6.8076922224557697,34.067932540933327],[-6.8077560393305232,34.067945852745979],[-6.8078182490038728,34.067965340034178],[-6.8078782554115449,34.067990816079742],[-6.8079354835999348,34.06802203678302],[-6.8079439730870757,34.068026747010357],[-6.8079531249458682,34.06802998755262],[-6.8079626868568983,34.068031669067103],[-6.80797239519549,34.06803174519397],[-6.8079819822999168,34.068030213834369],[-6.8079911838509153,34.068027117208345],[-6.80799974615904,34.068022540690777],[-6.8080074331589602,34.068016610457583],[-6.8080140329178471,34.068009490007022],[-6.8080193634784223,34.068001375652003],[-6.8080232778755789,34.067992491107645],[-6.8080234179733781,34.067970248066388],[-6.8080270010456871,34.06794829506876],[-6.8080339406377677,34.067927161811234],[-6.8080440693065478,34.067907358211038],[-6.8080571426607994,34.067889362102555],[-6.8080728452579757,34.06787360770781],[-6.808078811061808,34.067880831948294],[-6.8080859090047916,34.067886947475365],[-6.8080939360483068,34.067891779352671],[-6.8081026625765526,34.067895189363043],[-6.808111838964777,34.067897079962172],[-6.8081212027198577,34.067897397068961],[-6.8081304859889924,34.067896131612478],[-6.8081394232217001,34.067893319791459],[-6.8081477587659691,34.067889042038814],[-6.8081552541812504,34.067883420720847],[-6.8081616950591188,34.067876616636916],[-6.8081668971564806,34.067868824419705],[-6.8081707116659036,34.067860266967763],[-6.8081744542005564,34.067851604771008],[-6.8081795512110705,34.067843663527448],[-6.8081858665896142,34.067836652189548],[-6.8081932337227151,34.067830755731691],[-6.8082014582493189,34.067826129715314],[-6.8082103231884599,34.067822896184829],[-6.808219594663691,34.067821140447826],[-6.8082290280732547,34.06782090882448],[-6.8082383745432136,34.067822207425529],[-6.808247387493287,34.067825001991025],[-6.8082558291421762,34.067829218794252],[-6.8082634779040827,34.067834745272307],[-6.8082836837338991,34.067840705071063],[-6.8083025732116731,34.067850031506033],[-6.808319590158634,34.067862449971152],[-6.8083342335305126,34.067877594819116],[-6.8083460721702034,34.067895020127438],[-6.8083547575026877,34.067914212828121],[-6.8083600337984231,34.067934607814344],[-6.8083617457029995,34.067955604579396],[-6.8083598428113712,34.06797658489787],[-6.8083543811519762,34.067996931028617],[-6.8083487718516,34.068016854506936],[-6.8083465227163869,34.068037429993076],[-6.8083476952540503,34.068058094803618],[-6.8083522573988846,34.068078283812348],[-6.8083600843886707,34.068097444904957],[-6.80837096217659,34.068115054077829],[-6.8083845932848117,34.068130629768106],[-6.8084006049397088,34.068143746023161],[-6.8084185592661948,34.068154044149182],[-6.8084379652624127,34.068161242520517],[-6.8085252909386629,34.068239612386492],[-6.8086164763998642,34.068313455607516],[-6.8087112872616444,34.068382582375946],[-6.8087347300799266,34.068386180666764],[-6.8087584469290663,34.068386024165179],[-6.8087818402194875,34.068382116814533],[-6.8088043205142723,34.068374557067692],[-6.8088253213811027,34.068363535406377],[-6.8088443136645669,34.068349329541576],[-6.8088608188191992,34.068332297416156],[-6.8088744209673129,34.068312868185792],[-6.8088847773778038,34.068291531405634],[-6.8088916271018878,34.068268824695046],[-6.8088947975481817,34.068245320191302],[-6.8088955751970879,34.068227247064542],[-6.808899452290011,34.068209577576745],[-6.8089063130805094,34.068192839231472],[-6.8089159527470553,34.068177531734037],[-6.8089280835077615,34.06816411207334],[-6.8089423432118039,34.068152980878914],[-6.8089712440274255,34.068130102988782],[-6.8089971073948892,34.068103840063884],[-6.8090195395629056,34.068074591938498],[-6.8090473885415843,34.068037178461587],[-6.8090788109144578,34.068002711544828],[-6.8091134968197942,34.06797153107275],[-6.8091109646318744,34.067951326431121],[-6.8091119692585256,34.067930988529447],[-6.8091164803486288,34.067911131803001],[-6.8091243616161083,34.067892356150097],[-6.8091353749573109,34.067875228808361],[-6.8091491876444383,34.06786026721776],[-6.8091653823777039,34.06784792338798],[-6.8091834698925107,34.067838570242671],[-6.8092029037407977,34.067832490352878],[-6.8092230967999647,34.067829867400228],[-6.8092434390106318,34.067830780627631],[-6.809263315807355,34.067835202445259],[-6.8094351138370177,34.067787231929771],[-6.8096075388973123,34.067741566494981],[-6.8096478825908573,34.067763445938262],[-6.8096906598688181,34.067780072066419],[-6.8097351899813443,34.06779118029425],[-6.8097807642842909,34.06779659384744],[-6.8098266575164565,34.06779622657568],[-6.8098412656424339,34.067796214969249],[-6.8098557417017771,34.067798174863434],[-6.8098698208448463,34.067802070400582],[-6.8098832454838671,34.067807830309128],[-6.8099066637799011,34.067826018859584],[-6.8099325139945597,34.067840544917516],[-6.8099602278699898,34.067851089160754],[-6.8099891961800205,34.06785741979823],[-6.8100187821226035,34.067859397665352],[-6.8100483353184513,34.067856979283242],[-6.8100550998504961,34.06785646321692],[-6.81006167315768,34.067854784869255],[-6.8100678570827062,34.067851994835294],[-6.8100734652064965,34.067848177222714],[-6.8100783284679345,34.067843447116331],[-6.8100823002603406,34.067837947108757],[-6.8100852608510394,34.067831843001862],[-6.8100871209907954,34.067825318808559],[-6.8100878246042926,34.067818571205557],[-6.8100873504805746,34.067811803604435],[-6.8100857129124552,34.067805220019629],[-6.8100829612656613,34.067799018918265],[-6.8100791784906569,34.067793387237209],[-6.8101280286965888,34.067777387234507],[-6.8101753565530121,34.067757326907675],[-6.8102208252593286,34.067733349012606],[-6.8102641112452638,34.06770562418388],[-6.8102686736651608,34.067702194479772],[-6.8102725844609937,34.067698037050093],[-6.8102757290888096,34.067693273662485],[-6.8102780154450819,34.067688043832604],[-6.8102793765643401,34.067682500737803],[-6.8102797725805377,34.067676806730709],[-6.810279191894689,34.067671128584045],[-6.8102776515145997,34.067665632605987],[-6.8102751965567174,34.06766047976916],[-6.8102718989247117,34.067655820995853],[-6.8102678552034757,34.067651792737649],[-6.8102631838302292,34.067648512978877],[-6.8102199560180781,34.067602095076957],[-6.8101733999773204,34.067559016074746],[-6.8101237728932338,34.067519513949648],[-6.8101046918033221,34.067508239841658],[-6.8100839538110307,34.067500421326521],[-6.8100621789722702,34.067496292174056],[-6.8100400183441563,34.067495975843904],[-6.8100013408734332,34.067495626425014],[-6.8099632003108539,34.067489194759503],[-6.8099265471181942,34.067476841124289],[-6.8098922946920117,34.067458873371628],[-6.8098810715952851,34.067451273284917],[-6.8098712395093282,34.067441943263276],[-6.8098630621433349,34.067431133549889],[-6.8098567588247851,34.067419134075173],[-6.8098524986167916,34.067406266680486],[-6.8098503957836147,34.067392876485911],[-6.8098505067259456,34.067379322633691],[-6.809852828468169,34.067365968655594],[-6.8098572987381694,34.067353172722477],[-6.8098519435359357,34.067360167519979],[-6.8098454717222365,34.067366144225637],[-6.8098380737129931,34.067370926990776],[-6.8098299671749674,34.067374375095234],[-6.8098213906214982,34.067376387087698],[-6.8098125963948792,34.067376903770644],[-6.8098038432418582,34.067375909942044],[-6.8097953887007003,34.067373434842672],[-6.8097874815238129,34.067369551295741],[-6.8097803543588622,34.067364373564303],[-6.8097742169037367,34.067358053989338],[-6.8097692497367426,34.06735077850756],[-6.809765599003569,34.067342761180676],[-6.8097633721173381,34.067334237897221],[-6.8097626345982594,34.067325459432169],[-6.8097634081458702,34.067316684068516],[-6.8097656700005906,34.067308169998029],[-6.8097693536133539,34.067300167724589],[-6.8097743506036421,34.067292912693844],[-6.8097836559366947,34.067284341990465],[-6.8097914286098931,34.067274360420903],[-6.8097974578702392,34.067263238631512],[-6.8098015802366936,34.06725127818526],[-6.809803683932901,34.067238803384988],[-6.8098037119179615,34.067226152480018],[-6.8098016634330696,34.067213668494709],[-6.8097975940220925,34.067201689927437],[-6.8097916140255208,34.067190541572373],[-6.809783885588625,34.067180525712814],[-6.8097746182649503,34.067171913924874],[-6.8097640633343586,34.06716493971382],[-6.8097525069896694,34.067159792182657],[-6.8097402625766534,34.067156610904689],[-6.8097482015249788,34.067119489936516],[-6.8097505503075757,34.067081602255151],[-6.8097472570296276,34.067043784964142],[-6.8097383944539587,34.067006873611803],[-6.8097241583933821,34.06697168373033],[-6.8097048633843489,34.066938992817136],[-6.8097076927016476,34.066903257447727],[-6.8097051465324938,34.066867500788412],[-6.8096972821326434,34.066832526899894],[-6.809684276349012,34.066799122240717],[-6.809666421642917,34.066768037982108],[-6.8096441195134929,34.06673997311642],[-6.8096178714691691,34.066715558738849],[-6.809566500810714,34.066689160600305],[-6.8095176507614426,34.066658346983914],[-6.8094716998714055,34.066623356671343],[-6.8094172679114644,34.066605385860768],[-6.8093643397309478,34.066583376862539],[-6.8093132144321986,34.066557454051669],[-6.8092641809292971,34.066527763920497],[-6.8092410333978037,34.066495265746241],[-6.8092230261866016,34.066459661253703],[-6.8092105673250236,34.066421757212865],[-6.8092039391211374,34.066382412499657],[-6.8092032917648622,34.066342518634535],[-6.809208639924786,34.066302979581316],[-6.8092198624157847,34.066264691264038],[-6.8092367049449818,34.066228521266055],[-6.8092587858738298,34.066195289171247],[-6.8092431105590672,34.066158056238976],[-6.8092214009061651,34.066123987225062],[-6.8091942744619569,34.066094051247333],[-6.8091625028578351,34.066069099856392],[-6.8091269898601388,34.066049842812674],[-6.8090887456618603,34.066036827896752],[-6.8090488581469781,34.066030425327369],[-6.8090084619448001,34.066030817230249],[-6.8087665157747645,34.065969556535507],[-6.8085257987946814,34.065903631142717],[-6.8084901763581298,34.065892929877606],[-6.8084568862641213,34.065876339377255],[-6.8084268939767938,34.065854340791802],[-6.8084010693187995,34.065827572114209],[-6.808380161245104,34.065796809677451],[-6.8083647761221338,34.065762945639712],[-6.8083553601422144,34.065726962110375],[-6.8083521863833072,34.06568990266738],[-6.8083557921397571,34.06567085552922],[-6.8083626329545561,34.065652717221568],[-6.8083725032805669,34.065636032749261],[-6.8083851065424108,34.065621303433502],[-6.8084000640477145,34.065608971848583],[-6.8084169263657497,34.065599408523731],[-6.8084661841769245,34.06557176063184],[-6.8085123212495375,34.065539170626963],[-6.8085548435902012,34.065501987452919],[-6.8085932959087572,34.065460609232979],[-6.8086272664931036,34.065415479007115],[-6.808646886108396,34.065390714197612],[-6.8086698964743819,34.065369063605218],[-6.8086958090067728,34.06535098694183],[-6.8087240734989276,34.065336868033334],[-6.808894920145784,34.06543910345011],[-6.809063379826366,34.065545225988728],[-6.8090717698343681,34.065556203243887],[-6.8090818615621354,34.065565639842617],[-6.8090933764334096,34.065573275293133],[-6.8091059965868883,34.065578898823269],[-6.8091193736505984,34.065582355198757],[-6.8091331383584999,34.065583549008373],[-6.8091469107438627,34.065582447297693],[-6.809160310628025,34.065579080478798],[-6.8091729681150026,34.065573541490764],[-6.8091845338022523,34.065565983234123],[-6.8091946884257259,34.065556614350143],[-6.8092031516729676,34.065545693461388],[-6.80920615008624,34.065537181471683],[-6.8092077486701088,34.0655282995248],[-6.8092079062768196,34.065519276243187],[-6.8092066188495544,34.06551034388729],[-6.8092039195268592,34.065501732377093],[-6.8091998777896467,34.065493663373985],[-6.8091945976727555,34.065486344575142],[-6.8091882150870742,34.065479964367391],[-6.809180894321182,34.065474686978114],[-6.8091728238125393,34.065470648247974],[-6.8091642112970776,34.065467952134419],[-6.8091552784620575,34.065466668035754],[-6.8089863903395633,34.06518295206768],[-6.8089779499253256,34.065165863808922],[-6.8089724013717792,34.065147630248291],[-6.8089698924559858,34.065128737008187],[-6.8089704899990018,34.065109687280575],[-6.8089873922761193,34.06510663121572],[-6.8090045672296045,34.065106413323733],[-6.8090215415964961,34.0651090396087],[-6.8090378476410818,34.065114437702263],[-6.8090530360435446,34.065122458857715],[-6.8090666882811606,34.065132882048793],[-6.8090784281608654,34.065145420060141],[-6.8090879321854088,34.065159727401671],[-6.8090949384674557,34.065175409828655],[-6.8090992539460009,34.065192035205314],[-6.8091007597062445,34.06520914541251],[-6.8090994142563401,34.065226268971387],[-6.8090952546707175,34.06524293403519],[-6.8091117492404649,34.065279599162437],[-6.8091339952773859,34.065313088208825],[-6.8091613986895263,34.06534250683201],[-6.8091932276545473,34.065367069392394],[-6.8092286321634292,34.065386119934061],[-6.8092666667203963,34.065399149702408],[-6.8093063155928739,34.065405810730724],[-6.8093124533992357,34.065410479999699],[-6.8093192940839034,34.065414040866592],[-6.8093266395171108,34.065416390196432],[-6.8093342769498388,34.065417459944555],[-6.8093419851757568,34.065417219127369],[-6.8093495409381202,34.065415674719773],[-6.8093567253960536,34.06541287145312],[-6.8093633304629346,34.065408890519663],[-6.8093691648333001,34.065403847220921],[-6.8093740595237104,34.065397887628194],[-6.8093778727670884,34.065391184351782],[-6.8093804941187868,34.065383931541632],[-6.8093818476554402,34.065376339264098],[-6.8093818941739697,34.065368627417641],[-6.8093806323270396,34.065361019363877],[-6.8093780986620773,34.065353735458224],[-6.8093743665627393,34.065346986667649],[-6.809369544123463,34.065340968460347],[-6.8093637710186821,34.065335855144305],[-6.8093572144573766,34.065331794818754],[-6.8093500643401192,34.065328905084698],[-6.8093425277589095,34.065327269638765],[-6.8093348229990704,34.065326935849107],[-6.809327173216956,34.06532791338342],[-6.8093197999765787,34.065330173928942],[-6.8093123795363963,34.065331794616576],[-6.8093047905810833,34.065332106575177],[-6.8092972621582151,34.065331100389294],[-6.809290021488394,34.065328806427338],[-6.8092832871073474,34.065325293924978],[-6.8092772622701467,34.065320668895509],[-6.8092721288166222,34.065315070930176],[-6.8092680416831293,34.065308668985104],[-6.8092651242263074,34.065301656281875],[-6.8092634644999634,34.065294244475794],[-6.8092631125974616,34.065286657267769],[-6.8092640791398162,34.065279123652651],[-6.8092663349551366,34.065271871007745],[-6.80926981195908,34.065265118230208],[-6.8092744052097558,34.065259069130342],[-6.8092799760750484,34.065253906280276],[-6.8092863564167718,34.065249785503603],[-6.8092933536653621,34.06524683117236],[-6.809300756631961,34.065245132453299],[-6.8093083418824474,34.065244740616642],[-6.8093158804810647,34.065245667488689],[-6.8093231449000893,34.06524788509487],[-6.8093299158870018,34.065251326504047],[-6.8093359890819052,34.06525588784865],[-6.8093411811854496,34.06526143145954],[-6.8093453354911233,34.06526779002111],[-6.8093483266149164,34.065274771621169],[-6.8094299531243667,34.065363249427108],[-6.8095147456223959,34.065448697899683],[-6.8096025917619167,34.065531003822677],[-6.8096090479057851,34.065554621881411],[-6.8096194711495714,34.065576777027104],[-6.809633550653535,34.065596808553757],[-6.8096508665417232,34.065614119085467],[-6.8096709024234281,34.065628192391266],[-6.8096930607928776,34.065638608780048],[-6.8097166808479237,34.065645057616486],[-6.8097410581963445,34.065647346584775],[-6.8097654658620765,34.065645407423787],[-6.8097717479290489,34.065659013015484],[-6.8097802164929355,34.065671376668526],[-6.8097906331126739,34.065682150271641],[-6.8098027044976996,34.06569103048303],[-6.8098160907658443,34.065697767271288],[-6.8098304150130629,34.065702170955248],[-6.8098452739255508,34.065704117544712],[-6.8098602491354576,34.065703552231447],[-6.8098749190004595,34.065700490932429],[-6.8098888704755325,34.065695019841669],[-6.8098978129298589,34.065670696086904],[-6.8099101393075321,34.065647899750601],[-6.8099255966262202,34.065627098696915],[-6.8099438676452406,34.065608719839517],[-6.8099461881909402,34.065605887101277],[-6.8099480098756082,34.065602710498801],[-6.8099492828273274,34.065599276997354],[-6.8099499721967369,34.065595680595244],[-6.8099500591110997,34.065592019750511],[-6.8099495411909787,34.065588394685399],[-6.809948432615375,34.065584904642648],[-6.8099467637335547,34.065581645168493],[-6.8099445802341814,34.065578705496947],[-6.8099419418945075,34.065576166106851],[-6.8099389209438641,34.065574096518603],[-6.8099356000862477,34.065572553390943],[-6.8099320702361537,34.065571578969774],[-6.8099284280296253,34.065571199931654],[-6.8099247731786656,34.065571426653428],[-6.8099212057414444,34.065572252928177],[-6.8099185874925912,34.065574194186034],[-6.8099156814705424,34.06557567024327],[-6.8099125695256673,34.065576639525588],[-6.8099093393083141,34.065577074732396],[-6.8099060818000661,34.06557696360575],[-6.8099028887511768,34.065576309275635],[-6.8098998500963512,34.065575130171752],[-6.8098970514216646,34.065573459504485],[-6.8098945715539676,34.065571344329477],[-6.8098924803406602,34.065568844222277],[-6.8098908366823929,34.065566029600348],[-6.8098896868740786,34.065562979739703],[-6.8098890633009628,34.065559780542038],[-6.8098889835264673,34.065556522115251],[-6.8098894497975024,34.065553296235457],[-6.8098904489811813,34.065550193762071],[-6.8098919529347199,34.065547302078677],[-6.809893919298097,34.065544702631776],[-6.8098962926871582,34.065542468636814],[-6.8098990062535556,34.065540663016002],[-6.8099019835675803,34.065539336626053],[-6.8099051407708693,34.065538526825762],[-6.8099083889383358,34.065538256423793],[-6.8099088682698836,34.065493293034002],[-6.8099026414571009,34.065448760315888],[-6.8098898475693979,34.065405652861571],[-6.8098707723449996,34.06536493343139],[-6.8098918622993025,34.065343928049643],[-6.8099091242719796,34.065319678585034],[-6.8099220677352541,34.065292874126577],[-6.8099303248790068,34.065264276367714],[-6.8099336610627113,34.065234697961522],[-6.8099319814831363,34.06520497942779],[-6.809938397590809,34.065154257443901],[-6.8099388436767621,34.065103133211927],[-6.8099333136308644,34.065052306991525],[-6.8099218831993484,34.065002474960437],[-6.8099047089473093,34.064954319678748],[-6.8099091770552622,34.064956594612568],[-6.8099139716533115,34.064958061289815],[-6.8099189478173363,34.064958675377895],[-6.8099239551351092,34.064958418315058],[-6.80992884225273,34.064957297871416],[-6.8099334614495337,34.064955347914122],[-6.8099376731031755,34.064952627383626],[-6.8099413499099315,34.064949218512162],[-6.8099443807326496,34.064945224338125],[-6.8099466739600389,34.064940765591579],[-6.8099481602757663,34.064935977045025],[-6.809948794753649,34.064931003439654],[-6.8099485582156136,34.064925995110357],[-6.8099474578113872,34.064921103441613],[-6.8099455268023839,34.064916476291643],[-6.8099428235563284,34.064912253523197],[-6.8099394297829994,34.064908562775962],[-6.8099354480644285,34.064905515608459],[-6.8099309987541981,34.064903204126018],[-6.8099262163395693,34.06490169819677],[-6.8099212453763975,34.064901043339745],[-6.8099126458009973,34.064898309430703],[-6.8099046477242382,34.064894131186591],[-6.8098974915889441,34.06488863421621],[-6.8098913925270086,34.064881983772672],[-6.8098865338919721,34.064874379785472],[-6.8098830617469392,34.064866050850092],[-6.8098810804735503,34.064857247355818],[-6.809880649633997,34.064848233958401],[-6.8098817821804252,34.064839281623826],[-6.8098844440655695,34.064830659482375],[-6.8098885552662924,34.064822626737865],[-6.8098939921892923,34.064815424875327],[-6.8099005913866337,34.064809270401334],[-6.809908154469416,34.064804348335251],[-6.8099164540718551,34.064800806647085],[-6.8099252406864865,34.064798751809121],[-6.8099342501649991,34.064798245595092],[-6.8099432116592222,34.064799303223104],[-6.8099518557635159,34.064801892898117],[-6.8099599226137979,34.064805936767826],[-6.8099671696997346,34.064811313263078],[-6.8099733791552213,34.064817860752541],[-6.8099783643080034,34.064825382401793],[-6.8099819752915254,34.064833652090641],[-6.809984103550307,34.064842421210912],[-6.8099918242559294,34.064840943335888],[-6.8099996833889058,34.064840777689426],[-6.8100074595084212,34.064841928938819],[-6.8100149335126687,34.064844364646191],[-6.8100218948123121,34.064848016182466],[-6.8100281472641022,34.064852780661084],[-6.8100335146974595,34.064858523836953],[-6.810037845878294,34.064865083888968],[-6.8100410187702156,34.064872275979539],[-6.8100429439730616,34.064879897462589],[-6.8100435672418547,34.064887733593388],[-6.8100428710152237,34.064895563579235],[-6.810040874910217,34.064903166800569],[-6.8100376351695679,34.064910329027207],[-6.8100332430769859,34.064916848454537],[-6.8100278223851252,34.064922541389599],[-6.8100215258286996,34.064927247426894],[-6.8100145308209914,34.064930833967999],[-6.8100070344550163,34.064933199957657],[-6.809999247950179,34.06493427873118],[-6.8099913907009082,34.064934039892783],[-6.8100226536680104,34.064971405527658],[-6.8100504457116502,34.06501142010115],[-6.8100745436093995,34.065053762220906],[-6.8100757126741653,34.065065403848642],[-6.8100787731228944,34.065076696672129],[-6.8100836422596638,34.065087335549691],[-6.8100901885162672,34.065097033009835],[-6.8100982350072954,34.06510552701895],[-6.8101075643097309,34.065112588061702],[-6.8101179243379049,34.065118025342727],[-6.8101290351550636,34.065121691942075],[-6.8101405965374981,34.065123488785126],[-6.8101522960868417,34.065123367319643],[-6.8101638176713442,34.065121330827736],[-6.8101748499680115,34.065117434337139],[-6.8101850948748268,34.065111783134341],[-6.8101942755657117,34.065104529919637],[-6.8102021439706082,34.065095870681034],[-6.8102084874785369,34.065086039398523],[-6.8102565525917615,34.065158594107352],[-6.810300360216984,34.065233796054507],[-6.8103397649884716,34.065311395699268],[-6.8103959010874995,34.065364167643423],[-6.8104490646566882,34.065419932996605],[-6.8104990963126921,34.065478524575369],[-6.8105059387843854,34.065490014848798],[-6.8105146687574933,34.065500145661787],[-6.8105250221157352,34.065508610517099],[-6.8105366856289935,34.065515153319311],[-6.8105493064297695,34.065519576122725],[-6.8105625026888257,34.065521745120023],[-6.8105758751670269,34.065521594690424],[-6.8105890192939142,34.065519129385031],[-6.8106015374075595,34.065514423789097],[-6.8106130507854159,34.065507620265556],[-6.8106232111021763,34.06549892464794],[-6.8106317109679928,34.065488600013161],[-6.8106382932282399,34.065476958722321],[-6.8106711697852074,34.065466275733954],[-6.8107053790447409,34.065461303732292],[-6.8107399364777779,34.065462185809587],[-6.8107738475349553,34.065468896579993],[-6.810806136269357,34.065481242910181],[-6.8108358734238781,34.065498869477615],[-6.8108552795829231,34.065524986259618],[-6.8108788714547215,34.065547394046121],[-6.8109059520624067,34.065565430841801],[-6.8109357213610604,34.065578563783923],[-6.810967299873516,34.065586404884748],[-6.8109997546728342,34.065588722493899],[-6.8110069831810334,34.065592786365478],[-6.8110147858592605,34.065595594317664],[-6.8110229463264336,34.065597068481324],[-6.8110312382793934,34.06559716797549],[-6.811039431768668,34.065595890041024],[-6.8110472995753408,34.065593270117141],[-6.8110546235122111,34.06558938085864],[-6.811061200474481,34.065584330121041],[-6.8110668480721852,34.065578257969598],[-6.8110714096881626,34.065571332795038],[-6.811074758821313,34.065563746643832],[-6.8111009249297449,34.065548282064974],[-6.8111290704443075,34.065536808249583],[-6.811158590780404,34.065529571662928],[-6.8111888518213473,34.065526727751759],[-6.8112192035396104,34.065528337605215],[-6.8112236120920011,34.065498082644524],[-6.8112237768679913,34.06546750862239],[-6.8112196946750974,34.065437207901581],[-6.8112114446046146,34.065407767549722],[-6.8112249520000381,34.065390119001385],[-6.811235256856035,34.065370428116886],[-6.8112420581685216,34.065349270065504],[-6.8112451572716592,34.06532726287238],[-6.8112444636408735,34.065305049365996],[-6.8112399975370685,34.065283278401239],[-6.811231889414807,34.065262585906396],[-6.8112203761117458,34.065243576307708],[-6.8112409080121621,34.065254580146451],[-6.8112629093040074,34.065262234332174],[-6.8112858375286649,34.06526635014508],[-6.8113091273732849,34.065266826106679],[-6.811332204609001,34.065263650481768],[-6.8113545002489806,34.0652569015678],[-6.8113754645772318,34.065246745764391],[-6.8113945807022658,34.065233433470617],[-6.8114113773014511,34.065217292911221],[-6.8114135079431666,34.065202891095915],[-6.8114132977291533,34.065188334045096],[-6.8114107521179879,34.065173999758159],[-6.8114059372109317,34.065160260450014],[-6.8113989780355002,34.065147472885911],[-6.8113900552988973,34.065135969117406],[-6.8113794006956425,34.065126047860041],[-6.8113672908912095,34.065117966736665],[-6.8113540403379291,34.065111935587851],[-6.8113399931096748,34.065108111022951],[-6.8113255139673852,34.065106592353509],[-6.8113109788874056,34.065107419014446],[-6.8113182737903308,34.0650806564513],[-6.8113209755407649,34.065053049369979],[-6.8113190075569277,34.065025380299986],[-6.8113124256218063,34.064998433527919],[-6.8113014163019692,34.06497297286667],[-6.8112862916592976,34.064949720004932],[-6.8112674804055091,34.064929334050809],[-6.8113166226434174,34.06494011973755],[-6.8113663864713043,34.064947525952448],[-6.8113452450823919,34.064898113029635],[-6.8113184202193988,34.064851540269451],[-6.8113118190932491,34.064854125347679],[-6.8113048788103185,34.06485557102009],[-6.8112977945358022,34.064855836633448],[-6.8112907654840322,34.064854914718545],[-6.8112839893164416,34.064852831200213],[-6.8112776565831972,34.064849644668314],[-6.8112719453648092,34.064845444730167],[-6.8112670162643933,34.06484034949073],[-6.811263007891406,34.064834502231385],[-6.8112600329638617,34.064828067380802],[-6.81125017360469,34.064798119179713],[-6.8112357070117424,34.064770104551386],[-6.811216996490832,34.064744727039319],[-6.8111945119273702,34.064722623959945],[-6.8111209153476899,34.064704332678815],[-6.8110488141786796,34.064680828446569],[-6.8110324284956949,34.064629713453847],[-6.8110122479292254,34.064579974356292],[-6.8109883866063612,34.064531892443277],[-6.8110284694379812,34.064520351572256],[-6.8110692690817167,34.06451167896217],[-6.8110888961751934,34.064509289448615],[-6.8111086515720203,34.064510099923531],[-6.8111280169756228,34.064514089123541],[-6.811146484321168,34.064521152389204],[-6.8111635691050045,34.06453110441084],[-6.811178823095946,34.064543684090239],[-6.8111918460949301,34.064558561390761],[-6.811204769719037,34.064574346002786],[-6.8112201345365468,34.064587766003527],[-6.8112375141005908,34.064598448924038],[-6.811256426045488,34.064606098262381],[-6.8112811412876457,34.06461239596949],[-6.811306474944832,34.064615347261302],[-6.8113319760017808,34.064614899595952],[-6.8113401549044088,34.064613095083537],[-6.8113479048508108,34.064609918757988],[-6.8113549976121091,34.064605464159193],[-6.8113612243129298,34.064599862471042],[-6.8113664015825934,34.064593278658158],[-6.8113703769552156,34.064585906607853],[-6.8113730333596854,34.064577963420291],[-6.8113742925673062,34.064569683015144],[-6.8113741174955562,34.064561309242812],[-6.8113725133001415,34.064553088703271],[-6.8113695272231585,34.064545263483943],[-6.8113652472018593,34.06453806403043],[-6.8113597992789812,34.064531702360085],[-6.8113533438909011,34.064526365818324],[-6.811346071142931,34.064522211561446],[-6.8113381952108867,34.064519361928546],[-6.8113299480338085,34.064517900838716],[-6.811321572483565,34.064517871319723],[-6.8113133152124981,34.06451927424088],[-6.8113054193897353,34.064522068287438],[-6.8112981175400797,34.064526171177256],[-6.8112916246963673,34.064531462083963],[-6.8112861320669422,34.064537785195164],[-6.8112818014047498,34.064544954300978],[-6.8112787602438569,34.064552758277763],[-6.8112709088320953,34.06454195909896],[-6.8112614450740931,34.064532540807505],[-6.8112506082095292,34.064524741493699],[-6.8112386721896145,34.064518758320787],[-6.8112259387517291,34.06451474254078],[-6.8111981486714912,34.064507100463011],[-6.8111718965769956,34.064495204352433],[-6.8111478291301033,34.064479347243228],[-6.8111265391787477,34.064459919739953],[-6.8111085511534473,34.064437400395867],[-6.8110943081491309,34.064412343924843],[-6.8110841610104762,34.064385367537213],[-6.8110783596896374,34.064357135736195],[-6.8110709527745268,34.06435422718436],[-6.8110641541027093,34.06435009195441],[-6.8110581649541624,34.064344852473049],[-6.8110531626422972,34.06433866385921],[-6.8110492952644561,34.064331709331633],[-6.8110466773173739,34.064324194784518],[-6.8110453863074154,34.064316342691896],[-6.8110454604559365,34.064308385521088],[-6.8110468975677119,34.064300558850341],[-6.8110496550959274,34.064293094394344],[-6.811053651401811,34.064286213144129],[-6.8110587681716126,34.064280118824477],[-6.8110648539193734,34.064274991862469],[-6.811071728471787,34.064270984045812],[-6.8110791883023705,34.064268214029042],[-6.8110870125570253,34.064266763820669],[-6.8110949695925935,34.064266676355238],[-6.811102823834835,34.064267954222231],[-6.8111103427527855,34.064270559589403],[-6.8111173037430186,34.064274415322821],[-6.8111235007199928,34.064279407270497],[-6.8111227562221437,34.064272999978108],[-6.8111210306759862,34.064266784661278],[-6.8111183655247469,34.064260910596097],[-6.8111148247785733,34.064255518862673],[-6.8111104934771776,34.064250738956702],[-6.8111054756473957,34.064246685679372],[-6.8110998918047274,34.064243456380083],[-6.8110938760588606,34.064241128618391],[-6.8110884021238043,34.064238876028035],[-6.8110833761519523,34.06423574909099],[-6.8110789365877054,34.064231833941228],[-6.8110752057223962,34.064227238424678],[-6.8110722863256834,34.064222089128499],[-6.8110702588146745,34.064216527894153],[-6.8110691790387765,34.064210707910277],[-6.8110690767412754,34.064204789492962],[-6.8110699547400388,34.064198935669722],[-6.8110717888498904,34.06419330768879],[-6.8110745285488132,34.064188060577379],[-6.8110780983696175,34.064183338871359],[-6.811082399978746,34.064179272633879],[-6.8110873148849471,34.064175973872693],[-6.8110927077032137,34.064173533454806],[-6.8110984298840709,34.064172018603472],[-6.8111043238054876,34.064171471046478],[-6.8111102271147024,34.064171905866715],[-6.8111159772003598,34.064173311086719],[-6.8111759040836848,34.064176930615517],[-6.811235936373806,34.06417625498505],[-6.8112957666167553,34.064171287655547],[-6.8112916281251765,34.064169001234212],[-6.8112879290328667,34.064166056484453],[-6.8112847730025514,34.06416253592942],[-6.8112822484782773,34.064158538228547],[-6.8112804262068769,34.06415417541271],[-6.8112793572553691,34.064149569744714],[-6.8112790715798663,34.064144850292983],[-6.8112795771860899,34.064140149314639],[-6.8112808599050183,34.064135598549072],[-6.8112828837899571,34.064131325526162],[-6.8112855921239044,34.064127449992355],[-6.8112889090089794,34.06412408055494],[-6.8112927414933662,34.064121311638459],[-6.8112969821761844,34.064119220838535],[-6.8113015122172724,34.064117866747395],[-6.8113062046675417,34.064117287311852],[-6.8113109280265753,34.06411749876991],[-6.8113155499277767,34.0641184951957],[-6.8113199408477847,34.06412024866556],[-6.8113239777362162,34.064122710040557],[-6.8113582658256808,34.06413284058916],[-6.8113937440227286,34.064137267622961],[-6.8114294701718778,34.064135873578095],[-6.8114644955330519,34.064128695474679],[-6.8114978899762342,34.064115923933713],[-6.81149093100675,34.064115138384906],[-6.8114841924302052,34.0641132315736],[-6.8114778536607865,34.064110254268527],[-6.8114720834678417,34.064106285740266],[-6.811467035482405,34.064101431650627],[-6.8114628441067788,34.064095821239448],[-6.8114596209360823,34.064089603883588],[-6.8114574517870388,34.064082945119765],[-6.8114563944131072,34.06407602223716],[-6.8114564769668045,34.064069019557095],[-6.8114576972501437,34.064062123525495],[-6.8114600227731552,34.064055517748791],[-6.8114633916189309,34.064049378105366],[-6.8114677140921573,34.064043868062861],[-6.8114756135479153,34.06403495791951],[-6.8114819442319661,34.06402487255906],[-6.8114865345999558,34.064013885267421],[-6.81148926026537,34.064002293770372],[-6.8114900473700741,34.063990412166021],[-6.8114888745856668,34.063978562413588],[-6.8114857736914223,34.063967065609219],[-6.811480828713159,34.063956233285104],[-6.8114741736463671,34.063946358967819],[-6.8114659888252929,34.063937710224565],[-6.8114813021344505,34.063910345171529],[-6.8114925090401677,34.063881057822229],[-6.8114993752509676,34.063850460457729],[-6.8115028103634163,34.063810333196592],[-6.8115015692091809,34.06377007830099],[-6.8114956685337393,34.063730238884411],[-6.8114851879481897,34.063691352454768],[-6.8114723307164908,34.063663792770605],[-6.8114553428960454,34.063638568604524],[-6.81143463807493,34.063616294067927],[-6.8114107203358865,34.063597511460095],[-6.8113841719838488,34.063582678065266],[-6.8113556393690597,34.063572155019543],[-6.811349005947771,34.063570509630779],[-6.8113427432433742,34.063567773188602],[-6.8113370292878166,34.063564023482741],[-6.8113320265135835,34.06355936710731],[-6.8113278771361738,34.063553936430623],[-6.8113246991112995,34.063547885832307],[-6.8113225827817114,34.063541387314686],[-6.8113215883090046,34.063534625613258],[-6.8113217439633802,34.063527792945116],[-6.81132304532,34.063521083544764],[-6.8113254553847735,34.063514688142511],[-6.8113289056460005,34.063508788542563],[-6.8113332980219763,34.063503552454762],[-6.8113385076491912,34.063499128727095],[-6.8113443864318679,34.063495643114322],[-6.8113507672519269,34.063493194703092],[-6.8113574687197076,34.063491853095201],[-6.8113643003303928,34.063491656428965],[-6.8113710678795494,34.063492610295086],[-6.8113775789838424,34.063494687577695],[-6.8114279585257487,34.063499142726918],[-6.811478487365437,34.063496955729654],[-6.8115282935678989,34.063488164325122],[-6.8115305704171583,34.06348110433418],[-6.8115339744088566,34.063474513404415],[-6.8115384133428947,34.063468570056934],[-6.8115437669868539,34.063463435272517],[-6.8115498903325955,34.063459248131295],[-6.8115566175239328,34.063456122045665],[-6.8115637663489927,34.063454141688389],[-6.8115711431755814,34.063453360699192],[-6.8115785481958868,34.063453800231834],[-6.8115857808384419,34.063455448381198],[-6.8115926452007853,34.063458260505712],[-6.8115989553556453,34.063462160436515],[-6.8116045403869476,34.063467042540573],[-6.8116092490192246,34.063472774581811],[-6.8116355770610113,34.063506050704689],[-6.8116660052694202,34.063535624177121],[-6.8117000178341698,34.063560993678045],[-6.8117370381839972,34.063581729150961],[-6.8117764387605257,34.063597479094057],[-6.8118175516564579,34.06360797651881],[-6.811859679937748,34.063613043475868],[-6.8118650980569688,34.063624076286935],[-6.8118721309465826,34.063634156832542],[-6.811880615012412,34.063643050626048],[-6.8118903529040296,34.063650550786235],[-6.8119011181053848,34.063656482849602],[-6.8119126602038653,34.063660708828621],[-6.8119322151251485,34.063665421690231],[-6.8119522526340077,34.063667183578325],[-6.8119723299340533,34.063665955558037],[-6.8119920033495749,34.063661764766621],[-6.8120108381300524,34.063654703813761],[-6.8120284180574382,34.063644928735037],[-6.8120634222888521,34.063618368239808],[-6.8120952991634001,34.063588125538324],[-6.8121236633530282,34.063554566204736],[-6.812148171991061,34.063518095904691],[-6.8121598757546762,34.063503868529416],[-6.8121690443927365,34.063487889406588],[-6.8121754213890986,34.063470605593139],[-6.8121788283309455,34.063452500648033],[-6.8121791699003484,34.063434081103509],[-6.8121764365410282,34.063415862293539],[-6.8121707047257161,34.063398353936009],[-6.8121621348166359,34.063382045872103],[-6.8121509665789555,34.063367394361698],[-6.8121375124727468,34.063354809318341],[-6.8121221489111123,34.063344642840882],[-6.8121444291340962,34.06330390587857],[-6.8121715630850215,34.06326622754073],[-6.8122031365148406,34.063232183055653],[-6.8122386673977884,34.063202292174239],[-6.8122776132903926,34.063177011235098],[-6.8123193796128545,34.063156726197683],[-6.8123633287263869,34.063141746749949],[-6.8124087896679342,34.063132301580367],[-6.8124550683936409,34.063128534886623],[-6.8125190203586694,34.063134031893767],[-6.8125820161080179,34.063146344752191],[-6.8126433313532324,34.06316533189581],[-6.8127022611273151,34.063190775021511],[-6.812758127890028,34.063222381599026],[-6.8128102893178539,34.063259788234348],[-6.8128581456890611,34.063302564847739],[-6.8128853496160664,34.063345632471034],[-6.8129177667143734,34.063384926307165],[-6.8129548795516435,34.063419819159307],[-6.8129960957435163,34.063449754077858],[-6.8130407574090706,34.063474253250305],[-6.8130965006332209,34.063500593902148],[-6.813149389997573,34.063532277527521],[-6.8131989149679617,34.063568998288488],[-6.8132050025648843,34.06356830904555],[-6.8132111201302967,34.063568639629182],[-6.8132170980030047,34.063569980871144],[-6.8132227703959725,34.063572295574176],[-6.8132279799941724,34.063575519543576],[-6.8132325823174718,34.063579563367554],[-6.813236449727567,34.063584314896914],[-6.8132394749678342,34.06358964235536],[-6.8132415741379209,34.063595397994078],[-6.8132426890205986,34.06360142218935],[-6.8132427886963249,34.063607547869466],[-6.8132418704007485,34.063613605148177],[-6.813239959601372,34.06361942603624],[-6.813237109291256,34.06362484910035],[-6.8132333985193343,34.063629723940231],[-6.8132289301981155,34.063633915359752],[-6.8132238282495621,34.063637307116387],[-6.8132182341683105,34.063639805145023],[-6.8132123030975356,34.063641340166711],[-6.8132061995262925,34.063641869609995],[-6.813200092727671,34.063641378791594],[-6.8132151471106219,34.063674304790304],[-6.8132351412504759,34.06370448740465],[-6.8132595881305029,34.063731191447296],[-6.8132878922742455,34.063753766461893],[-6.8133193642501171,34.063771662566829],[-6.8133532374645629,34.063784443849244],[-6.8133579335782191,34.063826937857634],[-6.8133691112072441,34.063868203519412],[-6.8133865042178163,34.063907258319574],[-6.8134096984909558,34.063943172382643],[-6.8134381417824876,34.063975090612537],[-6.8134711568717048,34.064002253051981],[-6.8135079576856592,34.064024012976724],[-6.8135251759618276,34.064011705009186],[-6.8135442148741561,34.06400245974465],[-6.8135645348675986,34.063996539190157],[-6.8135855600817887,34.063994111131819],[-6.813606694670689,34.063995244379818],[-6.8136273396886295,34.063999906818374],[-6.8136469100641808,34.064007966315863],[-6.8136523841839045,34.064027683560553],[-6.8136608598731829,34.064046308769704],[-6.8136721306326669,34.064063388163888],[-6.813685921864689,34.064078505625453],[-6.8137018975634867,34.06409129283675],[-6.8137196685015526,34.064101438253701],[-6.813738801712665,34.064108694696174],[-6.8137588310405617,34.064112885370207],[-6.8138049790611772,34.06410321618619],[-6.813852006348986,34.064099815138192],[-6.813899065434514,34.064102743515811],[-6.8139453082752643,34.064111948547342],[-6.8139899015381289,34.064127264350731],[-6.8140320416167146,34.064148414922897],[-6.8140487494705084,34.064139890866969],[-6.8140666085968844,34.064134158196296],[-6.8140851561738094,34.064131365473941],[-6.814103911537944,34.064131585073739],[-6.8141223886411151,34.064134811304719],[-6.8141401086463222,34.064140960558603],[-6.8141566123368777,34.064149873476531],[-6.8141714720170778,34.064161319078842],[-6.8141848598472192,34.06417163181073],[-6.8141997580978169,34.064179608562199],[-6.8142157630898152,34.064185033197305],[-6.814232441156185,34.06418775873157],[-6.8142493403924558,34.064187711314638],[-6.8142660029013919,34.06418489223131],[-6.8142819772000625,34.064179377866715],[-6.8143142053368324,34.064163631993011],[-6.814343539611575,34.064142990150472],[-6.8143692425562241,34.064117971278101],[-6.8143906679948971,34.064089204354111],[-6.8144072772888524,34.064057412583274],[-6.8144186528779498,34.064023395215493],[-6.8144055932476038,34.064007753923896],[-6.814390117915865,34.063994498055187],[-6.8143726564702636,34.063983995585716],[-6.814353693631868,34.06397653805881],[-6.8143337557996624,34.063972332491723],[-6.8143133964379778,34.063971495628905],[-6.8143000958887363,34.063973268471813],[-6.8142866846719574,34.063972836214248],[-6.8142735258909042,34.063970210559418],[-6.8142609758142481,34.063965462595853],[-6.8142493742302319,34.063958720872748],[-6.8142390352470459,34.063950167919529],[-6.8142302387884737,34.063940035303936],[-6.8142232230150706,34.063928597362441],[-6.81421817787606,34.063916163772674],[-6.8142152399665381,34.063903071169044],[-6.814214488829216,34.063889674028502],[-6.814215944800833,34.063876335073189],[-6.8142195684615459,34.06386341544993],[-6.8142252617022088,34.063851264952291],[-6.8142328703806356,34.063840212550076],[-6.8142421884949389,34.063830557482603],[-6.8142529637609455,34.063822561156911],[-6.8142574662697593,34.06381018824824],[-6.8142639581962161,34.063798733277899],[-6.8142722597783241,34.063788513434986],[-6.814282141144572,34.063779811707818],[-6.814293328679093,34.063772869047959],[-6.8143055125981098,34.06376787769824],[-6.8143183555278748,34.06376497586956],[-6.8143315018465769,34.063764243913802],[-6.8143445875315374,34.063765702098884],[-6.814357250239035,34.063769310047533],[-6.8143691393376269,34.063774967855352],[-6.8143799256171667,34.06378251885716],[-6.8143833451284319,34.063786003123148],[-6.8143873170656688,34.063788841587773],[-6.8143917210643608,34.063790948234946],[-6.8143964236669179,34.063792259225409],[-6.8144012823669362,34.063792734831253],[-6.81440614992768,34.063792360639859],[-6.8144108788438986,34.063791147990607],[-6.8144153258117868,34.063789133631303],[-6.8144193560716282,34.063786378604554],[-6.8144228474915121,34.063782966397937],[-6.8144256942683903,34.063779000414051],[-6.8144278101343039,34.063774600837],[-6.8144291309706198,34.06376990099038],[-6.8144296167510721,34.063765043297089],[-6.8144292527546986,34.063760174963342],[-6.8144280500119487,34.063755443517827],[-6.814426044970415,34.063750992340985],[-6.8144232983903361,34.063746956320095],[-6.8144198935033344,34.063743457761632],[-6.8144163515010536,34.063740823275218],[-6.8144133005724061,34.063737632956546],[-6.814410826845827,34.063733976869067],[-6.8144090001552007,34.06372995822499],[-6.8144078720684336,34.063725690471593],[-6.8144074744316807,34.063721294088552],[-6.8144078184703218,34.063716893186793],[-6.8144088944720647,34.063712612004821],[-6.8144106720611273,34.063708571401406],[-6.8144131010557505,34.063704885443734],[-6.8144161128848433,34.063701658187256],[-6.8144196225237623,34.063698980738195],[-6.8144235308945724,34.063696928681551],[-6.8144277276630447,34.063695559947384],[-6.8144320943534167,34.063694913175375],[-6.8144365076929896,34.063695006624044],[-6.8144751045070464,34.063689998694088],[-6.8145128130589221,34.063680362380829],[-6.8145490804399227,34.063666238978506],[-6.8145833748727931,34.063647835574152],[-6.8146151935089989,34.063625422011121],[-6.814601557867789,34.063627326451702],[-6.8145877945371476,34.063626968213242],[-6.8145742764314488,34.063624357002126],[-6.8145613698207512,34.063619563568558],[-6.814549424406791,34.063612717789532],[-6.8145387638478958,34.063604005149905],[-6.8145296769895296,34.063593661716716],[-6.8145224100380926,34.063581967742969],[-6.8145171598900136,34.06356924007428],[-6.8145140687968828,34.063555823563988],[-6.8145132205111789,34.063542081729452],[-6.8145146380170143,34.063528386902604],[-6.8145182829073843,34.063515110141729],[-6.8145240564247969,34.063502611177697],[-6.8145318021370835,34.063491228667154],[-6.8145322598590825,34.063481704143726],[-6.8145311938187412,34.063472228405558],[-6.8145286312659463,34.063463043669358],[-6.8145246377041042,34.063454384713317],[-6.8145193152157564,34.063446472875754],[-6.8145127998531692,34.063439510397295],[-6.8145052581605956,34.063433675251275],[-6.8144968829171093,34.063429116594413],[-6.8144878882088253,34.06342595095407],[-6.8144785039564821,34.063424259249643],[-6.8144319799896849,34.063412332734877],[-6.814387617662919,34.063393928789516],[-6.8143463137495601,34.063369419444726],[-6.8143089031979187,34.063339300150794],[-6.8142618985825578,34.063300205557276],[-6.8142108353437854,34.063266584629957],[-6.8141563478196421,34.063238855028075],[-6.814099112886689,34.063217361225306],[-6.8140398415514385,34.063202370230499],[-6.8140321060488658,34.063203466230405],[-6.8140242954680632,34.063203281721954],[-6.8140166203466039,34.063201821678653],[-6.8140092875706966,34.063199125456606],[-6.8140024947984772,34.063195265733633],[-6.8139964251320499,34.063190346550236],[-6.8139912421818902,34.063184500505123],[-6.8139870856566542,34.063177885180956],[-6.8139840675972723,34.063170678896654],[-6.8139822693568366,34.063163075900725],[-6.8139817394076916,34.063155281135188],[-6.8139824920348468,34.063147504711317],[-6.8139845069509128,34.063139956245969],[-6.8139877298429568,34.063132839211285],[-6.8139920738365358,34.063126345450002],[-6.8139974218374286,34.063120650004251],[-6.8140036296879654,34.063115906397229],[-6.8142275373422247,34.062973420340128],[-6.8142242717839885,34.06296617996351],[-6.8142199245232193,34.062959532539352],[-6.8142146004169764,34.062953638405247],[-6.8142084278840835,34.062948639729235],[-6.814201555807637,34.062944657080692],[-6.8141941499439032,34.062941786522117],[-6.8141863889242389,34.062940097292142],[-6.8141759010103042,34.062938768682017],[-6.8141657757704026,34.062935728770753],[-6.8141562904384063,34.062931060792558],[-6.8141477047272012,34.062924892558883],[-6.8141402537176337,34.062917392958894],[-6.814134141421877,34.062908767335195],[-6.8141295351974902,34.06289925186146],[-6.8141265611650796,34.062889107075861],[-6.8141253007550633,34.062878610747447],[-6.8141257884780648,34.062868050270666],[-6.8141280109799984,34.06285771479638],[-6.8141319074077069,34.062847887314774],[-6.8141373710751498,34.062838836906963],[-6.8141442523845246,34.062830811377395],[-6.8141523629223144,34.062824030468875],[-6.814161480618151,34.062818679845904],[-6.814171355825196,34.06281490601107],[-6.8141817181555995,34.062812812293757],[-6.8141922838838394,34.062812456020943],[-6.81418031181156,34.062771570856846],[-6.8141750069910341,34.062729300464881],[-6.8141765049595904,34.062686724846884],[-6.8141847674443685,34.062644931803163],[-6.8141995833401872,34.062604989139395],[-6.8142205741032491,34.062567917384328],[-6.8142472034228723,34.062534663715439],[-6.8142787909241473,34.062506077758734],[-6.8143145295514058,34.062482889880876],[-6.8143158244144706,34.062454433010998],[-6.8143126595423889,34.062426123053413],[-6.8143051125907661,34.062398654641832],[-6.8142933687370935,34.06237270176117],[-6.8142777161371058,34.062348901210186],[-6.8142585388543777,34.0623278369765],[-6.8142363074366648,34.062310025907465],[-6.8142057152315489,34.062285012491031],[-6.8141787022172604,34.062256170662479],[-6.814155743545995,34.062224007742387],[-6.8141372430550646,34.062189089468504],[-6.8141235261634989,34.062152030044587],[-6.814122251434573,34.062121240743998],[-6.8141261697737772,34.06209067519832],[-6.8141351696972112,34.062061203053119],[-6.814148995140628,34.062033662844719],[-6.8141672527449275,34.062008838142305],[-6.8141894230479441,34.061987435253975],[-6.814214875264093,34.061970063130971],[-6.8142428852313701,34.061957216041897],[-6.814272656015083,34.061949259509881],[-6.8143033405820983,34.061946419912786],[-6.8143340659004794,34.061948778042321],[-6.8143639577788404,34.061956266805417],[-6.8144736819353691,34.062040622327977],[-6.8145813713058052,34.062127560491106],[-6.8146543268189852,34.062204535813983],[-6.814723150091841,34.062285226980471],[-6.8147767013409881,34.062355180236068],[-6.8148339186416651,34.062422168106295],[-6.8148946380838265,34.062485998691422],[-6.8149054137739515,34.062511293085379],[-6.8149200497969682,34.062534567721656],[-6.8149381786347263,34.06255523816202],[-6.8149593450626824,34.06257278536097],[-6.8149830175808201,34.062586768699212],[-6.8150086017598976,34.062596837047849],[-6.8150354551678722,34.062602737585415],[-6.815062903501703,34.062604322146335],[-6.8150902575194507,34.062601550941466],[-6.8151168303475043,34.062594493557206],[-6.8151397537786851,34.062654335166982],[-6.8151559410738018,34.062716338984877],[-6.8151651949396266,34.062779749298905],[-6.8151674025886289,34.062843793254459],[-6.8151625371136433,34.062907690274031],[-6.8151579545865806,34.062919848458073],[-6.8151554244700669,34.062932592849151],[-6.8151550150451898,34.062945579510185],[-6.8151567373612334,34.062958457965877],[-6.8151605449374868,34.062970880661098],[-6.8151663350176355,34.06298251234049],[-6.8151739513428797,34.062993039096085],[-6.8151831883689438,34.063002176838857],[-6.8151937968131611,34.063009678965543],[-6.8152054903819552,34.063015343013781],[-6.8152179534971351,34.06301901612602],[-6.8152308498125054,34.063020599174791],[-6.8152438312909576,34.063020049437817],[-6.8152565475970563,34.063017381751045],[-6.8152686555516642,34.063012668108215],[-6.8152672606512423,34.063025966558634],[-6.815268137807176,34.063039309164388],[-6.815271261684237,34.063052310545963],[-6.8152765420543089,34.063064595179561],[-6.8152838264024735,34.063075808243489],[-6.8152929043321597,34.063085625866591],[-6.8153035136421067,34.063093764482765],[-6.8153153478996193,34.063099989021296],[-6.8153280652913804,34.06310411969649],[-6.8153412984961754,34.063106037200505],[-6.8153546652943655,34.063105686149342],[-6.8153677796076853,34.063103076682559],[-6.8153802626504856,34.063098284170351],[-6.8153938607809286,34.063125302389921],[-6.8154118229189748,34.063149638678411],[-6.8154336339463235,34.063170595119573],[-6.8154586683662002,34.06318757072448],[-6.8154862082413601,34.063200078666618],[-6.8155154637830977,34.063207760243152],[-6.8155289504081802,34.063190514113316],[-6.8155450912874231,34.063175722559386],[-6.8155634462925621,34.06316378891632],[-6.8155835149207178,34.063155038589798],[-6.8156047499420707,34.06314971018304],[-6.8156265723216789,34.063147948990647],[-6.8156483870085598,34.063149803036673],[-6.8156695991614988,34.063155221765129],[-6.8156896303691266,34.063164057418554],[-6.8157079344220035,34.063176069067012],[-6.8157240122066121,34.063190929177793],[-6.8157331768827127,34.063184505638695],[-6.8157433123481646,34.063179759536858],[-6.815754114649585,34.063176833203556],[-6.8157652598357865,34.063175814396857],[-6.8157764136727828,34.063176733669849],[-6.815787241667155,34.063179563454376],[-6.8157974190972084,34.06318421888777],[-6.8158066407510809,34.063190560357818],[-6.8158146300797675,34.063198397689618],[-6.8158211474905741,34.063207495848715],[-6.8158259975322828,34.063217581989605],[-6.8158290347565584,34.063228353638095],[-6.8158309063441465,34.063236358093384],[-6.8158340835122253,34.063243939633303],[-6.815838477708116,34.063250886948396],[-6.8158439664586599,34.063257006406054],[-6.8158503967837349,34.063262127447352],[-6.8158575894600553,34.063266107340809],[-6.8158653440164052,34.063268835160514],[-6.8158734443210864,34.063270234877855],[-6.8158816646058513,34.06327026748049],[-6.8158897757584187,34.063268932059742],[-6.8158975517081926,34.063266265835878],[-6.8159047757272075,34.063262343120769],[-6.8159112464706775,34.063257273246663],[-6.8159167835887908,34.063251197518923],[-6.8159212327533467,34.063244285277662],[-6.815924469959123,34.063236729177916],[-6.8159264049800949,34.063228739820097],[-6.8159269838841823,34.063220539880177],[-6.815926190536417,34.06321235790341],[-6.8159338194737176,34.063215607373195],[-6.8159418861399859,34.063217527954748],[-6.8159501608818305,34.063218064970222],[-6.8159584081220661,34.063217203131074],[-6.8159663930664625,34.063214966973391],[-6.8159738883882035,34.063211420159305],[-6.8159806806997514,34.06320666366458],[-6.815986576627866,34.063200832903924],[-6.8159914083188342,34.063194093875758],[-6.8159950382171681,34.063186638436385],[-6.8159973629817303,34.0631786788379],[-6.8159983164277982,34.063170441685557],[-6.8159978714113052,34.063162161486375],[-6.8159960406016191,34.063154073972903],[-6.8159851954790112,34.063152173792545],[-6.8159748173516386,34.06314849658682],[-6.8159651952265063,34.06314314475744],[-6.8159565970576939,34.063136267340568],[-6.81594926228445,34.06312805585646],[-6.8159433951633588,34.063118738976094],[-6.8159391590802647,34.063108576153169],[-6.8159366720003502,34.063097850398961],[-6.8159360031830758,34.063086860401093],[-6.8159371712534682,34.063075912205747],[-6.8159401436834486,34.063065310695016],[-6.8159448376976712,34.063055351096622],[-6.8159511225786238,34.063046310762488],[-6.8159588233068105,34.063038441445165],[-6.8159677254346427,34.063031962287056],[-6.815977581058311,34.063027053717832],[-6.8159881157213391,34.063023852429865],[-6.8160080965914238,34.063016265155269],[-6.8160264598961309,34.063005329390762],[-6.8160426497175717,34.062991376198056],[-6.8160561759363762,34.062974827986373],[-6.8160666290692271,34.062956185724737],[-6.8160736926652632,34.062936013775996],[-6.816081094841671,34.062889260237149],[-6.8160840288558786,34.062842015373178],[-6.8160824682497685,34.062794705225016],[-6.8160764270964478,34.062747756422297],[-6.8160855504137041,34.062740903313284],[-6.8160957079965723,34.062735704897072],[-6.8161066027854496,34.062732313201892],[-6.8161179161610654,34.062730827418243],[-6.8161293172625328,34.062731290998016],[-6.8161404726634132,34.06273369038378],[-6.8161510561228109,34.06273795540524],[-6.8161607581263173,34.062743961331385],[-6.8161692949377972,34.062751532518256],[-6.8161948594921844,34.062774474134834],[-6.8162239159631604,34.062792793133347],[-6.8162556378186805,34.062805968416825],[-6.8162891227079347,34.062813625204917],[-6.8163234181293602,34.062815545694825],[-6.8163575485252279,34.062811675256853],[-6.8163905430320808,34.062802123988362],[-6.8163939782120977,34.062787253475484],[-6.8163948163089252,34.062772014374183],[-6.8163930325656565,34.062756856838931],[-6.8163886796730635,34.062742228614809],[-6.816381886213148,34.062728561811333],[-6.8163728528608969,34.062716260138195],[-6.8163618464564575,34.062705686979903],[-6.8163491921228312,34.062697154661613],[-6.8163352636619212,34.062690915223207],[-6.8163204725126318,34.062687152974199],[-6.816305255597201,34.062685979049299],[-6.8162900624147555,34.062687428125592],[-6.816276942763678,34.062689725327999],[-6.8162636235861296,34.062689768833465],[-6.8162504892081017,34.062687557386617],[-6.8162379186231812,34.062683154798968],[-6.816226274556656,34.06267668810753],[-6.8162158929990495,34.062668343909252],[-6.816207073511082,34.062658362976663],[-6.8162000705798222,34.062647033310427],[-6.8161950862754432,34.06263468182901],[-6.8161922644204678,34.062621664935456],[-6.81619168643976,34.062608358233319],[-6.8161933690110015,34.062595145688626],[-6.8161972635834571,34.062582408550462],[-6.8162032577789109,34.062570514350014],[-6.8162111786343464,34.062559806295454],[-6.8162207975928109,34.062550593368591],[-6.8162318370984485,34.062543141409215],[-6.8162439786053906,34.062537665444232],[-6.816256871769431,34.062534323483078],[-6.8162701445572331,34.062533211958325],[-6.8162620094241086,34.062526708633285],[-6.8162550734878691,34.062518939050541],[-6.8162495312245692,34.06251012106069],[-6.8162455380332032,34.062500501910506],[-6.816243205878485,34.06249035131043],[-6.8162426001514778,34.06247995387217],[-6.8162437378361052,34.062469601128512],[-6.8162465870329338,34.062459583359058],[-6.8162510678536066,34.062450181451077],[-6.8162570546608166,34.062441659023783],[-6.8162704020512592,34.062429341679511],[-6.8162856272700632,34.06241943902765],[-6.8163022984436568,34.062412231963584],[-6.8163199426829895,34.062407924920528],[-6.8163380594973422,34.062406640070655],[-6.8163561349910911,34.0624084138596],[-6.8163736564406978,34.062413195972645],[-6.8163901268384581,34.062420850761939],[-6.8164277049840036,34.062438446605931],[-6.8164674425366618,34.062450390544029],[-6.8165084946048928,34.062456428626703],[-6.8165499883482008,34.062456432473518],[-6.8165910415352862,34.062450402002668],[-6.8166307813018632,34.062438465432777],[-6.8166683627093203,34.062420876556686],[-6.8167029867096263,34.062398009345415],[-6.8167455008048732,34.062385880845738],[-6.8167857211870864,34.062367526836532],[-6.8168227420593173,34.062343360665587],[-6.8168557296802827,34.062313926575449],[-6.8168839411409241,34.062279887446678],[-6.8169067410953383,34.062242009869166],[-6.8169236160693147,34.062201146877939],[-6.8169341860241977,34.062158218742027],[-6.8169382129156846,34.062114192239278],[-6.8169356060547814,34.062070058883691],[-6.8169264241501937,34.062026812595676],[-6.8169108739861626,34.061985427318128],[-6.8169177562713079,34.061985580796872],[-6.8169245735533144,34.061984624726485],[-6.8169311481224835,34.061982584029352],[-6.8169373085960396,34.061979511901406],[-6.8169428943856571,34.061975488425432],[-6.8169477598836012,34.061970618483514],[-6.8169517782583604,34.061965029023],[-6.8169548447608337,34.061958865747314],[-6.8169568794548772,34.061952289317837],[-6.8169578293010442,34.061945471165828],[-6.8169576695391916,34.061938589023669],[-6.8169564043339141,34.061931822291804],[-6.8169552987158513,34.061918926010875],[-6.8169563957268373,34.06190602899494],[-6.8169596635992686,34.061893504719997],[-6.8169650077010298,34.061881715868083],[-6.8169722732758791,34.061871003824621],[-6.8169812499249298,34.061861678792454],[-6.8169916776994501,34.061854010808908],[-6.8170032546285428,34.061848221925949],[-6.8170156454637203,34.061844479779943],[-6.8170284913871342,34.061842892737182],[-6.8170414204023437,34.06184350675575],[-6.8170540581067085,34.061846304054711],[-6.817066038533464,34.061851203628962],[-6.8170770147495032,34.061858063595039],[-6.8170645172460569,34.061823717518649],[-6.8170471826072996,34.061791540650326],[-6.8170253755184271,34.061762209925291],[-6.8169995547558013,34.061736342401765],[-6.8169702635352341,34.061714482279314],[-6.8169828038877363,34.06171958223328],[-6.8169960230362108,34.06172250183684],[-6.8170095448481929,34.061723158016733],[-6.8170229845793484,34.06172153210229],[-6.8170359598208403,34.061717670356629],[-6.8170481013802382,34.061711682660345],[-6.8170590637863722,34.06170373938501],[-6.8170685351192413,34.061694066545456],[-6.8170763999247264,34.061686089120968],[-6.8170855244599808,34.061679590096183],[-6.8170956344253977,34.061674764843232],[-6.8171064258976068,34.061671758417724],[-6.8171175744659394,34.0616706611981],[-6.8171287449847924,34.061671506168715],[-6.8171396016486874,34.061674267928275],[-6.8171498180871808,34.061678863453409],[-6.8171590871761341,34.061685154594542],[-6.817167130270402,34.061692952228888],[-6.8171706409036057,34.061698622191159],[-6.8171750720566084,34.061703605954875],[-6.8171802923855589,34.061707755796235],[-6.8171861471546347,34.061710948709752],[-6.8171924628225664,34.061713090054255],[-6.8171990521865764,34.061714116358111],[-6.8172057199312608,34.061713997200648],[-6.8172122684179319,34.061712736113819],[-6.8172185035428292,34.061710370477499],[-6.8172242404905541,34.061706970411549],[-6.8172293092121805,34.061702636697355],[-6.817233559465679,34.061697497790576],[-6.8172368652692441,34.061691706013605],[-6.8172391286355181,34.061685433040566],[-6.817240282476039,34.061678864808705],[-6.8172402925898083,34.061672196007059],[-6.8172391586770429,34.06166562430564],[-6.8172369143480624,34.06165934449632],[-6.8172336261270461,34.061653542718986],[-6.8172293914801854,34.061648390944185],[-6.8172243359266913,34.061644041875716],[-6.8172134307103427,34.061638441493777],[-6.8172036009297932,34.06163111596063],[-6.817195116890157,34.061622266718118],[-6.817188211890568,34.06161213710795],[-6.8171830758087868,34.061601005680124],[-6.8171798498798237,34.061589178533218],[-6.8171786228121798,34.061576980897115],[-6.8171794283484868,34.061564748189618],[-6.8171822443376282,34.06155281679294],[-6.8171841200406549,34.061543301029495],[-6.8171844483999511,34.061533607722737],[-6.8171832209478946,34.061523986840385],[-6.8171804693376075,34.061514686482511],[-6.8171762645266858,34.061505946483599],[-6.8171707149473759,34.061497992227807],[-6.8171639637103567,34.061491028836784],[-6.8171561849142508,34.06148523588012],[-6.8171475791560274,34.061480762744623],[-6.8171383683580764,34.061477724782002],[-6.8171287900453486,34.061476200334212],[-6.8171206203970138,34.06147501309303],[-6.8171127693255196,34.061472460962165],[-6.817105463128045,34.061468617503564],[-6.81709891239647,34.061463593500044],[-6.8170933059473251,34.061457533762137],[-6.8170888053793979,34.061450612954097],[-6.8170855404158512,34.061443030559452],[-6.8170836051651218,34.061435005131102],[-6.8170830554083555,34.061426767991854],[-6.8170839069915949,34.061418556566792],[-6.817086135369034,34.061410607539841],[-6.8170896763105171,34.061403150031609],[-6.8170944277528962,34.061396398995335],[-6.8171002527418709,34.061390549021056],[-6.8171069833795181,34.061385768726886],[-6.8171144256637435,34.061382195898723],[-6.8171223650801407,34.061379933518822],[-6.8171305727850982,34.061379046797413],[-6.8171388122019296,34.061379561293109],[-6.81714626161392,34.061379516509682],[-6.8171535932744556,34.061378196472425],[-6.8171605905014632,34.061375640194122],[-6.8171670464968148,34.061371923223774],[-6.8171727704581073,34.061367155413826],[-6.8171775932176883,34.06136147767355],[-6.8171813722422874,34.061355057804576],[-6.8171839958454887,34.061348085541617],[-6.8171853864885446,34.061340766945001],[-6.8171855030719763,34.061333318310702],[-6.8171843421502434,34.061325959777882],[-6.8171438760613299,34.061221688560053],[-6.8170982773078137,34.061119557541765],[-6.8170476586098214,34.061019819190903],[-6.8169921450967825,34.060922720060681],[-6.8170336263378877,34.060908070929969],[-6.8170727866297263,34.060888026929938],[-6.8170971054307579,34.06087602143333],[-6.8171229168881489,34.060867696488906],[-6.8171496674430117,34.060863230635469],[-6.8171767833963415,34.060862719648824],[-6.8172038994128137,34.060862208055859],[-6.8172306499563344,34.060857741681708],[-6.8172564613539413,34.060849416309026],[-6.8172807800729247,34.060837410477788],[-6.8172883674988931,34.060831955917159],[-6.817296784116218,34.060827896136715],[-6.8173057761413389,34.060825353549703],[-6.8173150724406089,34.060824404821943],[-6.8173243927056992,34.060825078560107],[-6.8173334559056489,34.060827354449202],[-6.8173419887606981,34.06083116386506],[-6.8173497339824083,34.060836391943596],[-6.8173564580315933,34.060842881044223],[-6.8173619581601583,34.060850435503191],[-6.8173660685244917,34.060858827533309],[-6.8173686651860965,34.060867804092396],[-6.8173696698486683,34.060877094513138],[-6.8173690522189396,34.060886418664467],[-6.8173668309201023,34.060895495398235],[-6.8173630729302648,34.060904051026611],[-6.8173516352542869,34.060920232331561],[-6.8173430971353106,34.0609381140425],[-6.8173377042612264,34.060957181605815],[-6.8173356118142081,34.060976886344513],[-6.817336880005282,34.06099666124662],[-6.8173414723417274,34.061015937281162],[-6.8173492566771685,34.061034159772305],[-6.8173600090141449,34.061050804360349],[-6.8173734199497256,34.06106539209042],[-6.8173891035787078,34.061077503194568],[-6.8173901029602808,34.061068679949166],[-6.8173925615298847,34.061060147431455],[-6.8173964102605948,34.061052145200833],[-6.8174015410952533,34.061044897928333],[-6.8174078099802875,34.06103860908874],[-6.8174150409101664,34.061033455247831],[-6.8174230308689365,34.06102958110511],[-6.8174315555301135,34.0610270954312],[-6.8174403755548809,34.061026068014002],[-6.8174492433117777,34.061026527699333],[-6.8174579098292147,34.061028461581053],[-6.8174734821486291,34.061031587097212],[-6.817489356855603,34.061032096667319],[-6.8175050975657614,34.061029976283642],[-6.8175202715782035,34.061025284234027],[-6.8175344617701485,34.061018149499574],[-6.8175472780633344,34.061008768209035],[-6.8175583681470018,34.060997398247402],[-6.8175674271626558,34.06098435216682],[-6.8175742060844158,34.060969988594735],[-6.8175785185645541,34.060954702375511],[-6.8175804189392455,34.060946390817634],[-6.8175836641718659,34.060938506536843],[-6.8175881653694343,34.060931265498333],[-6.8175937992357376,34.060924866047671],[-6.817600411448649,34.060919483477768],[-6.8176078208873001,34.06091526522728],[-6.8176158245933207,34.060912326841965],[-6.8176242033302463,34.060910748809697],[-6.8176297932263017,34.060909780975145],[-6.8176354662830736,34.060909789251518],[-6.8176410533314105,34.06091077339201],[-6.81764638776691,34.060912704049812],[-6.8176513105180252,34.060915523653165],[-6.8176556747895329,34.06091914812221],[-6.8176593504399348,34.060923469376164],[-6.8176622278622441,34.060928358556311],[-6.8176642212524383,34.060933669868497],[-6.8176652711681127,34.060939244930715],[-6.817666189364548,34.060945479759866],[-6.8176681532234324,34.060951468034865],[-6.8176711056727184,34.060957035729395],[-6.8176749609107548,34.060962021039707],[-6.8176796068997874,34.060966279086806],[-6.8176849086219056,34.060969686126839],[-6.8176907120028254,34.060972143147211],[-6.8176968483894678,34.060973578744012],[-6.8177031394512131,34.06097395119712],[-6.8177094023624036,34.060973249682597],[-6.8177154551154686,34.060971494587292],[-6.8177211218102798,34.06096873691633],[-6.8177262377660179,34.060965056810886],[-6.8177306543069864,34.060960561219147],[-6.817734243083307,34.060955380788307],[-6.8177368998009165,34.060949666067778],[-6.8177385472524739,34.060943583134062],[-6.8177391375610981,34.06093730876438],[-6.8177386535717259,34.06093102529929],[-6.8177371093496575,34.060924915343698],[-6.817734549771802,34.060919156460088],[-6.817725951079753,34.060908957482944],[-6.8177192470195465,34.06089742439071],[-6.8177146398730644,34.060884905171839],[-6.817712268651924,34.06087177756924],[-6.8177122049030761,34.06085843768259],[-6.8177144505500173,34.060845288016829],[-6.8177189378347522,34.060832725337356],[-6.8177255313622567,34.060821128698414],[-6.8177340321857578,34.06081084800585],[-6.8177441838095634,34.060802193459423],[-6.8177556799283181,34.06079542619311],[-6.8177681736691644,34.060790750395917],[-6.8178273388040829,34.060766609644951],[-6.8178943909031764,34.060773432434118],[-6.81795185174047,34.060764772340882],[-6.818005577898739,34.060745723573561],[-6.8180528954296271,34.060717239879807],[-6.8180914522071268,34.060680738532888],[-6.8181677775225866,34.06055296408406],[-6.8182275005151531,34.060473018899586],[-6.8182977220022218,34.06039922103632],[-6.8184687164741637,34.060256723171747],[-6.818549492656043,34.06017315767776],[-6.8186189274403963,34.060082805000192],[-6.8186762016688176,34.059986727795867],[-6.8187206403510823,34.059886057433452],[-6.8187796322402345,34.059692560079498],[-6.818821179868003,34.059606895026718],[-6.8188756700138757,34.059526417084506],[-6.8189421926815639,34.059452467676927],[-6.8190196303052621,34.059386284156503],[-6.819110359436614,34.059327152389493],[-6.819201909262131,34.059281515688639],[-6.8193036974997074,34.059244680597232],[-6.8194731258595249,34.059201787577884],[-6.8195302567118636,34.059174070606488],[-6.8195792832538817,34.059137129169336],[-6.8196180882816764,34.059092561891454],[-6.8196450062336549,34.05904228515012],[-6.8196588698258696,34.058988469414544],[-6.8196590862542106,34.058933428354763],[-6.8196231899836635,34.058799815030817],[-6.8196159518603379,34.058718150735501],[-6.8196241081258639,34.058636552031949],[-6.8196474593479373,34.058557007067193],[-6.8196854371319908,34.058481470282544],[-6.8197371050546556,34.058411786648406],[-6.8198012016485965,34.058349669534117],[-6.8205263640990621,34.057738420780055],[-6.8205372586061808,34.057702099306432],[-6.8205534813586368,34.057667824504698],[-6.8205746648013239,34.057636372931015],[-6.8205836199395602,34.057640896034869],[-6.8205932087393855,34.057643846947805],[-6.8206031574720996,34.057645141430974],[-6.8206131821340987,34.057644742531139],[-6.8206229965542509,34.057642661635576],[-6.8206323205631367,34.05763895814701],[-6.8206408879909652,34.057633737787853],[-6.8206484542658465,34.057627149582203],[-6.8207070949037973,34.057561426860126],[-6.8207673252771359,34.057497157872703],[-6.8207812073823764,34.057480252672583],[-6.8207977524262979,34.057465943229587],[-6.8208164822368396,34.057454643104187],[-6.8208368554995014,34.057446678883849],[-6.8208582834020062,34.057442280744318],[-6.8209065616632998,34.057432797356988],[-6.820953556277809,34.057418229194582],[-6.8209987333236404,34.057398741770974],[-6.8210400750183515,34.057381671718886],[-6.8210832389524922,34.057369950064178],[-6.8211275362820301,34.057363763870221],[-6.8211722600753149,34.057363211861187],[-6.8212166965948535,34.057368302846456],[-6.8212183432348885,34.057374570204452],[-6.8212210007850329,34.057380480249023],[-6.8212245964883289,34.057385871178205],[-6.8212290319035773,34.057390595402083],[-6.8212341856004022,34.057394523583426],[-6.8212399164837052,34.057397548178642],[-6.821246067656495,34.057399586382004],[-6.8212524707153213,34.05740058239271],[-6.8212589503607362,34.0574005089425],[-6.8212653291965477,34.057399368042276],[-6.8212714325864727,34.057397190926963],[-6.8212770934352358,34.057394037200453],[-6.8212821567632096,34.057389993203728],[-6.8212864839493674,34.057385169651141],[-6.8212899565263703,34.05737969859927],[-6.8212924794239012,34.057373729831582],[-6.8212939835714481,34.057367426757743],[-6.8213075089105271,34.057362943820941],[-6.8213201506007497,34.057356369690737],[-6.8213315877346785,34.057347871250457],[-6.821341529982357,34.05733766423176],[-6.8213497249612995,34.057326007738304],[-6.8213559646431747,34.057313197668449],[-6.8213600906345828,34.057299559203926],[-6.8213466975750014,34.057292423906247],[-6.8213323448591838,34.057287495816702],[-6.8213173935203768,34.057284898898182],[-6.8213022196498017,34.05728469847449],[-6.8212872049363185,34.057286899587147],[-6.8212727270652973,34.057291446868597],[-6.8212591502181814,34.057298225934929],[-6.8212468159117456,34.057307066263121],[-6.821236034407459,34.057317745480475],[-6.8212205560497488,34.057277834780955],[-6.8212078251169972,34.057236964659296],[-6.8212047782544696,34.057215233083234],[-6.8212052836316337,34.057193294775111],[-6.8212093279607231,34.057171726553769],[-6.8212168049051334,34.057151095507464],[-6.8212275178752959,34.057131944083501],[-6.8212411851975725,34.057114775825838],[-6.8212574475202263,34.057100042135481],[-6.8212758772617796,34.057088130401951],[-6.8212959898533105,34.057079353817684],[-6.8212954548965614,34.057069097639562],[-6.821296667260615,34.057058899328837],[-6.8212995918134318,34.05704905441344],[-6.8213041438069499,34.05703984818058],[-6.8213101913329224,34.057031547409657],[-6.8213175591453723,34.057024392641452],[-6.8213260337388961,34.057018591207758],[-6.8213353695356451,34.057014311223242],[-6.8213452960017147,34.057011676713856],[-6.8213639881831645,34.057006414340975],[-6.8213815116842396,34.056998046717318],[-6.8213973549412996,34.056986818118943],[-6.8214110554420744,34.056973056342379],[-6.8214222132277875,34.05695716313523],[-6.8214305025691546,34.056939602467949],[-6.8214356814753971,34.056920886989168],[-6.8214375987586839,34.056901563059952],[-6.8214383680647437,34.056884000321617],[-6.8214418081299346,34.056866760612778],[-6.8214478383929649,34.056850247662183],[-6.8214563176338956,34.05683484817898],[-6.8214670472813079,34.056820922796547],[-6.8214797760625583,34.056808797626964],[-6.821485450473606,34.056803500467865],[-6.821490178126421,34.056797343509679],[-6.8214938306983166,34.056790493870729],[-6.8214963090475305,34.056783137470767],[-6.8214975459042275,34.056775473984565],[-6.821497507696404,34.05676771142214],[-6.8214961954611368,34.056760060482731],[-6.8214936448164272,34.056752728835797],[-6.8214899249944283,34.056745915484235],[-6.8214851369622718,34.056739805362852],[-6.82147941068152,34.056734564318681],[-6.8214668345584215,34.056723099917235],[-6.8214563304318867,34.056709711313928],[-6.8214481883246503,34.056694768172946],[-6.8214426330432394,34.056678683079809],[-6.8214398179709823,34.05666190014977],[-6.8214398208330431,34.056644882765582],[-6.8214426415503997,34.056628100783392],[-6.8214482022420242,34.056612017559786],[-6.8214563493752092,34.056597077158401],[-6.8214668580046629,34.05658369208912],[-6.8214743455981717,34.056586777552916],[-6.8214822388040917,34.056588589028472],[-6.8214903224844745,34.05658907714205],[-6.8214983763097825,34.056588228589575],[-6.821506180764211,34.056586066499278],[-6.8215135231288313,34.056582649801285],[-6.8215202032794764,34.056578071621438],[-6.8215260391413448,34.056572456743019],[-6.821530871651647,34.056565958205674],[-6.8215345690950375,34.056558753134148],[-6.8215370306936594,34.056551037910516],[-6.8215381893539515,34.056543022821643],[-6.8215380134953643,34.056534926327515],[-6.8215365079111141,34.056526969106926],[-6.821536509181608,34.056517845446521],[-6.8215380128468333,34.056508846548155],[-6.8215409778518286,34.05650021811109],[-6.8215453232422956,34.056492195719763],[-6.8215509303749151,34.056484998411612],[-6.8215576461566947,34.056478822696597],[-6.8215652872249057,34.056473837191866],[-6.8215736449534869,34.056470178017939],[-6.8215824911492113,34.056467945082197],[-6.8215915842821104,34.056467199351054],[-6.8216006760800223,34.056467961185405],[-6.8216095183072367,34.056470209784685],[-6.8216168377607103,34.056472104420578],[-6.8216243731562543,34.056472722367438],[-6.8216319034880399,34.056472045501479],[-6.8216392078987536,34.056470093674527],[-6.821646072157125,34.056466924131762],[-6.8216522949411287,34.056462629832801],[-6.8216576937425542,34.056457336725259],[-6.821662110219803,34.05645120005083],[-6.8216654148418892,34.056444399792213],[-6.8216675106874565,34.056437135394397],[-6.8216683362873924,34.0564296199151],[-6.821667867427653,34.056422073776027],[-6.8216661178594382,34.056414718298107],[-6.8216631388958842,34.056407769210367],[-6.8216590179070966,34.056401430322786],[-6.821653875757673,34.056395887548788],[-6.8216478632618589,34.056391303452536],[-6.8216411567603137,34.056387812481134],[-6.8216339529482122,34.056385517021369],[-6.8216264631063632,34.056384484396844],[-6.8216189069045496,34.05638474489345],[-6.8216115059588285,34.056386290871053],[-6.8216033879878131,34.056366892310905],[-6.8215986601079113,34.05634640200244],[-6.8215974579379823,34.056325407708528],[-6.8215998159621769,34.056304511648825],[-6.8216056665407576,34.056284313225134],[-6.8216148418503435,34.056265391827637],[-6.821627078697909,34.056248290215109],[-6.8216420260704558,34.05623349894595],[-6.82165925520379,34.056221442306544],[-6.821678271881594,34.056212466140622],[-6.8216985306119771,34.056206827928797],[-6.8217194502748697,34.056204689402726],[-6.8217404307914062,34.056206111905851],[-6.8217608703371395,34.056211054633799],[-6.821780182605325,34.056219375804801],[-6.8217994523402004,34.056229230470592],[-6.8218200900331682,34.056235751417539],[-6.8218415236111793,34.056238757886177],[-6.8218631589393972,34.05623816653776],[-6.8218843962905078,34.056233993764359],[-6.8219046469690472,34.056226355234479],[-6.8219270384306885,34.05621302132743],[-6.8219511921568055,34.056203235207356],[-6.8219765500708984,34.05619722298443],[-6.8220025262734696,34.056195123572238],[-6.8220285205793481,34.056196985478103],[-6.8220359427816692,34.056187422160527],[-6.8220417154750432,34.056176781571182],[-6.8220456857649587,34.056165345534794],[-6.8220477484950388,34.056153416944142],[-6.8220478490321881,34.056141311737711],[-6.822045984713597,34.056129350531819],[-6.8220422049172713,34.056117850128778],[-6.8220366097542096,34.056107115126181],[-6.8220293474168869,34.056097429849373],[-6.8220206102542518,34.056089050820823],[-6.8220106296772087,34.056082199965964],[-6.8219996700295127,34.056077058735305],[-6.8219798398169527,34.056068828545001],[-6.8219616210857863,34.056057468474705],[-6.8219455036368064,34.056043283933789],[-6.8219319207789662,34.05602665626602],[-6.8219212376800975,34.056008032497303],[-6.821933214040885,34.056000319418679],[-6.8219463067065647,34.055994706317485],[-6.8219601507504981,34.055991349645453],[-6.8219743603031837,34.055990342961756],[-6.8219885393074389,34.05599171432528],[-6.8220022925575456,34.05599542551257],[-6.8220152367146607,34.056001373083184],[-6.822021590235364,34.0560050271027],[-6.8220284353126841,34.056007647026448],[-6.8220356048966222,34.056009168916766],[-6.82204292401779,34.056009555632819],[-6.8220502140574313,34.056008797737057],[-6.8220572971065092,34.056006913725447],[-6.8220640003074662,34.05600394957618],[-6.8220701600727107,34.055999977627522],[-6.822075626076872,34.055995094812509],[-6.8220194122248596,34.055963725430907],[-6.821966955472452,34.055926411567711],[-6.8219596995335623,34.0559186173451],[-6.821953786618983,34.055909760935187],[-6.8219493696090217,34.055900071323315],[-6.821946562706894,34.055889799037502],[-6.8219454384859572,34.055879209671012],[-6.8219460260133058,34.055868577015332],[-6.8219483100982306,34.055858175981179],[-6.8219522316849801,34.055848275490654],[-6.8219718759679093,34.055838169957397],[-6.8219897091829438,34.055825131702306],[-6.8220052971809828,34.055809478141327],[-6.8220182604726691,34.055791590359945],[-6.8220282834670476,34.055771903835669],[-6.8220539971070329,34.055764552872049],[-6.8220783412433006,34.055753480791083],[-6.8221007807391709,34.055738930981029],[-6.8221208223260703,34.055721223278127],[-6.8221380254466437,34.055700746935926],[-6.8221718745368589,34.055692303450066],[-6.8222065774023086,34.055688730707224],[-6.8222414367920639,34.055690100491056],[-6.8222757523103024,34.055696385279823],[-6.8222903706882736,34.055689261143186],[-6.8223035793845304,34.055679775330596],[-6.822315000558568,34.055668199187849],[-6.8223243075027318,34.055654863855544],[-6.8223312339878337,34.05564015079667],[-6.822335581878753,34.055624480884674],[-6.822337226802178,34.05560830236422],[-6.8223361217043577,34.055592078028909],[-6.8223322981970957,34.055576271982929],[-6.8223258656534824,34.055561336365102],[-6.8223170080792279,34.055547698415268],[-6.8223247457652585,34.055547820964769],[-6.8223323897416179,34.055546614138805],[-6.8223397133162953,34.05554411372735],[-6.8223464992992069,34.055540393883348],[-6.8223525464432511,34.055535564923588],[-6.8223576754125439,34.055529770057106],[-6.8223617341008662,34.055523181138184],[-6.8223646021425628,34.055515993569728],[-6.8223661944821465,34.055508420508382],[-6.822366463896727,34.055500686543084],[-6.8223654023964659,34.055493021034572],[-6.8223630414615259,34.055485651313433],[-6.8223683255582674,34.055490720301506],[-6.8223744050010824,34.055494801562766],[-6.8223810974418289,34.055497772682976],[-6.8223882021459694,34.055499544545697],[-6.8223955060134491,34.055500064005294],[-6.8224027899704636,34.055499315480979],[-6.822409835540407,34.055497321424156],[-6.8224164313969071,34.055494141644999],[-6.8224223797023962,34.05548987151851],[-6.8224275020420944,34.055484639123797],[-6.8224316447754196,34.055478601402449],[-6.8224346836443202,34.055471939451216],[-6.8224365275002938,34.055464853090122],[-6.8224371210383206,34.055457554869037],[-6.8224364464556899,34.0554502636924],[-6.822434523985982,34.055443198253371],[-6.8224314112921745,34.055436570474278],[-6.8224272017370895,34.055430579150183],[-6.822458208585739,34.055430888549566],[-6.8224888639458676,34.055426222792768],[-6.8225183747253455,34.055416702588687],[-6.8225459774437622,34.055402574236794],[-6.8225709579846097,34.055384203255052],[-6.8225633046543894,34.055380203662345],[-6.8225564330074127,34.055374973875246],[-6.8225505388078522,34.055368662883502],[-6.8225457899736917,34.055361450478955],[-6.8225423217929597,34.05535354213351],[-6.8225402330695601,34.05534516314551],[-6.8225395833084699,34.055336552221299],[-6.822540391020528,34.055327954674759],[-6.8225426331950816,34.05531961543867],[-6.8225462459555306,34.055311772086888],[-6.8225834415868265,34.055290247338966],[-6.8226179052089035,34.055264574619713],[-6.8226491764643757,34.05523509685959],[-6.8226472352754142,34.055230149273577],[-6.8226461761405508,34.055224941101606],[-6.8226460307783343,34.055219628315925],[-6.8226468035420123,34.055214370021694],[-6.8226484712891695,34.055209323692203],[-6.8226509840747838,34.055204640452892],[-6.8226542666469605,34.055200460555547],[-6.8226582207005473,34.055196909178051],[-6.8226627278211343,34.05519409267562],[-6.8226676530312842,34.055192095395746],[-6.8226728488327826,34.055190977152158],[-6.8226781596238526,34.055190771433573],[-6.8226834263590561,34.055191484400773],[-6.8226884913123218,34.055193094702091],[-6.8226932028004654,34.055195554112871],[-6.8226974197257304,34.055198788979673],[-6.822701015801333,34.055202702426008],[-6.8227038833334452,34.055207177253543],[-6.8227059364463667,34.055212079451955],[-6.8227141393886948,34.055202083002477],[-6.8227206917366745,34.055190934729033],[-6.8227254347470643,34.055178904719995],[-6.822728253511305,34.055166284425503],[-6.8227290797394078,34.055153379596483],[-6.8227278934144051,34.055140502877258],[-6.8227247232773056,34.055127966231147],[-6.8227401384834474,34.055100476786244],[-6.8227520469003693,34.055071296522918],[-6.8227602668211231,34.055040870694015],[-6.8227983306477613,34.055055126422097],[-6.8228346208183517,34.055073432273616],[-6.8228687079050463,34.055095571632286],[-6.822886316067815,34.055086898224822],[-6.8229023956157935,34.055075641070204],[-6.8229165704140851,34.055062063497274],[-6.8229285088839493,34.055046483114403],[-6.8229379317591352,34.055029264379939],[-6.822944618618509,34.055010810076787],[-6.8229388831730233,34.05498269474483],[-6.8229294226325372,34.054955604794678],[-6.8229164085177185,34.054930031370162],[-6.8229216215706305,34.05493287060883],[-6.8229272446132327,34.054934772867696],[-6.822933110724466,34.054935681677847],[-6.8229390457677335,34.054935570061083],[-6.8229448735601785,34.054934441330779],[-6.8229504211027043,34.054932328993488],[-6.8229555237154846,34.054929295754349],[-6.8229600299265165,34.054925431655612],[-6.822963805968091,34.054920851403772],[-6.8229667397477156,34.054915690964449],[-6.8229687441756006,34.05491010352624],[-6.8229697597499328,34.054904254953279],[-6.8229721034041368,34.054892870929791],[-6.8229762711045652,34.054882021092062],[-6.8229821513999047,34.054871995582971],[-6.8229895870411745,34.054863062501497],[-6.8229983791868278,34.054855460733251],[-6.8230082927201146,34.054849393562286],[-6.8230190625364893,34.054845023234954],[-6.8230304006329616,34.05484246662116],[-6.8230420038097748,34.05484179208905],[-6.8230535617784769,34.054843017676738],[-6.8230647654595593,34.054846110609965],[-6.8230753152477579,34.054850988178487],[-6.8230849290240041,34.054857519947923],[-6.8230933496997626,34.054865531247792],[-6.8231003520920082,34.054874807842452],[-6.8231214562579501,34.054867922785846],[-6.8231433101415382,34.054864024376336],[-6.8231654932358605,34.054863187626133],[-6.8231875786994145,34.054865428635772],[-6.8231998974610804,34.054868598146662],[-6.8232125738653631,34.054869650031989],[-6.8232252465554408,34.054868554306445],[-6.8232375542803698,34.054865342205055],[-6.8232491461929978,34.054860105292803],[-6.8232596918512982,34.05485299285445],[-6.8232688906380403,34.054844207638986],[-6.8232764803302572,34.054834000080007],[-6.8232822445742425,34.054822661156798],[-6.8232860190529836,34.0548105140996],[-6.8232876961702233,34.054797905175541],[-6.8232872281176302,34.054785193817821],[-6.8232846282376309,34.054772742379654],[-6.8232799706430711,34.054760905804933],[-6.8232840302825855,34.054763374349712],[-6.8232884533536859,34.054765109523579],[-6.8232931085977224,34.054766059833675],[-6.8232978578660992,34.054766197078678],[-6.8233025602199655,34.054765517185729],[-6.8233070761126999,34.054764040331257],[-6.8233112715310842,34.054761810342271],[-6.8233150219722694,34.054758893395707],[-6.8233182161385058,34.054755376054615],[-6.8233207592400102,34.054751362699285],[-6.8233225758079374,34.054746972429669],[-6.8233236119339828,34.054742335531017],[-6.8233238368701663,34.054737589607498],[-6.8233232439413012,34.054732875498708],[-6.8233218507430919,34.054728333100108],[-6.823319698619958,34.054724097211498],[-6.823281178980138,34.054675913248175],[-6.8232474834607624,34.054624240538281],[-6.8232515820037483,34.054616990303884],[-6.8232568684296879,34.05461055464896],[-6.8232631846269314,34.054605126057446],[-6.8232703416844123,34.054600866893011],[-6.823278125541786,34.054597904542959],[-6.8232863033917566,34.054596327608174],[-6.8232946306431099,34.054596183253182],[-6.8233028582361861,34.054597475795497],[-6.8233107400920039,34.054600166576485],[-6.823318040472234,34.054604175117611],[-6.8233245410298951,34.054609381527463],[-6.8233383860798584,34.054621110719474],[-6.8233539477703387,34.054630443090176],[-6.8233708153124057,34.054637132288804],[-6.8233885434459767,34.054641001737565],[-6.8234066641935485,34.054641949292886],[-6.8234246992136081,34.05463994994173],[-6.823442172427634,34.054635056461855],[-6.8234586225873466,34.054627398028657],[-6.8234736154504931,34.05461717680523],[-6.8234867552437315,34.054604662605804],[-6.8234976951100403,34.054590185773321],[-6.8235061462648536,34.05457412845923],[-6.8235118856192409,34.054556914535652],[-6.8235092245490847,34.054550530473904],[-6.8235076902212946,34.054543786337405],[-6.8235073275134868,34.054536879385701],[-6.8235081470345165,34.054530011640502],[-6.8235101248141801,34.054523383976779],[-6.8235132030043166,34.054517190247338],[-6.8235172915708144,34.054511611612845],[-6.82352227092702,34.054506811243009],[-6.8235279954315358,34.054502929544036],[-6.8235342976480888,34.054500080051916],[-6.8235409932428848,34.054498346111558],[-6.8235478863761898,34.054497778439057],[-6.8235687722188505,34.054493731394075],[-6.8235887183579829,34.054486332169084],[-6.8236071906533455,34.054475778908895],[-6.8236236944329516,34.054462354220611],[-6.823637787739953,34.05444641760571],[-6.8236676366410878,34.05440711353733],[-6.8237003949666137,34.054370199328694],[-6.8237248353463444,34.054349522974483],[-6.8237524172515309,34.054333272365533],[-6.8237823479138155,34.054321914582296],[-6.8238137670560786,34.054315776073977],[-6.8238545977755223,34.054308750114735],[-6.8238943538077956,34.054297089512197],[-6.8239325109079241,34.054280948029508],[-6.8239685659153348,34.054260538517163],[-6.8240020433888091,34.054236130106247],[-6.8240086073407573,34.054227461181789],[-6.8240164750512404,34.05421995552738],[-6.8240254433668364,34.054213806947729],[-6.824035280715222,34.054209174206299],[-6.8240457330846365,34.054206176925867],[-6.8240565305827614,34.054204892499683],[-6.8240673944056551,34.054205354093121],[-6.8240780440367939,34.054207549787314],[-6.8240882044903337,34.05421142288688],[-6.8240976134115634,34.054216873383893],[-6.824106027851208,34.054223760540189],[-6.8241145318838417,34.054229586056394],[-6.8241238811683678,34.054233927264626],[-6.8241338189863816,34.05423666496133],[-6.8241440724591635,34.054237723973138],[-6.8241543600405512,34.054237075221046],[-6.8241643992478096,34.0542347365189],[-6.8241739144182096,34.054230772084225],[-6.824182644278352,34.054225290774887],[-6.824190349118366,34.054218443100069],[-6.824196817374018,34.054210417087425],[-6.8242018714359647,34.054201433120156],[-6.8242053725266656,34.054191737885553],[-6.8242072245110181,34.054181597601335],[-6.8242073765360978,34.054171290705661],[-6.8242058244275077,34.054161100211608],[-6.8241935556620206,34.054147426483325],[-6.8241835803623072,34.054131999660989],[-6.8241761448365699,34.05411520066076],[-6.8241714326813927,34.054097444280345],[-6.8241695602484143,34.054079168956918],[-6.8241705737713927,34.054060825941271],[-6.8241867963918654,34.054053514876109],[-6.8242017730908406,34.054043906360278],[-6.8242151807737708,34.054032207679704],[-6.8242267301947237,34.054018671211757],[-6.8242361721963283,34.054003588980677],[-6.8242433030848844,34.05398728635766],[-6.8242747663016123,34.053995124934914],[-6.8243070645960202,34.053997988058825],[-6.8243394160679882,34.053995806416857],[-6.8243710375300379,34.053988632823753],[-6.8243937407951405,34.053962309588726],[-6.8244116598304219,34.053932522693565],[-6.8244242773028843,34.053900132103301],[-6.8244312289387414,34.05386607295317],[-6.8244323140402114,34.053831328550693],[-6.8244375593232274,34.053811527032316],[-6.8244396955935418,34.053791154269291],[-6.8244386719799826,34.053770695399841],[-6.8244345128579385,34.05375063761263],[-6.8244273172689116,34.053731458545329],[-6.8244172565620307,34.053713614910578],[-6.8244045703137033,34.053697531620266],[-6.8243895606225591,34.053683591667046],[-6.8243909309313651,34.053656981707697],[-6.8243880669895658,34.053630490850402],[-6.8243810411777615,34.053604788600474],[-6.8243700310597903,34.053580524532698],[-6.8243553148951452,34.053558311874575],[-6.8243372646064957,34.053538712008184],[-6.824316336380063,34.053522220282346],[-6.8243188898967304,34.053512181030889],[-6.824323037208023,34.053502688569338],[-6.8243286685831626,34.053493994052033],[-6.8243356350255775,34.05348632752105],[-6.82434375221509,34.053479891819727],[-6.8243528053847218,34.053474857225716],[-6.8243625550030567,34.053471356945799],[-6.8244019351593668,34.053461690219088],[-6.8244422904106132,34.053457728399671],[-6.8244827986329213,34.053459552198383],[-6.8245226345860628,34.053467124460504],[-6.8245609867253885,34.05348029092265],[-6.8246282704894066,34.053454446901249],[-6.8246939534865847,34.05342476926279],[-6.8247578175025376,34.053391356603377],[-6.8247694754101156,34.053394617309841],[-6.824781521414665,34.05339581430195],[-6.8247935930373425,34.053394911560765],[-6.8248053270284226,34.053391936250854],[-6.8248163702979232,34.053386977902903],[-6.8248263905405091,34.053380185719583],[-6.8248350862349634,34.053371764085909],[-6.8248421957173226,34.053361966419033],[-6.8248475050546658,34.053351087542588],[-6.8248508544826114,34.053339454815131],[-6.8248521432128202,34.053327418279487],[-6.8248513324658431,34.053315340129586],[-6.824848446638037,34.053303583811562],[-6.8248435725674446,34.053292503087235],[-6.8248181098903844,34.053284207900369],[-6.8247943300500271,34.053271892168937],[-6.8247728629478601,34.05325588212294],[-6.8247542772235121,34.053236601850678],[-6.824739065192122,34.053214562065079],[-6.8247276298034611,34.053190346575526],[-6.8247371590304633,34.053172472203222],[-6.8247436819644234,34.053153295376447],[-6.8247470279533928,34.053133317796245],[-6.8247471094601488,34.053113062112864],[-6.8247439243523234,34.053093058252216],[-6.8247375559581958,34.053073829552083],[-6.8247281708866652,34.053055879070612],[-6.8247160146684598,34.053039676425414],[-6.8247014053325996,34.053025645507468],[-6.8247050583511681,34.05302789811136],[-6.8247090464068414,34.053029483728253],[-6.8247132488709452,34.053030354397201],[-6.82471753862949,34.053030483782671],[-6.8247217859280473,34.05302986797107],[-6.824725862296499,34.053028525589141],[-6.8247296444349299,34.053026497240587],[-6.8247330179431476,34.053023844277853],[-6.824735880780997,34.053020646946401],[-6.8247381463548189,34.053017001957478],[-6.824739746136693,34.053013019562862],[-6.8247406317372317,34.053008820219972],[-6.8247407763692438,34.053004530948414],[-6.8247401756579738,34.053000281487861],[-6.8247388477734283,34.052996200373848],[-6.8247368328807827,34.052992411049821],[-6.8247341919254811,34.052989028133318],[-6.8247310047897933,34.052986153949071],[-6.8247243542840659,34.052980310989312],[-6.8247188002910937,34.052973417327934],[-6.8247145062579815,34.052965675836809],[-6.824711598552784,34.0529573143384],[-6.8247101627456468,34.052948578901201],[-6.8247102410905898,34.052939726598268],[-6.8247118312820181,34.052931017941866],[-6.8247148865225755,34.052922709216915],[-6.8247193169003326,34.052915044938864],[-6.824724992034783,34.052908250657872],[-6.8247317449137777,34.052902526321191],[-6.8247393768084867,34.052898040388925],[-6.8247476631217419,34.052894924876476],[-6.8247563599976502,34.052893271469515],[-6.8247652114979696,34.05289312882573],[-6.8247739571340569,34.052894501142973],[-6.8247823395327174,34.052897348035636],[-6.824790112010386,34.05290158572322],[-6.824783327777995,34.052890060086987],[-6.8247785764682263,34.052877558440883],[-6.8247759931663037,34.052864436221142],[-6.8247756513184807,34.052851066507621],[-6.824777560643887,34.052837829416688],[-6.824781666858196,34.05282510129414],[-6.8247878532169972,34.052813244015169],[-6.8247959438349683,34.052802594695919],[-6.8248057086865037,34.052793456108816],[-6.8248168701456029,34.052786088074441],[-6.8248291108791017,34.052780700074521],[-6.8248420828688188,34.052777445296108],[-6.8248554173061144,34.052776416276309],[-6.824868735077545,34.052777642271352],[-6.8248566484956399,34.052769191826712],[-6.8248461548094701,34.052758829489747],[-6.8248375528009539,34.05274685030254],[-6.8248310873911411,34.052733595342985],[-6.8248269426666814,34.05271944201349],[-6.824825236638417,34.052704793295305],[-6.8248260178813087,34.052690066274693],[-6.8248292641513855,34.052675680267342],[-6.8248348830190873,34.052662044879469],[-6.8248427145009662,34.052649548345215],[-6.824852535614828,34.052638546472679],[-6.8248640667285967,34.052629352513144],[-6.8248769795221502,34.052622228241994],[-6.824893414932296,34.052630033128438],[-6.8249108802104006,34.05263513244406],[-6.8249289331970839,34.052637397092134],[-6.8249471168542533,34.052636769739742],[-6.8249649708357003,34.052633266269233],[-6.8249820431414436,34.052626975376157],[-6.8249979015607805,34.052618056323787],[-6.8250091329958016,34.052622841142195],[-6.8250210196067522,34.052625624683095],[-6.8250332077319866,34.052626324127949],[-6.8250453347389204,34.052624918666233],[-6.8250570398134212,34.052621450114543],[-6.8250679746950844,34.05261602167252],[-6.8250778140390116,34.052608794852269],[-6.8250862650957744,34.052599984672966],[-6.8250930764215694,34.052589853263349],[-6.8250980453594163,34.052578702062675],[-6.825101024068795,34.052566862851961],[-6.8251019239243389,34.052554687882562],[-6.8251007181526981,34.052542539395638],[-6.8250974426291258,34.052530778844414],[-6.8250921948100851,34.05251975613988],[-6.8250851308336324,34.052509799239935],[-6.8250764608738477,34.052501204391646],[-6.8250664428875432,34.052494227317027],[-6.825067907074982,34.052472730413484],[-6.8250729486260537,34.052451781822377],[-6.8250814253035896,34.052431972565842],[-6.8250930979552731,34.052413861521991],[-6.8251076372608388,34.052397959657313],[-6.8251246330231794,34.052384715610756],[-6.8251436057412267,34.052374503036326],[-6.8251640201381045,34.052367610061154],[-6.8251853002628833,34.052364231156595],[-6.82521694917207,34.052356898235594],[-6.8252469852240933,34.052344518382519],[-6.8252746095020402,34.052327420884133],[-6.8252990872388128,34.052306060509942],[-6.8253197673608996,34.052281005415978],[-6.8253360998060186,34.052252922032643],[-6.8253476501540078,34.052222557338595],[-6.8253416062939376,34.05222743733632],[-6.8253348126778324,34.052231204218657],[-6.8253274720875554,34.052233745548378],[-6.8253198036315395,34.05223498546961],[-6.825312036204644,34.052234886972101],[-6.8253044016558979,34.052233452995885],[-6.8252971278680681,34.052230726343552],[-6.8252904319556071,34.052226788402635],[-6.8252845137840357,34.052221756716278],[-6.825279550004173,34.052215781474708],[-6.8252756887793131,34.052209041032221],[-6.8252730453627111,34.052201736583505],[-6.8252716986574047,34.052194086158217],[-6.8252716888610454,34.052186318113002],[-6.8252730162660429,34.052178664315363],[-6.8252756412508386,34.052171353222619],[-6.8252794854625662,34.052164603062728],[-6.8252762263350766,34.052159260729894],[-6.825273912470978,34.052153446225184],[-6.8252726098354781,34.052147325312433],[-6.8252723555649943,34.052141072490784],[-6.8252731569084419,34.052134866019898],[-6.825274991020577,34.052128882838076],[-6.8252778056132897,34.052123293517901],[-6.8252815204462607,34.052118257403514],[-6.8252860296145137,34.052113918067882],[-6.8252912045676242,34.052110399219714],[-6.8252968977745194,34.052107801176724],[-6.8253029469293969,34.052106198005688],[-6.8253091795788503,34.052105635410896],[-6.8253154180382811,34.052106129431166],[-6.8253214844574606,34.052107665982646],[-6.8253272058907966,34.052110201260284],[-6.8253324192277871,34.052113662986663],[-6.8253382682296486,34.052117109507314],[-6.8253446045149406,34.052119546886253],[-6.8253512554366651,34.052120908711359],[-6.825358039774815,34.052121157876499],[-6.8253647726741384,34.052120287592579],[-6.8253712706809564,34.052118321572543],[-6.8253773567417877,34.052115313385222],[-6.8253828650275885,34.052111344995758],[-6.8253876454521567,34.052106524532263],[-6.8253915677615788,34.052100983339592],[-6.8253945250833095,34.052094872400581],[-6.8253964368381599,34.052088358222143],[-6.8253972509358745,34.052081618298381],[-6.8253969451944441,34.052074836274379],[-6.8253955279445151,34.052068196942329],[-6.8253907816488599,34.052072860198741],[-6.8253853090754868,34.052076644934331],[-6.8253792708267866,34.052079440079311],[-6.8253728441058978,34.05208116360518],[-6.8253662175163639,34.052081764932012],[-6.82535958552723,34.052081226412803],[-6.8253531427660024,34.05207956385135],[-6.8253470783069572,34.052076826038487],[-6.8253415701224212,34.052073093320182],[-6.8253367798598585,34.052068475239693],[-6.8253328480980349,34.052063107322802],[-6.8253298902214885,34.052057147100562],[-6.825327993034362,34.052050769486286],[-6.8253272122129829,34.052044161642407],[-6.8253275706719423,34.052037517487832],[-6.8253290578916248,34.052031032007093],[-6.825331630226926,34.052024895528142],[-6.8253352121880964,34.052019288136862],[-6.8253396986561192,34.052014374392108],[-6.8253449579676193,34.052010298496455],[-6.8253508357787549,34.052007180064308],[-6.8253690853409852,34.052002618836539],[-6.8253878296886219,34.052001037459924],[-6.8254065854844033,34.052002476711458],[-6.8254248690958637,34.052006899478954],[-6.8254422090661739,34.05201419171798],[-6.8254581582710063,34.052024165392602],[-6.8254723054479811,34.052036563324044],[-6.825478081805386,34.052026977719017],[-6.8254822795434649,34.052016603273316],[-6.8254847942866625,34.052005697944566],[-6.8254855635066107,34.051994532890639],[-6.8254845680768748,34.051983385727404],[-6.8254818327485296,34.051972533625879],[-6.8254774255347321,34.051962246420473],[-6.8254714560195922,34.051952779899594],[-6.8254640726333937,34.051944369445572],[-6.8255001292147908,34.051956520094151],[-6.8255350928848761,34.051971528661603],[-6.8255389440697254,34.051973430137437],[-6.8255430527256991,34.051974681609039],[-6.8255473099856312,34.05197524991614],[-6.8255516030447909,34.051975120000286],[-6.825555818149879,34.051974295303864],[-6.8255598436131422,34.051972797678879],[-6.8255635727717765,34.051970666807939],[-6.8255669068141653,34.05196795915279],[-6.8255697573981005,34.051964746458232],[-6.8255720489915843,34.051961113851128],[-6.8255737208742033,34.051957157584752],[-6.82557472874604,34.051952982488416],[-6.8255750459014877,34.051948699189744],[-6.8255750772583532,34.051940154127486],[-6.8255765702555919,34.051931740446278],[-6.8255794808581465,34.051923706302581],[-6.8255837232195482,34.051916288658617],[-6.8255891722139035,34.051909706293337],[-6.8255956671264038,34.051904153349632],[-6.8256030163935195,34.051899793608229],[-6.8256110032530417,34.051896755657083],[-6.8256193921373614,34.051895129098725],[-6.8256279356213883,34.051894961907522],[-6.8256378246002321,34.051894594894776],[-6.8256475000752035,34.051892518410966],[-6.8256566688103257,34.051888795388379],[-6.8256650529274578,34.051883538661187],[-6.8256723983279866,34.05187690754574],[-6.8256784823938279,34.051869103012201],[-6.8256831207343449,34.051860361593661],[-6.8256861727747014,34.051850948217506],[-6.8256875460162796,34.051841148176258],[-6.8256887059731719,34.051816495064365],[-6.8256939997391166,34.051792389101038],[-6.8257032762002829,34.051769518405941],[-6.8257162705543317,34.051748535837255],[-6.8257470585044704,34.051712453008598],[-6.82578263300499,34.051681079081355],[-6.8258222811831502,34.051655042753538],[-6.825876177580537,34.051630143499771],[-6.8259267257356413,34.051599003838483],[-6.8259732064115051,34.051562066848071],[-6.8260001310472305,34.051527392791385],[-6.8260311630816748,34.051496340592529],[-6.8260658196412729,34.051469393438822],[-6.8261035614530821,34.051446970641116],[-6.8261438012361317,34.051429421109042],[-6.8261859128398061,34.051417017921878],[-6.8262296367727426,34.051376722595592],[-6.8262719419725313,34.051334940234447],[-6.8262442016336884,34.051320788563011],[-6.8262147064769616,34.051310796969879],[-6.8261840765063955,34.051305175483705],[-6.8261757132131944,34.051290044458966],[-6.8261698988240918,34.051273763013633],[-6.826166785469761,34.051256757143832],[-6.8261664546096092,34.05123947179991],[-6.8261689149004328,34.05122235924452],[-6.8261741019699143,34.051205867219387],[-6.8261818801008918,34.051190427230352],[-6.8261920457823368,34.051176443257255],[-6.8262345134630129,34.051152974931767],[-6.8262734326946903,34.051123999776735],[-6.8263080940064063,34.051090045989412],[-6.8263378655461668,34.051051732524108],[-6.8263143309344354,34.050999201415294],[-6.8262876970159043,34.050948171720748],[-6.8262580591238615,34.050898826095839],[-6.8262631129531126,34.050881623654597],[-6.8262709466889184,34.050865496108038],[-6.8262813438560057,34.050850889120277],[-6.8262940171419579,34.050838206336749],[-6.8263086163367239,34.05082779822996],[-6.8263247380102277,34.050819952414628],[-6.8263419366606364,34.050814885699829],[-6.8263597370252409,34.05081273809774],[-6.8263776472137287,34.050813568954602],[-6.8263827860628465,34.050827360852246],[-6.8263901278524219,34.050840117118817],[-6.8263994717571856,34.050851488822936],[-6.8264105621865667,34.050861164906188],[-6.8264230957760459,34.050868880691667],[-6.8264367296853035,34.050874425123943],[-6.8264510909761809,34.050877646542148],[-6.8264657868139214,34.050878456828499],[-6.8264804152126697,34.050876833818663],[-6.8264945760312772,34.050872821907987],[-6.8265078819186513,34.050866530837162],[-6.8265199689092508,34.050858132690394],[-6.8265305063788979,34.050847857188252],[-6.8265392060885812,34.050835985403957],[-6.826545830068862,34.050822842075],[-6.8265548895136101,34.050795276878034],[-6.8265680241561428,34.050769404213142],[-6.8265849302165229,34.050745822467121],[-6.8266052166889049,34.050725077042046],[-6.8266284143847766,34.050707647741163],[-6.8266539867844251,34.050693937671902],[-6.826681342445637,34.050684263922747],[-6.8266978957033135,34.050687922321401],[-6.8267148288256685,34.050688736930347],[-6.8267316568205842,34.050686684417855],[-6.8267478977069658,34.050681823571225],[-6.8267630863194588,34.050674293613],[-6.8267767876315411,34.050664310213392],[-6.8267886092153898,34.050652159313195],[-6.8267982124816511,34.050638188933902],[-6.8268088416596084,34.050619942707634],[-6.8268222292687986,34.050603612486654],[-6.8268380366434513,34.050589611375855],[-6.826855863905096,34.050578293560719],[-6.8268752600782685,34.05056994534754],[-6.8268957344988195,34.050564777920691],[-6.8269167692262194,34.050562922000353],[-6.826937832145882,34.050564424535658],[-6.826958390430045,34.050569247517039],[-6.8269639699819953,34.050574334356547],[-6.8269703314894707,34.050578401119239],[-6.8269772906028425,34.050581329954717],[-6.8269846456545054,34.050583035988474],[-6.8269921835029894,34.0505834697815],[-6.8269996857095698,34.050582618762945],[-6.8270069348683844,34.050580507594397],[-6.8270137209066251,34.050577197455254],[-6.8270198471722168,34.050572784269775],[-6.827025136132586,34.050567395927324],[-6.8270294345193614,34.050561188576253],[-6.8270326177699268,34.050554342098913],[-6.8270345936371113,34.050547054898836],[-6.8270353048624148,34.050539538151213],[-6.827034730835293,34.050532009683309],[-6.8270328881904341,34.050524687661998],[-6.8270298303256993,34.05051778427157],[-6.8270256458547145,34.050511499564834],[-6.8270204560389374,34.050506015665825],[-6.8270144112736357,34.050501491492021],[-6.8270112634027615,34.050497296201378],[-6.8270088581911006,34.050492635245305],[-6.8270072628201648,34.050487638811958],[-6.8270065218512821,34.05048244645991],[-6.827006655980929,34.050477203220083],[-6.8270076614626456,34.050472055544773],[-6.827009510211675,34.050467147216985],[-6.8270121505894252,34.050462615334375],[-6.8270155088458129,34.050458586479863],[-6.8270194911792252,34.050455173185966],[-6.8270239863565561,34.050452470791583],[-6.8270288688201255,34.050450554779026],[-6.827034002194714,34.050449478665662],[-6.8270392430967464,34.050449272509113],[-6.8270444451392276,34.050449942067665],[-6.8270494630205762,34.050451468639451],[-6.8270541565831309,34.050453809584809],[-6.8270583947279873,34.0504568995173],[-6.8270620590768036,34.050460652130042],[-6.8271933302966916,34.050473142104522],[-6.8271675219998418,34.050428965138089],[-6.8271381454672015,34.050387076095618],[-6.8271643115198142,34.050398909247953],[-6.8271921335206791,34.05040602416689],[-6.8272207679263825,34.05040820513311],[-6.8272493465619677,34.050405386021254],[-6.8272503017180224,34.050385030546174],[-6.8272544032684142,34.050365069710196],[-6.827261551893387,34.050345986868436],[-6.8272715744877388,34.050328244115235],[-6.8272842283526005,34.050312271094455],[-6.8272992070724277,34.050298454595591],[-6.8273161479349076,34.050287129187559],[-6.8273346407141009,34.05027856911709],[-6.8273462685721391,34.050280373379884],[-6.8273580349014162,34.050280247117698],[-6.8273696213639354,34.050278193746543],[-6.8273807144879939,34.050274268820374],[-6.8273910141491614,34.050268578528062],[-6.8274002416901398,34.050261276820436],[-6.8274081474598409,34.050252561245166],[-6.827429837792395,34.050215318238614],[-6.8274452624671556,34.050175074090312],[-6.8274540206916514,34.050132874498289],[-6.827455884893471,34.050089815970502],[-6.8274739687861539,34.050091014856676],[-6.8274920183410384,34.050089378375354],[-6.8275095917227766,34.050084946585997],[-6.8275262587522709,34.050077827974441],[-6.8275453524809304,34.050065673741052],[-6.8275620733171145,34.050050418922126],[-6.8275759237034226,34.050032517451164],[-6.8275799178672871,34.050027980374217],[-6.8275845956377506,34.050024151944292],[-6.8275898328963409,34.050021133743734],[-6.8275954906793093,34.050019005856498],[-6.8276014188648455,34.050017824743279],[-6.827607460156365,34.050017621743358],[-6.8276134542561637,34.050018402243062],[-6.8276192421187085,34.050020145532869],[-6.8276246701707004,34.050022805356882],[-6.8276295943859378,34.050026311140172],[-6.8277182424405201,34.050103604942983],[-6.8277319446084084,34.05010107846207],[-6.8277450603244541,34.050096376281381],[-6.8277572465430865,34.05008962138789],[-6.827768184530024,34.050080990457907],[-6.8277775881988676,34.050070709236046],[-6.8277852115937767,34.050059046630821],[-6.8277908553225224,34.050046307681235],[-6.8277943717716481,34.050032825578427],[-6.8277707590587315,34.050027346373035],[-6.8277482626213661,34.050018319069508],[-6.8277274121556104,34.050005956222719],[-6.8277086986018443,34.049990548925472],[-6.8276925625851996,34.049972459954525],[-6.8277071049024372,34.049969944889007],[-6.827721075973785,34.049965189501478],[-6.8277341329208623,34.049958310498774],[-6.8277459552997462,34.04994947670555],[-6.8277541359651934,34.049941176059875],[-6.8277609704067306,34.049931736016717],[-6.8277663021068067,34.04992137276529],[-6.8277700089625943,34.049910323637455],[-6.8277720060823031,34.049898841672523],[-6.8277720143080449,34.049878507785749],[-6.8277689439466771,34.049858407041981],[-6.8277628657822014,34.049839002843065],[-6.8277539199404078,34.049820742532731],[-6.8277484442281438,34.049808892088187],[-6.8277450237040087,34.049796293815469],[-6.8277437543711823,34.049783301307826],[-6.8277446718557782,34.049770279223402],[-6.8277477504069379,34.049757593050479],[-6.8277529036195723,34.04974559884937],[-6.8277599868594772,34.04973463325895],[-6.8277688013227538,34.049725004048298],[-6.8277790996156007,34.049716981478561],[-6.8277843423374884,34.049719218815895],[-6.8277898843932316,34.04972055201852],[-6.8277955710675782,34.049720943867989],[-6.8278012436080129,34.049720383425189],[-6.8278067436565957,34.049718886335775],[-6.8278119176707657,34.049716494393365],[-6.8278166212097311,34.04971327437282],[-6.8278207229667585,34.049709316166101],[-6.8278241084348101,34.049704730272822],[-6.8278266831031882,34.049699644715439],[-6.827828375095951,34.049694201465343],[-6.8278291371784432,34.049688552479473],[-6.8278289480759238,34.049682855458201],[-6.8278253902670203,34.049682184243778],[-6.8278219969794129,34.049680921654286],[-6.8278188657497765,34.049679103981603],[-6.8278160865821853,34.049676783472933],[-6.8278137393610443,34.049674026828974],[-6.8278118915548873,34.049670913286711],[-6.8278105962770619,34.049667532341822],[-6.8278098907590383,34.049663981176195],[-6.8278097952802295,34.049660361864547],[-6.8278103125850782,34.049656778440387],[-6.8278114278041731,34.049653333905674],[-6.8278131088816512,34.049650127270134],[-6.8278153074966159,34.049647250705299],[-6.8278179604520686,34.049644786895165],[-6.8278209914914489,34.049642806659506],[-6.8278243134905479,34.049641366918209],[-6.8278278309618115,34.049640509055223],[-6.8278314427990319,34.049640257728946],[-6.8278350451835461,34.049640620163515],[-6.8278385345684001,34.049641585941103],[-6.8278418106547001,34.049643127301394],[-6.8278447792746109,34.049645199939526],[-6.8278473550981094,34.049647744279582],[-6.8278494640857152,34.049650687187032],[-6.827851045616681,34.049653944070947],[-6.8278520542314736,34.04965742131543],[-6.8278579686100977,34.049658312159721],[-6.8278639488150201,34.04965820907173],[-6.8278698289757198,34.049657114910772],[-6.8278754459965612,34.049655060025152],[-6.8278806440805111,34.049652101410395],[-6.8278852790504212,34.049648321128394],[-6.8278892223480083,34.049643824031307],[-6.8278923645996237,34.049638734853296],[-6.8278946186499079,34.049633194750825],[-6.8278959219791799,34.049627357387479],[-6.8278962384375239,34.049621384671838],[-6.8278955592474642,34.049615442266692],[-6.8278939032474186,34.049609694994125],[-6.8278913163691906,34.049604302263923],[-6.8278878703639743,34.049599413652039],[-6.82788366081222,34.049595164751942],[-6.8278788044725598,34.049591673413637],[-6.82787343604332,34.049589036474963],[-6.8278677044264491,34.049587327075628],[-6.8278942598501748,34.049588697561362],[-6.8279203090692553,34.049594036750982],[-6.8279452623729586,34.049603223774149],[-6.8279473567699061,34.049604207554594],[-6.8279495899910625,34.049604813397636],[-6.8279518944228554,34.049605022960627],[-6.827954200295717,34.049604829898783],[-6.8279564377964528,34.049604240057285],[-6.8279585391819184,34.04960327129433],[-6.8279604408300303,34.049601952940435],[-6.8279620851660043,34.049600324910422],[-6.8279634224055048,34.049598436494932],[-6.8279644120619265,34.049596344868128],[-6.8279650241721797,34.049594113356626],[-6.8279652402038575,34.049591809522248],[-6.8279596833595146,34.049571751180643],[-6.827951236098488,34.049552728579137],[-6.8279400822428276,34.049535155671272],[-6.8279264645131788,34.049519414863603],[-6.8279106792468962,34.049505848694089],[-6.827893069949412,34.049494752378074],[-6.8278691613309723,34.049495801844522],[-6.8278453508622219,34.0494933966432],[-6.8278221351194643,34.049487586935484],[-6.8277999982757684,34.049478493885019],[-6.8277794020033555,34.049466307130807],[-6.8277625080090418,34.049452933454219],[-6.8277478310827391,34.049437158470745],[-6.8277357089086079,34.049419345128456],[-6.8277264203915191,34.049399903273617],[-6.8277201792400515,34.049379280221039],[-6.8277171290495327,34.049357950462316],[-6.8277187747726176,34.049346401769377],[-6.8277222435944696,34.049335264086132],[-6.8277274464850599,34.049324823269949],[-6.8277342499081275,34.049315347292548],[-6.8277424792484895,34.049307079362322],[-6.8277519232936799,34.049300231682167],[-6.8277623396548819,34.049294980003154],[-6.8277734609880252,34.049291459113753],[-6.8277850018553847,34.049289759380336],[-6.8277966660515581,34.049289924427903],[-6.8278009301118789,34.04929508725786],[-6.8278060049120946,34.049299455715975],[-6.8278117446353006,34.049302904281056],[-6.8278179843590081,34.049305333863657],[-6.8278245447939545,34.049306674653309],[-6.82783123743571,34.049306888124399],[-6.8278378699810789,34.049305968143138],[-6.8278442518536435,34.049303941143847],[-6.8278501996797036,34.049300865369354],[-6.8278555425572431,34.049296829197509],[-6.8278601269665504,34.049291948601756],[-6.8278638211813831,34.04928636381883],[-6.8278773852503329,34.049256301264634],[-6.8278930962551208,34.049227302894685],[-6.8279016501351313,34.049216664876219],[-6.8279118545945847,34.049207598161956],[-6.827923425223327,34.049200355451781],[-6.8279360395344764,34.049195138608447],[-6.8279493459525096,34.049192093031436],[-6.8279629736120793,34.049191303604537],[-6.8279765426944623,34.049192792329983],[-6.8279982730463713,34.049194770601432],[-6.828020045476979,34.049193327335203],[-6.8280413245630385,34.049188498023817],[-6.8280615870135311,34.049180401428728],[-6.8280803345383356,34.049169236659779],[-6.8280966448646874,34.049159357321557],[-6.8281142159223753,34.049151948812863],[-6.8281326759043353,34.0491471678992],[-6.8281516341936896,34.049145115745659],[-6.8281706896292764,34.049145835776208],[-6.828202475831989,34.049147001745354],[-6.8282341258577457,34.049143839778147],[-6.8282650531575664,34.049136408473238],[-6.8282946845762771,34.049124845550068],[-6.8283041777700957,34.049120040518076],[-6.8283128194683851,34.049113833255234],[-6.8283204042338106,34.049106371325543],[-6.8283267517552861,34.049097832119934],[-6.8283317111344761,34.049088418639208],[-6.8283351644730663,34.049078354668133],[-6.8283370296755406,34.049067879455436],[-6.8283372624008232,34.049057242026223],[-6.8283370794031333,34.049041280972808],[-6.8283392233958047,34.049025463513786],[-6.8283436486402351,34.049010127088977],[-6.8283502607310185,34.048995598876083],[-6.8283589186099363,34.048982188810946],[-6.8283694375752004,34.04897018297553],[-6.8283732770012948,34.048965812172455],[-6.8283763381336096,34.04896086499334],[-6.828378536138902,34.048955478539497],[-6.8283798101037902,34.048949802085872],[-6.8283801247228499,34.048943992944189],[-6.8283794712770352,34.048938212103344],[-6.8283778678753064,34.048932619767953],[-6.8283753589527816,34.048927370918548],[-6.8283720140393038,34.04892261101665],[-6.828365552963267,34.048913332018159],[-6.828360777213887,34.04890308323607],[-6.8283578280257684,34.048892167760549],[-6.8283567926160966,34.048880908398075],[-6.8283577016053387,34.048869638125005],[-6.8283622777314124,34.048833388439675],[-6.8283632266990599,34.048796863378733],[-6.8283640152531353,34.04878144223013],[-6.8283669629736465,34.048766284902342],[-6.828372011364495,34.048751692185263],[-6.8283790602427885,34.048737953664357],[-6.8283821528999153,34.048730818803129],[-6.8283839970331126,34.048723264337859],[-6.8283845397350191,34.048715507002782],[-6.8283837654357598,34.048707769352397],[-6.8283816963496351,34.048700273376454],[-6.8283783918378056,34.04869323413115],[-6.828373946705244,34.048686853569315],[-6.8283684884808267,34.048681314746425],[-6.8283621737585811,34.04867677656884],[-6.8283551837050798,34.048673369234862],[-6.8283477188618464,34.048671190499377],[-6.8282936352665775,34.048652230839728],[-6.8282918315830097,34.048651598297035],[-6.8282901651381369,34.048650662163411],[-6.8282886865640657,34.048649450881705],[-6.8282874407847673,34.048648001254641],[-6.8282864656511375,34.048646357326703],[-6.8282857907909618,34.048644569045848],[-6.8282854367087236,34.048642690745965],[-6.8282854141626128,34.048640779496026],[-6.8282857238376558,34.04863889336611],[-6.8282863563248988,34.048637089663103],[-6.8282872924072882,34.048635423189445],[-6.8282885036435452,34.048633944578143],[-6.8282899532323045,34.048632698754275],[-6.8283140237625561,34.048618013231838],[-6.8283401851341763,34.048607494789429],[-6.8283677221159955,34.048601430992932],[-6.8283958818687527,34.048599987621728],[-6.8284238945271198,34.048603204136448],[-6.8284411275429653,34.048610465858395],[-6.8284592929882022,34.048614907259086],[-6.828477932524371,34.04861641627604],[-6.8284965758510623,34.048614954834754],[-6.8285147525722278,34.048610559809333],[-6.8285337205744883,34.048605700428269],[-6.8285532048694835,34.04860376111327],[-6.8285727585800799,34.048604786343006],[-6.8285919332370808,34.048608752603585],[-6.8286102890649794,34.048615568927836],[-6.8286274050683149,34.048625078981665],[-6.8286428886873107,34.048637064649647],[-6.828646609500475,34.04862429137718],[-6.8286486464775882,34.048611144070826],[-6.828648965379144,34.048597843723392],[-6.8286453087358181,34.048575429464719],[-6.8286381963618465,34.048553861336174],[-6.8286278028088638,34.048533668662039],[-6.8286143831550925,34.04851534701023],[-6.8285982667452174,34.048499346030098],[-6.8285798491076193,34.048486058417161],[-6.8285595822473306,34.048475810275555],[-6.8285535916281486,34.048476447281551],[-6.8285475805398983,34.04847604714049],[-6.8285417272108182,34.048474621716515],[-6.828536205191603,34.048472213273321],[-6.8285311782096381,34.048468893221042],[-6.8285267953144979,34.048464759998936],[-6.8285231864586384,34.048459936156668],[-6.82852045864432,34.048454564720743],[-6.8285186927509969,34.048448804953772],[-6.8285179411372532,34.048442827632329],[-6.8285182260883692,34.048436809983478],[-6.8285195391555691,34.04843093042998],[-6.8285218414065261,34.048425363300076],[-6.8285250645797024,34.048420273658685],[-6.828532483179643,34.048411048404624],[-6.828538375411215,34.04840078085649],[-6.8285425976411025,34.048389721303501],[-6.8285450469451625,34.048378139341352],[-6.8285456636173789,34.048366317300371],[-6.8285444326253009,34.048354543363224],[-6.8285413839764875,34.048343104539946],[-6.8285365919870165,34.048332279671612],[-6.8285301734699075,34.04832233263307],[-6.8284701337956575,34.048196014586374],[-6.8283835611988604,34.04813983369057],[-6.8280238740110528,34.047906407618129],[-6.8279351029490964,34.047848797651675],[-6.8278035345270727,34.047763414265283],[-6.827689679026042,34.047633897461012],[-6.8277461065771918,34.047526831364671],[-6.8277937500084223,34.047433508668711],[-6.8278356297519744,34.047338886173904],[-6.8278806009952797,34.047232630485453],[-6.8279241999163975,34.047043161031681],[-6.8279402644978919,34.046973393871063],[-6.8279433521404451,34.046911958027977],[-6.8279296805630789,34.046828202560299],[-6.827916359650402,34.046665989977761],[-6.8279050732553115,34.046632949789476],[-6.8278690080573856,34.046527357316585],[-6.8278408992121316,34.046462869541536],[-6.8278202926065479,34.04640579801579],[-6.8273327316533239,34.045911288283513],[-6.8271857366410513,34.04581442597938],[-6.8271550296809336,34.045795522566543],[-6.8267770909974752,34.045562866999667],[-6.826713418933533,34.045478315003621],[-6.8261736381673606,34.045144145782977],[-6.8254869322793548,34.044801527901484],[-6.8249540210580157,34.044389053050438],[-6.8232730882724901,34.043367545363729],[-6.8222546822552612,34.042729241992774],[-6.820676095427336,34.041692285264325],[-6.8196850632535204,34.040971481920572],[-6.8196630061544878,34.04095544224046],[-6.8193512258400588,34.040685772714653],[-6.8189257315711513,34.040317746180669],[-6.8183436862617004,34.039678291278285],[-6.8179639871540472,34.039233656524026],[-6.8171751867686883,34.038320910242071],[-6.8166980513172142,34.037770943955863],[-6.8166170456700508,34.037682080539795],[-6.8165979384328486,34.037696448545411],[-6.8163808464498654,34.03759997970748],[-6.8160615469131276,34.037316379087763],[-6.8160195099585534,34.037472959664754],[-6.8159961024335676,34.037795359583285],[-6.8159938826257029,34.037878900995707],[-6.8160339647998507,34.037920204577617],[-6.8158754552720833,34.038306768660973],[-6.8158279267550421,34.038468373194092],[-6.8157985052183907,34.038641703059199],[-6.8157482217526839,34.038854046912078],[-6.8154296869080868,34.039534724470627],[-6.8153420963378695,34.039656516430043],[-6.8149516066075089,34.040099384202172],[-6.8145119276558201,34.040602464014384],[-6.8142903686535261,34.04085849773336],[-6.8142377034618509,34.040924709725957],[-6.8140225897931641,34.041356649104969],[-6.8139722894222849,34.041348268189267],[-6.8136625699244506,34.042062644555088],[-6.8135814089479183,34.042248180266945],[-6.8135937026702704,34.042277983506203],[-6.8135791373807848,34.042308450363123],[-6.8135652067533288,34.042304550866653],[-6.8135576220839127,34.042317801795832],[-6.8135701996318279,34.042324966866715],[-6.8128360145733788,34.04374501832045],[-6.8117373002839967,34.045028198103218],[-6.8114170593301555,34.045401942690425],[-6.8114847352743855,34.045449390674399],[-6.8111381701019962,34.045802927913506],[-6.8108232253199823,34.046067361457176],[-6.81060490653371,34.046319226257353],[-6.8105498215350835,34.046565996582139],[-6.8098611795051394,34.047386047764448],[-6.8097829547709905,34.047525263947165],[-6.8091306679976276,34.048686124446093],[-6.8090052433048331,34.048686394201987],[-6.8087584508877343,34.049211931137734],[-6.8085425939220734,34.049580520862378],[-6.8076013341436115,34.05074101997117],[-6.8061184057003219,34.052379970462987],[-6.8050749704556477,34.053605530870506],[-6.8047044694986782,34.053734420357685],[-6.8044620583646971,34.054036722611308],[-6.8036040208254098,34.054829162238988],[-6.8029333906015959,34.055414656178634],[-6.8024873046225576,34.055907943224668],[-6.8016149077094585,34.056974565320523],[-6.8013355717220492,34.05731237937141],[-6.8013773146431626,34.057337222526883],[-6.8010899650894547,34.057680433853648],[-6.8008396382736773,34.057958849087008],[-6.800535788007573,34.058317230414978],[-6.8003575821937181,34.05852734584294],[-6.8002169979723988,34.058693546138826],[-6.7995556260036354,34.059475157357845],[-6.7993252656983056,34.059747354458977],[-6.7987114128072133,34.06047135377127],[-6.7979790544784189,34.061332643743697],[-6.7976003426789067,34.061760555142193],[-6.7972406901478815,34.062148454059333],[-6.7968684724233412,34.062527554453425],[-6.7966545255024391,34.062736132266451],[-6.7964837379525971,34.062902624681449],[-6.7960612462839896,34.063297909717733],[-6.7958093709699652,34.063526610162072],[-6.7931445636202774,34.065855275114181],[-6.7922001990674659,34.066712637370443],[-6.7916116642186193,34.067336589024052],[-6.7905455618744002,34.068353581902088],[-6.7888444934568239,34.069918960401324],[-6.7879049756657421,34.070786885139178],[-6.7859885158217201,34.072539530244256],[-6.7842767824299859,34.074098098960221],[-6.7826985683895931,34.075514386715099],[-6.7829532198286628,34.075709106956474],[-6.7829561975253956,34.075711386458032],[-6.7841394457577842,34.076635789069073],[-6.7878175766718662,34.079537254060511],[-6.7882785799298375,34.079897829213998],[-6.7880016188475016,34.080180898403341],[-6.7881975174419322,34.080339580016982],[-6.7884935440512875,34.080563566644926],[-6.7891782044985627,34.08109083054272],[-6.7899088802610512,34.081650548646543],[-6.790592904584682,34.082164625031162],[-6.7906734779619429,34.082225179855449],[-6.7912263131769999,34.082640652896728],[-6.7913071529248317,34.082701406371029],[-6.7915883149704559,34.082921795267794]]]},"properties":{"prefecture":"Salé","arrondissement":"Bab Lamrissa","type_arrondissement":"Commune","nom":"PAU Salé - Bab lamrissa","Etat_PA":"PA Homologué","num_decret":"02-18-695","num_bo":"6710","date_homo":"19/09/2018","date_apparttion_bo":"20/09/2018","objectid":2055,"shape.STArea()":6821561.9556608154,"shape.STLength()":18144.712467122154}},{"type":"Feature","id":2056,"geometry":{"type":"Polygon","coordinates":[[[-6.7783006520001274,34.061572667588798],[-6.7785204411797393,34.06242475119037],[-6.7786948466501062,34.063082204863107],[-6.7794541120647311,34.063538645349595],[-6.7801378206564831,34.064043875184822],[-6.7806068455489266,34.064353339180492],[-6.779779981882931,34.065637009251617],[-6.7789763681384221,34.066805691029913],[-6.7788998570894572,34.066928177639355],[-6.7788181634023328,34.067048325865457],[-6.778731390839285,34.067165983046394],[-6.7786396518610408,34.067280998228334],[-6.7785430612690725,34.067393231253433],[-6.7783619330667912,34.067624041660892],[-6.7780342301863383,34.068130172375888],[-6.7774647290606884,34.069073159452721],[-6.7772538034972314,34.069317364951353],[-6.7781040762982627,34.070248322632615],[-6.779105491701241,34.071344732179995],[-6.7807798113539146,34.073082887837863],[-6.7809851993880725,34.073291945616695],[-6.7810025958237521,34.073309255318129],[-6.7810817687609672,34.073363652308807],[-6.781156500013541,34.073422239457358],[-6.7812264691370441,34.073484765979522],[-6.7812913792645313,34.073550964598162],[-6.781327121223331,34.07363637819865],[-6.7813456876551212,34.073696981733974],[-6.7813705321799187,34.073756008220194],[-6.781401461263072,34.073813008861364],[-6.7814382425887887,34.07386754971764],[-6.7818895375058759,34.074409597369133],[-6.7824195523736579,34.075036584659877],[-6.7825249351780306,34.075178627415951],[-6.7826467610438703,34.075342834785921],[-6.7849337534063121,34.07332686743073],[-6.7870963440182628,34.071314231972529],[-6.789420008786788,34.069164266963611],[-6.7919147691138111,34.066852000162676],[-6.7934689745854149,34.065409849101307],[-6.7951109534461533,34.063939091484656],[-6.7954471793026805,34.063632251527558],[-6.7963934239015416,34.062754337546686],[-6.7968821634728602,34.062276148894142],[-6.7974588371040152,34.06168750023231],[-6.7983630090009806,34.060637382583842],[-6.7994971720203159,34.059237301420289],[-6.800586996609022,34.057961703962654],[-6.8009967859985387,34.057500452597189],[-6.8011158879166373,34.057578044985341],[-6.8016149098762115,34.056974565296308],[-6.8024873067600851,34.055907941397066],[-6.8029333906015959,34.055414656178634],[-6.8036040208254098,34.054829162238988],[-6.8044620561980977,34.054036722635573],[-6.8047044716652705,34.053734420333406],[-6.8050749726222355,34.053605530846205],[-6.8061184057003219,34.052379970462987],[-6.8076013362809844,34.050741018143441],[-6.8085425960593975,34.049580519034642],[-6.8087584530542928,34.049211931113383],[-6.8090052411383688,34.048686394226344],[-6.8095448453028729,34.047651444011606],[-6.8097801391322399,34.047065380626726],[-6.8111593540428848,34.045464855548779],[-6.8118875290870156,34.044624470419883],[-6.8125468094312716,34.043796959943165],[-6.8127857092132071,34.043422512704744],[-6.8132521847601257,34.042591119181566],[-6.8137358910172896,34.041639164697266],[-6.8146329680843873,34.039735568093199],[-6.815319135360129,34.038288365309896],[-6.81540491125718,34.038144507099453],[-6.8154852153960457,34.037998477588594],[-6.8155599655776919,34.037850416603305],[-6.8156290862504871,34.037700472912469],[-6.8156925148619854,34.037548795137774],[-6.8157793920016223,34.03733751694854],[-6.815871600387049,34.037127810835706],[-6.8159690937977668,34.036919767496194],[-6.816071834738092,34.036713481135351],[-6.8162198669079483,34.036420470005552],[-6.8163640524322293,34.036126133088651],[-6.8164302684557736,34.035980922171134],[-6.8164898264813987,34.035833726584173],[-6.8165426389995547,34.035684758362848],[-6.8165886293334994,34.035534229419028],[-6.8166277360596164,34.035382356902318],[-6.8166598999808006,34.035229361543799],[-6.8166850726438986,34.035075458540767],[-6.8159258208361599,34.035448732221852],[-6.8157613202113616,34.035486284365653],[-6.8155956894190028,34.035512325009798],[-6.815431434380117,34.035543822421999],[-6.8152688121356606,34.035580730415326],[-6.8151080795223349,34.035622990180421],[-6.8150828801777532,34.035622600068137],[-6.8139592082659419,34.035605210398202],[-6.8134267363393963,34.035524212691314],[-6.8127653447806535,34.035439568473521],[-6.8126318975165256,34.035421891572419],[-6.8124996148103261,34.035398948940454],[-6.8123687900570467,34.035370794995096],[-6.8122397232956908,34.035337493098609],[-6.8121127039087357,34.035299117556825],[-6.8119880214822741,34.035255755300525],[-6.811865957140931,34.035207505982846],[-6.8109273503775034,34.034900298577988],[-6.8107803660255399,34.034887589857419],[-6.8106328575894066,34.034880229515451],[-6.8104851025159858,34.034878227054151],[-6.8103373825550593,34.034881590124591],[-6.8101899791926952,34.034890310148583],[-6.8100431737983786,34.034904371335607],[-6.8098972432047216,34.0349237453214],[-6.8088593361020893,34.03503417502025],[-6.8077194056987489,34.03503981241554],[-6.8061521110619356,34.035041102073784],[-6.8057914652463323,34.035040580249166],[-6.8055955209600345,34.035040290299108],[-6.8051994071290558,34.035155013393378],[-6.8048051816704209,34.035274167464586],[-6.8044129221350627,34.035397728211933],[-6.8039454104509138,34.035530709125069],[-6.8034763377488687,34.035659820517004],[-6.8033494262886931,34.035684911769017],[-6.803224474019939,34.035716081171145],[-6.8031018995862365,34.035753226641269],[-6.80298211908877,34.035796222678705],[-6.8028655309811823,34.035844924140704],[-6.8027525269013456,34.035899166121069],[-6.8026434873972637,34.035958767605273],[-6.8019928193558323,34.036339564755096],[-6.8011878143493432,34.037034314417802],[-6.8004948180966593,34.037686346735363],[-6.8002426423226572,34.037916626528549],[-6.7994381146231291,34.03866160167248],[-6.7986100056147736,34.03925526011578],[-6.7974242621635836,34.040104866087049],[-6.7972856173566356,34.040211244062419],[-6.7971526433437086,34.040322527933469],[-6.7970255924131422,34.040438507477617],[-6.7969491900762273,34.040515559059834],[-6.7968673876066372,34.040588666498799],[-6.7967804754740246,34.040657568615082],[-6.796663418779394,34.040754154594268],[-6.7965511889590067,34.040854631427543],[-6.7964439718462506,34.040958832918399],[-6.7963419466917294,34.041066587532605],[-6.7962960313554381,34.041118182234683],[-6.7962452817434533,34.041177713036127],[-6.7956862346936928,34.041905821095874],[-6.7956709798705237,34.041929358168588],[-6.7950509935890082,34.042886261889578],[-6.7939701335474636,34.044471238801172],[-6.7935450298216127,34.045096737131537],[-6.793491854659381,34.045169576237882],[-6.7928083604831881,34.04610588554722],[-6.7926991576579185,34.046275856542167],[-6.7921046370524829,34.047201205623473],[-6.7913251827301417,34.046799848067565],[-6.7905220197235092,34.046404318541057],[-6.7896840070899049,34.046027259704914],[-6.7894229304436537,34.045957259831148],[-6.7890824876796509,34.04587167991702],[-6.7882508835856195,34.046085813933871],[-6.7875252304060778,34.046296067788667],[-6.7867697300819341,34.046514208741002],[-6.7866572953003317,34.046556459952718],[-6.7865421904423018,34.046593390766233],[-6.7864247733163712,34.046624881779721],[-6.7863054194105015,34.046650835041653],[-6.7861845023353791,34.046671170659543],[-6.7857366928950018,34.046763121876104],[-6.7848565033401904,34.046954348884569],[-6.7840567081871805,34.047123077197213],[-6.7834265521849231,34.047214976856921],[-6.7833486124157609,34.047238653920253],[-6.7832682708728251,34.047255882093168],[-6.783186289870839,34.0472664978411],[-6.7831034587578021,34.047270402266761],[-6.7830205634970548,34.047267556034846],[-6.7829383976140507,34.047257986466249],[-6.7824950007576419,34.047243234416186],[-6.782051921070269,34.04722293809062],[-6.7818545678822453,34.047207550801069],[-6.7816566834095866,34.047197991452428],[-6.7814585169586312,34.047194269920638],[-6.7812603155828093,34.047196390696783],[-6.7810294218061262,34.047188090492511],[-6.7807988590503925,34.047174847643369],[-6.7805687834848021,34.047156669450267],[-6.7798696995610186,34.047084418139491],[-6.7794028028657554,34.047042529810874],[-6.7787443427599632,34.046990746547586],[-6.7770379684916975,34.046885681632695],[-6.7767797018501668,34.046864231190462],[-6.7765209817103917,34.046846971619736],[-6.7762619056980533,34.046833912668063],[-6.7760047906608811,34.046808398650136],[-6.7757468284362528,34.04678971866101],[-6.7754882835873156,34.046777889633042],[-6.7752294162580551,34.046772923138114],[-6.7740173369938477,34.046689669684255],[-6.7734289704809054,34.051671224020438],[-6.773397914771575,34.051894427147275],[-6.7733589770212097,34.052116771442009],[-6.7733121953135242,34.052338065286449],[-6.7732576099005559,34.052558117037194],[-6.7731952653973613,34.052776736805534],[-6.7731252172538818,34.052993734582842],[-6.7730605172872735,34.053217060664316],[-6.7729878870970381,34.053438691468237],[-6.7729073907143595,34.053658431478937],[-6.7728190987294425,34.053876088714858],[-6.7727230903733346,34.054091469295301],[-6.7737340994713477,34.054877218649217],[-6.7747063817524085,34.055672675335792],[-6.7751370190816971,34.056004034300699],[-6.7754156506388163,34.056233373206673],[-6.7755936046904095,34.056345831941769],[-6.7763305351757923,34.056897657118405],[-6.7771605141709976,34.057482046407941],[-6.7779636489524382,34.057998793979905],[-6.7782154409390829,34.058160492173165],[-6.7784968617855244,34.058291394083668],[-6.7775872174090868,34.05891634581122],[-6.7778346232611515,34.059880796446933],[-6.7783006520001274,34.061572667588798]]]},"properties":{"prefecture":"Salé","arrondissement":"Tabriquet","type_arrondissement":"Commune","nom":"PAU Salé - Tabriquet","Etat_PA":"PA Homologué","num_decret":"02-18-695","num_bo":"6710","date_homo":"19/09/2018","date_apparttion_bo":"20/09/2018","objectid":2056,"shape.STArea()":7894099.6920683198,"shape.STLength()":14028.026608875562}},{"type":"Feature","id":2057,"geometry":{"type":"Polygon","coordinates":[[[-6.7755852537280834,34.035448770508488],[-6.7751013204088482,34.037510256794747],[-6.7740173348558672,34.04668967151138],[-6.7752294162580551,34.046772923138114],[-6.7754882835873156,34.046777889633042],[-6.7757468284362528,34.04678971866101],[-6.7760047906608811,34.046808398650136],[-6.7762619056980533,34.046833912668063],[-6.7765209817103917,34.046846971619736],[-6.7767797018501668,34.046864231190462],[-6.7770379684916975,34.046885681632695],[-6.7787443428172098,34.046990750154414],[-6.7794027985900849,34.047042533465316],[-6.7798696995896659,34.047084419942927],[-6.7805687834848021,34.047156669450267],[-6.7807988590503925,34.047174847643369],[-6.7810294218061262,34.047188090492511],[-6.7812603155828093,34.047196390696783],[-6.7814585169586312,34.047194269920638],[-6.7816566834095866,34.047197991452428],[-6.7818545678822453,34.047207550801069],[-6.782051921070269,34.04722293809062],[-6.7824950007576419,34.047243234416186],[-6.7829383976140507,34.047257986466249],[-6.7830205634970548,34.047267556034846],[-6.7831034587578021,34.047270402266761],[-6.783186289870839,34.0472664978411],[-6.7832682708728251,34.047255882093168],[-6.7833486124157609,34.047238653920253],[-6.7834265521849231,34.047214976856921],[-6.7840567039117019,34.047123080851819],[-6.7848565033976911,34.046954352491412],[-6.7857366907861145,34.046763125506857],[-6.7861845001688792,34.04667117068351],[-6.7863054194105015,34.046650835041653],[-6.7864247733163712,34.046624881779721],[-6.7865421904423018,34.046593390766233],[-6.7866572953003317,34.046556459952718],[-6.7867697257489388,34.046514208788935],[-6.7875252261019794,34.046296069640029],[-6.7881482285463104,34.046115563052496],[-6.78825088361444,34.04608581573725],[-6.7890824854843324,34.04587167813763],[-6.7894229282771708,34.045957259855179],[-6.7896840027570171,34.046027259752933],[-6.7905220197235092,34.046404318541057],[-6.7913251827879089,34.046799851674358],[-6.7921046327773373,34.04720120927842],[-6.7926991576579185,34.046275856542167],[-6.7928083562370434,34.046105891005588],[-6.793491854659381,34.045169576237882],[-6.7935450255177017,34.045096738983091],[-6.7939701336053417,34.044471242407987],[-6.7950509935890082,34.042886261889578],[-6.7956709798705237,34.041929358168588],[-6.7956862346936928,34.041905821095874],[-6.7962452817434533,34.041177713036127],[-6.7962960313554381,34.041118182234683],[-6.7963419466917294,34.041066587532605],[-6.7964439718462506,34.040958832918399],[-6.7965511889590067,34.040854631427543],[-6.796663418779394,34.040754154594268],[-6.7967804754740246,34.040657568615082],[-6.7968673876066372,34.040588666498799],[-6.7969491900762273,34.040515559059834],[-6.7970255924131422,34.040438507477617],[-6.7971526433437086,34.040322527933469],[-6.7972856173566356,34.040211244062419],[-6.7974242621635836,34.040104866087049],[-6.7986100013112596,34.03925526196749],[-6.7994381146521796,34.038661603475866],[-6.8002426423226572,34.037916626528549],[-6.8004948180966593,34.037686346735363],[-6.8011878122121727,34.037034316245432],[-6.8019928193849353,34.036339566558496],[-6.8026434873972637,34.035958767605273],[-6.8027525269013456,34.035899166121069],[-6.8028655309811823,34.035844924140704],[-6.80298211908877,34.035796222678705],[-6.8031018995862365,34.035753226641269],[-6.803224474019939,34.035716081171145],[-6.8033494262886931,34.035684911769017],[-6.8034763377488687,34.035659820517004],[-6.8039454104509138,34.035530709125069],[-6.8044129221350627,34.035397728211933],[-6.8048051816704209,34.035274167464586],[-6.8051994071290558,34.035155013393378],[-6.8055955209600345,34.035040290299108],[-6.8057914652463323,34.035040580249166],[-6.8061521067296056,34.035041102122413],[-6.8077194057571919,34.035039816022369],[-6.8088593317697574,34.03503417506893],[-6.8098972432047216,34.0349237453214],[-6.8100431737983786,34.034904371335607],[-6.8101899791926952,34.034890310148583],[-6.8103373825550593,34.034881590124591],[-6.8104851025159858,34.034878227054151],[-6.8106328575894066,34.034880229515451],[-6.8107803660255399,34.034887589857419],[-6.8109273460451005,34.034900298626731],[-6.811865957140931,34.035207505982846],[-6.8119880214822741,34.035255755300525],[-6.8121127039087357,34.035299117556825],[-6.8122397232956908,34.035337493098609],[-6.8123687900570467,34.035370794995096],[-6.8124996148103261,34.035398948940454],[-6.8126318975165256,34.035421891572419],[-6.8127653447806535,34.035439568473521],[-6.8134267342025208,34.035524214519178],[-6.8139592061291543,34.035605212226031],[-6.8150828801777532,34.035622600068137],[-6.8150817449776202,34.035522310953098],[-6.8150705828922202,34.035491059240798],[-6.8145666642193863,34.035543815421043],[-6.8143788450151064,34.035533655034428],[-6.8139699705442025,34.03548505605734],[-6.8131339387194068,34.035372369570013],[-6.813137964064409,34.035317748678459],[-6.813032055186417,34.035305071926189],[-6.8129945602691055,34.035367800901206],[-6.8120180440002711,34.035182326295939],[-6.8119435827293984,34.035138825737398],[-6.811897452626912,34.035123654688228],[-6.8111540944609992,34.034863915315341],[-6.8110741769159944,34.034837524540571],[-6.8106676789594243,34.034732945349383],[-6.810263294174062,34.034506226638804],[-6.8098394016730408,34.034188312919234],[-6.8095660820492769,34.034312135816172],[-6.8092972367717817,34.033903785315189],[-6.809473460325246,34.033805612640087],[-6.8096774162177836,34.03375010534802],[-6.8099383043255211,34.033718518755158],[-6.810224797850986,34.033649120498701],[-6.8103550277148299,34.033494157631011],[-6.8104445626876497,34.033456994354957],[-6.810658290090184,34.033372382292391],[-6.8109092811135143,34.033311910039004],[-6.8109396483571878,34.033264496203749],[-6.8114849073302723,34.032857098892457],[-6.8115403705112589,34.03281565944306],[-6.811597429101524,34.03279094425185],[-6.8118496237291346,34.032735086704214],[-6.811980962455122,34.032728733573528],[-6.8120887005337574,34.032723526407366],[-6.8126207444916416,34.032662614950858],[-6.8129103923029097,34.032510284337143],[-6.8130346865404041,34.03244407143351],[-6.8132084333427301,34.032395722383093],[-6.8133906316836166,34.032362968469059],[-6.8136112278672014,34.032322961328234],[-6.8138310229162933,34.032284326455716],[-6.8141006363282015,34.032235574782632],[-6.8143283085278812,34.032228227922879],[-6.8146108604692301,34.032218903081315],[-6.814758322084014,34.032116271119349],[-6.8148263857621032,34.032069112614323],[-6.8149244240388329,34.032001146928877],[-6.8150237762709098,34.031963185883697],[-6.8153470699605547,34.031839468325373],[-6.8155303037943948,34.031769860100333],[-6.8158672049806137,34.03187793878562],[-6.8159677156883669,34.031861110885153],[-6.8158655350985251,34.031474086968615],[-6.8156818201117293,34.030910604512293],[-6.8155323574812501,34.030588240645265],[-6.815309264892166,34.030223048580339],[-6.8151988499053981,34.03028569808319],[-6.8148812619315544,34.02995431355621],[-6.8150712755333593,34.029898954649205],[-6.8147779676462141,34.029548883170946],[-6.8145464379898506,34.029318863106774],[-6.8143212804049469,34.029128333859035],[-6.8140608736656887,34.028936845478952],[-6.8136982627809077,34.028708300819382],[-6.8133732540321823,34.028725611470747],[-6.8130294275350156,34.028745173451775],[-6.8126300126208292,34.02882267292631],[-6.8124796238840775,34.028846203831122],[-6.8123799878940421,34.028866422779068],[-6.8123033454996449,34.028889800638403],[-6.8123220828788051,34.028933254346626],[-6.8123987146877649,34.029111126632479],[-6.8124276764084559,34.02917902477467],[-6.8124540731045036,34.029240124674381],[-6.812281436618524,34.029356684793768],[-6.8122150043941332,34.029403138173187],[-6.8119924523669555,34.029523671140133],[-6.8119550544342395,34.029491343814527],[-6.8118126714404488,34.029402212578667],[-6.8115588033545711,34.02910830867571],[-6.8113737107470138,34.029164292275965],[-6.8111843667980771,34.029210769077665],[-6.8109754191058913,34.029260871729562],[-6.8108319851859269,34.029359359542866],[-6.8106812685759088,34.029463389057611],[-6.8106642410384062,34.029474498709575],[-6.8105275681865587,34.02968683758013],[-6.8104078545533424,34.029782330688811],[-6.8102227935829749,34.029688901615053],[-6.8090592990617509,34.02928720370933],[-6.8088114990363202,34.029064176040897],[-6.8089045819405376,34.028993547058562],[-6.8090355547453845,34.028884281728388],[-6.8092299268095973,34.028743607474475],[-6.8095020587006712,34.028547486449796],[-6.8098227225484678,34.02831260857679],[-6.809774206546555,34.02825175151056],[-6.8100228238977554,34.027969929514576],[-6.8101917071322502,34.027773602952855],[-6.8103077817044175,34.027403218164253],[-6.8103203643797796,34.02706810824376],[-6.8102439593281936,34.027055324492991],[-6.8101429151749837,34.027039405241702],[-6.8099647466425104,34.026966367016129],[-6.8097356248028422,34.026883665451422],[-6.8096021483173717,34.026838098175588],[-6.8092143901550495,34.02686538586039],[-6.8091629017269861,34.026901550684585],[-6.809102401109139,34.02692622238888],[-6.8090365279221903,34.026937938699298],[-6.8089692027488651,34.026935997170376],[-6.8089421476323588,34.026964221348976],[-6.8085734264631794,34.027267174515714],[-6.8083549276532525,34.027283956979389],[-6.8081463074667878,34.027556457372825],[-6.8077435568647564,34.027276498175361],[-6.8077143262537358,34.027255785902369],[-6.807689689693273,34.027238900057803],[-6.8077982668349266,34.026961384229288],[-6.8078150410125797,34.026884105928865],[-6.8069422562867103,34.026506187830471],[-6.8069304731540097,34.026501082050778],[-6.8066695080841431,34.026323911740171],[-6.8065813369668779,34.026444966998206],[-6.8062310953041694,34.02692781433165],[-6.8059246217984475,34.026774343721009],[-6.8050760463167714,34.026538259314364],[-6.804718666198263,34.026529985413148],[-6.8044174620361826,34.026549738790351],[-6.8043442669504177,34.026380684906066],[-6.8042719175200119,34.026213672344227],[-6.8042576648971185,34.026142882076364],[-6.8041818917163424,34.025915868649406],[-6.8040368199116461,34.025912721197173],[-6.803750544201546,34.025943896571562],[-6.8036527916932714,34.025979105430274],[-6.8035135266849158,34.026031146183314],[-6.803178274828773,34.026073784886499],[-6.8029990347070441,34.026086027643373],[-6.8028255959995523,34.026102296082712],[-6.802636986923333,34.026143291917805],[-6.8024888320471684,34.026203621770257],[-6.8025142721860101,34.026256549096203],[-6.8024050067135677,34.026390800849605],[-6.8022551593129661,34.026549387993072],[-6.8021311515908369,34.026683808027784],[-6.8016794479971692,34.026821891323479],[-6.8014764692968326,34.026886240305394],[-6.8010714255268265,34.027173890189609],[-6.8012095279147005,34.027354492856453],[-6.8013450030125489,34.027524212146709],[-6.8014935783961974,34.027693104792796],[-6.8011225768912418,34.027957858040608],[-6.8010546850192704,34.028015925212998],[-6.8009824542222779,34.028065958313846],[-6.800935564350997,34.028098437377309],[-6.8007962917602507,34.028201647026108],[-6.8003040902872849,34.028572130694755],[-6.8001207933395298,34.028435002325395],[-6.7997087111925385,34.028133974917438],[-6.7999858090169525,34.027888696383044],[-6.7994777551524317,34.027428418849709],[-6.7993222688536479,34.027338738033421],[-6.7987734749608659,34.026993528951685],[-6.7985225982359916,34.027289678827053],[-6.7979883906937077,34.028054938147044],[-6.7961988104167261,34.028560618625228],[-6.7954409421647259,34.02958487534422],[-6.7957927556123083,34.029960262912539],[-6.7955054022923376,34.030361822018804],[-6.7951348029096756,34.030879704267157],[-6.7953486157060015,34.031080624483806],[-6.793980482209717,34.032323143209211],[-6.7944196649819295,34.032372833605443],[-6.7944774068924945,34.032447917198468],[-6.7944765447936151,34.032494091439304],[-6.7944588283712051,34.033383438577296],[-6.7944490182255333,34.033386128850211],[-6.7926484925990342,34.033880427844657],[-6.7911236082510475,34.033680415565001],[-6.7908501142397322,34.033638153573385],[-6.7906849480574172,34.033612629032248],[-6.7893526486698352,34.033208184821],[-6.786814448160003,34.032410139107263],[-6.7857030504966218,34.032033572383263],[-6.7840000334953245,34.031449995465522],[-6.7818897958479978,34.03102097216658],[-6.7819316624519903,34.030253024416474],[-6.7831788375576592,34.028617875842841],[-6.7839958522007651,34.027546667394766],[-6.7857480725481709,34.025249170250092],[-6.7862488371790155,34.024333562746897],[-6.7864400958011792,34.023842303534011],[-6.7866820533039585,34.023190843504345],[-6.7868110051907227,34.023005217550292],[-6.7869574125940861,34.022732759501039],[-6.787106272971215,34.02246027228955],[-6.7872484108473561,34.022176946677597],[-6.787167443125437,34.022134863481689],[-6.7868820295001138,34.022219204684731],[-6.7865799882846591,34.022494068277972],[-6.7862951725453362,34.022770102378871],[-6.7860232997145333,34.02303576186906],[-6.7859881371142547,34.023021508015532],[-6.7857808508887052,34.02293747887208],[-6.7850468448806112,34.023663962055146],[-6.7841358526844919,34.024030822666987],[-6.7834267959953376,34.024936437501928],[-6.7831421340004967,34.025017352605829],[-6.7831401486052139,34.025002724605294],[-6.7830669539541244,34.024463543645552],[-6.7829994201952069,34.024338763537742],[-6.7828913201524577,34.024238990620077],[-6.7826333680187094,34.024144959900312],[-6.7820891608335669,34.024082739745836],[-6.7811747026778937,34.024747743009584],[-6.7809719942758733,34.024881647314203],[-6.7806682806451057,34.024949801474712],[-6.7805241833056513,34.024904998604782],[-6.7804264864950543,34.024841264812494],[-6.7803270353781571,34.024770046741978],[-6.7802569685855349,34.024330789048165],[-6.7802038943344103,34.023929552576035],[-6.7801163785724521,34.02352664805727],[-6.7794289899712563,34.02363177222081],[-6.7790507114954552,34.023802392500514],[-6.7783535967205841,34.024844293589929],[-6.7781683822068235,34.024841554084048],[-6.7774593361934263,34.025958626761536],[-6.7762487093584838,34.027017071769635],[-6.7760681507269318,34.027463853779729],[-6.7763076590762417,34.027583341830173],[-6.7764227576369365,34.027762860195352],[-6.7761304022811384,34.027876590287683],[-6.7758847170618255,34.028039608309413],[-6.7757418203447752,34.028235389684241],[-6.7756713917097029,34.028331886552706],[-6.775716312902583,34.028411453769742],[-6.7757277873450885,34.028431782099226],[-6.7758256627429967,34.028605128247918],[-6.7758650814787105,34.029127947905955],[-6.77598166326346,34.029401599454012],[-6.7756443346919708,34.030142084977484],[-6.7755418736962287,34.030116795698682],[-6.7755421447410678,34.030125021325169],[-6.7755527270088622,34.030250455385115],[-6.775651327704316,34.03027376865348],[-6.776564762214992,34.030474654380946],[-6.7765992053804238,34.030481013020989],[-6.7766183267885047,34.03048452500223],[-6.7766391273376358,34.030488319760579],[-6.7766621414372725,34.030492489728879],[-6.776688272814174,34.030497191824331],[-6.7767192779045757,34.030502733227365],[-6.7767596971165158,34.03050990550048],[-6.7768572609901616,34.030527083916468],[-6.778007344882794,34.030729098512474],[-6.7780933403959107,34.030744157512899],[-6.7781289496145822,34.030750328854339],[-6.7781562844862924,34.030755022823762],[-6.778179337034473,34.030758944079444],[-6.7781996541344069,34.030762367818582],[-6.7782180298729422,34.030765435922284],[-6.77823493350839,34.030768230712141],[-6.7782506724834581,34.030770808331148],[-6.7782654607996458,34.030773207010398],[-6.7782794527198726,34.030775454815434],[-6.7782927655550989,34.030777572101215],[-6.7783054905662121,34.030779575901732],[-6.7783176983651376,34.030781478968585],[-6.7783258772741757,34.030782743627761],[-6.778460846569514,34.030802308306853],[-6.7785961408571742,34.030819482213765],[-6.7786045189635384,34.030820465988057],[-6.7786168210686322,34.030821894510332],[-6.7786296502735803,34.030823364130733],[-6.778643080353679,34.030824882154441],[-6.778657204593209,34.030826456573799],[-6.7786721412433764,34.030828098713968],[-6.778688047587889,34.030829822176386],[-6.778705141688941,34.030831648010441],[-6.7787237349076275,34.030833606159696],[-6.7787443056213785,34.030835739160246],[-6.7787676588311703,34.030838125636748],[-6.7787953675730446,34.030840914226566],[-6.7788314849253792,34.030844492333259],[-6.7789186371957237,34.030852974282375],[-6.7810431725345737,34.031058620928931],[-6.7811320914183835,34.031067270367643],[-6.7811689401619093,34.031070917303701],[-6.7811972088204486,34.031073756913486],[-6.7812210351406685,34.031076186421295],[-6.7812420225480894,34.031078357710697],[-6.7812609922646203,34.03108034741026],[-6.7812784325032105,34.031082203350735],[-6.7812946621932548,34.03108395448524],[-6.7813099026472212,34.031085621823614],[-6.7813243133154755,34.031087218940733],[-6.7813380157276262,34.031088758927474],[-6.781351106403112,34.031090248837039],[-6.7813636580489556,34.031091696886996],[-6.7813655734834999,34.031091919280613],[-6.7815514604036604,34.031115642299355],[-6.7817367653950065,34.031143549088618],[-6.7819213943053036,34.031175625469139],[-6.7821052533258266,34.031211855143127],[-6.7821071009635743,34.031212241510339],[-6.7821193879248236,34.031214821536842],[-6.7821321936344034,34.031217530219642],[-6.782145589859975,34.031220384804541],[-6.7821596668382815,34.031223405940906],[-6.7821745441915704,34.031226622972909],[-6.782190377368746,34.031230070260534],[-6.7822073794922479,34.031233798663152],[-6.7822258604483778,34.031237881421518],[-6.7822462920704698,34.031242426064559],[-6.7822694724096459,34.031247618593007],[-6.7822969551290218,34.031253818850303],[-6.7823327542253802,34.031261951167046],[-6.7824191957560451,34.031281743389286],[-6.7850181024128364,34.031878121904064],[-6.7851060121758113,34.031898338873695],[-6.7851424308776167,34.031906776491574],[-6.7851703620664052,34.031913290425742],[-6.7851938979607684,34.031918815783776],[-6.7852146236679109,34.031923712931487],[-6.785233352383865,34.031928165882015],[-6.7852505668365701,34.031932285641759],[-6.7852665812054758,34.031936142691961],[-6.7852816151001107,34.031939786913988],[-6.785295828317869,34.031943253518598],[-6.7853093393566679,34.031946569154123],[-6.7853222428155089,34.031949756223774],[-6.7853306886835165,34.031951852603001],[-6.7855616029335746,34.032012590040175],[-6.7857907333795913,34.032079744085948],[-6.7860179017552227,34.032153262493622],[-6.7862429313206425,34.032233088064977],[-6.7864656470000453,34.032319158694712],[-6.7864734675308807,34.032322317996965],[-6.7864855687374455,34.032327222853411],[-6.7864982230970581,34.032332375013745],[-6.7865115167468435,34.032337809599419],[-6.7865255598813299,34.032343575895766],[-6.7865404997347829,34.032349736306038],[-6.7865565370141594,34.032356377894317],[-6.7865739618271581,34.032363623711845],[-6.7865932192120608,34.032371666343053],[-6.7866150584665261,34.032380825776499],[-6.7866409422004121,34.032391727055519],[-6.7866746441797545,34.032405982446818],[-6.7867559844022995,34.032440550153567],[-6.7872037362298112,34.032631098029839],[-6.7881380804517804,34.032907034447554],[-6.7888970184421176,34.033129126489364],[-6.7908502766990209,34.03369214996723],[-6.7905694779377948,34.033925118941582],[-6.7903316021248159,34.034092219731797],[-6.7901700015668647,34.034194119853048],[-6.7899146013461538,34.034339963349318],[-6.789333367280193,34.034525170816821],[-6.7889485486111649,34.034636693224769],[-6.7881216343394346,34.034902784282799],[-6.7878552046214287,34.035130508524766],[-6.7860660187131856,34.034708251290702],[-6.7857585639919691,34.034621741271906],[-6.7846302614893945,34.034431914951888],[-6.7839174239992301,34.034327400675963],[-6.780870109923109,34.03383621255324],[-6.7790198839259803,34.033534407722378],[-6.7784172045373117,34.033563513920143],[-6.7777909132406027,34.033660603014702],[-6.7772800203864083,34.033801081253543],[-6.7768963202159371,34.034015085171667],[-6.7766028626300452,34.034243081268734],[-6.7762654672821547,34.034538990382302],[-6.7758329784276796,34.03508319311613],[-6.7758323186390648,34.035431714843547],[-6.7755852537280834,34.035448770508488]]]},"properties":{"prefecture":"Salé","arrondissement":"Bettana","type_arrondissement":"Commune","nom":"PAU Salé - Bettana","Etat_PA":"PA Homologué","num_decret":"02-18-695","num_bo":"6710","date_homo":"19/09/2018","date_apparttion_bo":"20/09/2018","objectid":2057,"shape.STArea()":4803334.2072840147,"shape.STLength()":18413.568546999733}},{"type":"Feature","id":2058,"geometry":{"type":"Polygon","coordinates":[[[-6.7755527270088622,34.030250455385115],[-6.775542144712519,34.030125019521741],[-6.7755418779712295,34.030116792044318],[-6.7721252545318054,34.029273319196228],[-6.7712575742569099,34.029068602600042],[-6.7686885180410137,34.028529766265635],[-6.7687947524169161,34.028459703801587],[-6.7689737465192481,34.02843114214329],[-6.7691928810789452,34.028402141739441],[-6.7694556758033917,34.028335826416004],[-6.7697515278411569,34.028287567126121],[-6.770060240869137,34.028223475932364],[-6.7703301062469734,34.028137978197613],[-6.770606028317073,34.028021032399366],[-6.770761004687766,34.027924510241924],[-6.7708647050920945,34.027849699227971],[-6.7708399127415895,34.027739553425377],[-6.7707989262713522,34.027523639195714],[-6.7713452637227372,34.027435077275456],[-6.7714127012052803,34.027424144734532],[-6.7715338072594795,34.02736210247177],[-6.771448973380088,34.027287218287732],[-6.7714399108797538,34.027279218713346],[-6.771248065197077,34.027168070715376],[-6.7718136731680465,34.026353463036379],[-6.7721470871686149,34.025784420122491],[-6.7722891931493105,34.025541884276521],[-6.7730882328381083,34.024515957520961],[-6.7736598451415277,34.02382407250272],[-6.7736896039504293,34.023737105937862],[-6.7738645732057385,34.023247406928576],[-6.7741147978984833,34.022849336342439],[-6.7743423310930933,34.022492900628627],[-6.7747886815231517,34.021791667251101],[-6.7748521722936887,34.021714234588103],[-6.7749205712408731,34.021630070626557],[-6.775425275971215,34.021014466997563],[-6.7741911401950103,34.020169100037982],[-6.7734808115545926,34.019495356948376],[-6.7731784158094337,34.01928309203015],[-6.772853665831307,34.019470847159077],[-6.7727044618868639,34.019374957249816],[-6.7724497501370822,34.019211255089978],[-6.7722239437487639,34.019490705423593],[-6.7722522737384043,34.020143272633163],[-6.772205145547419,34.020581220879265],[-6.7722036911459558,34.02059474495627],[-6.7719655220217518,34.020454771010812],[-6.7714595934267834,34.019909082380408],[-6.771133179886788,34.019991789130046],[-6.7710654996501463,34.019648696621871],[-6.7711291810630669,34.019530658078459],[-6.7704989590168498,34.018583820386922],[-6.769987741751275,34.017649321904187],[-6.7701676096785448,34.017521828235644],[-6.7703985552319441,34.01736034716243],[-6.7707018649278901,34.017163963758314],[-6.7712643148447409,34.016723924089085],[-6.772096056079759,34.016009411922326],[-6.7718852768005009,34.015839120060875],[-6.7722973938947648,34.015270419106955],[-6.7726647356223477,34.01477179162228],[-6.7730476346719044,34.014169295621109],[-6.7726362647684573,34.013695570121016],[-6.7724635484736018,34.013133954400914],[-6.7732891274432294,34.013172663815645],[-6.7738678684455351,34.013143807784317],[-6.7741001986614879,34.013122840688055],[-6.7742979311517466,34.012986275832603],[-6.7741177980694625,34.012859049412],[-6.7738982306693671,34.0127039670529],[-6.7726981481456141,34.011856327717112],[-6.7712748293366483,34.011018444906199],[-6.7708943091120437,34.01079443355119],[-6.7707613938851416,34.010716185745871],[-6.7704522984648881,34.01053421790126],[-6.7701020274263914,34.010608316368064],[-6.7695822807394999,34.011000813338207],[-6.7691045381149015,34.011927704326375],[-6.7682500886931152,34.012499862234243],[-6.7685838897351385,34.01285169767457],[-6.7686875225315344,34.012960929290664],[-6.7688657170526243,34.013148746871806],[-6.7682819906820626,34.013849614436438],[-6.7680693203186717,34.013655109018138],[-6.7679540333529005,34.013549669329571],[-6.7675319446027657,34.013163626540006],[-6.7674940111870461,34.013128930759876],[-6.7671925136222688,34.013544276824085],[-6.7666967827438445,34.014527976416488],[-6.7665148526970107,34.014420123730503],[-6.7664800484588357,34.013613446952959],[-6.7665120910207301,34.012316892855999],[-6.7666127998203125,34.011115098987261],[-6.7658174941464067,34.010707618658344],[-6.7653135458438109,34.011741888204831],[-6.7647509151889187,34.012848426060849],[-6.765274360266444,34.013054210607351],[-6.764922699035119,34.013979710632789],[-6.764271233211729,34.01381587901593],[-6.764190650714597,34.01379325178663],[-6.7637738868863586,34.014077875583069],[-6.7634473351382418,34.014300889324929],[-6.762775600972013,34.014759632859011],[-6.7626943626650524,34.014815111695135],[-6.7617125113180112,34.014162673965338],[-6.7616842891449496,34.014196064727493],[-6.7610066735081293,34.014885848783756],[-6.7607030174072316,34.015196958821818],[-6.7607709445260928,34.015244656910824],[-6.7610395657146229,34.015343391008173],[-6.7610326908693992,34.015479907292004],[-6.7610977367128315,34.015896380915798],[-6.7611155545026298,34.016010450283915],[-6.7611565137935203,34.01611090804554],[-6.7612172427077786,34.016260160285327],[-6.7612936199105427,34.016447178620474],[-6.7616667427910224,34.017411182897959],[-6.7616848219383581,34.017623835881217],[-6.7614008232318925,34.017598999573131],[-6.761275443458425,34.017588033031195],[-6.7611628669408903,34.01760149954616],[-6.7608296507527879,34.017626229153912],[-6.7605163178288876,34.017691261051354],[-6.7598661104393312,34.017838013528724],[-6.7600246101839572,34.018071657073932],[-6.7597792317450613,34.018416090732295],[-6.7596622795356271,34.01858025458592],[-6.7596229739086304,34.018635427859174],[-6.7593191098148182,34.018929130158007],[-6.7592831922626644,34.018963846529665],[-6.7600038943783316,34.019574791994998],[-6.7602735232448836,34.019736961185423],[-6.760122847497323,34.019893116686013],[-6.7596435605342426,34.020370066682538],[-6.7595064912195681,34.020301967560336],[-6.7592616825358967,34.020574096552835],[-6.7589926806990182,34.020871046943668],[-6.7589263742332575,34.020979554982851],[-6.758144582046973,34.020493501117294],[-6.7580594877905638,34.020451370027551],[-6.7574948656199005,34.020967780106744],[-6.7567364639850034,34.022034782885704],[-6.7565882988290236,34.021990678479781],[-6.7557092439983242,34.023097865061644],[-6.7549451409479744,34.024169691826195],[-6.7547910254105359,34.024217066075963],[-6.753439015501792,34.024104783202844],[-6.7521099427280173,34.024887295519839],[-6.7515470789587821,34.024836060370617],[-6.749872247251977,34.024143931256425],[-6.7491601799896488,34.023295426071286],[-6.7482492546565656,34.022513867593766],[-6.7504801441604583,34.021241404585645],[-6.750181162837249,34.020981976205334],[-6.7505571825507245,34.020768484875333],[-6.7512230951600189,34.020388139214411],[-6.7519060584590296,34.020998855495904],[-6.7524375613283469,34.021879312168664],[-6.7529514470826948,34.021627488372943],[-6.7532880774298967,34.021462851375112],[-6.7535067986774182,34.02135542951045],[-6.7526351791581485,34.020679219376952],[-6.7517714467586494,34.020298314646801],[-6.750111777702374,34.018836491224071],[-6.7496732130637813,34.019031551755845],[-6.7493840992774974,34.019143135833701],[-6.7487227798347407,34.01944974561416],[-6.748280106900153,34.01774352624637],[-6.7486843971950128,34.017610238257966],[-6.7481632021900797,34.016862002702716],[-6.7476571266374066,34.016295753748572],[-6.747077051079617,34.015394651009778],[-6.7469884272724245,34.015173885458822],[-6.7467850158239413,34.014788576218272],[-6.7458734264724631,34.013004836848822],[-6.7454160456913295,34.011665791041224],[-6.745117674895428,34.0113367573936],[-6.7449266447687455,34.011009300067869],[-6.7450222018491388,34.010990536545386],[-6.7454239258637463,34.010746085842747],[-6.7456353345641178,34.010432044146924],[-6.7457957722806414,34.010159483394567],[-6.7461977871932621,34.009722644281808],[-6.7463389413637209,34.009633121802416],[-6.7465037458415766,34.009695479188245],[-6.7473757099699618,34.009506001899496],[-6.7474396260933638,34.008608887289014],[-6.7482020821076798,34.008648442000037],[-6.7493711498074989,34.008706808427092],[-6.749570486373945,34.008724445109834],[-6.7500612763963774,34.007676056030313],[-6.7488774776944007,34.007512110704802],[-6.7480463019464407,34.007266591335032],[-6.7474621788749234,34.007157579147524],[-6.7474631392104021,34.007008163549756],[-6.7475269870067525,34.006212700144026],[-6.7476952629370315,34.006182236233258],[-6.747737360269249,34.006097190000148],[-6.7477275627005726,34.00599359854246],[-6.7479878083857301,34.004868558845601],[-6.7490260060399097,34.00277685251698],[-6.7491832583225611,34.002461121101916],[-6.7493980765175507,34.002095999979318],[-6.749650810049955,34.001666430022809],[-6.7498335037754611,34.001355073610533],[-6.7505311662451923,34.000170050066835],[-6.7504194041516463,33.999988422010162],[-6.7499094207312522,33.999481573684136],[-6.7493485645121982,33.998915918997213],[-6.7496431518866045,33.998791992778777],[-6.7495973424463847,33.998637624118857],[-6.7489568343513904,33.998058498400198],[-6.748232836311379,33.997324042031579],[-6.7470661677575174,33.996142031281785],[-6.7467432271918533,33.995757321137546],[-6.7457594583137315,33.994906254284651],[-6.7475122295312548,33.993637594720411],[-6.7466639742854468,33.991540712113526],[-6.7464222018143296,33.991741836423749],[-6.7456612976090975,33.992374922946993],[-6.7446893286583141,33.99318355049234],[-6.7443800580252322,33.993522521162475],[-6.7439361770974706,33.993207322570406],[-6.7427677922783928,33.991959797419142],[-6.741404576184455,33.990716394628549],[-6.7406034150936494,33.990015464883939],[-6.739764294000115,33.989348364761284],[-6.7394830387019606,33.989060747187857],[-6.7393399520814254,33.988119453076457],[-6.7395414474029529,33.986783153155905],[-6.7396937909354016,33.986788129424141],[-6.740033324919172,33.984703208023546],[-6.7399493358945879,33.984709174457564],[-6.7398651430903831,33.984708022804121],[-6.7396698661313428,33.985931465869584],[-6.7396312531962428,33.98618755564496],[-6.7373217862861052,33.986682810418927],[-6.7371388504114424,33.986693266894186],[-6.7369564056418101,33.986708555511854],[-6.7367746346803523,33.986728660795926],[-6.7365937223400332,33.986753563641543],[-6.7362753167272773,33.986808577301105],[-6.7360684640235817,33.98685261786342],[-6.7358636574065258,33.986902860994917],[-6.7356611665174899,33.986959242502515],[-6.7354612554075155,33.987021686530177],[-6.7352641858958568,33.987090112737718],[-6.735070216404913,33.98716443090192],[-6.734879599836308,33.98724454364492],[-6.7346925857367799,33.987330346410879],[-6.7345094192155992,33.987421727477418],[-6.7343303398482925,33.987518567065301],[-6.734178668412123,33.987607241150833],[-6.7339383415793783,33.987756117544002],[-6.7330896617199922,33.986983408538428],[-6.7321634053543065,33.987975127113636],[-6.7330256106288449,33.988468184399743],[-6.7329108251186875,33.988577437448704],[-6.7328197732899184,33.988667145930556],[-6.7327318877855253,33.988759019423128],[-6.7326472432100433,33.988852980480189],[-6.7325140474446368,33.989006930974305],[-6.7323870538745103,33.98916447605135],[-6.7322664006200501,33.989325442905205],[-6.7321841597494734,33.989442439834725],[-6.7321032204956222,33.989564198276653],[-6.7320828407885758,33.989595994932451],[-6.7320557940080663,33.989629079098464],[-6.7319104685441999,33.989836233932941],[-6.7317309479239809,33.990094182054818],[-6.7316620280404811,33.990193133928933],[-6.7308815752754052,33.989444088251076],[-6.7301056107050794,33.990086426300714],[-6.7296641552314274,33.990581285161966],[-6.7307528059877821,33.991495703967544],[-6.730668156737587,33.99161697315985],[-6.7303387199084925,33.992088918166019],[-6.7302714592047712,33.992185274001741],[-6.7296033427093249,33.993142383665024],[-6.7298363850430301,33.993634756843434],[-6.7298499884209049,33.993667359376026],[-6.7276638561819677,33.995725201719942],[-6.7270620524966303,33.996732652592009],[-6.7257856996929046,33.998002737238387],[-6.7235261272491496,33.999796286700757],[-6.7228473686843486,34.000628049500904],[-6.7212647245976447,34.002545929407667],[-6.7212533881927827,34.002611246154366],[-6.7212356321600613,34.002675117233707],[-6.7212116314484414,34.00273691332837],[-6.721181622535271,34.002796025565722],[-6.7211459010962935,34.002851871516981],[-6.7211048190923721,34.002903900935848],[-6.7210587813016458,34.002951601180072],[-6.7210082413312779,34.002994502262453],[-6.7209536971480945,34.003032181481601],[-6.7208956861721543,34.003064267586765],[-6.7208347799815851,34.003090444435784],[-6.7207715786808633,34.003110454109979],[-6.7207067049880269,34.003124099455412],[-6.720640798099077,34.00313124602544],[-6.7205745073900243,34.003131823405404],[-6.7205084860186348,34.003125825906423],[-6.7204433844889051,34.003113312621437],[-6.7203798442417,34.003094406842976],[-6.7203184913346714,34.003069294848359],[-6.7202599302737642,34.003038224064341],[-6.7202047380570535,34.003001500629196],[-6.7192632625639792,34.003107519635911],[-6.7183849923270911,34.003438275343939],[-6.718124349812812,34.003418654809003],[-6.7177994492460931,34.003401295035253],[-6.7175090876852011,34.0033976169181],[-6.7172568087829569,34.003493971381502],[-6.7171175043867493,34.00357936341463],[-6.716813945081892,34.003695317833547],[-6.6908364829714913,34.032040120830608],[-6.6910756391980675,34.03201762478632],[-6.6913140628290169,34.031988368249891],[-6.6915515627968061,34.031952374666872],[-6.6917879487741097,34.031909672881746],[-6.6920230313263254,34.03186029711479],[-6.6927848657496947,34.031668385884167],[-6.6935482305377638,34.031482655409],[-6.6943130755469973,34.031303117889465],[-6.6951667293291095,34.031090501745801],[-6.6960194866068612,34.030874317959402],[-6.6968713324702094,34.030654570310141],[-6.6981135742360154,34.030313605921855],[-6.6993574322836116,34.029978585808699],[-6.700602878169108,34.029649517631739],[-6.7027571283451772,34.029057252421417],[-6.704912944931257,34.028470714487746],[-6.7070703127008731,34.027889907973432],[-6.711134622717938,34.026792873116584],[-6.7128405910540296,34.026334549328602],[-6.7145456642789672,34.025872906657291],[-6.7152393320644741,34.025684720263705],[-6.7159341426178232,34.025500797969414],[-6.7166300697271017,34.02532114671294],[-6.7173270871382753,34.025145773271667],[-6.7175806705272043,34.025083261244042],[-6.7178354699415515,34.025025906669789],[-6.7180913804989117,34.024973733157637],[-6.7183482968595012,34.024926762183618],[-6.7189201682616586,34.024849114478108],[-6.719559338291579,34.024829075228702],[-6.7198752808372948,34.024842387755385],[-6.7204799999721452,34.024922540589507],[-6.7210680244905054,34.025057964658387],[-6.7212210087564888,34.0251014702486],[-6.7224027900955665,34.025634795619283],[-6.7224549624537779,34.025668893656402],[-6.7242289776720057,34.022437183893963],[-6.7246493767286024,34.021634796803433],[-6.7250595943005296,34.020585645622056],[-6.7255532055961078,34.019297020406022],[-6.7254080951809687,34.0187911480023],[-6.7248470774866345,34.017939507796349],[-6.7263464636849868,34.014036355634317],[-6.7272782593023841,34.011621484282188],[-6.7289196428964688,34.008303684538362],[-6.7295193310639068,34.008783249379967],[-6.7311750838045867,34.010987629098658],[-6.7308424335964476,34.011519194278812],[-6.7303314913713894,34.012552027142938],[-6.7288152234668948,34.016479646123948],[-6.7283580441133886,34.017739851281576],[-6.728826957051445,34.018208142308815],[-6.7347763067161841,34.020537165035925],[-6.7347791331189049,34.020721165291825],[-6.7365842478705371,34.021249070636571],[-6.7449169632186479,34.023685546613819],[-6.7477521293533904,34.024493336462143],[-6.7479583854610468,34.024537456010435],[-6.7507638529134706,34.024819511559144],[-6.7516722201545338,34.024894329346672],[-6.752977501674378,34.025106558024099],[-6.7552008991269998,34.025383132880222],[-6.7581076387392143,34.025945978028325],[-6.7583241541609009,34.026003355768999],[-6.7613191290474495,34.026796999739211],[-6.7631178933997669,34.02730911872132],[-6.7645374328239241,34.027712437877341],[-6.7648095395640055,34.027762777974232],[-6.765118979110329,34.027802600991642],[-6.7654608843245967,34.027828577690784],[-6.7657599432712106,34.027883842988615],[-6.766027625744595,34.027933309662778],[-6.7663319967977023,34.028003140316351],[-6.7666893967669361,34.028107390612689],[-6.7676492462278777,34.028387362969568],[-6.7676542274804579,34.02838906093546],[-6.7679849112572752,34.02850175642493],[-6.7684467556861518,34.028659149393732],[-6.7686668178763707,34.028722340859488],[-6.7687879757538463,34.02874833611812],[-6.7689892511403968,34.02880120684943],[-6.7691921707033993,34.028847366858216],[-6.7692085364590584,34.028850784708375],[-6.7692199580704306,34.02885314457],[-6.7692320270479751,34.028855617306391],[-6.7692447922409835,34.028858209598624],[-6.7692583916327846,34.028860947896774],[-6.7692730087925632,34.028863864466025],[-6.7692889109944598,34.028867010497898],[-6.7693065099511109,34.028870460857974],[-6.7693264944248455,34.028874343300188],[-6.7693502104614982,34.02887890916724],[-6.7693811334504517,34.028884807706554],[-6.7694558951538717,34.028898918516468],[-6.7709283589471552,34.029175980405128],[-6.7711578555949661,34.029219254902941],[-6.7711575123928185,34.029219883648572],[-6.7713297801252139,34.02925530931082],[-6.7715015383805399,34.029293127968884],[-6.771518032186326,34.029296892236808],[-6.7715347937681774,34.029300739249464],[-6.7715533255934393,34.02930501601643],[-6.7715743528826184,34.029309894973565],[-6.771599283682276,34.029315711535993],[-6.7716317625630502,34.029323331288374],[-6.771710087498958,34.029341820895297],[-6.7755527270088622,34.030250455385115]]]},"properties":{"prefecture":"Salé","arrondissement":"Hssaine","type_arrondissement":"Commune","nom":"PAU Salé - Hssaine","Etat_PA":"PA Homologué","num_decret":"02-18-695","num_bo":"6710","date_homo":"19/09/2018","date_apparttion_bo":"20/09/2018","objectid":2058,"shape.STArea()":13778951.378723465,"shape.STLength()":33995.946092567596}},{"type":"Feature","id":2059,"geometry":{"type":"Polygon","coordinates":[[[-6.7224549582453852,34.025668901817546],[-6.7224028001031249,34.025634812649017],[-6.7212210187637567,34.025101487278441],[-6.7210680344977369,34.025057981688228],[-6.7165363536052674,34.030362995521102],[-6.7166171507036276,34.032120766727303],[-6.7187475938192875,34.033315876110464],[-6.7201295590609815,34.031587802008595],[-6.7196840111111902,34.030780822737846],[-6.7237713944555768,34.030563064118105],[-6.7259825223992218,34.0325963542819],[-6.7283252637386406,34.031205774586688],[-6.7285492042012853,34.03144863790147],[-6.7285392390952303,34.03514400497243],[-6.7311975550684391,34.0353723927347],[-6.7313278466753355,34.038101435909674],[-6.7314535488196725,34.040734206817845],[-6.7271037849424262,34.041479908713882],[-6.7244655631224948,34.044902319493282],[-6.7237552671754681,34.045855325420085],[-6.7236526212817314,34.045989438722536],[-6.7266464813492286,34.047572812941972],[-6.7247530767377031,34.049810695985961],[-6.7292402756832477,34.052412657994296],[-6.7296659023742178,34.052672296663133],[-6.7306041331315827,34.058203052899785],[-6.7307124970853467,34.059287209572844],[-6.7320442922624952,34.05990506158841],[-6.7327526169795933,34.060081777677411],[-6.7356056047117923,34.060813784915901],[-6.7361936208119451,34.06090196159191],[-6.7358657097333383,34.061598991042004],[-6.7362660934705696,34.062064182521851],[-6.7367185269890575,34.062740839461135],[-6.7378659460877115,34.063761023540053],[-6.7397375008550577,34.064739393103984],[-6.7382397548133808,34.066760697440635],[-6.7381359012824484,34.06678971989794],[-6.7380341332415794,34.066825372734762],[-6.7379348735146438,34.066867507821378],[-6.737838534504017,34.066915950095755],[-6.7377455164771387,34.066970498290871],[-6.7376562059034919,34.067030925770965],[-6.7375709738489027,34.067096981473114],[-6.7374901744338498,34.067168390950371],[-6.7374141433621642,34.067244857512044],[-6.7373431965262585,34.067326063456342],[-6.7372776286946605,34.06741167139041],[-6.7372177122873182,34.067501325632065],[-6.7371636962437504,34.067594653687614],[-6.7371158049887603,34.067691267799475],[-6.7370742374999999,34.067790766557223],[-6.7370391664812583,34.067892736565362],[-6.7370107376449218,34.067996754160895],[-6.7369890691065626,34.068102387173539],[-6.7369742508942014,34.068209196721327],[-6.7369663445742587,34.068316739034024],[-6.7369653829957565,34.06842456729693],[-6.7369713701538441,34.068532233507291],[-6.7369842811731928,34.068639290335632],[-6.7370040624113514,34.068745292984339],[-6.737030631681618,34.068849801035668],[-6.7370638785945083,34.068952380281615],[-6.737103665016396,34.069052604527926],[-6.7371498256434341,34.069150057364865],[-6.7372021686883485,34.069244333897281],[-6.737260476677279,34.069335042426879],[-6.7373245073533319,34.069421806079632],[-6.7373939946831038,34.069504264371616],[-6.7374686499619942,34.069582074706723],[-6.7375481630137077,34.069654913800086],[-6.7376322034789684,34.06972247902128],[-6.7377204221880911,34.069784489651624],[-6.7378099502023927,34.069844409359149],[-6.7379020387132709,34.069900314125121],[-6.7379965077918014,34.069952094718936],[-6.7380931728577425,34.069999649968075],[-6.7381918450401805,34.070042886955797],[-6.7386323752028883,34.070201943966197],[-6.7406188566501655,34.070919147354658],[-6.7420892011816118,34.071910761798911],[-6.7434254627000954,34.07279315082738],[-6.7436721559185351,34.072950225414075],[-6.7449638687089157,34.073772668899558],[-6.7457707873682056,34.07427746742465],[-6.7459132047433545,34.07436656085936],[-6.7471827539227416,34.075129152011961],[-6.7472686868926202,34.075181999514392],[-6.7478555162692677,34.075542876954508],[-6.7481349398037667,34.075714709495912],[-6.749087851991443,34.076279492391784],[-6.7502526060962831,34.076997442748137],[-6.7504332458192344,34.077106927763019],[-6.7514381666346903,34.077715994090028],[-6.7522892742372305,34.07823364072096],[-6.7523054264543552,34.078243463492186],[-6.7532400217062962,34.078803417055795],[-6.7539045131678446,34.07920153197999],[-6.7549943138205419,34.079847012350555],[-6.7555033886209284,34.080269524290976],[-6.7563430570680874,34.08095730236402],[-6.7590580010694818,34.07832129508045],[-6.7600323844978982,34.077338337126022],[-6.7604155107257924,34.076911693480909],[-6.7606401839277561,34.076716558849476],[-6.7608020841625871,34.07656493988614],[-6.7615009812772415,34.075884620936762],[-6.7619067382201301,34.075496385166232],[-6.7621095347951581,34.075441780029273],[-6.7627100955293837,34.075909173809464],[-6.7622747745349887,34.076285948864104],[-6.7623279989071374,34.076365462630839],[-6.7623863843889431,34.076441267699302],[-6.7624496733936619,34.076513029630526],[-6.7625175867010459,34.076580431823153],[-6.7625898246892158,34.07664317691026],[-6.763912944188113,34.077701909861233],[-6.7645622008341304,34.078171761859764],[-6.7646587338666357,34.078219893606743],[-6.7654676741741229,34.078700271938821],[-6.7664084975647878,34.079305832670727],[-6.7680234516771209,34.080280738921829],[-6.7679592402612929,34.08033981301908],[-6.7673059730674288,34.080980125380464],[-6.7671903437314622,34.081081867622501],[-6.7650645040008826,34.0830934628585],[-6.7635045840757604,34.084591301481375],[-6.7628247666245134,34.085205605764578],[-6.7622916123785881,34.085710712630743],[-6.7626597816581517,34.08597306055006],[-6.763180495162282,34.086373385346008],[-6.7639449896910762,34.086829750867842],[-6.7645981133696358,34.087218735691032],[-6.7653208868456689,34.087649436615827],[-6.7659051248401232,34.088009975459258],[-6.7660334686906856,34.088071350679002],[-6.7661646899751737,34.088126305533862],[-6.7662984677524776,34.088174705615216],[-6.7664344748288139,34.088216432546112],[-6.7665723785579779,34.088251384270791],[-6.7667118416549314,34.088279475304297],[-6.7668525230207326,34.088300636941568],[-6.7669940785767952,34.088314817425456],[-6.767136162106441,34.088321982073317],[-6.7672784261016705,34.088322113361848],[-6.7674205226131043,34.088315210969952],[-6.7675326311920845,34.088328072466133],[-6.767643711681198,34.088347943965914],[-6.7677533261953071,34.088374747134793],[-6.7678610426282262,34.088408376313261],[-6.7679664363561036,34.088448698933327],[-6.7680690919113164,34.088495556041103],[-6.7681686046202589,34.088548762923402],[-6.768685142643502,34.088813413035382],[-6.7689132472887907,34.088930281575571],[-6.7675798483927165,34.090297589845669],[-6.7677309574961342,34.090392132562698],[-6.7683681591439067,34.090790796534641],[-6.768548222211626,34.090903450613609],[-6.7718406776586582,34.092955582417673],[-6.771922033767388,34.093006332914001],[-6.7748056028035499,34.094817987916308],[-6.7756576686889129,34.093861713807854],[-6.777266143870027,34.094939178300358],[-6.7781409222210822,34.095525144951885],[-6.7792455331119506,34.096265042481896],[-6.7800932871619537,34.096832877059768],[-6.7801982209562404,34.096807377361813],[-6.7802739697477765,34.096835457782127],[-6.7803501074467309,34.096818178535941],[-6.7804050910278582,34.096808400866365],[-6.7804357591252016,34.096755655643292],[-6.7804346486583649,34.096685750001633],[-6.7804836607406545,34.096602928533542],[-6.780573309297413,34.096492093259208],[-6.7805563132409743,34.096413672311101],[-6.7805703928620025,34.096308695555663],[-6.7805844768416499,34.096203722353259],[-6.7806625741905346,34.096163559685102],[-6.7808030440213862,34.096083397374912],[-6.7808975253721471,34.096082357311779],[-6.7809605100621191,34.09608166483028],[-6.7809453867762404,34.096121133527333],[-6.7809617603360097,34.096160265396875],[-6.7810046118061615,34.096173036261746],[-6.7810474720655192,34.096168095771624],[-6.7810360996138295,34.096128039478657],[-6.7810298167268126,34.096070059887587],[-6.7810721066179704,34.096029404669139],[-6.7811145386219787,34.095997685109815],[-6.781113615305717,34.095939645607146],[-6.7811506154771637,34.095903518121659],[-6.7811875315174435,34.095862922028985],[-6.781224391744348,34.095817866035645],[-6.7812399886462984,34.095786441911947],[-6.7812714876890094,34.09576846768735],[-6.7813567182570882,34.095704384064092],[-6.7813446839586735,34.09562007905361],[-6.781364667496077,34.095526088304112],[-6.7814284924543671,34.09548966351803],[-6.7814980333747119,34.095475509831743],[-6.7815857512870243,34.095467893557228],[-6.7816154611282915,34.095434025066602],[-6.7817211488615694,34.095330158414725],[-6.7817421869587911,34.095303138395522],[-6.7817415486452672,34.095262963909441],[-6.7817191594926438,34.095205160841367],[-6.7817183069015634,34.095151590064397],[-6.7817716123751826,34.095128672402254],[-6.7818468107970613,34.095132313547118],[-6.7819328811819188,34.095144754980453],[-6.7819815367333485,34.09516654942049],[-6.7820251782270269,34.095210719646403],[-6.7820580143974452,34.095250546600404],[-6.7820851237043982,34.095268108868858],[-6.7821175442427419,34.095281143989169],[-6.7821492356327262,34.095205548803591],[-6.7821912458289191,34.095191029810636],[-6.7821865872122205,34.095235730384097],[-6.7821925251829516,34.095271387772932],[-6.7822466858480359,34.095302050576279],[-6.7823117207530847,34.095341514533636],[-6.7823601501705104,34.095349910866048],[-6.7823866306830451,34.095327296675826],[-6.7824018102234014,34.095269080597056],[-6.7824385877007387,34.095219563731291],[-6.7824435336265445,34.095192710117821],[-6.7824431771675231,34.095170392581487],[-6.7823781443693978,34.095130920550517],[-6.7823078823783742,34.095100441551111],[-6.7822642430214293,34.095056275004382],[-6.7822573766444725,34.094962579048094],[-6.7822782011229759,34.094922158125186],[-6.7823209186615534,34.09490829684939],[-6.7823639893436587,34.094916751330466],[-6.7824830489346644,34.094977952109062],[-6.782585072033239,34.094981287244686],[-6.7826870327975231,34.09498016338064],[-6.7827469183901181,34.095033094253381],[-6.7828343420975941,34.095130361745476],[-6.7829267798530415,34.095205253332175],[-6.7829590473722936,34.095209356286752],[-6.7830227292393426,34.095164004928428],[-6.7831230456335305,34.095060196283868],[-6.7831006568409151,34.095002402462462],[-6.7830409931905811,34.094962871568967],[-6.7829654426083748,34.09493691355496],[-6.7828607023542364,34.094921765706935],[-6.78289468168916,34.094875183471835],[-6.7828021733086885,34.094795833931776],[-6.78263355344715,34.094654799543171],[-6.782567514801717,34.094552827572329],[-6.7825273276253766,34.094388068533696],[-6.7824563530355153,34.094312940093893],[-6.7824287462988835,34.094264124663688],[-6.7824446967593017,34.094255017037405],[-6.7824826909018547,34.094281389293577],[-6.7825258346325139,34.094294313340001],[-6.7825472987606394,34.09429407766828],[-6.7825248393870918,34.094231814985093],[-6.7824920011914696,34.094191986357366],[-6.782491290295356,34.094147343127716],[-6.7825228486995224,34.094106805646994],[-6.7825332941901797,34.094088829551538],[-6.7825234678572492,34.094029826664013],[-6.7825478939646864,34.093994906894295],[-6.7825797366858493,34.093972228132706],[-6.7826168786526502,34.09394502683687],[-6.7826327677800382,34.093931460254971],[-6.7825944182213691,34.093882763267622],[-6.7825555711535541,34.093802822043948],[-6.7824998473295937,34.093673943511078],[-6.7823259320845661,34.093537438368202],[-6.7822707096570696,34.093439815635321],[-6.7822592637119969,34.093395292493462],[-6.7822800900100546,34.093354873324053],[-6.7823598719973202,34.093309343030647],[-6.7824181846223883,34.093264049300537],[-6.782482008602706,34.093227626638061],[-6.7825412506254974,34.093240363330125],[-6.7826282480415543,34.093310854623532],[-6.7827255442701073,34.093354431398886],[-6.782939374012475,34.093363473355105],[-6.7830679085928249,34.093329565526759],[-6.7831434627843032,34.093309635030572],[-6.7831644310235433,34.093278152296179],[-6.7832172391878194,34.093223979831258],[-6.7833289339772849,34.093160237821017],[-6.7833598493481668,34.093079526537409],[-6.7833581421840305,34.092972384912393],[-6.7833845516190259,34.092945303538187],[-6.783592610652204,34.09286709709486],[-6.7837159626837602,34.092861275899246],[-6.7838609907700294,34.092868605990738],[-6.783903633631958,34.0928502745438],[-6.7839189540428846,34.092800986691962],[-6.7839502956805591,34.092747058855309],[-6.7840404456835852,34.092679083463679],[-6.7839741308777697,34.092559253313517],[-6.7839991890423255,34.092447356738546],[-6.7840305283636058,34.092393430701421],[-6.7839702168328273,34.092313714973209],[-6.7839588446644337,34.092273661575739],[-6.7840329018787964,34.092205862826781],[-6.7840859202731085,34.092165088113333],[-6.7840584557667158,34.09212520958571],[-6.7840138917292396,34.09202299951302],[-6.7839850642905457,34.091898296094833],[-6.7839139590080393,34.091814240713788],[-6.7838538616707815,34.091747931145385],[-6.7837456192497392,34.091691076413511],[-6.783669783465526,34.091647261878762],[-6.7836375148821464,34.091643147403147],[-6.7835784871280653,34.091643798520884],[-6.7835460074118297,34.091626298500948],[-6.7835236881084144,34.091572963525451],[-6.7835331392858969,34.091492487084786],[-6.78360815431967,34.091404957408031],[-6.7836717286921182,34.091432908555987],[-6.7837200979748538,34.091436843602764],[-6.7837847037828505,34.091449524141247],[-6.7838281276388095,34.091480302934812],[-6.7838873008467013,34.09148858013743],[-6.7839999783626084,34.091487336921197],[-6.7840540660961484,34.091513532049291],[-6.7840604337040178,34.091575972094184],[-6.7840985564824914,34.091611271604322],[-6.7841683202686518,34.091610501768052],[-6.7842327840208103,34.09161425991369],[-6.7842916600667698,34.091645974581638],[-6.7843201650813647,34.091596924426959],[-6.7843773117001449,34.091590334346641],[-6.7844361992073416,34.091580754356308],[-6.7849338399015329,34.091151075472602],[-6.7849761968540081,34.091114887602338],[-6.7849752709937494,34.09105684711168],[-6.7849002216262599,34.091062135372837],[-6.7848629392072093,34.091080409804178],[-6.7848358910716691,34.091067316069768],[-6.7848189424057965,34.091013924715995],[-6.7847753059065772,34.090969753535774],[-6.7847210046505237,34.090930163295738],[-6.7846772237231061,34.090877066333995],[-6.7846337167937012,34.090841826425923],[-6.7846060366323275,34.090788550799303],[-6.7845997419648088,34.090730569566034],[-6.7846529136647744,34.090698732851237],[-6.7847065706141203,34.090698139610218],[-6.7847443393739733,34.090711114117106],[-6.7847877642990211,34.090741893477379],[-6.7848313337188042,34.090781594060033],[-6.7848693983171424,34.090812432572889],[-6.784901875871304,34.090829934984853],[-6.7849393728778065,34.090825052338886],[-6.785009125201328,34.090824283056051],[-6.7850681556244998,34.090823630327293],[-6.7850946911093795,34.090805475408516],[-6.7850942638082845,34.090778690885642],[-6.7850564971342626,34.090765716460567],[-6.7849856662973291,34.090740459672659],[-6.7849644874042561,34.090717613562113],[-6.7849588421685203,34.090699815798864],[-6.7849476121066683,34.090668686431954],[-6.7851522981870955,34.09071553968186],[-6.7852216317222869,34.090687983858032],[-6.7853544913764416,34.090606146088689],[-6.7854073786652123,34.090556439466198],[-6.7854435782302236,34.090471209573785],[-6.7853985147260492,34.090337747553512],[-6.7852776183174406,34.090160477307009],[-6.7852872102157527,34.090088931870504],[-6.7853176239613173,34.089976964021055],[-6.7852845746625663,34.089923748725504],[-6.7851816216492509,34.089862374467714],[-6.7851702501253577,34.089822308504857],[-6.7852066740551953,34.089750466745265],[-6.7853336021076789,34.089632973347655],[-6.7854721138476481,34.089568924962578],[-6.7856325893945568,34.089535901596619],[-6.7858252698505073,34.089502510482369],[-6.7859375993776734,34.089478949618083],[-6.7859957639655741,34.089424726589478],[-6.786048352137005,34.089357165563833],[-6.7860520128326423,34.089249962657142],[-6.7860887121844815,34.089195976778015],[-6.7861737924552052,34.089145914928949],[-6.7862159340285082,34.089096330284377],[-6.7861291432811273,34.089039247700327],[-6.7860855049546442,34.088995077866379],[-6.7860738470287121,34.088937158629385],[-6.786115062074443,34.08882954069324],[-6.7862053597165684,34.088770492900956],[-6.7863163337508023,34.088662103906429],[-6.7863893147024212,34.088527345489958],[-6.7864839026581318,34.08840126831555],[-6.7866322852772809,34.088283535434691],[-6.7867494892125908,34.088228659306935],[-6.7867760980644691,34.088214965513608],[-6.7869481684950452,34.088235392569821],[-6.7870669238476014,34.088278730539614],[-6.7871159960827629,34.088327307687344],[-6.7871652909708455,34.088389274735732],[-6.7872300376109926,34.08841087838961],[-6.7872781179144281,34.088396956934439],[-6.7873202606467045,34.088347370978163],[-6.7873300646867403,34.088289219858453],[-6.7873888673846547,34.088275169839939],[-6.7874150589540632,34.08823468944545],[-6.7874250768855422,34.088189928333044],[-6.7874674313551635,34.08815373957821],[-6.7874722316759577,34.088117964433465],[-6.7874501984401565,34.088082490627727],[-6.7873646940833394,34.088105766091047],[-6.787303258219044,34.088135055726838],[-6.7872520922165851,34.088111469359156],[-6.7871738717255843,34.088083580977163],[-6.7871596516329307,34.088008008594571],[-6.7871854199595552,34.087969326692786],[-6.7872223769701332,34.087931409354766],[-6.7872547398191951,34.087941769834437],[-6.7872978809229254,34.087954680550709],[-6.7873247859410002,34.087958854304965],[-6.7873461079776156,34.087949688403221],[-6.7873833744986776,34.087931416973333],[-6.787426300623066,34.08793094124546],[-6.7874537751034758,34.087970818995302],[-6.7874436880994837,34.088011119455629],[-6.7874548452499672,34.088037787120406],[-6.787514088940287,34.088050530459334],[-6.7875784030256616,34.088045349440058],[-6.7876211161907163,34.088031477303872],[-6.7876743444862457,34.088004099138068],[-6.7877276441582648,34.08798118879713],[-6.7877702156425839,34.087958388115787],[-6.7877913916696837,34.087940293692256],[-6.787779661392487,34.087877910347963],[-6.7877949074709427,34.087824163994284],[-6.7877831772213169,34.087761781549119],[-6.7877555576370057,34.087712966392289],[-6.7877438977862754,34.087655053604301],[-6.7876677801370233,34.087593375407884],[-6.7875586822116345,34.087482959304388],[-6.7874874279037263,34.08738997738692],[-6.7874271266153823,34.087310274773856],[-6.7873669572234538,34.087239498029156],[-6.7873331964199393,34.087141631747095],[-6.7874802937890433,34.086943540503235],[-6.7875911212224711,34.086826222716205],[-6.7876761140810729,34.086771703815991],[-6.7877458717797259,34.086770932012335],[-6.7877786381095868,34.086806287927431],[-6.7878332948930034,34.086868193615949],[-6.7878825050283913,34.086925691811551],[-6.7878993209023228,34.086970165078313],[-6.7879589898271568,34.087009686479163],[-6.7879909714330777,34.086995942880286],[-6.7880115771613685,34.086942123638842],[-6.7879943331885828,34.086870873946573],[-6.787982817089893,34.086821888733404],[-6.7879604248894321,34.086764087495858],[-6.7879543510900087,34.086719502577019],[-6.7879429797963802,34.086679437704476],[-6.7879528523831301,34.086625748059248],[-6.7880055109703425,34.086562656667958],[-6.7881002351560964,34.086445515702806],[-6.7881583227487541,34.086386822876918],[-6.7881946021393409,34.086306048933523],[-6.7882364578249845,34.086238605652213],[-6.7882948416598161,34.08619777682749],[-6.7883692451587478,34.086152302907763],[-6.7884006529600471,34.086102834451609],[-6.7884855039470766,34.086039383769766],[-6.7885974712373711,34.085993495663132],[-6.7887625957179853,34.085915756421677],[-6.7888951569083842,34.085816056889549],[-6.7889633448426645,34.085717068304405],[-6.7890308140261082,34.085573431870706],[-6.7891086503445663,34.085407356292961],[-6.7892029432403094,34.085263429871738],[-6.7893568349042601,34.085154563474056],[-6.7895422631259867,34.085037686315282],[-6.7895587348935331,34.085027304855068],[-6.7896865052617077,34.084963369682868],[-6.7897989013628814,34.084944261423566],[-6.7898795942640771,34.084956767765625],[-6.7900511564577091,34.084945937292581],[-6.7902224954034445,34.084921707633853],[-6.7903613536498542,34.084879987577374],[-6.7904572167055255,34.08483427538139],[-6.7905045100154977,34.084771230619815],[-6.7905085961389053,34.084690812833088],[-6.7904588698713493,34.084602062459112],[-6.7904366933010456,34.084557658833262],[-6.7904181610313934,34.084406052981244],[-6.7904282483456893,34.084365748592425],[-6.7905348546016198,34.084319916318925],[-6.7906415191818814,34.08427854473743],[-6.7906838011414541,34.08423789507777],[-6.7906828000958299,34.084175393828986],[-6.7906599061654882,34.084086336074336],[-6.7905826457980671,34.083953241532711],[-6.7905005152125613,34.083851449897175],[-6.7904727514394336,34.083793716698537],[-6.7904612342207287,34.083744723537059],[-6.7904925100106643,34.083686327674087],[-6.7905448053489792,34.083600914831408],[-6.7906508970204769,34.083523827447586],[-6.7907418296795177,34.083504959900047],[-6.7908171592443773,34.083517523301197],[-6.7908925602846599,34.083534547297504],[-6.7909836976252738,34.083529067916089],[-6.7910899394481303,34.083460908569094],[-6.7915883249837323,34.082921811389916],[-6.7913071629380317,34.082701422493194],[-6.7912263232046257,34.082640669920586],[-6.7906734879893298,34.082225196879328],[-6.7905929146121267,34.082164642055069],[-6.7899088902883031,34.081650565670536],[-6.7891782145256068,34.081090847566742],[-6.7884935540781361,34.080563583668997],[-6.7881975274686992,34.080339597041096],[-6.7880016288597957,34.08018091452572],[-6.7882785899421494,34.079897845336426],[-6.7878175866984636,34.079537271084646],[-6.7841394557833281,34.076635806093549],[-6.7829562086198516,34.075711402568963],[-6.7829532298538631,34.075709123981014],[-6.782698578414724,34.075514403739682],[-6.7826600189090609,34.075481144848283],[-6.7826467710689711,34.075342851810518],[-6.7825249451887331,34.075178643538855],[-6.7824195623986787,34.075036601684481],[-6.7818895485999677,34.074409613480142],[-6.7814382536970728,34.073867566730428],[-6.7814014712877508,34.073813025886082],[-6.7813705421902428,34.073756024343233],[-6.781345697679777,34.073696998758713],[-6.781327131233633,34.073636394321667],[-6.7812913892891613,34.073550981622894],[-6.781226479161651,34.073484783004204],[-6.7811565100237852,34.073422255580354],[-6.781081778771191,34.07336366843186],[-6.7810026058339545,34.073309271441182],[-6.7809852094126102,34.073291962641413],[-6.7807798213783865,34.073082904862588],[-6.7791055017108679,34.071344748303225],[-6.7781040863218847,34.070248339657638],[-6.7772538135205789,34.069317381976433],[-6.7774647390697451,34.069073175576008],[-6.7780342401953941,34.068130188499211],[-6.7783619430901592,34.067624058685844],[-6.7785430712781372,34.067393247376721],[-6.7786396618701108,34.067281014351586],[-6.7787314008626733,34.067166000071389],[-6.7788181734257238,34.067048342890402],[-6.77889986711285,34.066928194664271],[-6.7789763781618184,34.066805708054851],[-6.7797799918920241,34.065637025374748],[-6.7806068566414934,34.064353355291694],[-6.7801378306654581,34.064043891307968],[-6.7794541220735196,34.063538661472805],[-6.7786948566730159,34.063082221888131],[-6.7785204511882275,34.062424767313679],[-6.7783006620227857,34.061572684613864],[-6.7778346332692196,34.059880812570334],[-6.7775872274313,34.058916362836349],[-6.7784968718078424,34.058291411108698],[-6.7782154509613326,34.058160509198252],[-6.7779636589746204,34.057998811004985],[-6.7771605241786634,34.057482062531349],[-6.7763305451975242,34.056897674143606],[-6.7755936147119336,34.056345848967048],[-6.775415660646015,34.056233389330288],[-6.7751370290888175,34.056004050424285],[-6.7747063917594108,34.055672691459456],[-6.7737341094923398,34.054877235674674],[-6.7727231003797872,34.054091485419121],[-6.7728191087501388,34.053876105740379],[-6.7729074007207162,34.053658447602672],[-6.7729878971034649,34.053438707592029],[-6.7730605273079405,34.053217077689787],[-6.7731252272745373,34.052993751608319],[-6.7731952754179234,34.052776753831033],[-6.7732576199211838,34.052558134062686],[-6.7733122053198835,34.052338081410213],[-6.7733589870275495,34.052116787565794],[-6.7733979247921567,34.051894444172746],[-6.7734289805014667,34.051671241045931],[-6.7740173448759693,34.046689688536866],[-6.7751013304281029,34.037510273820182],[-6.775585268877137,34.035448769440357],[-6.7722936585080431,34.035675948505485],[-6.7720544310891828,34.034283132724809],[-6.7714157284711538,34.034377243096976],[-6.7693370633514123,34.034812839556224],[-6.7691485156593147,34.033102762452316],[-6.7689340719417626,34.033062001076132],[-6.76883853522778,34.03284333290982],[-6.7616081786158109,34.03213374950964],[-6.7545002973061381,34.031431525553728],[-6.7544282483291926,34.031452848503335],[-6.7533264300142406,34.033205018512739],[-6.7530699316484082,34.033598591348976],[-6.7523479174220844,34.033228826898295],[-6.7531115166181266,34.032180649673663],[-6.7537053196301828,34.031148559514982],[-6.7500467056746674,34.030679426184186],[-6.7493891273748527,34.030605755535859],[-6.7345048745619724,34.029168343859453],[-6.7276002005674549,34.028508216852039],[-6.7274992344731048,34.028479867630828],[-6.7272828770157931,34.028444097518324],[-6.7270677914140578,34.0284013396628],[-6.7268542032913823,34.028351638916988],[-6.7266423367004018,34.028295047416655],[-6.7264324138878768,34.028231624525958],[-6.7262246550615572,34.028161436775115],[-6.7260192781591828,34.028084557790635],[-6.7258164986198699,34.028001068218124],[-6.725616529158116,34.027911055637617],[-6.7254195795406675,34.027814614471772],[-6.7252258563664702,34.027711845886778],[-6.7250355628499499,34.027602857686254],[-6.7248488986078447,34.027487764198163],[-6.7246660594498033,34.027366686154856],[-6.7244872371729878,34.02723975056648],[-6.7243126193608749,34.027107090587677],[-6.7235360610056096,34.026569913263437],[-6.7233122932003315,34.026405865112643],[-6.7230851059949623,34.026246586111597],[-6.722854601016893,34.02609214751039],[-6.7226208813776491,34.025942618393856],[-6.7223840516267677,34.025798065650697],[-6.7224549582453852,34.025668901817546]]]},"properties":{"prefecture":"Salé","arrondissement":"Laayayda","type_arrondissement":"Commune","nom":"PAU Salé - Laayayda","Etat_PA":"PA Homologué","num_decret":"02-18-695","num_bo":"6710","date_homo":"19/09/2018","date_apparttion_bo":"20/09/2018","objectid":2059,"shape.STArea()":24855490.173047055,"shape.STLength()":30750.865969275768}},{"type":"Feature","id":2060,"geometry":{"type":"Polygon","coordinates":[[[-6.7625898146678978,34.076643159884057],[-6.7625175765079062,34.076580414990374],[-6.7624496630078594,34.076513012987775],[-6.7623863737893668,34.076441251241242],[-6.7623279880725731,34.076365446350124],[-6.7622747634442977,34.076285932751368],[-6.7627100844386572,34.075909157696728],[-6.7621095247740728,34.075441763003056],[-6.7619067281990795,34.075496368139973],[-6.7615009712562264,34.075884603910467],[-6.7608020741557597,34.076564923761531],[-6.7606401739068129,34.076716541823146],[-6.7604155007190778,34.07691167735625],[-6.7600323733934458,34.077338320111387],[-6.7590579910487447,34.078321278054027],[-6.7563430504534763,34.080957295220827],[-6.7565868647922658,34.081157001142124],[-6.7571140265853575,34.081603113192287],[-6.758073770391742,34.082375482569574],[-6.7586685914530493,34.082802737360893],[-6.7591766034824579,34.083105235780621],[-6.7598672734861811,34.083558210110994],[-6.7608580949904971,34.084397767310463],[-6.7622039204886581,34.085648223181224],[-6.762291598106283,34.085710701061807],[-6.7628247566163147,34.085205589640161],[-6.7635045740675048,34.084591285356979],[-6.7650644939925106,34.08309344673421],[-6.7671903337229278,34.081081851498418],[-6.7673059630588854,34.080980109256373],[-6.7679592302384952,34.080339795993325],[-6.7680234416685234,34.080280722797809],[-6.766408486472943,34.079305816558389],[-6.765467664152002,34.078700254912896],[-6.7646587238589007,34.078219877482425],[-6.7645621908122493,34.078171744833746],[-6.7639129341805759,34.077701893736865],[-6.7625898146678978,34.076643159884057]]]},"properties":{"prefecture":"Salé","arrondissement":"Laayayda","type_arrondissement":"Arrondissement","nom":"PAS Laayayda","Etat_PA":"PA Homologué","num_decret":"02-21-939","num_bo":"7045","date_homo":"30/11/2021","date_apparttion_bo":"06/12/2021","objectid":2060,"shape.STArea()":585469.10284343502,"shape.STLength()":3205.8773604674911}},{"type":"Feature","id":2061,"geometry":{"type":"Polygon","coordinates":[[[-6.8249616193489357,34.043972189097552],[-6.8250938406340307,34.044028549690211],[-6.8251693742483051,34.043924824366954],[-6.8252191595901701,34.043944838911592],[-6.8252571644052153,34.043892630801317],[-6.8252650903505625,34.043882781615167],[-6.8252861227038881,34.043882675063394],[-6.8252921601710135,34.043868790760783],[-6.8254288033656136,34.043905440987722],[-6.8257077013872598,34.043971172763904],[-6.8258072619425993,34.043945480866043],[-6.8258765327374,34.043821895130804],[-6.825908118499048,34.043799022621918],[-6.8259792294354025,34.043687695675722],[-6.826018021533879,34.043654508609997],[-6.8261058452466976,34.043532200658078],[-6.8261609615255949,34.043462902965558],[-6.8263295959656043,34.043281548489531],[-6.8265406061722844,34.043083230876476],[-6.8268502945674499,34.042747805666615],[-6.8269977650978424,34.042574331698532],[-6.827295223259962,34.042231209099064],[-6.8272369605530692,34.04217661337087],[-6.8275717925973272,34.04178081224314],[-6.827598406743296,34.041780225971884],[-6.8277774309729002,34.041878163352699],[-6.8278743421252397,34.041741292721582],[-6.8282585677593737,34.041209882563393],[-6.8287243003982105,34.040627424537448],[-6.8288026941286128,34.040638032524818],[-6.8288962315127311,34.040563770914694],[-6.8291155372768069,34.040172151805976],[-6.829442475895644,34.039474591351315],[-6.8294489480860125,34.039048232345714],[-6.828852913051688,34.038529492989042],[-6.8285437992935947,34.03829692095097],[-6.8286513281831569,34.038208065601609],[-6.8284946590247193,34.03810931098365],[-6.8283234413300944,34.038027695076558],[-6.8282729433417169,34.038008979538638],[-6.8279924905806837,34.037857901422711],[-6.8276881207106204,34.037662091936689],[-6.8273941809475289,34.037395447565935],[-6.8270261683387821,34.036850021948148],[-6.8270642422965748,34.036817445955705],[-6.8269180990687186,34.036616622479841],[-6.8268797612378362,34.036633130163978],[-6.8265714514317875,34.03619630364269],[-6.8265205327735314,34.03615187995694],[-6.8261133284595328,34.036040803894004],[-6.8259174049709364,34.035968295066738],[-6.8257666283228167,34.035851901631418],[-6.8255328161486073,34.035719569416315],[-6.8252571693001745,34.035626276292177],[-6.8248894663701885,34.035569391256658],[-6.8241034623367298,34.035242206809777],[-6.824014818409931,34.035383066423947],[-6.8238995758603336,34.035401429893412],[-6.8238112584302328,34.035312381681159],[-6.8236029603579675,34.035252663013758],[-6.8238324441380902,34.035111232083288],[-6.8231812558004474,34.034701630969096],[-6.822777994162494,34.034410577746826],[-6.8220685640012544,34.033759724037878],[-6.8215892006426415,34.033357463385748],[-6.8214012028710762,34.033503280940984],[-6.8214649336281168,34.033559700546427],[-6.820720909399971,34.034113179377357],[-6.820013496408456,34.033578740409077],[-6.8193289524092133,34.03467704925999],[-6.8194055685895734,34.034670166242336],[-6.8201538995970701,34.035032131841824],[-6.8204707651567915,34.035144422297321],[-6.8205803976951236,34.035306326662372],[-6.8200002054840816,34.035605565452286],[-6.8192182472144722,34.035944612730347],[-6.8187404570126127,34.035526496870915],[-6.8181544844472297,34.036397872304327],[-6.8179840921475856,34.036602295922819],[-6.8176681676905684,34.036879071576756],[-6.8171953401973218,34.0372411872806],[-6.8168301800819222,34.037500380823055],[-6.8171831284706323,34.037913079906915],[-6.8171525632217733,34.037932707346769],[-6.8171841244264355,34.037974133955395],[-6.8172108861427754,34.037957760151471],[-6.8178412992439155,34.038734875276674],[-6.817806930449108,34.03875776554824],[-6.8178306646237345,34.038792850216424],[-6.817872861068472,34.038776301699045],[-6.8181684035624661,34.039142587000661],[-6.8181378381035387,34.03916221467145],[-6.8181699496456307,34.039193497832606],[-6.818196057328751,34.039180846911911],[-6.8185185217751627,34.039540388361907],[-6.8184422076527031,34.039595895918367],[-6.8184852962858145,34.039633972089483],[-6.8185810695074629,34.039587894254169],[-6.8189352049851388,34.039995298917809],[-6.8189161656422277,34.040011576643771],[-6.818994988562233,34.04011032244032],[-6.8190293685578816,34.040087440749424],[-6.819386996616899,34.040472303041611],[-6.8193260227832662,34.04052119810094],[-6.8193701888375067,34.04054824999595],[-6.8193955595292621,34.040523630415088],[-6.8197969904506683,34.040809683254253],[-6.8197751933892867,34.040837527189517],[-6.819814217187214,34.040862797364923],[-6.8198330988611513,34.040836871341327],[-6.820249792524355,34.041106732739188],[-6.8202278663491231,34.041131313463431],[-6.8202706939761741,34.041153329763013],[-6.8202974034613089,34.041133736259795],[-6.8206915005756246,34.041389655957524],[-6.8206650021548301,34.041418842990502],[-6.8207039631442639,34.041440902962933],[-6.8207382905710334,34.041414801755117],[-6.8210147317915615,34.041599553846432],[-6.8208863018221049,34.04177460051973],[-6.8209876251863077,34.041831315637722],[-6.8210557543205823,34.041746967554595],[-6.8211258811552504,34.041784745320861],[-6.8211788903894233,34.041719850439812],[-6.8215384721570587,34.0419457037085],[-6.8215043658465966,34.041984654192568],[-6.8215316956940475,34.042003635162381],[-6.8215619984470406,34.041967938441488],[-6.8222939862270238,34.042443585052233],[-6.8222651639177636,34.042467793432721],[-6.8223041891722831,34.042493062817094],[-6.8223307934957376,34.04246704880854],[-6.8227008534158591,34.042692707711048],[-6.8226747616056649,34.042723486842583],[-6.8227116940141785,34.042744721461744],[-6.822736418051079,34.042716356805357],[-6.8231230071074602,34.042981959833391],[-6.8231040732149362,34.043004667273777],[-6.823141166749493,34.043025737601958],[-6.8231658889691866,34.043007185168207],[-6.8235675795125861,34.043267943724494],[-6.8235147291187124,34.043324630817331],[-6.8235535971642873,34.043340260668757],[-6.823595531556462,34.043307651039591],[-6.8240193609393947,34.04348925172831],[-6.8240005325580224,34.043518388394865],[-6.8240531989089783,34.043537062970486],[-6.8240699138191463,34.043511178979053],[-6.8245353434848415,34.04368064514896],[-6.8245210342843219,34.043708540078107],[-6.8245444037471961,34.043721135103311],[-6.8245632846308633,34.043695208396045],[-6.8249983371800118,34.043856044501695],[-6.8249616193489357,34.043972189097552]]]},"properties":{"prefecture":"Salé","arrondissement":"Bab Lamrissa","type_arrondissement":"Commune","nom":"PAS de la Médina de Salé","Etat_PA":"PA Homologué","num_decret":"02-18-796","num_bo":"6722","date_homo":"25/10/2018","date_apparttion_bo":"01/11/ 2018","objectid":2061,"shape.STArea()":751328.959403535,"shape.STLength()":4061.8344903121924}},{"type":"Feature","id":2062,"geometry":{"type":"Polygon","coordinates":[[[-6.6966231441843336,34.15684967859243],[-6.6987023482407722,34.158539061409492],[-6.7027239165933672,34.161368633616476],[-6.7057573584559327,34.163583677110751],[-6.7057503898479975,34.16358919560178],[-6.7058777783738748,34.163671605132748],[-6.7080927870044063,34.165853988774408],[-6.7097053513876013,34.167209694675101],[-6.7123651399758693,34.169810984836225],[-6.715774300075215,34.172512831900505],[-6.7172554344068214,34.173899149753893],[-6.7186589360885405,34.175388355632727],[-6.7188341174095561,34.175208613296732],[-6.7192424341474837,34.174374968144868],[-6.7204818293852941,34.172708659645885],[-6.7210190575756972,34.171653820411926],[-6.7216167091629533,34.170618327151075],[-6.7228252977833121,34.169189382958237],[-6.7241797310180722,34.167306548381625],[-6.7243984543314097,34.166664734422191],[-6.7250566099721061,34.165658559598299],[-6.7258222772995966,34.16435470456981],[-6.7266015662678678,34.16340719593363],[-6.7273951583240343,34.162609415007744],[-6.7278671252304303,34.162014876554395],[-6.7285189733723474,34.161213220329074],[-6.7288822457822599,34.16058985160182],[-6.7294006075332256,34.159884901025457],[-6.7300048130618704,34.159288953078821],[-6.7308087551651274,34.158167581555091],[-6.7309910135435933,34.15775937138698],[-6.7312672479664295,34.157333031659761],[-6.7317335069696664,34.15673347180369],[-6.7320112362792033,34.156405014169707],[-6.732474673512149,34.155646968646614],[-6.7327117670251413,34.155358097296116],[-6.7331299040424062,34.154720860562321],[-6.7333859184167828,34.154321653785246],[-6.7336946758432372,34.15390475066225],[-6.7340910563756617,34.153380053226293],[-6.7346278225967602,34.152589364267222],[-6.7349114943056243,34.152265731247319],[-6.7352366229235869,34.151765437484251],[-6.7360362787692383,34.150841972723761],[-6.7367051049670366,34.150032537783204],[-6.7368291308540869,34.149862342092092],[-6.7371357799106022,34.149501745860746],[-6.7375565869057619,34.148844474062891],[-6.738298851953755,34.148039786879671],[-6.7384491484183888,34.147854623195812],[-6.7386387460458952,34.147544221561077],[-6.7388217134097124,34.14734541525732],[-6.7388587478447706,34.14726425443375],[-6.7389094123637241,34.147111971624696],[-6.7390804720556599,34.14693637481404],[-6.7392416770019468,34.146694802270751],[-6.7393954779813638,34.14654631287658],[-6.7394911055129914,34.146444947210789],[-6.7395044328256866,34.146354248126848],[-6.739544186025781,34.146258371048532],[-6.7396187058971471,34.146125411722736],[-6.7398007938118525,34.14598912085836],[-6.7399291537039714,34.145909432304101],[-6.7400634743914241,34.145834574134994],[-6.7401534740289062,34.145750398023829],[-6.7402256951001069,34.145659069987147],[-6.7403359278877755,34.145550203263646],[-6.7404342350952291,34.145431675469446],[-6.7405482089017692,34.145374166777579],[-6.7406474565367258,34.145316815274626],[-6.7407167302248032,34.145225518411173],[-6.7407115938577391,34.145083619070746],[-6.7406192929211572,34.144975390355647],[-6.7406172890152352,34.144845695206293],[-6.7406824804536019,34.144681017744496],[-6.740818271337365,34.144510689186824],[-6.7410236747369501,34.144271092076977],[-6.7414193584534043,34.143890963475663],[-6.7416390249770979,34.143621842405018],[-6.7418207140746071,34.143372703597258],[-6.7420967818471551,34.143132346365242],[-6.7422165010629929,34.143024139313454],[-6.7422874651882152,34.142852055601601],[-6.7423924101471435,34.142782403102274],[-6.7425412601530086,34.142695150832239],[-6.7426935441748004,34.142639676907095],[-6.7427453353132343,34.142560804384644],[-6.7427201151851506,34.14245338440309],[-6.7427184489992582,34.142345712430192],[-6.7428048165769683,34.142217520131304],[-6.7429097235637858,34.142145420037735],[-6.7429462217231517,34.142029998890102],[-6.7430457221617939,34.141798870223568],[-6.7431449786743203,34.141675756750644],[-6.7432742707454452,34.141657240282456],[-6.7434161027548374,34.141687538399339],[-6.7435074621454065,34.141691456447909],[-6.7435388265157883,34.141625038094183],[-6.7434819717751973,34.141566907605103],[-6.7434517697478249,34.141518280144837],[-6.7434684520779742,34.141454468302598],[-6.7436234880644221,34.141386726044182],[-6.7436639544636314,34.141337344774428],[-6.7438246911432076,34.141257302637946],[-6.743926348724556,34.141165657033433],[-6.7439658304523684,34.141052650211257],[-6.7439207525553249,34.140994393797499],[-6.7438344874975318,34.140939025913134],[-6.7437486783546019,34.140913020841673],[-6.7436945396675423,34.140840176125586],[-6.743751575133234,34.140719640610897],[-6.7439093664391239,34.140639631670737],[-6.7441128322277848,34.140554824488326],[-6.7442002205732736,34.140492701904826],[-6.7443199610678839,34.140427784291056],[-6.7444350999963527,34.14044613037327],[-6.7444751115737729,34.140367383216841],[-6.7443912980591998,34.140280171433595],[-6.7443190371637201,34.140178152419729],[-6.7443788627140826,34.14004779472635],[-6.7445043791988271,34.139975473329109],[-6.7446810490321907,34.139973580591175],[-6.7447814644938076,34.139992084101664],[-6.744896906372766,34.140030006828347],[-6.7449345009376955,34.139985550057666],[-6.7449182261578695,34.139885376237743],[-6.7448962462723445,34.139797502147708],[-6.7449861634770691,34.139708430749522],[-6.7451265882391196,34.139648184838364],[-6.7451810149424478,34.139549702601165],[-6.7452177290348629,34.139410486486355],[-6.7452385126749279,34.13923159687932],[-6.7452924490279171,34.139101301801254],[-6.7454264521012819,34.139006861496881],[-6.7455607194144207,34.138929550093586],[-6.7456770962627859,34.138837745122437],[-6.7456869383661093,34.138712817706384],[-6.745708177905275,34.138527661727963],[-6.7456966880234264,34.13835646154115],[-6.74580511981741,34.13813257796788],[-6.7459399805333877,34.1379035139542],[-6.746088361980644,34.137786891690133],[-6.7463559420149855,34.137674949796242],[-6.7465250091126636,34.137562999264929],[-6.7466577161526669,34.13738535499877],[-6.7467415108784969,34.137281662645002],[-6.7468450402118467,34.137121464953864],[-6.7468579026114348,34.137001399107547],[-6.7468409761896098,34.136859627758284],[-6.7469654571412683,34.136721231170789],[-6.7471287105680613,34.136614236335262],[-6.7472568208154966,34.136519857169382],[-6.7473347396036365,34.136367724770075],[-6.7473257381280041,34.136167127301263],[-6.7473667502365933,34.135963545333219],[-6.7474525726076564,34.13580108958044],[-6.7475182382908727,34.135668220721591],[-6.7477892128478327,34.13548174863476],[-6.7479201115552794,34.135377547692357],[-6.7480363568360531,34.135205621145793],[-6.7483002600372393,34.134943352637613],[-6.7484911251367148,34.134718580645192],[-6.7487778968944037,34.134412009484116],[-6.7490361443692253,34.134094159419654],[-6.7491634118115371,34.133945942073737],[-6.7493372915693577,34.13376540530269],[-6.7494737714460342,34.133641563130624],[-6.7495949201635739,34.133478724911747],[-6.7497223728061595,34.133342742688271],[-6.7498196636947165,34.133160582234964],[-6.7500408390532378,34.132931273706347],[-6.7502347522824984,34.132713809533641],[-6.7502862259938459,34.132615354656345],[-6.7503760148857399,34.132518936821789],[-6.7503630936734185,34.132445651196775],[-6.7503760647664501,34.13233292707497],[-6.7505420962266598,34.132216109182778],[-6.75055261499105,34.132135227757857],[-6.7506486695342014,34.132063215960073],[-6.7508023434259377,34.132098274259818],[-6.750895870724543,34.132053213418274],[-6.7508239148565616,34.131970774903174],[-6.7508110716864058,34.131902382661693],[-6.7508475931073333,34.131789404959889],[-6.7509525963875987,34.131651785396521],[-6.751042722077309,34.131577390450111],[-6.7512146029571216,34.131458059277833],[-6.7513155945497498,34.131324806822278],[-6.7513874826806743,34.131213895638844],[-6.7514348682176983,34.131042062219578],[-6.7515948534427146,34.130915515935193],[-6.7517427971158108,34.130771967186817],[-6.7518676867016758,34.130604818762045],[-6.7519866453523969,34.130490952555313],[-6.7521324445174216,34.130398824092481],[-6.7522576322744348,34.130306917558336],[-6.7523528444405576,34.130181069105561],[-6.7524534514514345,34.130023346056525],[-6.7525391821176699,34.129855990337134],[-6.7526044756313679,34.129655568477105],[-6.7527432386344213,34.129490090315485],[-6.752925591127223,34.129287429652408],[-6.7531085914145139,34.129126370116694],[-6.753295760267001,34.128855126339865],[-6.7535052596237817,34.128648392441931],[-6.7535655595866713,34.128549840787343],[-6.7535260661067733,34.128471947754647],[-6.7535095502738116,34.128357094465201],[-6.7535828534015288,34.128148264399471],[-6.7537376794489665,34.127829307689396],[-6.7539285529836679,34.127606973002493],[-6.7541249333479394,34.127360104821435],[-6.7543672313723171,34.127036866492432],[-6.7546567468410164,34.126720462385379],[-6.7548921584313808,34.12652211992787],[-6.7551072183548806,34.126473756756461],[-6.7552266649614383,34.12639170014171],[-6.7553065736177809,34.126229301976927],[-6.7554108394112031,34.126118038451082],[-6.7555705422097585,34.125974357731181],[-6.7555629752226363,34.125866748764473],[-6.7554821104059934,34.125779512037873],[-6.7554711773119678,34.125645018091596],[-6.7556301529039313,34.125454844223341],[-6.7557923292456215,34.125201383221118],[-6.7558941465583979,34.125121963935811],[-6.7560224564588891,34.125042257373899],[-6.7561574235936179,34.125011428089259],[-6.7562477684642408,34.124951712057822],[-6.7564302944467007,34.124761279842488],[-6.7565105829441281,34.124623353143946],[-6.7566369439255078,34.124418844191823],[-6.7568746751510123,34.124181313485742],[-6.7570350095708571,34.124006283586745],[-6.757186337473482,34.123892062803151],[-6.7573471814214727,34.123821794066352],[-6.7575644608417651,34.123782731037529],[-6.7576370631200016,34.123718308981424],[-6.7577332173486537,34.123653634750163],[-6.7578244019761629,34.123647752054616],[-6.7579366173041819,34.123668566668378],[-6.758035485052746,34.123589174768711],[-6.758043129880634,34.123513219465387],[-6.7579826072636395,34.123408631178755],[-6.7579337410344795,34.123296575838417],[-6.757934772382618,34.123174190255213],[-6.7579558322386726,34.123014874504882],[-6.7580255658836075,34.122867945242305],[-6.7581269954573591,34.122764051700123],[-6.7585067145552742,34.122569036861456],[-6.758627263459954,34.122557940526583],[-6.7588163997221189,34.122602396177037],[-6.7589486068467766,34.122583831503206],[-6.7590762619849087,34.122462520206057],[-6.7591743225608605,34.122331739992347],[-6.7591691574122486,34.122189842758402],[-6.7591528652024406,34.122089670089622],[-6.7591683442559543,34.121949995887142],[-6.7592581089657289,34.121853569502434],[-6.7594522303467155,34.121756828625124],[-6.7594862327290954,34.121750472090788],[-6.7596606719789003,34.121717857616929],[-6.7597510876761104,34.121663032374592],[-6.7597551366446043,34.121545509090602],[-6.7598592750103457,34.121426901123499],[-6.7599635291980915,34.121315633593447],[-6.7599680719907003,34.121229921448808],[-6.7599203963056924,34.121193725619896],[-6.7598215231722953,34.121084658623701],[-6.7597927279721022,34.120938120483309],[-6.7598295398197656,34.120844716838327],[-6.7599491659109558,34.120774889474255],[-6.7601756132506123,34.120757749586794],[-6.7603319022188568,34.120773188249551],[-6.7604046566228435,34.120718553970484],[-6.7604009098111559,34.120621331432233],[-6.7603650356224456,34.120398997450458],[-6.7604923019957743,34.120253214921469],[-6.7605652713722293,34.120024805626599],[-6.7606892492042876,34.11985703134264],[-6.7606846538944918,34.119751837688398],[-6.7606852847085577,34.119390157556211],[-6.7607646055479007,34.11919104905779],[-6.7609432813984203,34.118944360933185],[-6.7611713134217482,34.118653080905951],[-6.7614999648075882,34.11832950080931],[-6.7616595674952809,34.118180917564587],[-6.7618055136196382,34.117912556946571],[-6.7619592532486132,34.117578024495032],[-6.7620946538827011,34.117388097385657],[-6.7621495594980523,34.117263442825056],[-6.7623003268293793,34.117114954585517],[-6.7625742351564559,34.116933311449174],[-6.7627159779585924,34.116772685542024],[-6.7628599751769611,34.116567977830449],[-6.763097091408004,34.116293728190861],[-6.7632833273546868,34.116089562980939],[-6.7634415951117806,34.116043786976377],[-6.7636140817672521,34.115966039635829],[-6.7637011996366638,34.115889220841595],[-6.7638933672616268,34.115752519320445],[-6.7641070083788728,34.115483417041148],[-6.7641549321042236,34.115327203827846],[-6.7641063701048285,34.115234725933618],[-6.7639430469482908,34.115145943192609],[-6.7638764046938125,34.11502674118065],[-6.7638419081296428,34.114892501577081],[-6.7638396779858176,34.114750571216049],[-6.7638987645282116,34.114576154086116],[-6.7640818672574765,34.114424865279638],[-6.7642604653047096,34.114361736844614],[-6.7644042053528652,34.114328355377268],[-6.7646747572785708,34.114223780989875],[-6.7648858128287301,34.114165192853861],[-6.7649704056471531,34.114115323849916],[-6.7650189083480941,34.114016894192304],[-6.7651354973768179,34.113942200338656],[-6.7651431351418099,34.113866244300517],[-6.7650862071556377,34.113803229523675],[-6.7650258324395915,34.113708433778811],[-6.7650242930455402,34.113610547629683],[-6.765069584962867,34.113495022557913],[-6.7652299574693719,34.113347250211497],[-6.7653551452588365,34.113257777117418],[-6.765441873919583,34.113156486389414],[-6.7655023420571725,34.11307016413911],[-6.7656034047390365,34.112944240646684],[-6.7657167416493458,34.112850001008461],[-6.7657830550866311,34.112761168306996],[-6.7658700138012264,34.112674560189269],[-6.7660426456245064,34.11260659711867],[-6.7661716253133148,34.112570926698204],[-6.766344136807743,34.1124956226951],[-6.7664280380679411,34.112401703844718],[-6.7664415235423467,34.112323236403711],[-6.7664111439903198,34.112265436027087],[-6.7662152519042449,34.112164773000288],[-6.7660840818999093,34.11206095739621],[-6.7659703007669929,34.111939822019515],[-6.7658979610560781,34.111832918118495],[-6.7658959170069481,34.11132875078755],[-6.7660239809183294,34.11115315931206],[-6.7662350666380959,34.111097017791664],[-6.7664910753873819,34.111089332730771],[-6.7667671094000452,34.111044718969239],[-6.7669907763038513,34.111039835492036],[-6.7671695997451273,34.11099138302248],[-6.7674671615255741,34.111005272234877],[-6.7676619683870349,34.110925518065663],[-6.7678398624832079,34.11081833473942],[-6.7680115634748468,34.110691638971609],[-6.7680950711648826,34.11057324832678],[-6.7680696746675002,34.110456042489943],[-6.768144660118101,34.110357325340431],[-6.7684344828947616,34.110253814748788],[-6.768585887572514,34.110146921038819],[-6.7686874021350274,34.110050359018459],[-6.7687920558260597,34.109966002351499],[-6.7689608888772534,34.109844230749445],[-6.769289430281602,34.109661258905689],[-6.7695000083418719,34.109573298823271],[-6.7697341737688026,34.109487525733307],[-6.7698738373653891,34.109383206167379],[-6.7700376633843478,34.109317780228139],[-6.770211136179018,34.109303647859804],[-6.7703351469860911,34.109326770090981],[-6.7704093889588899,34.109367566185817],[-6.7704749584071457,34.109418248188248],[-6.7705935844378899,34.109473245701892],[-6.7707380438565146,34.109486352927028],[-6.7708881211698202,34.109482265550945],[-6.7709229017502386,34.109447620303818],[-6.7709003368835772,34.109294369248303],[-6.7708577356522506,34.109206723719915],[-6.7706944180158599,34.109117949535765],[-6.7705670746859514,34.109070389180459],[-6.7704804423426923,34.108990568167279],[-6.7704639077400772,34.108875713482099],[-6.7704975291938378,34.108767657242936],[-6.7705432319557195,34.108679046937276],[-6.7706366883553821,34.108631521951587],[-6.7707400580694994,34.108652419900089],[-6.7708618946536587,34.108724514242105],[-6.7709529897881247,34.108713730313717],[-6.7710989211776109,34.108633814819314],[-6.7712007061080612,34.108554380757063],[-6.7712113574259281,34.108483288144228],[-6.7712093286234865,34.108330010128519],[-6.7712424066173948,34.108187691671759],[-6.7713092950533449,34.108135562291274],[-6.7713315638230993,34.108054551447601],[-6.7712531435100249,34.107935478991827],[-6.7711930378031369,34.107857815176551],[-6.7711762319266233,34.10772583313247],[-6.7711976546007264,34.107590983876136],[-6.771258305357243,34.107516895358238],[-6.7713042145627975,34.107429227581122],[-6.7712030580349936,34.107361804585416],[-6.7710983766333763,34.107257704516798],[-6.7710201076422303,34.107148421459215],[-6.7709845253423646,34.106945665602794],[-6.7709827088145174,34.10683065004585],[-6.770998359376831,34.106703210203989],[-6.7710759752582881,34.106584878976435],[-6.7713552508621371,34.106373787486739],[-6.7715860532664252,34.106222874519943],[-6.7716335354835726,34.106060818585405],[-6.7717674621296746,34.105966347929076],[-6.7718626590706839,34.105842930559177],[-6.7719786113246743,34.105729076456754],[-6.7720423236761054,34.105602222752509],[-6.7721027800022195,34.105515897955563],[-6.7721098693962034,34.105405680993549],[-6.7721435637367859,34.105302518491612],[-6.7721920931328503,34.105206531951907],[-6.7722142055780949,34.10511573131258],[-6.7722751643333696,34.105061221300822],[-6.7724272515823749,34.104998368004836],[-6.7726094625017828,34.1049792414358],[-6.7727647245573257,34.104931041194938],[-6.7730175006888,34.104906247584509],[-6.773138579314459,34.104865182059378],[-6.7732259883672068,34.104807931767795],[-6.7733434860231627,34.104791960056602],[-6.7734574233704627,34.104736866771788],[-6.7735562554047348,34.104657464730337],[-6.7736731375518779,34.104602339000934],[-6.7737583743342702,34.104594063796135],[-6.773825760882251,34.104573746091333],[-6.773886640755336,34.104514339160701],[-6.7739414388252959,34.104442759982057],[-6.7740845389769779,34.104370214527513],[-6.7745447136124461,34.104303985529249],[-6.7746564439728427,34.10429541761836],[-6.7747621301880265,34.104277126405186],[-6.7748699453818091,34.104207413388671],[-6.7749610697033491,34.104199073737782],[-6.7750200909422018,34.104208218086278],[-6.7751124556453632,34.104278182038541],[-6.7751867375933159,34.104321424318265],[-6.7752277082192451,34.104306289686157],[-6.7752738733748989,34.104247043368524],[-6.7753173636823627,34.104204959451749],[-6.7754022886197625,34.10417710405676],[-6.7754843934339579,34.104156624083231],[-6.7755793125776931,34.104202087444932],[-6.7757339167358728,34.104298291908144],[-6.7758939395373785,34.104365068436273],[-6.7760126773552543,34.104427400627102],[-6.7761336643702075,34.104445654207623],[-6.7762214578909248,34.10441287252528],[-6.7762627050677748,34.104374433761841],[-6.7763975520251272,34.104338688161548],[-6.7764378283685165,34.104279506017093],[-6.7764284940617738,34.104247789821777],[-6.7764452225783591,34.104188866032175],[-6.7764913437152137,34.1041271730532],[-6.7764614854358491,34.104100576321628],[-6.7764160169175689,34.104017859994038],[-6.7764094304771056,34.103973875717159],[-6.7764728619927501,34.103889965443223],[-6.77656360099241,34.103857151188016],[-6.7766610784447057,34.103878108907274],[-6.7767404294800144,34.103869896251375],[-6.7767863949608431,34.103798412712486],[-6.7767910022004019,34.10371759451715],[-6.7766767901648359,34.103569549674468],[-6.7766866989708134,34.103451957700202],[-6.7766732466440427,34.103340568798536],[-6.7766550049706495,34.103304056085193],[-6.7766010960494532,34.103245907385599],[-6.7765208520168736,34.103197837075847],[-6.7764289496532806,34.103157237389418],[-6.776331434281837,34.103133833224568],[-6.7762750871143904,34.10310752705373],[-6.7762390697709352,34.103063867432049],[-6.7762556430009528,34.10299515499544],[-6.7763024231616358,34.102975061087811],[-6.776364231383913,34.102974382976633],[-6.7763968801691421,34.102991157874044],[-6.7764467993747761,34.102983268306531],[-6.7764812259197535,34.102926597879481],[-6.7764891243679797,34.102867768230382],[-6.776491212509459,34.102813899310291],[-6.7765166540472146,34.102747538912197],[-6.7765128973705462,34.102696180807399],[-6.7764946558999073,34.102659668061158],[-6.7764404748044171,34.10258439006185],[-6.776468664060503,34.102505759779326],[-6.7765597475943649,34.102494969094963],[-6.7765647042079253,34.102436174416219],[-6.7765022367407823,34.102395252684843],[-6.7764629285615889,34.102329600038317],[-6.7765416972312593,34.102284680968886],[-6.7765497896177109,34.102238088010395],[-6.7765075060981133,34.102182723720716],[-6.7764510043158177,34.10214663077516],[-6.7764066232035622,34.102132432203497],[-6.7763557722912564,34.102081594394591],[-6.7763520545374902,34.102032683432938],[-6.7762785087205941,34.101849925754316],[-6.7761822684895918,34.101721262115511],[-6.7761046942987013,34.101470016947864],[-6.7761154958708403,34.101408710559973],[-6.7761592141362375,34.10136046873793],[-6.7761348913300035,34.101311786499146],[-6.7761606041955016,34.101262552665105],[-6.7761984763144936,34.101237663120536],[-6.7762208594583369,34.101163991720085],[-6.7761789163091679,34.101117947672847],[-6.7760836511186016,34.101050461143011],[-6.7760293938048806,34.100970288590759],[-6.7760188963578054,34.100865159232093],[-6.7760439885775696,34.100776774408089],[-6.7760873215950452,34.100724900609933],[-6.7761905951830022,34.100694422790141],[-6.7762616016316155,34.10066681501786],[-6.7763132084593476,34.1006509202874],[-6.7764179940475175,34.100645936889116],[-6.7764815892884585,34.100659611689736],[-6.7765362599449359,34.100691588895899],[-6.7766020066092851,34.100695657094846],[-6.7766124489126662,34.100627515041012],[-6.7765942708466502,34.100571184592617],[-6.7766298356480359,34.10048839424929],[-6.7766257106492871,34.100446280378463],[-6.7765930250356652,34.100419810273436],[-6.7765297967978722,34.100406503961786],[-6.7764935624451876,34.100374324453959],[-6.7764946397411414,34.100296704932923],[-6.7765202124044235,34.100237977081221],[-6.7765529694031246,34.100196416242703],[-6.7766007851309968,34.100159483416682],[-6.7766765234667741,34.100139489097643],[-6.7767493673148467,34.100154976867245],[-6.776800563835506,34.100186034338201],[-6.7769409618247716,34.100246773410824],[-6.7770239790559383,34.100249694063315],[-6.7772259025553137,34.100189330432649],[-6.7773451566501421,34.100188021121618],[-6.7773909746123726,34.100184466226665],[-6.7774454837210847,34.100150302175955],[-6.7774925546959244,34.100110116134275],[-6.7775429347737886,34.100047006876331],[-6.7776009916854418,34.100005174240486],[-6.7776519284309726,34.099977152068021],[-6.7777035881456653,34.099994892950171],[-6.7777362503220884,34.099971648273687],[-6.7777646393329398,34.099910308156552],[-6.7777564991297972,34.099860046103764],[-6.7777777647472996,34.099812515612228],[-6.7778481560037784,34.099738505054546],[-6.7778854504436197,34.099660283868104],[-6.7778611609227175,34.099595288197548],[-6.7778735208304051,34.099564637820208],[-6.7779169223112623,34.099524491909591],[-6.7779679070911829,34.099499519992214],[-6.7780055402862329,34.099442653288811],[-6.7780812822530976,34.099243474398229],[-6.7780928396732953,34.099162484041862],[-6.7781135721515486,34.099081391081775],[-6.7782669339226267,34.099032408318315],[-6.7783284682339549,34.098978329816866],[-6.7784314916901058,34.098845090084644],[-6.7784741901279455,34.098760706557229],[-6.7785297577424117,34.098677703893557],[-6.7786110805458488,34.098598998597268],[-6.778674181777526,34.098528119461811],[-6.7787269248382431,34.098498551058313],[-6.7787630128399181,34.098460011120864],[-6.7787770365653897,34.098418660060965],[-6.7787702981324136,34.098340922525026],[-6.7787402871781923,34.098300058161236],[-6.7785904998827178,34.098210516703112],[-6.7785111921966248,34.098069493747715],[-6.7784579789151103,34.097954121797855],[-6.7784413434764152,34.097830718322037],[-6.7784750359836305,34.097757113300894],[-6.7785201534137567,34.097709319621707],[-6.778653961813542,34.097700220423448],[-6.7788422728147371,34.097656954634353],[-6.7790614844507378,34.097595041507255],[-6.7791586235474304,34.097587869903506],[-6.7792818127859595,34.097603298682081],[-6.7794357541110069,34.097590926351387],[-6.7795589378551782,34.097555114189554],[-6.7795933113143541,34.097524221508429],[-6.7796492165157751,34.097462578256447],[-6.7797078756864932,34.097458881261431],[-6.7797477529009766,34.097427926197],[-6.7797429930293047,34.097359320584921],[-6.7797985828245979,34.097277845663299],[-6.7799085278466844,34.097153050831423],[-6.7800612945245637,34.09704072168347],[-6.7801388981136563,34.096959004403317],[-6.7801794168593537,34.096890555347969],[-6.7756576597326008,34.093861695869236],[-6.7748055938473151,34.094817969977647],[-6.772591506622117,34.09343294296319],[-6.7718406676478926,34.09295556629403],[-6.7704746459289638,34.0921034466027],[-6.7685482121732807,34.090903432686332],[-6.767579839438441,34.090297571906504],[-6.7689132383485946,34.088930264538149],[-6.7681685956518338,34.088548744082573],[-6.768071884630829,34.088496431583842],[-6.7679708723189593,34.088450083808034],[-6.7678660904403607,34.088409945658142],[-6.7677580896975442,34.088376228463417],[-6.7676474375615392,34.0883491072981],[-6.7675347140367847,34.088328727340794],[-6.7674205136590659,34.088315193030731],[-6.7672765423728336,34.088321655925682],[-6.7671323645490924,34.088321129829666],[-6.7669884680399628,34.088313617541978],[-6.7668453410380041,34.088299143504571],[-6.7667034710487952,34.088277757420741],[-6.7665633394430271,34.088249532510375],[-6.7664254224969049,34.088214562793453],[-6.766290187142415,34.088172968546942],[-6.7661580941322654,34.088124890859298],[-6.7660295915515016,34.088070492602839],[-6.7659051159147978,34.088009959323287],[-6.7653208779063112,34.087649419578142],[-6.764598103346704,34.087218718665106],[-6.7639449796683175,34.086829733841782],[-6.763180485139725,34.086373368319933],[-6.7626597727194877,34.085973043512169],[-6.7622039104663756,34.085648206155057],[-6.7608580849686257,34.084397750284218],[-6.7598672634645984,34.083558193084606],[-6.7591765934610626,34.08310521875422],[-6.7586685814318699,34.082802720334428],[-6.7580737603706487,34.082375465543052],[-6.7571140165645422,34.081603096165701],[-6.7565868547716859,34.081156984115438],[-6.7555033786146597,34.080269508165934],[-6.7549943048840122,34.079846995312103],[-6.7539045031338754,34.079201514051441],[-6.7523054164348704,34.078243446465173],[-6.7514381555177598,34.077715976172946],[-6.7502525971609781,34.076997425709315],[-6.7490878430844568,34.076279477156277],[-6.7481349297853903,34.07571469246858],[-6.7471827439046175,34.075129134984529],[-6.7459131947255688,34.0743665438318],[-6.7449638586774192,34.073772650970255],[-6.7434254537665632,34.072793133788018],[-6.7420891922344985,34.071910743857735],[-6.7406188466338168,34.0709191303267],[-6.7381918350244066,34.070042869927597],[-6.7380671762974949,34.069987253136148],[-6.737946764453052,34.069925495338993],[-6.7378310375027644,34.069857819140154],[-6.737720412158553,34.069784471721704],[-6.7376194438574233,34.069707955824626],[-6.7375244481904319,34.069626314084886],[-6.7374358029028034,34.069539868052885],[-6.7373538557158446,34.069448960341731],[-6.7372789318140063,34.069353948234244],[-6.7372113263301889,34.069255208272054],[-6.7371513064017519,34.069153129018709],[-6.7370991090732932,34.069048115590959],[-6.7370549400748185,34.068940580653305],[-6.7370189738914945,34.068830948925964],[-6.7369913515554325,34.068719654503155],[-6.7369721838275369,34.068607136309481],[-6.7369615457667269,34.068493837255978],[-6.7369594789388838,34.068380206922107],[-6.736965991279253,34.068266692538728],[-6.7369810582314384,34.068153742583135],[-6.7370046183592258,34.068041803218826],[-6.7370365798200735,34.067931316422502],[-6.7370768170873792,34.067822718215737],[-6.7371251698402821,34.06771643687312],[-6.7371814483811683,34.067612892864489],[-6.7372454292329991,34.067512494393128],[-6.7373168605853575,34.067415639141394],[-6.737395460029858,34.067322707982136],[-6.7374809178533015,34.067234067649608],[-6.7375728959401835,34.067150069849241],[-6.7376710319957116,34.067071043998332],[-6.7377749364068498,34.066997304474512],[-6.7378842018403002,34.066929140593224],[-6.7379983946585558,34.066866822110846],[-6.7381170656983622,34.066810595502275],[-6.7382397448257674,34.066760682215829],[-6.7397374919091657,34.06473937516261],[-6.7378659371700884,34.063761007401943],[-6.7367185169744159,34.062740822432779],[-6.736266084553419,34.062064166383621],[-6.7358656997051254,34.061598973111899],[-6.7361936118810553,34.060901944551972],[-6.7356055957671588,34.060813766974221],[-6.7327526069522001,34.060081759747021],[-6.7320442844159434,34.059905044536677],[-6.7307124870860964,34.059287193445719],[-6.7306041242020633,34.058203035859428],[-6.7296658934315685,34.052672278721005],[-6.7292402667545934,34.052412640953797],[-6.7247530667131459,34.049810678054889],[-6.7266464713245382,34.047572795011007],[-6.723652612354833,34.045989421681632],[-6.7237552571515717,34.04585530748885],[-6.7244655542092975,34.044902303354128],[-6.7267785128521256,34.041904926963369],[-6.7267785617007183,34.041904862414768],[-6.7271037749183442,34.041479890782924],[-6.7314535388086014,34.040734189788971],[-6.7313278366645912,34.038101418880771],[-6.7311975439749148,34.035372375717238],[-6.7311961729066914,34.035372257704985],[-6.7285392279746823,34.035143986151311],[-6.7285392322008954,34.035143554117347],[-6.728538541261754,34.035143495604956],[-6.7285491941918529,34.031448620872254],[-6.7283252526462114,34.031205757568927],[-6.7259825134594804,34.032596336339331],[-6.7237713844334444,34.030563046186813],[-6.7196840010898748,34.030780804806213],[-6.7201295490394788,34.031587784077026],[-6.7187475837978736,34.033315858178788],[-6.7166171395997125,34.032120748806783],[-6.7165363425015912,34.030362977600589],[-6.7210680255734969,34.025057964646969],[-6.7208567845547513,34.025003915939692],[-6.7206433545572501,34.024956195741417],[-6.7204280105159757,34.024914866078127],[-6.7202110282961698,34.024879979047348],[-6.7199926858177337,34.02485157951191],[-6.719773263055429,34.024829705099826],[-6.719568555476747,34.024825129052289],[-6.7193637833897606,34.024826717555136],[-6.7191592142443071,34.024834467792623],[-6.7189551142842996,34.024848368846719],[-6.7187517518377087,34.024868404367837],[-6.7185493918065688,34.024894546320134],[-6.71834829794249,34.024926762172207],[-6.718090711110559,34.024973876211206],[-6.7178345500746017,34.02502610359543],[-6.7175799605418627,34.025083413039802],[-6.7173270882075968,34.025145772358556],[-6.7166294034253013,34.025321320812978],[-6.7159332465836714,34.025501031216635],[-6.7152386553872345,34.025684895982685],[-6.7145456642653256,34.025872905755584],[-6.7128407745741923,34.026334499420585],[-6.7111346227043311,34.026792872214813],[-6.7070703137839009,34.027889907962134],[-6.7049123361139573,34.028470879705466],[-6.7027565182560309,34.029057418093004],[-6.7006028792386614,34.029649516718798],[-6.6993567970237695,34.029978757164152],[-6.6981129355845201,34.030313778143046],[-6.6968713324702094,34.030654570310141],[-6.696019856165889,34.030874224559454],[-6.6951670966293504,34.031090408671702],[-6.6943130755469973,34.031303117889465],[-6.6935476223201107,34.031482803046728],[-6.6927842512704245,34.03166853509142],[-6.6920230323959133,34.031860296201913],[-6.6917889013760288,34.03190952637754],[-6.6915529130119689,34.031952169174268],[-6.6913153341741198,34.031988174936664],[-6.6910764340349331,34.032017503006216],[-6.6908364840411751,34.032040119917717],[-6.6885635832961379,34.03244032669263],[-6.6688898667816252,34.032407108757504],[-6.6651944514681487,34.031949260160673],[-6.6635212246555602,34.033081892760848],[-6.6603065110764739,34.034821117517396],[-6.6571764432178666,34.036755881485504],[-6.6540378445635167,34.037938869051878],[-6.6535936841351235,34.039357506113845],[-6.6513818402562865,34.039748673725427],[-6.6471967537299763,34.042313824152735],[-6.6454168761845009,34.03974599813634],[-6.6436027527849904,34.03867112993656],[-6.6408980370957842,34.038865753268766],[-6.6397798465403124,34.04182049086306],[-6.6401321739768617,34.043079748500446],[-6.6412701384010049,34.044261644641878],[-6.6406011210505751,34.045216516784372],[-6.6390243616355722,34.044699316677978],[-6.6360422486602841,34.041366218759876],[-6.636520306333435,34.041156845941003],[-6.6358077353781439,34.038879201415057],[-6.6350068225093883,34.036494633884573],[-6.6340597620745623,34.034144243534733],[-6.6324619473049218,34.033396585978295],[-6.6306810905050417,34.031757028301691],[-6.6305728653332006,34.031636659844729],[-6.6305438109642774,34.031552351822789],[-6.6305616191329202,34.031421195416257],[-6.6306303170088601,34.031238374873709],[-6.6306871115942698,34.031082958345436],[-6.6306968710440675,34.030962113279315],[-6.6306982836494095,34.030830435102139],[-6.6306769589942496,34.030713306913952],[-6.6305622867645893,34.030600505985277],[-6.6303237680675782,34.03042138309177],[-6.6301882460305439,34.030224875868221],[-6.6300950451635483,34.029950182329344],[-6.6299970477510186,34.02979969674994],[-6.6299626065860187,34.029682014420537],[-6.6299686474189272,34.029587812157544],[-6.62993050425123,34.02944014903597],[-6.6299173501031445,34.029147615854953],[-6.6299222531894753,34.02892490599244],[-6.629672821420872,34.028890779789137],[-6.6254723359341279,34.026595767537664],[-6.6239638570084542,34.025908742343006],[-6.6133615814082809,34.024686271842853],[-6.6017576949449177,34.023117882381726],[-6.5721799160633489,34.048009885039534],[-6.5659576196637817,34.053700047370121],[-6.5589098210258756,34.059608350235521],[-6.5517709301777982,34.065798613401938],[-6.5531851392656648,34.073905003898602],[-6.555131724272,34.085060475558336],[-6.5572658766662792,34.097287472622966],[-6.5586901011424077,34.105445181141846],[-6.5592900710453987,34.106074757772767],[-6.5671141478667963,34.110537427882413],[-6.5793371384001524,34.117507224304795],[-6.5744921129696108,34.124869899164466],[-6.5769938162066026,34.124980536428382],[-6.5841848138730423,34.125009502671119],[-6.6075075614368144,34.125100615079404],[-6.6324805993101617,34.125193367303815],[-6.6517831150307662,34.138918834197092],[-6.6559780499116847,34.141941540329171],[-6.6659569484843004,34.149190239842795],[-6.6778463639619909,34.157723367329417],[-6.6833851658911057,34.161816814230562],[-6.6870864664113663,34.160175832681325],[-6.6885467807048231,34.155565094478618],[-6.6902024135342213,34.15356025204094],[-6.6966231441843336,34.15684967859243]]]},"properties":{"prefecture":"Salé","arrondissement":"Ameur - Sidi abi al kanadil","type_arrondissement":"Commune","nom":"PA Ameur - Sidi abi al kanadil","Etat_PA":"PA en phase d'Homologation","num_decret":null,"num_bo":null,"date_homo":null,"date_apparttion_bo":null,"objectid":2062,"shape.STArea()":210495355.40734053,"shape.STLength()":70068.837219953566}},{"type":"Feature","id":2063,"geometry":{"type":"Polygon","coordinates":[[[-6.6876178516065909,33.955017554328023],[-6.6872689372028855,33.95534154468001],[-6.6869263216484036,33.955670170758566],[-6.686590093521243,33.956003346927368],[-6.6862603392268234,33.956340986670476],[-6.6859371441062398,33.956683004384757],[-6.6856205934386201,33.957029309958287],[-6.6853107670970457,33.957379813334512],[-6.6850077471500153,33.957734426237806],[-6.6847116101666284,33.958093054135738],[-6.6844224349379804,33.958455606080086],[-6.6841402947956272,33.958821987570872],[-6.6838652641575482,33.959192104096537],[-6.6835974130906894,33.959565859385847],[-6.6833368116663614,33.959943157167018],[-6.6829420128833315,33.960231559390749],[-6.6825528601756856,33.960525242502982],[-6.6821694552063216,33.96082412885422],[-6.6817918974919408,33.961128141719236],[-6.6814202865141743,33.961437201668161],[-6.6810547184730185,33.961751226599254],[-6.6806952906556045,33.962070134400157],[-6.6803420949427572,33.96239384301397],[-6.6799952264271552,33.962722267645546],[-6.6796547726040538,33.963055321773723],[-6.6793208253023746,33.963392918833165],[-6.6789934698228892,33.963734969619644],[-6.6786727925797749,33.964081386721183],[-6.6783588777476934,33.964432077337371],[-6.6780518084638523,33.964786951383772],[-6.6777516624189888,33.96514591612577],[-6.6774585205153043,33.965508876089864],[-6.6771724572059981,33.965875738573843],[-6.6768935501290834,33.966246406333028],[-6.676621870446823,33.966620783090264],[-6.6763574892860547,33.966998769862599],[-6.6761004767220031,33.967380269480913],[-6.6758508984522535,33.967765181212599],[-6.6756088223428831,33.968153404302164],[-6.6753743097704374,33.968544838059586],[-6.6751474220888198,33.968939379990417],[-6.6749282195604742,33.969336926708657],[-6.674716759191142,33.969737373958651],[-6.6745130969083597,33.970140617494721],[-6.6743172853694128,33.970546551299819],[-6.6741293761794251,33.97095507117011],[-6.673949418702894,33.971366067512392],[-6.6737774602087523,33.971779435263038],[-6.6736135446562601,33.97219506488134],[-6.6734577171162117,33.972612848617899],[-6.6733100161418344,33.973032676984666],[-6.6731704813581674,33.973454439579413],[-6.673039150241558,33.97387802692235],[-6.6729160559146186,33.97430332777278],[-6.6728012315158303,33.974730231790353],[-6.6726947068988025,33.975158625961029],[-6.6725965097944027,33.975588399996532],[-6.6725066668000101,33.97601944001115],[-6.6724252002115136,33.976451633964992],[-6.6723521333958677,33.976884868903987],[-6.6722874832137338,33.977319031036636],[-6.6722312687050973,33.977754007449789],[-6.6720725256569189,33.978428978045514],[-6.6719056572290931,33.979102587758646],[-6.6717306817346653,33.979774768729548],[-6.6715476174754782,33.980445452195681],[-6.6713564795344436,33.98111457122949],[-6.6711572905735137,33.981782058824969],[-6.6709500678179863,33.982447846226449],[-6.6707348328781322,33.983111868239718],[-6.6705116084092815,33.983774056953166],[-6.6702804138479523,33.984434346290229],[-6.6700412751149667,33.985092669205414],[-6.6697942159817334,33.985748959575709],[-6.6695392591266298,33.986403150386089],[-6.6692764316001432,33.987055177281555],[-6.6690057593335768,33.98770497321172],[-6.6687272693829014,33.988352473819312],[-6.6684409887808718,33.988997612942235],[-6.6681469478367488,33.989640326187953],[-6.6678451757674608,33.990280548272139],[-6.6675357018192374,33.990918215712647],[-6.667218557380119,33.991553263201006],[-6.6668937738678551,33.992185627231123],[-6.6665613859380173,33.992815243361449],[-6.6662214239453776,33.993442048996492],[-6.6659781129396514,33.993769902067278],[-6.6657417177577578,33.994101246198234],[-6.6655123106361218,33.994435982394869],[-6.6652899604880345,33.994774006284629],[-6.6650747373396531,33.995115215286809],[-6.6648667057945632,33.99545950597291],[-6.6646659293248769,33.995806771317618],[-6.66447247036285,33.996156907011169],[-6.6642863869742959,33.996509806081157],[-6.6641077372021664,33.996865359750998],[-6.6639365747620305,33.997223459286836],[-6.6637729523031464,33.997583996866403],[-6.6636169191640553,33.997946860190645],[-6.6634685247255687,33.998311939664411],[-6.6633278140146173,33.998679123931815],[-6.6631948287993783,33.999048300766852],[-6.6630696108376419,33.999419357040509],[-6.6629521986284432,33.999792178753545],[-6.662842627451119,34.000166653741765],[-6.662740932521757,34.000542665331054],[-6.6626471426146718,34.000920100518236],[-6.6625612875494458,34.001298843582795],[-6.6624833938993389,34.001678778835547],[-6.6624134860473871,34.002059788804353],[-6.6623515840867134,34.002441758764284],[-6.6622977080854815,34.00282457218588],[-6.6622518748385335,34.003208110767119],[-6.6622140968372028,34.003592258051889],[-6.6621843876299769,34.003976895768076],[-6.662209434850169,34.004591772272484],[-6.6622424314023316,34.005206389086268],[-6.6622833731457174,34.00582067319602],[-6.6623322549088524,34.006434555204855],[-6.6623890714673699,34.007047962107386],[-6.6624538176486992,34.007660824503752],[-6.662526484991985,34.00827307032025],[-6.6626070650487321,34.008884628383456],[-6.6626955493957949,34.009495429321923],[-6.6627919273909955,34.010105400177892],[-6.6628961884437432,34.010714471598874],[-6.6630083197701611,34.011322572449615],[-6.6631283096813974,34.011929632484126],[-6.6632561443083755,34.012535580575125],[-6.6633257616869619,34.01266446571266],[-6.6634027893858576,34.012790393763446],[-6.6634870476850327,34.012913068913804],[-6.6635783396401242,34.013032202737691],[-6.6636764500390644,34.013147516913016],[-6.6637811486108625,34.013258740484019],[-6.6638921911606603,34.01336561345731],[-6.6640093162687029,34.013467883227918],[-6.664132249739855,34.013565312651359],[-6.6642607033893473,34.013657671037564],[-6.664394376243683,34.013744742255476],[-6.6645329534317019,34.013826322940886],[-6.6646761115858695,34.013902221540235],[-6.6648235134542873,34.013972260168785],[-6.6649748154677049,34.014036273632584],[-6.6651296612822168,34.014094112199601],[-6.6652876882632466,34.014145640632186],[-6.6654485253203877,34.014190738209493],[-6.6656117961561634,34.014229298694438],[-6.6657771160440751,34.014261232170291],[-6.6659441004655591,34.014286463149801],[-6.6661123543082841,34.01430493248796],[-6.6662814859434931,34.014316597240196],[-6.6664510963979922,34.014321430771432],[-6.6666207890610254,34.014319419952734],[-6.6688234870620269,34.014250494243754],[-6.6698672938797916,34.014235596223841],[-6.6712301022991083,34.014184037427022],[-6.6716856329476695,34.014234504734581],[-6.6725425973192953,34.014202072328573],[-6.6741390850449225,34.014039512462048],[-6.6742893321638075,34.0140224574833],[-6.6744389568760516,34.014001957243643],[-6.6745878456775918,34.013978027329323],[-6.6752454943775987,34.013867948661385],[-6.6754195244102679,34.013834488105097],[-6.6755948019429798,34.013805898167995],[-6.6757711314605253,34.013782211498878],[-6.6759728766290838,34.013761249148594],[-6.6761754350660194,34.01374670483083],[-6.6763785114795553,34.013738600488821],[-6.6765818114891555,34.013736946334248],[-6.67742085247309,34.013743634171753],[-6.6806404167465532,34.013914292965254],[-6.6812067584986012,34.013984980838615],[-6.6822345140454562,34.013622347473316],[-6.6830248464682223,34.011998112428373],[-6.6840560373833071,34.010752906281468],[-6.6855095422057156,34.008953883436043],[-6.6859612727448017,34.008424630632838],[-6.6887970212904149,34.00664017617342],[-6.6905409956282895,34.005480210588601],[-6.6911748384687808,34.005082093084027],[-6.6942028210761624,34.005164783880964],[-6.6952612498043216,34.002587375830409],[-6.697810056490189,33.999714139282425],[-6.7025115643515365,33.998230662954199],[-6.7042898305243064,33.997554947825641],[-6.7057614198886615,33.996958621168808],[-6.7095838710339759,33.995525641940652],[-6.7123016394012831,33.995434448603724],[-6.7151064770355022,33.995890768954375],[-6.7195003709245205,34.000762697353309],[-6.7208879055784783,34.003002550983389],[-6.7228473697533095,34.000628048587743],[-6.7235261272491496,33.999796286700757],[-6.7257856996929046,33.998002737238387],[-6.7270620524966303,33.996732652592009],[-6.7276638561819677,33.995725201719942],[-6.7298499884209049,33.993667359376026],[-6.7298363850430301,33.993634756843434],[-6.7296033426955324,33.993142382763274],[-6.7302714592047712,33.992185274001741],[-6.7303387199084925,33.992088918166019],[-6.730668156737587,33.99161697315985],[-6.7307528059877821,33.991495703967544],[-6.7296641552314274,33.990581285161966],[-6.7301056107050794,33.990086426300714],[-6.7308815752754052,33.989444088251076],[-6.7316620280404811,33.990193133928933],[-6.7317309479239809,33.990094182054818],[-6.7319104685441999,33.989836233932941],[-6.7320557940080663,33.989629079098464],[-6.7320828407885758,33.989595994932451],[-6.7321032204956222,33.989564198276653],[-6.7321841597494734,33.989442439834725],[-6.7322664006200501,33.989325442905205],[-6.7323870538745103,33.98916447605135],[-6.7325140474446368,33.989006930974305],[-6.7326472432100433,33.988852980480189],[-6.7327318877855253,33.988759019423128],[-6.7328197732899184,33.988667145930556],[-6.7329108251186875,33.988577437448704],[-6.7330256106288449,33.988468184399743],[-6.7321634053543065,33.987975127113636],[-6.7331469802302761,33.98692203758084],[-6.7341555816907182,33.98762073824021],[-6.7343303398482925,33.987518567065301],[-6.7345094192155992,33.987421727477418],[-6.7346925857367799,33.987330346410879],[-6.734879599836308,33.98724454364492],[-6.735070216404913,33.98716443090192],[-6.7352641858958568,33.987090112737718],[-6.7354612554075155,33.987021686530177],[-6.7356611665174899,33.986959242502515],[-6.7358636574065258,33.986902860994917],[-6.7360684640235817,33.98685261786342],[-6.7362753167272773,33.986808577301105],[-6.7365937223400332,33.986753563641543],[-6.7367746346803523,33.986728660795926],[-6.7369564056418101,33.986708555511854],[-6.7371388504114424,33.986693266894186],[-6.7373217862861052,33.986682810418927],[-6.7396312531962428,33.98618755564496],[-6.7396698661313428,33.985931465869584],[-6.7400701728820893,33.983423444592923],[-6.739759189548888,33.983331260515619],[-6.7391018359832522,33.982976031082778],[-6.7384035881436963,33.982517538412566],[-6.7378014093959759,33.982021857935365],[-6.7375981069174298,33.981848698919705],[-6.7371519380629481,33.981432533480522],[-6.7366508418823043,33.981012177108717],[-6.736424112933288,33.980806519032903],[-6.7355974463708712,33.980195881415526],[-6.7348730565335684,33.978927503332322],[-6.7344058330046686,33.978109393047866],[-6.7344475488132147,33.97677248112948],[-6.7348352627873034,33.975783907094502],[-6.735916631158104,33.9753337110253],[-6.7363602639212434,33.974575126314043],[-6.7364122967426834,33.974497479559133],[-6.7368719615340771,33.973504037627571],[-6.7370193114781607,33.97339467417958],[-6.7379759216937263,33.973247332404938],[-6.7378143106323396,33.971897579986774],[-6.7381518522162143,33.969834348233782],[-6.7389719695475012,33.968482971267598],[-6.7398873651400937,33.967258826086898],[-6.7401146029328585,33.967127454828116],[-6.7413892793417993,33.966372233461612],[-6.7416687818245009,33.966497497971993],[-6.7417558129908493,33.96630076725414],[-6.7470861796112702,33.962076527194867],[-6.7463987727287966,33.96193997047444],[-6.746121485634319,33.961851532703868],[-6.7456809110201057,33.961792820843399],[-6.7459322355918516,33.960891630691371],[-6.7461008638655304,33.960413625654894],[-6.7468108474332231,33.959365599110214],[-6.7471090595103282,33.959114062444833],[-6.7479987941125152,33.958624884690323],[-6.7484184729987327,33.958445716714841],[-6.7486831324834577,33.95824843221461],[-6.7489721765686896,33.957934224784303],[-6.7496466148830061,33.957289759331623],[-6.7490550974069432,33.956735343432889],[-6.7485360540046981,33.956208115366472],[-6.7481331337236989,33.955672130483791],[-6.7491475116872408,33.955040380765318],[-6.7495082080804387,33.954807266509619],[-6.7498147933931483,33.954569276228355],[-6.7495462792529644,33.954095293524333],[-6.7485515773171905,33.953144070221732],[-6.7485400125923665,33.952715074569063],[-6.7474731257612355,33.952115416715728],[-6.7470584371502866,33.951882330412175],[-6.7464685788546133,33.951377451623102],[-6.7460358708631194,33.951229037209067],[-6.7456002399149746,33.951086689945377],[-6.7451618055720157,33.950950448200324],[-6.7447206938997519,33.950820351175622],[-6.7442770276589048,33.950696434502511],[-6.7438309317858725,33.950578734692122],[-6.7433825311169056,33.950467281945194],[-6.7429319527058729,33.950362110047742],[-6.7424793224527155,33.950263248290454],[-6.7420247662133761,33.950170723260364],[-6.7415684141702199,33.950084561499892],[-6.7411103943118178,33.950004787772919],[-6.7406508335010829,33.949931424151565],[-6.7401898618177691,33.949864490871235],[-6.7397276093262732,33.949804007267794],[-6.7393134543416062,33.949539674567021],[-6.738894259212004,33.949280920247098],[-6.7384701309946946,33.949027811657608],[-6.7380411799469879,33.948780413409089],[-6.7376075163216775,33.948538790113034],[-6.7371692524895508,33.948303003653564],[-6.7367265008170625,33.948073115915825],[-6.7362793768432772,33.947849184242692],[-6.7358279950486724,33.947631267793291],[-6.7353724731001741,33.947419422086355],[-6.734912926496702,33.947213702664911],[-6.7344494750197477,33.947014162321892],[-6.7339822384190011,33.946820852048283],[-6.73351133642685,33.946633821934533],[-6.7330368919901051,33.946453120234608],[-6.7325590269422264,33.946278793412105],[-6.7320778630995832,33.946110887030279],[-6.7315935265615554,33.945949443902776],[-6.7311061423282421,33.945794505954694],[-6.7306158342872546,33.94564611332077],[-6.7301227306094153,33.945504303386336],[-6.7296269572988265,33.94536911356137],[-6.7291286435610402,33.945240578518082],[-6.7286279175034114,33.945118732040143],[-6.7281249082572661,33.945003604294698],[-6.727619746033783,33.94489522543941],[-6.7271125599320163,33.944793623841804],[-6.7266034811715061,33.944698825143149],[-6.7260925129536853,33.944610833795366],[-6.7255799144968851,33.944529695732449],[-6.7250658191100428,33.944455432070058],[-6.7245503579225465,33.944388063047249],[-6.7240336652397925,33.944327604362115],[-6.7235158743109507,33.944274073529563],[-6.7229971172336631,33.944227483569634],[-6.7224775304046736,33.944187845655172],[-6.7219572469877171,33.944155171897194],[-6.7214364000636371,33.944129468998405],[-6.7209151248762229,33.944110743640962],[-6.7203935566554822,33.944099001607348],[-6.7198718295076834,33.944094245988481],[-6.7193500774980173,33.944096477172231],[-6.7188284357600381,33.944105694635503],[-6.7183070394134869,33.944121896955679],[-6.7177860224419517,33.944145079116772],[-6.7172655198975963,33.944175235191686],[-6.7167456657375961,33.944212358365441],[-6.7162265938514896,33.944256437316277],[-6.7157084381435945,33.944307461626444],[-6.7151913324915302,33.944365419076789],[-6.7146754117882885,33.944430292930242],[-6.7141608066136307,33.944502067399092],[-6.7136476518223693,33.944580723045298],[-6.7131360801203286,33.944666241357318],[-6.712626221983375,33.94475859933965],[-6.7121182089436635,33.944857772184065],[-6.7116121736311891,33.94496373597466],[-6.7111082453505224,33.945076461421152],[-6.7106065555996297,33.945195921016001],[-6.7101072325786122,33.94532208368048],[-6.7096104055585215,33.945454917424939],[-6.7091162026631981,33.945594385763989],[-6.7086247520599347,33.945740454919289],[-6.708136179673744,33.945893085726624],[-6.7076506125279263,33.946052239913733],[-6.7071681754310779,33.946217875625905],[-6.706688993194728,33.94638995100992],[-6.7062131894842665,33.946568419716854],[-6.7056950578149985,33.946644801839945],[-6.7051784780700823,33.94672817146234],[-6.7046635861232229,33.946818504638657],[-6.7041505189727024,33.946915780119468],[-6.7036394081140536,33.947019970401684],[-6.7031303904685409,33.947131048829597],[-6.7026235986047036,33.947248986991184],[-6.7021191650529888,33.947373753771117],[-6.7016172233879594,33.947505315339633],[-6.7011179039273392,33.947643637000787],[-6.7006213391557452,33.947788684038237],[-6.7001276593429075,33.947940418152761],[-6.6996369925569876,33.948098798364413],[-6.6991494690333635,33.948263783672431],[-6.6986652168066714,33.948435330395085],[-6.6981843617504984,33.948613394874727],[-6.6977070318390046,33.948797928924279],[-6.6972333507217856,33.948988884403029],[-6.6967634441895303,33.949186211345953],[-6.6962974347501705,33.949389857117978],[-6.6958354449291102,33.949599769987003],[-6.6953775961066295,33.949815893725152],[-6.6949240075029586,33.950038172127968],[-6.6944748004663817,33.950266546264814],[-6.6940300920080631,33.950500956349288],[-6.6935899980477984,33.950741341705594],[-6.6931546344429007,33.95098763715022],[-6.69272411601328,33.951239780217456],[-6.6922985553524459,33.951497703955759],[-6.6918780650447296,33.951761340513116],[-6.6914627544066585,33.952030620268246],[-6.6910527327456633,33.952305472699074],[-6.6906481082786842,33.952585826393538],[-6.6902489881050347,33.952871607246344],[-6.6898554749740358,33.95316273939379],[-6.6894676738170737,33.953459147852328],[-6.6890856862709187,33.953760754065357],[-6.6887096118127527,33.954067479498896],[-6.6883395498847662,33.954379242914179],[-6.6879755977564646,33.954695962193341],[-6.6876178516065909,33.955017554328023]]]},"properties":{"prefecture":"Salé","arrondissement":"Shoul","type_arrondissement":"Commune","nom":"PAS Retenue du Barrage Sidi Mohammed Ben Abdellah et de ses abords","Etat_PA":"PA Homologué","num_decret":"02-22-957","num_bo":"7225","date_homo":"24/08/2023","date_apparttion_bo":"28/08/2023","objectid":2063,"shape.STArea()":37534075.162193023,"shape.STLength()":27947.395706247586}},{"type":"Feature","id":2064,"geometry":{"type":"Polygon","coordinates":[[[-6.7276042571410493,34.128543841665696],[-6.7278120451933363,34.128407649867974],[-6.7280164102392073,34.128266373513036],[-6.7282172278874617,34.128120098591779],[-6.7284143759060999,34.127968914137597],[-6.7286077342967197,34.127812912172175],[-6.7292606463480515,34.127219058855275],[-6.7293978851458016,34.127080295243012],[-6.729558408978999,34.126942436387303],[-6.7296978326902206,34.126813866814842],[-6.7298327977913068,34.126680624450323],[-6.7299631477601674,34.126542863817953],[-6.7306049758430548,34.125840302808925],[-6.7309074968578919,34.125521981102963],[-6.7326531636113387,34.123659799334206],[-6.7323518141579193,34.123258808731769],[-6.7323958711712892,34.123218150889549],[-6.7324350228457019,34.1231727501522],[-6.7324687620137995,34.123123194636889],[-6.732496651621358,34.123070126281434],[-6.732518330388845,34.123014232528639],[-6.732533517491408,34.122956237421285],[-6.7325420161966516,34.122896892222904],[-6.7325437164130939,34.122836965686005],[-6.7325385961162798,34.122777234093675],[-6.7325267216340841,34.12271847120374],[-6.7325082467875097,34.122661438225514],[-6.7324834108980989,34.122606873959199],[-6.732452535687786,34.122555485225519],[-6.7324160211113364,34.122507937709628],[-6.7323743401753742,34.122464847337866],[-6.7323280328110879,34.122426772299136],[-6.7322776988800159,34.12239420581416],[-6.7322239904034866,34.122367569746316],[-6.7321676031163964,34.122347209136898],[-6.7321092674547183,34.122333387735459],[-6.7320497390935001,34.12232628458321],[-6.7319897891579128,34.122325991693778],[-6.7319301942341649,34.122332512861213],[-6.7318717263096755,34.122345763610895],[-6.7318151427728106,34.122365572293759],[-6.7317611766017462,34.122391682309882],[-6.7317105268695299,34.122423755432393],[-6.7315321925462364,34.122211919008201],[-6.731099773004301,34.121713336229455],[-6.7309036710268755,34.121524179790775],[-6.730517998357163,34.121230171513638],[-6.7294779614213622,34.120596907817571],[-6.7288241661718917,34.120210089090179],[-6.7282299593785737,34.119857833548593],[-6.726797178198332,34.119001300963205],[-6.7266203310879389,34.118882675204247],[-6.7264136501099605,34.118735848843713],[-6.7260802089433058,34.118481764900579],[-6.7261044960357133,34.118429457268192],[-6.7261225263867352,34.118374677183247],[-6.7261340546377832,34.118318170097929],[-6.7261389239114155,34.118260704965557],[-6.7261370679461319,34.118203063776669],[-6.7261285119980689,34.118146030917572],[-6.7261133724973137,34.118090382496383],[-6.7260918554635101,34.118036875781662],[-6.7260642537023276,34.117986238897444],[-6.7260309428209348,34.117939160914851],[-6.7259923761167073,34.117896282475179],[-6.7259490784087141,34.11785818707196],[-6.7259016388959338,34.117825393110763],[-6.7258507031393879,34.117798346854663],[-6.7257969642772855,34.117777416351466],[-6.7257411535927423,34.11776288642529],[-6.7256840305624115,34.117754954800631],[-6.7256263725214636,34.117753729411731],[-6.7252059789326273,34.117399377732085],[-6.7222927097894667,34.114953945833022],[-6.7222991382814623,34.114891971096014],[-6.7222987141376871,34.114829665288589],[-6.7222914425005209,34.114767783814543],[-6.7222774115322474,34.114707076933009],[-6.7222567913461688,34.11464828066218],[-6.7222298319441327,34.114592107855785],[-6.7221968601854698,34.114539239560301],[-6.7221582758241158,34.114490316757887],[-6.7221145466619374,34.114445932595039],[-6.722066202877043,34.114406625191172],[-6.7220138305958343,34.114372871114412],[-6.7219580647867287,34.11434507960363],[-6.7218995815617255,34.114323587606748],[-6.7218390899791274,34.114308655695567],[-6.7217773234468323,34.114300464906528],[-6.7217150308303939,34.114299114545851],[-6.7216529673736787,34.114304620985472],[-6.7215918855421908,34.114316917464592],[-6.7215325259000824,34.114335854899096],[-6.7214756081314526,34.114361203689029],[-6.7178510032834442,34.111741202649945],[-6.7174613609486169,34.111559006976982],[-6.7163364315839278,34.110761038280359],[-6.7161600937365327,34.110646475837562],[-6.7151836760543677,34.110089778412828],[-6.7150493643720788,34.110009820684972],[-6.7144014777494405,34.109633944567939],[-6.7143435195299066,34.109556889039098],[-6.7143066690260218,34.109475208735347],[-6.7143090749307035,34.109379906298052],[-6.714325356311396,34.109310879355519],[-6.7135357640981077,34.108788451701891],[-6.7134603395477992,34.108834974873744],[-6.7133708668052092,34.108861417057135],[-6.7132608947140744,34.108860808786659],[-6.7131151710274057,34.108803408633179],[-6.7129703315260363,34.108734564778437],[-6.7122317447212225,34.108303334515504],[-6.7120957815442095,34.10822385263473],[-6.7106568835304046,34.107385304426757],[-6.7112573782517559,34.106896277137565],[-6.7104808101636007,34.10623973909248],[-6.7067827335939523,34.10481300467977],[-6.7042192524980591,34.104326649541981],[-6.7008747657768666,34.102717384074161],[-6.6990879171056772,34.10188544491654],[-6.6974417017168184,34.101091640617852],[-6.6968877154305879,34.101041669312878],[-6.6959660485384962,34.101279897156971],[-6.6959145248552101,34.101237409568057],[-6.6958590875518782,34.101200172616643],[-6.6958002697056589,34.101168544367923],[-6.6957386369005274,34.101142828954593],[-6.6956747817886999,34.101123273652384],[-6.6956093183917735,34.101110066502272],[-6.6955428761963871,34.101103334502326],[-6.6954760941011626,34.101103142386492],[-6.6954096142731512,34.101109492002124],[-6.6953440759728462,34.101122322292227],[-6.6952801094071432,34.101141509882574],[-6.6952183296693679,34.101166870268045],[-6.6951593308246169,34.101198159586822],[-6.695103680197322,34.101235076965281],[-6.6950519129159352,34.101277267411227],[-6.6948537547824367,34.101164171908678],[-6.694677737039008,34.101501148822948],[-6.694671158877302,34.101563631751048],[-6.6946709106737812,34.101626459506946],[-6.6946769949553397,34.101688992458527],[-6.6946893497795807,34.101750593975019],[-6.6947078493654351,34.101810636908318],[-6.6947323053737087,34.101868509977834],[-6.6947624688245053,34.101923623993763],[-6.69479803263203,34.101975417855463],[-6.6948386347309379,34.102023364263879],[-6.6948838617624276,34.102066975089812],[-6.694444510120598,34.102703392577389],[-6.6937161876181648,34.103758371728475],[-6.6925186943939421,34.10549288093415],[-6.6925338920456392,34.106513566335288],[-6.6926866088444577,34.106952652437265],[-6.6933832421175516,34.108955534291987],[-6.6933368833674907,34.10917660423636],[-6.6937365107317914,34.109369729489323],[-6.6940336824693158,34.109513341288569],[-6.6959015033394556,34.110415957255931],[-6.6961555881514672,34.110535092539401],[-6.696894919848801,34.110881745321578],[-6.6981901803034516,34.111367079074249],[-6.6984375272390979,34.111459757680493],[-6.6996848734272376,34.111927116066497],[-6.7008968707160408,34.112454863150127],[-6.7014606948125266,34.112699857662406],[-6.7016335484630849,34.112810188247451],[-6.7018096969593204,34.11291517838881],[-6.7019889753575317,34.113014729774754],[-6.702171215783209,34.113108749186352],[-6.7023562475882281,34.113197148584767],[-6.7025438975106457,34.113279845193674],[-6.7027339898369407,34.113356761576796],[-6.7029263465665467,34.113427825710389],[-6.7040448557152983,34.113796040689181],[-6.704311181953023,34.113895516778022],[-6.7043140983756686,34.113958935647339],[-6.7043236902573131,34.114021692753013],[-6.7043398505055132,34.114083087417967],[-6.7043623986926431,34.114142434176628],[-6.7043910830703499,34.114199070428107],[-6.7044255833802975,34.114252363834076],[-6.7044655144298231,34.114301719378751],[-6.7045104303925758,34.114346586012189],[-6.7045598297861257,34.114386462802727],[-6.7046131610709656,34.114420904529794],[-6.7046698288083979,34.114449526654816],[-6.7047292003085515,34.114472009614495],[-6.7047906126943024,34.114488102388734],[-6.7048533803022341,34.114497625303244],[-6.7049168023380039,34.114500472035608],[-6.7049801707006447,34.11449661080232],[-6.7050427778884458,34.11448608471369],[-6.7051039248981397,34.114469011292478],[-6.7051629290292087,34.11444558116181],[-6.7052191315061682,34.114416055916848],[-6.7052719048337375,34.114380765204139],[-6.7053206598027568,34.114340103041108],[-6.7116140216081392,34.118127405073572],[-6.7148778071397563,34.12041737306523],[-6.7148835168550605,34.120480754280962],[-6.7148958778922241,34.120543180109884],[-6.7149147524323789,34.120603954537813],[-6.7149399300346246,34.120662399962796],[-6.7149711299823336,34.120717864749999],[-6.7150080044129847,34.120769730497081],[-6.7150501421966498,34.12081741892905],[-6.7150970735198614,34.120860398345727],[-6.7151482751237843,34.120898189549891],[-6.7152031761382656,34.120930371190077],[-6.7152611644467282,34.120956584458433],[-6.7153215935109394,34.120976537091209],[-6.7153837895795627,34.120990006627366],[-6.7154470592001161,34.120996842888857],[-6.7155106969506004,34.120996969655081],[-6.7155739933045613,34.120990385512656],[-6.7156362425419349,34.120977163871203],[-6.7156967506174388,34.120957452144872],[-6.7157548428988028,34.120931470108722],[-6.7158098716885517,34.120899507448399],[-6.7158612234454829,34.120861920530245],[-6.7175070595775335,34.121940209288724],[-6.7174934369669144,34.122001734523025],[-6.7174868519095492,34.122064404826965],[-6.7174873887114819,34.122127417855936],[-6.7174950405002365,34.122189966877549],[-6.7175097093128064,34.122251251099939],[-6.717531207349837,34.122310485923983],[-6.7175592593799518,34.122366912988255],[-6.7175935062634391,34.122419809878032],[-6.7176335095501791,34.122468499374087],[-6.7176787570929637,34.122512358122904],[-6.7177286696043224,34.122550824617235],[-6.7177826080729277,34.122583406384841],[-6.7178398819446175,34.122609686293472],[-6.7178997579633037,34.122629327891232],[-6.7179614695585776,34.122642079714034],[-6.7180242266598267,34.122647778505041],[-6.7180872258112139,34.122646351304738],[-6.718149660458022,34.122637816385051],[-6.718210731272678,34.122622283015389],[-6.7182696563882462,34.122599950063695],[-6.7183256814083752,34.122571103450447],[-6.7209571702314905,34.124212588735801],[-6.7215320340411724,34.124590400858665],[-6.7221037617153776,34.124972942185067],[-6.7226723143495546,34.125360186684105],[-6.7232376532552074,34.125752108004804],[-6.723799739962522,34.126148679477957],[-6.7237983537544252,34.126207904831176],[-6.7238037471075405,34.126266900388451],[-6.7238158493075249,34.126324892636141],[-6.7238345016777341,34.126381121215367],[-6.7238594596597032,34.126434848891407],[-6.7238903960196419,34.126485371219836],[-6.723926905138927,34.126532025782801],[-6.7239685083323231,34.126574200874217],[-6.7240146601242108,34.126611343520082],[-6.7240647554005326,34.126642966728753],[-6.7241181373426739,34.126668655876067],[-6.7241741060392703,34.126688074141633],[-6.7242319276630136,34.126700966925043],[-6.7242908440921507,34.126707165184008],[-6.7243500828505081,34.126706587650744],[-6.7244088672357298,34.126699241897512],[-6.7244664265029224,34.126685224237342],[-6.72452200597019,34.126664718461214],[-6.7248521738358331,34.126892953049747],[-6.7251855799688629,34.127116430559497],[-6.7255221558341525,34.127335105052325],[-6.7258618322450019,34.12754893157738],[-6.7262045393773633,34.127757866180389],[-6.7265502067841911,34.127961865912653],[-6.7268987634099249,34.128160888839886],[-6.727250137605095,34.128354894050837],[-6.7276042571410493,34.128543841665696]]]},"properties":{"prefecture":"Salé","arrondissement":"Sidi Abi Al Kanadil","type_arrondissement":"Commune","nom":"PAS Sidi Abi Al kanadil","Etat_PA":"PA Homologué","num_decret":"02-21-1025","num_bo":"7060","date_homo":"13/01/2022","date_apparttion_bo":"27/01/2022","objectid":2064,"shape.STArea()":3776696.6956944652,"shape.STLength()":10266.866580000464}},{"type":"Feature","id":2065,"geometry":{"type":"MultiPolygon","coordinates":[[[[-6.8444973971778085,34.028499157414316],[-6.8445607547334673,34.028533088854374],[-6.8448679458536539,34.028676223926674],[-6.844926264323191,34.028733587087515],[-6.8450112236870373,34.028817155410884],[-6.8453270501874188,34.029035916380955],[-6.8454609436996661,34.029112801808516],[-6.8457100804805702,34.029219170327849],[-6.8459140259780504,34.029316743357235],[-6.8461373992404146,34.029423611160439],[-6.8461792828082784,34.029443649098781],[-6.846220940366365,34.029463578700813],[-6.8462481958845318,34.029385464233926],[-6.8463233585740353,34.02928872974951],[-6.8464187958977707,34.029208734474274],[-6.8465106385517602,34.02919169700057],[-6.8466253761374096,34.029166406430718],[-6.8467133539293812,34.029147815297364],[-6.8467604489451794,34.029094545550734],[-6.8468389741449469,34.029018233597164],[-6.8468234472841019,34.028999948803808],[-6.8467908699856519,34.02896158674077],[-6.8466972240382651,34.028851309017291],[-6.8466661791672507,34.028715857127608],[-6.8466708979793109,34.028653489608807],[-6.8467095496909103,34.028649953662175],[-6.8468375306384806,34.02863824373118],[-6.8468988807251714,34.028513448722073],[-6.8469720588294951,34.028467461613999],[-6.8469843534462589,34.028459735832378],[-6.8470097635429337,34.02845519916756],[-6.8470991697480637,34.028439237351414],[-6.8471982837842456,34.028439804728251],[-6.8472075818180009,34.028439857901809],[-6.8473399069878225,34.028433536483803],[-6.847402138790283,34.02841328508994],[-6.8474102330267561,34.028410651042314],[-6.8474558636911453,34.028395801449264],[-6.8474620790035425,34.028393778921561],[-6.8474673132193136,34.028394829580485],[-6.8475274947375597,34.028406908673304],[-6.8475448841492552,34.028410398301986],[-6.8476090874108948,34.028462382951403],[-6.8477084152940835,34.028549113241546],[-6.8478658502127967,34.028604922527677],[-6.8478661434259891,34.02860542238529],[-6.8478736900075496,34.02861627041078],[-6.847889799714479,34.028637475823089],[-6.847903342143514,34.02865107113012],[-6.8479183913895367,34.028664670673606],[-6.8479317522733716,34.028673806512465],[-6.8479413949799062,34.028679460786606],[-6.8479511956828851,34.028682505921878],[-6.8479632759220506,34.02868356405159],[-6.8479759945029128,34.028686267035717],[-6.8479922059607388,34.028693231597181],[-6.8480183750541226,34.028700633062677],[-6.8480378453276245,34.028700544304471],[-6.8480753864662161,34.02872396510449],[-6.8480769305836793,34.028731991965714],[-6.8480816226038845,34.028746263998421],[-6.8480867794620917,34.028755215025001],[-6.8480947399675332,34.028761194457374],[-6.8481060893154684,34.028766297798292],[-6.8481213454473613,34.028770795035555],[-6.8481360174372607,34.028773194952016],[-6.8481481751955586,34.02877357396045],[-6.8481632508479233,34.02877361171555],[-6.8481825932053226,34.028775920687785],[-6.8482015705242807,34.028776605093441],[-6.8482195895245797,34.02877607402278],[-6.8482317269307593,34.028775426927609],[-6.8482413103852275,34.028776744759426],[-6.848252541473955,34.028780471392736],[-6.8482709480331394,34.028788634395092],[-6.8483980519251801,34.028862390819583],[-6.8484165818860125,34.028870676833009],[-6.8484234687608119,34.028872810441882],[-6.8484270534083143,34.028872633736178],[-6.8484315341697499,34.02887059062143],[-6.8484368600485483,34.028867130819322],[-6.8484435500701304,34.028862524304635],[-6.8484508365843357,34.028863549401954],[-6.8484691718280732,34.028871136001257],[-6.8484876690834051,34.028874860712023],[-6.8485136985151396,34.028879856591452],[-6.8485260357378444,34.028878654310915],[-6.848534695506074,34.028876025379788],[-6.8485433756454022,34.02887442344516],[-6.848552646132597,34.028873666054629],[-6.8485603242463489,34.028876089031272],[-6.8485690971925797,34.028876090453167],[-6.8485780128391402,34.028871202077156],[-6.8485840197124173,34.028864148553801],[-6.8485856262881191,34.028857207213832],[-6.8485838247045248,34.028850113164737],[-6.8485808883093551,34.028842133064387],[-6.8485768691364042,34.02883281447324],[-6.8485703531929794,34.028823757421115],[-6.8485611366180743,34.028816768008419],[-6.8485504794855574,34.028811604399756],[-6.848543473254896,34.028808094116272],[-6.8485351731663817,34.028800265288972],[-6.8485276774518056,34.02878896577888],[-6.8485218628751845,34.028777341104728],[-6.8485210735319786,34.028763715720871],[-6.8485259536329401,34.028747227207162],[-6.8485434214393273,34.02871519464685],[-6.8485745927209107,34.028686854702819],[-6.8485858744776262,34.028676792895652],[-6.8485948410529724,34.02867145209111],[-6.8486033304749521,34.028667897998716],[-6.8486085758897168,34.028666370027601],[-6.8486188913001431,34.028663642589976],[-6.8486266855289673,34.028661401540219],[-6.8486365033989065,34.028659432915049],[-6.8486411675863694,34.028654553989334],[-6.8486461182278813,34.028645936197051],[-6.8486464178002526,34.028638436371089],[-6.8486440156943864,34.02863300600275],[-6.8486436721180635,34.028632409326711],[-6.8486362458744505,34.028628979660077],[-6.8486309473531355,34.02862491844094],[-6.8486237810005743,34.02861797568228],[-6.8486181643869726,34.028613092023939],[-6.8486145990478748,34.028608254101421],[-6.8486113445495915,34.028599450660657],[-6.8486090658325303,34.028594144225686],[-6.8486069960261862,34.028585775323087],[-6.8485999152339927,34.028575647964473],[-6.8485906534712839,34.028563283014201],[-6.8485841602589757,34.028546037599433],[-6.8485874672599145,34.028540253549416],[-6.8485930162712911,34.028529973005384],[-6.8485960011789455,34.02851812397796],[-6.8485967146091022,34.028505755570379],[-6.8485983863451487,34.028494601731744],[-6.8486005210292866,34.028485422152485],[-6.8485941823834082,34.028468741327281],[-6.8485853185574905,34.028459843084207],[-6.8485709166910942,34.028451422805475],[-6.8485584245097177,34.028447939851048],[-6.8485544311199931,34.028451731480175],[-6.848552085350879,34.028457931006038],[-6.8485508769401608,34.028457632924088],[-6.8485474960157529,34.028448652371651],[-6.8485070374441221,34.028434111894072],[-6.8484915509845159,34.028427102043111],[-6.8484762101318104,34.028418495095138],[-6.8484681018617009,34.028412618403607],[-6.8484581450736455,34.028404888081141],[-6.8484518249638375,34.028396529513643],[-6.8484467354109952,34.028389407622115],[-6.8484444872748407,34.028382620857819],[-6.8484400735980309,34.028373157109314],[-6.8484361614911684,34.028361681799865],[-6.848438166905872,34.028360926304131],[-6.8484487239428171,34.028359699508975],[-6.8484512909885114,34.028353972714456],[-6.8484465358850812,34.028349953908524],[-6.8484352345552733,34.028351692549741],[-6.8484390332396732,34.028347202419376],[-6.8484491120575193,34.028341720704937],[-6.8484497246393863,34.02833629697944],[-6.8484475296167133,34.028335100308887],[-6.8484393001174002,34.028335141299969],[-6.848439381648717,34.028333209448768],[-6.8484367491651899,34.028329812755196],[-6.8484412950737967,34.02832355714191],[-6.8484476873327997,34.028319155184199],[-6.8484493386989778,34.02830697344762],[-6.8484484608600633,34.02830382794042],[-6.8484529721569114,34.028300304498458],[-6.8484613228903042,34.028294345821664],[-6.8484693085800572,34.028286762581274],[-6.8484763166612534,34.028282979404622],[-6.8484844890269692,34.028278601966349],[-6.8484903837421598,34.028274958819821],[-6.8484994339619174,34.028273727789262],[-6.8485062800342389,34.028273806497609],[-6.8485120422682515,34.02827254762834],[-6.8485197640451689,34.02826973112527],[-6.8485306136785935,34.028269552524833],[-6.8485339730155816,34.028270156735687],[-6.8485455403761559,34.02826969206231],[-6.8485560148007458,34.028264355477674],[-6.8485616332616832,34.02826194477273],[-6.8485684069133193,34.028261448018199],[-6.8485722739531933,34.028264826833265],[-6.8485793107343671,34.02826685859322],[-6.8485858722216522,34.028263381797331],[-6.8485903692925927,34.028263618421313],[-6.8485972357513489,34.028264725023789],[-6.8486058935865826,34.028269390453808],[-6.8486106363449526,34.028269874958042],[-6.8486192654725091,34.028268725444811],[-6.8486264897084466,34.028266667749186],[-6.8486335141269716,34.028265164308621],[-6.848643318819053,34.028266955741081],[-6.8486483807681049,34.02826826357181],[-6.8486584434831377,34.028273836278039],[-6.8486799574472537,34.028283609222704],[-6.8486910680512736,34.028279917504058],[-6.848700387274123,34.028272666957896],[-6.8487055784665989,34.028265549802846],[-6.8487135346395682,34.028259445958668],[-6.8487218853511678,34.028253487264408],[-6.8487306724316657,34.028249727702303],[-6.8487415067815967,34.028247268424522],[-6.8487635415978261,34.028250015158491],[-6.8487849096381996,34.028252595534532],[-6.8487964628008156,34.028255891810716],[-6.8487996295864288,34.028261838227692],[-6.8488056061438156,34.028269600102426],[-6.8488161867792723,34.028275440978604],[-6.8488268835517108,34.028276618732065],[-6.8488343075992777,34.028274006768704],[-6.8488389604805677,34.028265593526648],[-6.8488406303459843,34.028261734952174],[-6.848845638076857,34.028257452693651],[-6.8488505460545461,34.028260115104956],[-6.8488575522684654,34.028263626273734],[-6.8488672969016555,34.028268376525013],[-6.8488764461123779,34.028273536795581],[-6.8488778960998777,34.028282540563353],[-6.8488876774793566,34.028290598456842],[-6.8488929759922836,34.028294659665619],[-6.8488975018081737,34.028300712122494],[-6.8488994777398347,34.028307477675448],[-6.848899428954403,34.028313970819973],[-6.848897217875936,34.02832382859475],[-6.8488976829931856,34.028331843570598],[-6.8489027562117917,34.028336684797537],[-6.8489099662572857,34.028338388058188],[-6.8489243586879098,34.028335978721934],[-6.8489373502444817,34.028331408458293],[-6.8489470457675443,34.02832931586213],[-6.8489502562425111,34.028330021890653],[-6.84895233517324,34.028335883477567],[-6.8489554968822679,34.028343083552073],[-6.8489629689720619,34.028347314434733],[-6.8489723118220853,34.028347132472348],[-6.8489790323465041,34.028341046503755],[-6.848981479977855,34.028333942115317],[-6.848987083144384,34.028329250732362],[-6.8489908042718461,34.028325437885982],[-6.8489899304198012,34.028321038733417],[-6.8489864466060828,34.028314269871053],[-6.8489806902211567,34.028306980746322],[-6.8489807135341358,34.028300714266152],[-6.8489816096002931,34.028298846049502],[-6.8489797956478586,34.028288218610534],[-6.8489797334048443,34.028285135827772],[-6.8489855862481637,34.028279437774167],[-6.8489914441953959,34.028272486960233],[-6.8489911963379138,34.028266198362495],[-6.8489896302272726,34.028261858619643],[-6.8489872382897747,34.028253920933572],[-6.8489890264293374,34.028251439050997],[-6.8489950026553696,34.028245864930781],[-6.84899902149784,34.028241847524527],[-6.8490056186266504,34.028235637620377],[-6.8490117528131229,34.028227454359374],[-6.8490216437795395,34.028212725164366],[-6.8490305939089708,34.028205103681167],[-6.8490402934216208,34.02820175742842],[-6.84904852399095,34.028201716385368],[-6.8490607490078173,34.0282039244264],[-6.8490738824854356,34.028207800348099],[-6.8490834058342118,34.028212076952386],[-6.8491011903387884,34.028214833986539],[-6.8491211738782054,34.028217534027817],[-6.8491411574339018,34.02822023496762],[-6.8491519193297714,34.028217199293387],[-6.8491595708533275,34.028219848910936],[-6.8491691360783857,34.028226181294151],[-6.8491781007497616,34.02822813481383],[-6.8491873587910002,34.02822384308044],[-6.8491965942384461,34.028212481827943],[-6.8491968060452875,34.028202125881116],[-6.8491909200773833,34.028189925763662],[-6.8491802833784297,34.028185790106299],[-6.8491643921985297,34.028185688852282],[-6.8491612009927465,34.028179968194564],[-6.849158993593913,34.028175237240589],[-6.849143593748626,34.028169589197546],[-6.8491470681061104,34.028165529380544],[-6.8491481017470743,34.028160025025187],[-6.8491473982019127,34.028156550127456],[-6.8491564178317788,34.028156798473908],[-6.8491679273175583,34.028165334199166],[-6.8491728262089664,34.028170503909038],[-6.8491783296282289,34.028172757187818],[-6.8491831426257423,34.028167776411912],[-6.8491863753117537,34.028162215966397],[-6.8491908661921395,34.02815766550038],[-6.8491987266151497,34.028157253548116],[-6.8492078277592192,34.028155570039047],[-6.8492054143424284,34.028146605372001],[-6.8491959062873775,34.028144609436012],[-6.8491869794616171,34.028145963548958],[-6.8491839829823808,34.02814094229722],[-6.849189550456189,34.02813898308959],[-6.8491986006668402,34.028137752910155],[-6.8492212021416776,34.028134274599658],[-6.8492266604191361,34.028128431385518],[-6.8492283404370546,34.028122065482073],[-6.8492262655111791,34.028114951151615],[-6.8492151046908338,34.028105758444269],[-6.8492053855377177,34.02810078245696],[-6.8491999596327204,34.028097850976692],[-6.8491971204068225,34.028103556584249],[-6.8491935062930605,34.028105211822421],[-6.8491911511107375,34.02810058268539],[-6.849185343776111,34.028093745996777],[-6.8491772853671753,34.028087417837327],[-6.849172366086278,34.028081220228437],[-6.8491608933796071,34.028075993049029],[-6.8491541197458172,34.028076489835662],[-6.849151354344456,34.028075256482182],[-6.8494210115766556,34.0278194760335],[-6.8494303222720925,34.027822110054998],[-6.8494411191030364,34.027829678171088],[-6.8494500084324565,34.02783835059293],[-6.8494542784242727,34.027846663377012],[-6.8494577837208857,34.027854459212485],[-6.8494657951832458,34.027859986132476],[-6.8494794210568184,34.027864355954883],[-6.8494895398208238,34.027868223407609],[-6.8494963389164081,34.027867500839903],[-6.8495022131785639,34.027862830647841],[-6.849510577961186,34.027853110926849],[-6.8495153326592195,34.027843793705081],[-6.8495165118348638,34.027832145908789],[-6.8495178052998398,34.027823128455495],[-6.8495201265858841,34.027817154660383],[-6.8495208828808929,34.027812882760998],[-6.8495230207401194,34.027809743869675],[-6.8495256244809424,34.027807325597941],[-6.8495271833066509,34.027806877376598],[-6.8495318801819414,34.027806560611523],[-6.8495610770957196,34.027783536330226],[-6.8495685203512489,34.027775911490806],[-6.8495731742614616,34.02777353895106],[-6.8495811212493871,34.027769942362092],[-6.8495884524210373,34.027765727897048],[-6.8495946334659772,34.027758345828047],[-6.8495988091042257,34.027751718371547],[-6.8496050574928615,34.027746165423125],[-6.8496133990157198,34.027742713979848],[-6.8496219097724067,34.027740186802077],[-6.8496355548882057,34.027739542873924],[-6.8496456306947993,34.027741355442728],[-6.8496633681586694,34.027743310273962],[-6.8496770121916457,34.027742666353809],[-6.8496919620469479,34.027736538371464],[-6.8496979596755203,34.02773199210317],[-6.8496995490578456,34.02773006445468],[-6.8497016745161767,34.027723391263798],[-6.8497065656442651,34.027710437006505],[-6.8497048608313591,34.02770369358069],[-6.849702776785719,34.027699085666882],[-6.849703933756623,34.027693704337395],[-6.8497012440541418,34.027685971224379],[-6.849696370638064,34.027680575771285],[-6.8496882052479826,34.027676405259157],[-6.8496825285851219,34.027674479582444],[-6.849672702470774,34.027671661246004],[-6.8496587443458647,34.02767022907981],[-6.8496523448856372,34.027669843141901],[-6.8496436761941224,34.027674979463072],[-6.8496338533778927,34.027678201829893],[-6.8496323576977183,34.02767814968476],[-6.8498404156654606,34.027457175113263],[-6.8498465748507122,34.027454198030931],[-6.8498588750578309,34.027449687072213],[-6.8498696968768753,34.027443693399363],[-6.8498728576407624,34.027438435893224],[-6.8498904188676688,34.027437881916242],[-6.8498983019678343,34.027440455758295],[-6.8499119838162095,34.027443119444619],[-6.849925122292932,34.027445741616042],[-6.8499464596155502,34.027449801220037],[-6.849959080170466,34.027452154308271],[-6.8499682689821171,34.027453327763823],[-6.8499808986208244,34.027453174439721],[-6.8499927839822554,34.027453532969965],[-6.8499996809334593,34.027453159169092],[-6.8500030606526909,34.027454791239897],[-6.8500057899952713,34.027458537610144],[-6.8500105105767588,34.027465289433096],[-6.8500201063190298,34.027470141426356],[-6.8500359147912127,34.027472174437349],[-6.850047933690095,34.02747014957086],[-6.8500592388490418,34.027467156232419],[-6.8500678310750347,34.027462698072846],[-6.8500761856080521,34.027455485636928],[-6.8500790921104517,34.027451609129059],[-6.8500829099770337,34.027448145957379],[-6.8500850121961019,34.027447741045087],[-6.8500906429700041,34.027448864567603],[-6.8500999551540733,34.027450161044555],[-6.8501147073857913,34.0274506288902],[-6.8501304037148518,34.027450031521333],[-6.8501488843234624,34.02745147444022],[-6.8502701777704091,34.02745171331032],[-6.8502786794205273,34.02745169339947],[-6.8502883198696312,34.027451305874635],[-6.8502945195118246,34.027452246038401],[-6.8502997456087789,34.027455731730328],[-6.8503041611535558,34.027457900145961],[-6.8503076693205154,34.02745840157727],[-6.8503120429831847,34.027458515108691],[-6.8503154645910165,34.027462202055062],[-6.8503178848997033,34.027462618671912],[-6.8503207631201661,34.027466263204772],[-6.850328609332391,34.027469611253849],[-6.8503355340389804,34.027475053292498],[-6.8503423863153614,34.027479919871986],[-6.8503473667410768,34.027483158585923],[-6.8503535737201506,34.027488885803876],[-6.8503606218162334,34.027494451773613],[-6.8503676688152426,34.027500016853786],[-6.8503725586841826,34.027507693829882],[-6.8503757408737238,34.027515920868233],[-6.8503790237765632,34.027517203220725],[-6.8503824889792098,34.027515649778543],[-6.850393318121486,34.027514444019431],[-6.8503956784212265,34.02751781947272],[-6.850395982402663,34.027522402881182],[-6.8503967708295317,34.027529986626327],[-6.8503993694684473,34.027528821998317],[-6.8504077250633086,34.027521609527973],[-6.8504126183579546,34.027514696863044],[-6.8504180521368188,34.027509080247917],[-6.8504200960481434,34.027504338897394],[-6.8504200836265499,34.027500804600741],[-6.8504134730330568,34.027497438650975],[-6.8504038172402728,34.027495544624216],[-6.8504004833977978,34.027494714700182],[-6.8503952176769518,34.027495214847896],[-6.8503891742455378,34.027498960817404],[-6.8503822568842869,34.027498306740597],[-6.850374762224309,34.027493048067136],[-6.8503747050169856,34.027488712523656],[-6.8503931567955405,34.027484339561077],[-6.8504086459726929,34.027479508457006],[-6.8504184268527597,34.027474231145263],[-6.8504247515864254,34.027467999964401],[-6.8504266607711228,34.027459600371998],[-6.8504250119160197,34.027451150865218],[-6.850422258795251,34.027440335898142],[-6.850427471273516,34.027434245654405],[-6.8504354895435355,34.02743122448198],[-6.8504435038274361,34.027429456958785],[-6.8504467929841084,34.027435526379307],[-6.8504485465335678,34.027435777550068],[-6.8504567431146484,34.027431174231204],[-6.8504673775101335,34.02742926906204],[-6.8504710753439735,34.027431723554614],[-6.8504768408491925,34.027436505301502],[-6.850481595996623,34.027440524031832],[-6.8504948182486878,34.027447255009733],[-6.8505069475916196,34.027455155737641],[-6.8505116659218812,34.027455865920615],[-6.8505158488335285,34.02745402639173],[-6.8505174727370068,34.027449366559445],[-6.8505272077200594,34.027443287103189],[-6.8505367401230703,34.027445057188132],[-6.8505430722055882,34.027443613960145],[-6.8505443310297647,34.027437329569864],[-6.8505426210750127,34.027431838915284],[-6.8505452858647544,34.027426461771348],[-6.8505527228382856,34.027420089645467],[-6.8505573613744053,34.027415436409264],[-6.8505564721241381,34.027408756606441],[-6.8505547112148131,34.027403717478201],[-6.8505507083226647,34.027396680494014],[-6.8505450039046281,34.027388939899758],[-6.8505441299833114,34.027384540756422],[-6.850537300888405,34.027373406803392],[-6.8505279202583207,34.027370281250533],[-6.8505266987543214,34.027366538183934],[-6.8505271560753807,34.027356429207089],[-6.8505247730893348,34.02734598513733],[-6.8505264009597058,34.02734007075334],[-6.8505355761473075,34.027331669138292],[-6.8505427583721188,34.027327556447467],[-6.8505530786298703,34.027323575186976],[-6.8505637628812623,34.027321218495814],[-6.8505730942577614,34.027317501202909],[-6.8505789633581786,34.027314084621651],[-6.8505860386199018,34.027312129544811],[-6.8505954068170984,34.027311720796497],[-6.8505984989627606,34.027311050090205],[-6.850602143560069,34.027307915385592],[-6.8506053506462194,34.027302580664774],[-6.8506110759621981,34.02729801315224],[-6.8506194388658095,34.027295587724609],[-6.8506266273797749,34.027296263902322],[-6.850625610255606,34.027304048918893],[-6.8506252944307686,34.027309267204586],[-6.85063105993635,34.027314048944589],[-6.850638177087065,34.027314148748843],[-6.8506502254094954,34.027310644411628],[-6.8506587994786754,34.0273111999336],[-6.8506640929341547,34.027316513829597],[-6.8506693801220093,34.027317040655447],[-6.8506763025513262,34.027316441955854],[-6.8506856379045606,34.027311471004836],[-6.8506868916514678,34.027306440275076],[-6.8506865112401876,34.027302535058148],[-6.8506892332399492,34.027301493454544],[-6.8506926220132387,34.027300618194865],[-6.850695025919614,34.027298755059036],[-6.8506957832202113,34.027294482237458],[-6.8506909211139142,34.027292621131679],[-6.8506886841804135,34.0272893687142],[-6.8506908933497686,34.02728680617507],[-6.850695820521052,34.027284454780258],[-6.8507009005372943,34.027280747904541],[-6.8507029484097073,34.02727475289926],[-6.85069934848591,34.027272648108777],[-6.8506926564187349,34.027271214026918],[-6.850692342292521,34.027269137943335],[-6.850692556221345,34.027264823611709],[-6.8506932575033392,34.027262255978748],[-6.8506928760240191,34.027258351675989],[-6.8506876499232465,34.027254866000227],[-6.8506818538765168,34.027251563688196],[-6.8506782324596633,34.027248431010435],[-6.8506745815990406,34.02724677864726],[-6.8506755041475813,34.027244682838642],[-6.8506788061772266,34.027240947841641],[-6.8506818280526858,34.027239701649577],[-6.850687578240346,34.027242203629086],[-6.850691119320345,34.02724727175432],[-6.8506978390433497,34.027248480949737],[-6.850705384487477,34.027247244628043],[-6.8507096000622765,34.027243923838554],[-6.8507103228234474,34.027242383190362],[-6.850712431152175,34.027240722789294],[-6.8507155498540016,34.027239826304324],[-6.850721208265246,34.027240724010369],[-6.8507252343658713,34.027241495408212],[-6.8507294459581241,34.027239428267798],[-6.8507341845059786,34.02723512198996],[-6.8507361428878966,34.027233563431977],[-6.850739610223707,34.027232009052994],[-6.8507410836026583,34.027234748123192],[-6.8507448284379748,34.027238006534645],[-6.8507501942021634,34.027237855140811],[-6.8507601661111872,34.027235782651147],[-6.8507615670422251,34.027237945360824],[-6.850763384007263,34.02724128110124],[-6.8507666987309017,34.027247129259116],[-6.8507715874259212,34.027248766389675],[-6.8507734235188185,34.027247084788193],[-6.8507760853305539,34.027242957669387],[-6.8507826702692087,34.027240505913525],[-6.8507870193246081,34.027234799925594],[-6.8507857457453349,34.027231506596813],[-6.8507874430866051,34.027227418599814],[-6.8507911611601475,34.027224857532183],[-6.850792801416719,34.027222475638013],[-6.8507913800722919,34.027219285029538],[-6.8507925799160443,34.027215956757104],[-6.8507941641860173,34.027215281855021],[-6.8507993442250985,34.027211921940392],[-6.8508056821977448,34.027203177967188],[-6.8508107274493506,34.027196157105294],[-6.8508163694106994,34.027194772356452],[-6.8508217147587995,34.027193593060382],[-6.850822586380648,34.027191950580402],[-6.8508222008554354,34.027189296320941],[-6.8508212249865155,34.027185798428604],[-6.8508276457063086,34.02718116693994],[-6.8508364979223355,34.027174443818943],[-6.8508429746258779,34.027168105337324],[-6.8508478200870027,34.027161639634727],[-6.850851286111987,34.027154039109831],[-6.8508517812342795,34.027147234156388],[-6.8508455271836395,34.027140699428728],[-6.8508362576322854,34.027140203377122],[-6.8508227215780977,34.027143480546528],[-6.8508123042203479,34.027145861227041],[-6.8508087835655163,34.02714182190595],[-6.8508169780198758,34.027132423327238],[-6.8508280937556449,34.027128728649771],[-6.8508337142160025,34.027126316013458],[-6.8508386016003309,34.027121906998651],[-6.850838999881157,34.027114751435612],[-6.8508364283439347,34.027108391431177],[-6.8508440247264559,34.02710670357466],[-6.8508502265161511,34.027107643685959],[-6.8508586295064351,34.027108528554457],[-6.8508610917333277,34.027111001848347],[-6.8508652231769149,34.027116914503303],[-6.8508691842613958,34.027121901102625],[-6.8508737458000217,34.027125223108051],[-6.8508840676343654,34.027128538857447],[-6.8508919516191957,34.0271291546604],[-6.8508978403482557,34.027128017771901],[-6.8508998292478944,34.027124978884046],[-6.8509003673605484,34.027120229703556],[-6.8509001346601259,34.027116219061512],[-6.8509018370407198,34.027110876498718],[-6.8509045131415753,34.027109032754453],[-6.8509096268653762,34.027103842800038],[-6.8509091269770366,34.027098556394797],[-6.8509103063852343,34.027094199320246],[-6.8509132178398735,34.02708906552332],[-6.8509164954754151,34.027085557172235],[-6.8509274917929037,34.027080484903976],[-6.850931589010953,34.027075785610741],[-6.8509318792803331,34.027070789480263],[-6.8509245692087388,34.027068735763173],[-6.8509226299374548,34.027065276080357],[-6.8509269168466425,34.027062530754357],[-6.8509354890955487,34.027064340783909],[-6.8509384984733908,34.027059557583293],[-6.8509371126800769,34.027053631183122],[-6.8509410164703528,34.027054278629571],[-6.8509452943688434,34.027054042418555],[-6.8509481967955219,34.027051416834738],[-6.8509474817520735,34.027044403127405],[-6.8509370301803658,34.02703617187214],[-6.8509319303051432,34.027031552894137],[-6.850922566605111,34.02702340734816],[-6.8509167999595455,34.02701862202678],[-6.8509078026549384,34.027018147179568],[-6.8508942857426023,34.027016407014578],[-6.8508806759677086,34.027013062588786],[-6.850864607919104,34.027005989414306],[-6.8508620262732034,34.027002137636735],[-6.8508587092267161,34.026999263885727],[-6.8508441142862546,34.026975128251614],[-6.8508464964209246,34.026970924101519],[-6.850848648241505,34.026964019703264],[-6.8508465537746792,34.026955871172852],[-6.8508449201486474,34.026949697821479],[-6.8508442305755688,34.026942457448371],[-6.8508485631631721,34.026934469006797],[-6.8508527264739474,34.026925554496906],[-6.8508508726345614,34.026918907505618],[-6.8508530358547999,34.026915540122189],[-6.8508581445227117,34.026911604733627],[-6.8508638934019599,34.026908061463701],[-6.8508672169225333,34.026905355249674],[-6.850869761687636,34.026905895775492],[-6.8508782856541535,34.026900858443959],[-6.8508809259534615,34.026895703435663],[-6.8508788253400095,34.026888808580637],[-6.8508750067730819,34.026878928570717],[-6.8508682273942911,34.026867334102604],[-6.8508604580759593,34.026856004519978],[-6.8508524279273413,34.026848190752659],[-6.8508485432698079,34.026842525960845],[-6.850841235878951,34.026833171543586],[-6.8508387367836372,34.026827386997091],[-6.8508355953117901,34.026821210356694],[-6.8508295195743729,34.02681309257968],[-6.8508261793867193,34.026807470185702],[-6.8508279939730468,34.026804760696393],[-6.8508325122793057,34.026799980774072],[-6.8508349822196806,34.026793899710903],[-6.8508311381856677,34.026784245462586],[-6.850824811729102,34.026777135274372],[-6.85082081905552,34.026773629012993],[-6.850823592836524,34.026766088809346],[-6.8508231754999773,34.026758869634897],[-6.8508188278435806,34.026751229687733],[-6.8508146760075128,34.026744289131123],[-6.8508136948753418,34.026735999646078],[-6.8508114974593015,34.026728755983228],[-6.8508005115688917,34.02671797318839],[-6.850799853828355,34.026715298630712],[-6.850805941012525,34.026707560441601],[-6.8508122178988131,34.026701777121417],[-6.8508137448703259,34.026696763067527],[-6.8508127905031788,34.026694293061247],[-6.8508074998835369,34.026687720122531],[-6.8508071194243731,34.026683812199913],[-6.850812392292748,34.026682056543713],[-6.8508201719750037,34.026677531076288],[-6.8508214787330104,34.026672043382206],[-6.8508230946001332,34.026669888139558],[-6.8508276741541847,34.026668192816864],[-6.8508340197265936,34.026670285662334],[-6.850839488428254,34.026669230297365],[-6.8508482835082676,34.026664213277527],[-6.8508514162479832,34.026659553108665],[-6.8508479781550813,34.026653581019595],[-6.8508458125526843,34.026650902271861],[-6.8508486232048371,34.026646673319441],[-6.8508559218377494,34.026645190025889],[-6.8508604159645579,34.026646682009485],[-6.8508657246244997,34.026648237615667],[-6.8508712391990167,34.02664798348372],[-6.8508795582938857,34.026644754975237],[-6.850886846606465,34.026639734651944],[-6.8508940104642511,34.026634591310376],[-6.8508946668981006,34.026631219723662],[-6.8508928589518217,34.026625374868303],[-6.8508877437361697,34.026618473424094],[-6.8508913129338165,34.026616015085807],[-6.8508954419488504,34.026615880707681],[-6.8509016832889351,34.026608034307856],[-6.8509050254338497,34.026602811649994],[-6.8509071491614106,34.026598636643705],[-6.8509070186286571,34.026594971137548],[-6.8508978079247589,34.026591509050128],[-6.8508860961745208,34.026588307695988],[-6.8508788858226328,34.02658534734109],[-6.8508996251078429,34.026574295601357],[-6.8509069523207984,34.02658354065985],[-6.8509141494365062,34.026589016491243],[-6.8509168961573481,34.026589002731633],[-6.850921688041157,34.026585493083722],[-6.8509247579512405,34.026580249226178],[-6.8509290900165833,34.026574760779546],[-6.8509342398583088,34.026574135687738],[-6.8509422260653761,34.026575102936206],[-6.8509522402047685,34.026576342521942],[-6.8509594301587704,34.026578275874932],[-6.8509669178066339,34.026580003761602],[-6.8509768533837443,34.026581922463691],[-6.8509840698824735,34.026583629137754],[-6.851011798876649,34.026589568021613],[-6.851024903339324,34.026591391411465],[-6.8510304272716658,34.026589881756365],[-6.8510372746966279,34.026591216619032],[-6.8510482073951176,34.026591614035354],[-6.8510506492548728,34.0265882632632],[-6.8510529932038757,34.02658456279579],[-6.851058750626958,34.026581014005963],[-6.8510669968740983,34.02658451520584],[-6.8510707346003263,34.026584235641089],[-6.8510899032264785,34.026560600176616],[-6.8511108856814671,34.026530709057369],[-6.8511170343802013,34.026523283991864],[-6.8511338103118886,34.026503025780443],[-6.8511359146470614,34.026497820153153],[-6.85113579128413,34.026492898254212],[-6.8511346442621752,34.026489724313784],[-6.8511326877071337,34.026485229482851],[-6.8511317088956822,34.026482982524527],[-6.8511299471095777,34.026479188899806],[-6.8511268568009074,34.026473806223919],[-6.8511242384920932,34.026467888683307],[-6.8511193343953609,34.02645916572493],[-6.851109815653798,34.026433173008797],[-6.8511082403848329,34.026426538126486],[-6.8511079355220614,34.026423201116799],[-6.8511137714942718,34.026418973205821],[-6.851121575137646,34.026411928508672],[-6.8511320663201882,34.026401780913304],[-6.8511438013866437,34.026390359899537],[-6.8511536003364206,34.02638027262573],[-6.8511605546660128,34.026365050551917],[-6.8511625356103156,34.026359720992062],[-6.8511645492234985,34.026352910177629],[-6.8511656166281867,34.026347166412627],[-6.8511660438238211,34.02634103053024],[-6.8511653096471843,34.026329434624287],[-6.8511655614383908,34.026323627250932],[-6.8511626587293541,34.026315403305674],[-6.8511603004628352,34.026312019724863],[-6.8511561671377441,34.026307355292779],[-6.8511499488549497,34.026304127334754],[-6.8511476171249948,34.026305315945272],[-6.8511412958959665,34.026307792626959],[-6.8511384258061785,34.026302883590482],[-6.8511344678869674,34.0262978906486],[-6.8511324786966439,34.026294878875319],[-6.8511390761412105,34.026276772233295],[-6.851138855935706,34.026271499724558],[-6.8511365220717479,34.026263091523305],[-6.8511308471969867,34.026255108006531],[-6.8511232555606982,34.026249487043799],[-6.8511149257826185,34.026247922235292],[-6.851106026066029,34.026246540792179],[-6.8510969581149617,34.026249030333709],[-6.851095410440843,34.026251765597443],[-6.8510949129566159,34.026257325094505],[-6.8510938029036215,34.026260645116807],[-6.8510942392254615,34.026225934167464],[-6.8511681620407883,34.026096823738463],[-6.8511910913373937,34.026095823223464],[-6.8512000272990878,34.026101256358878],[-6.8512100414026902,34.026102496825935],[-6.8512147435795026,34.026102179033259],[-6.8512244588972733,34.026098825207107],[-6.8512429690997632,34.026093560385576],[-6.8513501698469659,34.026088883819583],[-6.8514980823708553,34.026096757835006],[-6.8515460998579849,34.02609865482723],[-6.8515536661528431,34.026102628335167],[-6.8515602402331206,34.026103941984339],[-6.8515707589689843,34.026103164498089],[-6.8515825240363624,34.026100093541572],[-6.8517170187472392,34.026105406256804],[-6.8518927028106091,34.026098689587357],[-6.8519607989689408,34.026119243567472],[-6.8521072448414628,34.026188875227227],[-6.8521101757868577,34.026181608242517],[-6.8521127915720639,34.02618529726314],[-6.8521214854876229,34.026193289047825],[-6.852130923628394,34.026200767159963],[-6.8521365720188694,34.026204179341789],[-6.852141488334655,34.02620559153263],[-6.8521458214351405,34.026204901899881],[-6.852157020207124,34.026201778828927],[-6.8521682117800733,34.02619511418235],[-6.852178016704551,34.026188568414803],[-6.8521851933237441,34.026183417634371],[-6.8521814483548509,34.02617535588675],[-6.8521746590243566,34.026172311362743],[-6.8521681623513073,34.026165519769819],[-6.852167707521164,34.026162285509351],[-6.8521627524553423,34.026158813888962],[-6.8521558082005587,34.0261571284789],[-6.8521469676871867,34.026158836242892],[-6.8521428100217188,34.026163995332887],[-6.8521369740695803,34.026163424422826],[-6.8521282353691069,34.026159428458485],[-6.8521217580762279,34.026153666578381],[-6.8521215522288363,34.02615340471435],[-6.852131029422992,34.026129906619957],[-6.85213387914109,34.026129251309868],[-6.8521373567913786,34.026126438657428],[-6.8521381336518408,34.026124442828774],[-6.8521377972111752,34.02612258886699],[-6.8521376223780823,34.026122303194931],[-6.8521446668306041,34.026114429387491],[-6.852146002445358,34.026114432852061],[-6.852151508067891,34.026116691387188],[-6.8521559197656758,34.02612012150437],[-6.8521589968310099,34.02612321805983],[-6.8521631556586931,34.0261276557939],[-6.8521704689895486,34.026129713008601],[-6.8521762324181976,34.026124907786297],[-6.8521789005363329,34.026120775150467],[-6.852181387138339,34.026113429437927],[-6.8521785424687529,34.026108294661377],[-6.8521724088310494,34.026107929221851],[-6.8521704788203683,34.026108006598136],[-6.8521733345351139,34.026105830658544],[-6.852181487766388,34.026098127984326],[-6.8521873480040778,34.026088875402245],[-6.8521918940826438,34.026080319863098],[-6.8521938723981242,34.026076781437268],[-6.8522204271715044,34.026070926328302],[-6.852265514654988,34.026076645766032],[-6.852265513040301,34.026077391634296],[-6.8522682913363706,34.026080693668789],[-6.8522741018265956,34.026081491238031],[-6.8522760002844958,34.026082896004311],[-6.8522803273380068,34.026088260715269],[-6.8522844087157324,34.026093378453794],[-6.8522889426661608,34.026092133640098],[-6.8522910602201517,34.026089214088401],[-6.8522937537888975,34.026084854784798],[-6.8522964351982472,34.02608300824226],[-6.8522988515794925,34.026084682078228],[-6.8523045652645278,34.02608992700533],[-6.8523054788063469,34.026090341202178],[-6.8523119948204583,34.026093364535654],[-6.852317053897905,34.026095930365642],[-6.852319723133661,34.02609659568202],[-6.8523239073829174,34.026096008777685],[-6.8523298147068452,34.026097156051186],[-6.8523324308626279,34.026098274723019],[-6.852337244264473,34.026100593579969],[-6.8523430475362463,34.026097848669608],[-6.8523466280896175,34.026094129337608],[-6.8523469397631587,34.026092946075096],[-6.8523593720255676,34.026095447206764],[-6.8523608082663561,34.026103349917015],[-6.8523677768348641,34.02610000979351],[-6.85236908178062,34.026097400882868],[-6.8523847810481353,34.026100558596575],[-6.8523890394752085,34.026097216508084],[-6.8523923970847118,34.026099535097401],[-6.8523985368007949,34.026098644145577],[-6.8523992688810251,34.02610064413485],[-6.8524030586407223,34.026104710056664],[-6.852408681578849,34.026108348891682],[-6.8524200303666358,34.026114719887083],[-6.8524309906976475,34.026119689361941],[-6.8524382641926165,34.026119687143058],[-6.852444592595635,34.026120752872174],[-6.8524395153142938,34.026126753255134],[-6.8524348325199149,34.026128100808997],[-6.8524304739687301,34.026129017117064],[-6.8524255128647136,34.026131599855347],[-6.8524221259934102,34.026136019504762],[-6.8524212655930414,34.026139950822504],[-6.852423306869027,34.026147307200034],[-6.8524294416569047,34.026152471484131],[-6.8524311780363734,34.026156491756346],[-6.8524323190720873,34.026165720033568],[-6.8524352666838162,34.026169949032173],[-6.8524400800923768,34.02617226788513],[-6.8524476452030516,34.026173316576738],[-6.8524541478614163,34.026169254937564],[-6.8524549634092926,34.026164519668107],[-6.8524558431878431,34.026161618065366],[-6.8524582523642987,34.026159750323636],[-6.8524621510814399,34.026156856123237],[-6.8524679808927429,34.026153884529272],[-6.8524739910815349,34.026149327154378],[-6.852472713402034,34.026142486818934],[-6.8524698105752506,34.026134262903355],[-6.8524678274194351,34.026129994770493],[-6.8524640437327049,34.026124672470175],[-6.852463648048305,34.026119728474413],[-6.8524651690870337,34.026112421903761],[-6.8524637375704236,34.0261069406709],[-6.8524615729394567,34.026104257429431],[-6.8524619093368866,34.026101313422593],[-6.8524613188892669,34.026095669124182],[-6.8524580614359953,34.026094158356784],[-6.8524529697224192,34.026093074689264],[-6.8524472632378108,34.026091371343661],[-6.8524461355526594,34.026089227129944],[-6.8524417177186896,34.026082255435711],[-6.8524374028591968,34.026079175936978],[-6.8524351159403745,34.02607636965363],[-6.8524439757057589,34.026066094747108],[-6.8524393365551157,34.026058648526224],[-6.8524390009332645,34.026058010281467],[-6.8524469522150735,34.026051770965374],[-6.85244750913788,34.026051975549812],[-6.8524514864663066,34.026053201099828],[-6.8524542331699685,34.026053187306502],[-6.8524570114075596,34.026051690467234],[-6.8524629042947094,34.026045753683256],[-6.8524659488409965,34.026041850263944],[-6.8524952507775483,34.026028235103517],[-6.8524953522819123,34.026028410694416],[-6.8524983519033436,34.026032187250223],[-6.8525037352253548,34.026034321826877],[-6.8525067082402336,34.026033526190695],[-6.852508275246092,34.02603182062456],[-6.8525090775537771,34.026029598128233],[-6.8525112144940108,34.026027709189741],[-6.8525159951976171,34.026026711327106],[-6.8525172246718906,34.026023151812559],[-6.8525136235976438,34.02602104257722],[-6.8525111485465482,34.026020848498256],[-6.8525455913719702,34.026004845108794],[-6.85258918867794,34.025983628299784],[-6.8525892380195952,34.025985024730417],[-6.8525885131814555,34.025986568120402],[-6.8525878719277138,34.02599097308908],[-6.8525892065449705,34.025991305744455],[-6.8525928922451671,34.02599147947754],[-6.8525960600945321,34.025996183011323],[-6.8525939486283498,34.025997846187664],[-6.8525912296209963,34.026002432163196],[-6.8525921564539916,34.026005131552189],[-6.8525900970553844,34.026011140254809],[-6.8525878173638066,34.02601187645071],[-6.852587856125874,34.026013935881217],[-6.8525887829588852,34.026016635270167],[-6.8525944119742999,34.02601901771633],[-6.8526023593863332,34.026017925428704],[-6.8526060898671917,34.026014104243316],[-6.8526083368712065,34.026010052236025],[-6.8526085365845715,34.026004699104057],[-6.8526071172688283,34.026001503079364],[-6.8526031011932247,34.025998219005452],[-6.8526045774234623,34.025994906449156],[-6.8526095385294274,34.025992324605362],[-6.8526145383092194,34.025987002420486],[-6.8526133718586353,34.025982798777683],[-6.8526104049215224,34.025982338035746],[-6.8525987391258036,34.025979940779919],[-6.8525988005624567,34.025978950712336],[-6.8526464903539006,34.025955742011377],[-6.8526532304368963,34.025934395903029],[-6.8526534963009738,34.025934295419219],[-6.8526579517034953,34.025933730613325],[-6.8526584114660665,34.025930909634383],[-6.8526589620177107,34.025929696546086],[-6.8526616168602956,34.025928075771816],[-6.8526645450320576,34.02592647708201],[-6.8526660732690043,34.025922712083279],[-6.852665813186217,34.025920178126626],[-6.8526629624201201,34.025916299741361],[-6.8526593501871913,34.025915013148399],[-6.8526673010083012,34.025889829962679],[-6.8526674988288878,34.025889806024871],[-6.8526684582913679,34.025891023256463],[-6.8526688008317409,34.02589162173804],[-6.852668815283943,34.025898705789594],[-6.8526709412754316,34.025908925533443],[-6.852672677661209,34.025912945802702],[-6.8526780017509283,34.025911991238665],[-6.852682147224618,34.025909344891808],[-6.8526863884636207,34.025907049165603],[-6.852691719709604,34.025904838207779],[-6.8526969590975497,34.025901020273317],[-6.8526989338784228,34.025896947970594],[-6.8526983107889876,34.025892785829832],[-6.8526975206349041,34.025892495566126],[-6.8526909720095031,34.025890955311091],[-6.8526900910958926,34.025889058960161],[-6.8526895200171429,34.025884444377638],[-6.8526879590287901,34.025880095597238],[-6.8526867854041669,34.025877147446494],[-6.8526843822519981,34.025872960843941],[-6.8526787399355182,34.025868292305702],[-6.8526659973165733,34.025858499545201],[-6.8526607445460375,34.025855232512498],[-6.8526573178508432,34.025857592750683],[-6.8526536272254983,34.025863473355891],[-6.8526513596870791,34.025861696791544],[-6.8526521293003713,34.025856158482824],[-6.8526483007764281,34.025850033137495],[-6.8526435465480517,34.025846005457431],[-6.8526430988593594,34.025841514805009],[-6.8526414787062562,34.025838874858813],[-6.8526297415369966,34.025835900332041],[-6.8526239637040591,34.025833621523986],[-6.8526176933901679,34.025830846079785],[-6.852611760624284,34.025829925485191],[-6.8526104127030809,34.025827306734008],[-6.8526124201588949,34.025826549342256],[-6.8526175107021201,34.025822834145963],[-6.8526149188657071,34.025816690858854],[-6.8526109609421013,34.025816495930947],[-6.8526034490120047,34.025819792763187],[-6.8526038822515591,34.025817199363971],[-6.8526005716398322,34.025811342184227],[-6.8525978310190609,34.025810099600015],[-6.8525947937942187,34.025809062473144],[-6.8525918208029815,34.025809859013144],[-6.8525901824110242,34.025810987306734],[-6.8525883940926287,34.025812218347774],[-6.8525871187040082,34.025814974825842],[-6.852583408694743,34.025819825713725],[-6.8525767052293522,34.025824443438381],[-6.8525701118300777,34.025826898095332],[-6.852569936376069,34.025822428638186],[-6.8525702013772056,34.025818907356957],[-6.8525717550877827,34.025814916595536],[-6.8525714501710331,34.025811579588641],[-6.8525671618597377,34.025808273416082],[-6.8525622914795239,34.025807664279142],[-6.852559461240709,34.025809613562508],[-6.8525566978899741,34.025813620146721],[-6.8525535205003187,34.025808151031342],[-6.8525547518707777,34.025806389830613],[-6.8525574841787806,34.025804089951549],[-6.8525593040296204,34.02580137586483],[-6.8525609617318066,34.025796478416908],[-6.8525610125890282,34.025791227117814],[-6.8525619249903507,34.025786843356997],[-6.8525639130649134,34.025785056250669],[-6.8525645482983872,34.025786705630821],[-6.8525659471302349,34.025788871051802],[-6.8525688305178827,34.0257912672825],[-6.8525719197374038,34.025791851066742],[-6.8525737335119663,34.025790393360566],[-6.8525786934526733,34.02578301266027],[-6.8525820343253692,34.025772992000149],[-6.8525813022437738,34.025770992011687],[-6.8525828753338676,34.025768030965409],[-6.8525825643414127,34.025765950339228],[-6.8525797462553788,34.025765386861572],[-6.8525726022677427,34.025764257540025],[-6.8525673943435477,34.025761793553265],[-6.8525657028177731,34.025758577233965],[-6.8525700818126563,34.025758690623874],[-6.8525738969655992,34.025757731907255],[-6.8525771023561957,34.025754898046692],[-6.8525783124432174,34.025750308815816],[-6.8525773601419688,34.025747835190188],[-6.8525740434592706,34.02574323439039],[-6.8525728128521868,34.02574199594995],[-6.8525765422244431,34.025738173875887],[-6.8525791655460599,34.025738037051099],[-6.8525822679975477,34.025736108061047],[-6.8525816194736162,34.02573217348651],[-6.8525813339376294,34.025729866194879],[-6.8525822402468455,34.025726737912848],[-6.8525839438815561,34.0257226444037],[-6.8525876683322799,34.025724877567662],[-6.8525889315689463,34.025724633850984],[-6.8525912427844951,34.025722414608886],[-6.8525935418072592,34.025717911061456],[-6.8525940790375763,34.02571441097551],[-6.8525931328115606,34.025710680969198],[-6.8525921600463677,34.025707177640797],[-6.8525904236684259,34.025703157370081],[-6.8525890563688954,34.025699508903209],[-6.8525892321851698,34.02569829835447],[-6.8526441727543075,34.025672768065228],[-6.8526381815938002,34.025665827238406],[-6.8526387566715368,34.025665692506976],[-6.8526421302815219,34.025663785625014],[-6.8526450705936384,34.02565967417393],[-6.8526465794450466,34.025654879459687],[-6.8526467730657368,34.025650781805972],[-6.8526446216875287,34.0256455866948],[-6.8526381239492196,34.025638796039125],[-6.8526329027237853,34.025634045958711],[-6.8526228365996467,34.025628460979831],[-6.8525945634063241,34.02561529212317],[-6.8525544754643981,34.025568847562916],[-6.8525522057984354,34.025558390484584],[-6.8525495148362365,34.025542299772816],[-6.852548134236379,34.025536365208936],[-6.8525487743359372,34.025527161381639],[-6.8525519204242942,34.025516439517098],[-6.8525509596895642,34.025500826586899],[-6.8525504140221178,34.025491187368793],[-6.8525448105135149,34.025488579156473],[-6.8525389358434241,34.025485948834024],[-6.85253387679494,34.025483383012421],[-6.8525304692795439,34.025481771172323],[-6.8525318030616074,34.025481276819477],[-6.8526044794102363,34.025466054140452],[-6.8527055102053742,34.025424939152018],[-6.8528048633691334,34.025398223006576],[-6.8528969519352527,34.025377611906599],[-6.8529058387934239,34.025377191427005],[-6.8529154245223136,34.025374970821417],[-6.8529247900148427,34.025372275676716],[-6.8529324712044639,34.025369905792189],[-6.8529409037736366,34.025365766738474],[-6.8529482352690039,34.025364054765575],[-6.8529545503079214,34.025362834372849],[-6.8529607613599399,34.025362520666867],[-6.8529679379274437,34.025362166907428],[-6.8529783791125221,34.025362069311875],[-6.8529826733931669,34.025359320219074],[-6.8529855157619108,34.025354859065622],[-6.8529882685128838,34.025353588879668],[-6.8529941165549868,34.025351646988376],[-6.8530061573298369,34.025348360758812],[-6.8530126527483501,34.025345555482893],[-6.8530386991455154,34.025323048474959],[-6.8530406604121898,34.025321991287434],[-6.8530439381884145,34.025319731068699],[-6.853048950899792,34.025315509902732],[-6.8530527050761707,34.025309092834092],[-6.8530528129232708,34.025305955767472],[-6.8530518757459911,34.025303156393058],[-6.8530491811205092,34.025298121806578],[-6.8530489933916643,34.0252909766307],[-6.8530516451743901,34.025278811170892],[-6.8530553285410409,34.025268613364851],[-6.8530628020330662,34.025253889302761],[-6.8530685990569724,34.025247213160107],[-6.8530736117478881,34.025242991091297],[-6.8530765816174917,34.025239029899325],[-6.8530773659193125,34.025236574021761],[-6.8530768927851407,34.025231923131031],[-6.8530735565601715,34.025228097279886],[-6.8530700427634699,34.025223627745518],[-6.8530731451606046,34.02521191701635],[-6.853073859751551,34.025205681290629],[-6.8530723662913928,34.025196756523336],[-6.8530741854573227,34.025187461460533],[-6.8530742707889472,34.025180128234346],[-6.8530756967202331,34.025176465425204],[-6.8530781676591079,34.025172464021956],[-6.8530801756379187,34.025170314122526],[-6.8530842602384894,34.025169795086057],[-6.8530940699485994,34.025167626883743],[-6.8531009693586356,34.025166699130416],[-6.853110422855675,34.025163244474868],[-6.8531168367895612,34.025159972065218],[-6.853121753983185,34.0251565817276],[-6.8531226809988972,34.025152879608619],[-6.8531214010310988,34.025146487534784],[-6.8531172096820132,34.025141335923522],[-6.8531152757762062,34.025138458820024],[-6.8531163926887562,34.025133093247192],[-6.8531191849804554,34.025128488370896],[-6.8531210626111072,34.025125280279859],[-6.8531217514208445,34.025123656135186],[-6.8531263349319902,34.025123176406552],[-6.8531299340393153,34.025120311811449],[-6.8531326689559675,34.025109620851225],[-6.8531310698237116,34.025095025422743],[-6.853128566194572,34.02508832827278],[-6.8531268211030429,34.025083787727972],[-6.8531293875416877,34.025078955492042],[-6.8531298087249919,34.025059903927634],[-6.8531253722866987,34.025041521957988],[-6.8531234427220085,34.025021028495317],[-6.853124580668883,34.024986933475134],[-6.8531247829197168,34.024982964687339],[-6.853113123574218,34.024974922574316],[-6.8531092771733837,34.024973362735693],[-6.8531039834413265,34.024962462732297],[-6.8531003516482274,34.02495462877188],[-6.8530964119385676,34.024945092937109],[-6.8530927205956766,34.024939980621369],[-6.8530929384512413,34.02492489785643],[-6.8530973723386222,34.024910355134665],[-6.8531008309318766,34.024899930855554],[-6.8531018402743999,34.024897848449903],[-6.8531044547258118,34.024892454691575],[-6.8531075324115509,34.024885355529477],[-6.8531153969291108,34.024873807838503],[-6.8531300529862182,34.024864469459111],[-6.8531398749997017,34.024859995017444],[-6.8531436999612128,34.024857358682709],[-6.8531386771023088,34.024855077457801],[-6.8531329288604237,34.024853463913061],[-6.8531419928955328,34.024843757468012],[-6.8531880635401325,34.02480344252595],[-6.853188257732632,34.024804432336055],[-6.8531884352895984,34.024805075117435],[-6.8531918444870339,34.024803873974463],[-6.8532052655969933,34.024796535831968],[-6.853212841444682,34.024796290162598],[-6.8532149797583184,34.024795198451585],[-6.8532177237557725,34.024791009896383],[-6.8532169292624472,34.024786962477876],[-6.8532164078450899,34.024782727910747],[-6.8532264905538218,34.024780370745702],[-6.8532366553459605,34.024779488996323],[-6.8532413477459233,34.024775871281783],[-6.8532468110342943,34.024772104837901],[-6.8532487460343514,34.024774982828859],[-6.8532491371061548,34.024778159205013],[-6.8532519384683903,34.024780055831634],[-6.853254610566399,34.024780894254754],[-6.8532621043432007,34.024779174067639],[-6.8532644449147657,34.024774114469189],[-6.8532658708163714,34.024770450755618],[-6.8532712520337347,34.024765209795923],[-6.8532761568637186,34.024764125687348],[-6.853279196427021,34.024763944338552],[-6.8532809179126977,34.02476428873431],[-6.8532857755324148,34.02476362003501],[-6.8532896825550909,34.024762458210496],[-6.8532926872432416,34.024760386035268],[-6.8532939232508197,34.02475838577579],[-6.8532939962135178,34.024753357882261],[-6.8532930230915499,34.024748668597212],[-6.8532879788083001,34.024742192107254],[-6.853279051107056,34.024732265884289],[-6.8532746698606886,34.024728776830145],[-6.8532683547129745,34.024722410674329],[-6.8532646150763696,34.024717713785385],[-6.8532644130763645,34.024716710537803],[-6.8532739867865535,34.024703220220871],[-6.8532901333041476,34.02463592632683],[-6.8533220057372235,34.024590819264624],[-6.8533386809084016,34.024585700764639],[-6.8533426235378583,34.024585826402003],[-6.8533542367287517,34.024585477088607],[-6.8533620394908228,34.02458545875659],[-6.853370886184595,34.02458510274176],[-6.85337765518182,34.024583115880411],[-6.8533805171806428,34.02458229174794],[-6.8533842342732356,34.024582791571667],[-6.8533874041936071,34.024583669312754],[-6.8534050256921022,34.024587984258545],[-6.8534310084055683,34.02458959852806],[-6.8535056957062617,34.024603668319749],[-6.8535338735040829,34.024617879745009],[-6.8536587896119805,34.024646031382957],[-6.85367821355086,34.024642061509688],[-6.8537155169030388,34.024653806844256],[-6.8537294942716445,34.024652594036496],[-6.853732820295483,34.024649918376802],[-6.8537355170405023,34.024646144318062],[-6.8537392711372576,34.024639727227189],[-6.8537395463111075,34.024630731445605],[-6.853740486700783,34.024624723072961],[-6.8537410574650472,34.024619734498252],[-6.853741937255978,34.02461644868545],[-6.8537438497071443,34.024615129607135],[-6.853748385980392,34.024615065265444],[-6.8537458699946372,34.024610674362428],[-6.8537411325313835,34.024605899775722],[-6.8537416571707066,34.024601326598216],[-6.8537450078530657,34.024594039368118],[-6.8537433356758095,34.024584470936972],[-6.8537339696575241,34.024571784682472],[-6.8537314053830061,34.02456780920145],[-6.8537279050006328,34.02456103433763],[-6.8537276206361408,34.024554720005519],[-6.8537265305316106,34.024546665382857],[-6.853720132204133,34.024538824747303],[-6.853720916496532,34.02453636976675],[-6.8537234356781731,34.02453195292744],[-6.8537179745424455,34.024526911661987],[-6.853712192072793,34.024522474771857],[-6.8537101143868142,34.024520844833098],[-6.853708964752566,34.024515511855867],[-6.8537091546366202,34.024513848400687],[-6.8537126233470831,34.024509925597698],[-6.8537141447239147,34.02450543104645],[-6.8537127681557184,34.024499870723453],[-6.8537070339789512,34.024495018410676],[-6.8537003379350852,34.024491977395613],[-6.853696865455964,34.024488164864742],[-6.8536950782208743,34.024481883295906],[-6.8536893464087454,34.024473417143831],[-6.8536886581628433,34.024470930541888],[-6.8536954045995468,34.024464747502826],[-6.8537023994459583,34.024462988883954],[-6.8537060816665232,34.024461598773676],[-6.8537088256146035,34.024457409305441],[-6.8537079839087918,34.024453778201099],[-6.8537059657561947,34.024449426616457],[-6.8537053970941066,34.02444560655892],[-6.8537014316100411,34.024440683225855],[-6.853695862658526,34.02443877902747],[-6.8536906848085994,34.024440052105703],[-6.8536793468028616,34.024431404766496],[-6.853678171424364,34.024430683371648],[-6.853671960888053,34.024429987910587],[-6.8536660233953199,34.024429103496132],[-6.8536598128591368,34.024428408034488],[-6.8536587149656807,34.024428174556725],[-6.8536509407711579,34.024416691872631],[-6.8536529491887928,34.024413404694215],[-6.8536548661743426,34.024412292093771],[-6.8536586551498369,34.024407765830944],[-6.8536670163228823,34.024405064239545],[-6.8536730841657505,34.024407006844548],[-6.8536799958488821,34.024403773724714],[-6.8536763168193318,34.024396355189118],[-6.8536760078097529,34.02439465332855],[-6.8536907468850421,34.024386789384018],[-6.8537008295348851,34.024384432180462],[-6.8537095818063261,34.024384907863073],[-6.8537163261178948,34.024387532553661],[-6.8537214556887109,34.024386675798432],[-6.8537262075783314,34.024380336419341],[-6.8537247972250839,34.024372886159128],[-6.8537226610295647,34.024365169246295],[-6.8537246813123289,34.024360714001482],[-6.8537276859762946,34.024358641815518],[-6.8537322828499754,34.02435585581599],[-6.8537359167900078,34.024354882028881],[-6.8537405002572918,34.024354402277659],[-6.8537451319999194,34.024353506202154],[-6.8537500840082455,34.024352006665012],[-6.853753896591102,34.024351675645576],[-6.8537590261594303,34.024350818888784],[-6.853764478144182,34.024349357743581],[-6.85377349216163,34.024343142985984],[-6.8537735178887775,34.024338530501254],[-6.8537724143776213,34.024332782126969],[-6.8537689005811746,34.024328312610621],[-6.8537635242905841,34.024326334932354],[-6.8537675679677115,34.024323760975591],[-6.8537325331336652,34.024302514249861],[-6.8537326651513393,34.024301988729455],[-6.8537327729727231,34.024298851661086],[-6.8537301738370022,34.024292986255062],[-6.8537260790741348,34.024287003817591],[-6.8537168311038625,34.024277681085479],[-6.8537116779113747,34.02427434169234],[-6.853700682735548,34.024269287053897],[-6.8536934395252738,34.024266623055411],[-6.8536845997924045,34.024264414983364],[-6.8536789933905444,34.024252890922867],[-6.853682494762686,34.02425234526153],[-6.8536880164942255,34.024254664870512],[-6.853691638091183,34.024255996419107],[-6.8536945349446956,34.024257062204001],[-6.8536989408323405,34.02425593877178],[-6.8537027276802167,34.024260220238666],[-6.8537099483452302,34.024258688075889],[-6.8537096774049342,34.024250068396064],[-6.8536981259110297,34.024238888365012],[-6.8536929512603386,34.024231352797727],[-6.853696574990451,34.024223877516462],[-6.8536991290328793,34.024221350601707],[-6.8537018504290979,34.024212964972435],[-6.8536990131238413,34.024209178443357],[-6.8536905247913182,34.024202012298936],[-6.853687983073633,34.024202232977323],[-6.8536861189062988,34.024203135730922],[-6.8536841109648305,34.024205285640839],[-6.8536823771489734,34.024207246585107],[-6.8536769734625622,34.024208292304401],[-6.8536760362770108,34.024205492933454],[-6.8536789577778938,34.024201946246301],[-6.8536845647852891,34.024196932626111],[-6.8536877604263555,34.024193197874759],[-6.8536936876831707,34.024187579891183],[-6.8536991755781189,34.024179201856015],[-6.8537000204825587,34.02417402521661],[-6.8536978719548864,34.024168613637286],[-6.8536927793845086,34.024162552584585],[-6.8536873665645022,34.024157095894672],[-6.8536805391128404,34.024152996700039],[-6.8536735217628832,34.024150560058679],[-6.8536656540850487,34.02414766701046],[-6.8536661323425045,34.024134623964429],[-6.8536484212908109,34.024104233292384],[-6.8536489778363219,34.024101243436135],[-6.8536493013086019,34.024091832230461],[-6.8536484933932327,34.02409009106249],[-6.8536461549866079,34.024086342937501],[-6.85364033875062,34.02408001520427],[-6.8536383082692804,34.024077968952533],[-6.8536357697632573,34.024069381885333],[-6.8536340852822866,34.024062119687095],[-6.8536308917694369,34.024057046705273],[-6.8536253609201276,34.024048224683604],[-6.8536246844543296,34.024047542595447],[-6.8536354312218322,34.024048174623069],[-6.8536436957944984,34.024046304779311],[-6.853650964733534,34.024044357197411],[-6.8536703478029901,34.024033290945582],[-6.8536923465704662,34.024008169299094],[-6.8537114135968205,34.023980091037593],[-6.8537216893112545,34.023967264434901],[-6.8537248838593188,34.023963529694846],[-6.8537277109502304,34.023960814727758],[-6.8537299919419965,34.023958476765344],[-6.8537258971798201,34.023952493425462],[-6.853719699015854,34.0239494926319],[-6.8537166718055857,34.023947367755014],[-6.8537159593881123,34.023944795755028],[-6.8537198786916811,34.023941327680326],[-6.8537217562594153,34.023938118677158],[-6.853719097604257,34.023934974916401],[-6.8537139793008199,34.023933525447788],[-6.853704764134954,34.023934901272497],[-6.8536986840002418,34.023935264905077],[-6.8536971872958841,34.023935147885943],[-6.8536964062101742,34.023928795121897],[-6.8536960623335208,34.023925203336248],[-6.8536776094592522,34.023923758821034],[-6.8536700079413455,34.023928616102339],[-6.8536620985128929,34.023931772411451],[-6.8536496270972851,34.023939604642045],[-6.8536438908216297,34.023943559156038],[-6.8536408861700204,34.023945631340297],[-6.8536366353144995,34.023943201390303],[-6.8536310438551684,34.0239371010274],[-6.8536249637199953,34.023937464656441],[-6.8536198330918685,34.023938321420395],[-6.8536171486899811,34.023939789241204],[-6.8536122798602657,34.023942763275727],[-6.8536092269171087,34.023945250881695],[-6.8536047008768923,34.023951816714316],[-6.8536013502225357,34.023959104844188],[-6.8535988310362139,34.023963520780335],[-6.8535977388370615,34.023964274788774],[-6.8535918517975549,34.023954167215855],[-6.8536044701690582,34.023927472382283],[-6.8536108152746706,34.023911610572725],[-6.8536125584716121,34.023908721491402],[-6.8536231466436863,34.023902529070035],[-6.8536844423991097,34.023895427441389],[-6.853726950443118,34.023912510123608],[-6.8537617558956621,34.023928084015665],[-6.8538475628902225,34.023896680163247],[-6.8538225713670018,34.023856477696185],[-6.8538240588559125,34.023851124048818],[-6.8538204753342509,34.023842874683339],[-6.8538183042722975,34.023833267845681],[-6.853818234515205,34.023829487094247],[-6.8538140566073134,34.023822030156261],[-6.8538100439235476,34.023817521333697],[-6.8538147002938565,34.023812013684022],[-6.8538140012785691,34.023807135435369],[-6.8538095266831052,34.023795670400006],[-6.8538067027908687,34.023789577623589],[-6.8538042689036285,34.023786661235313],[-6.8537987606030226,34.023782035381942],[-6.8537911837625414,34.023782281099372],[-6.853781991162224,34.023787853091314],[-6.8537805802159291,34.023788783056879],[-6.8537760250789512,34.023781114043366],[-6.8537780514457429,34.023778318175474],[-6.8537802492561761,34.023774504807875],[-6.8537811885659794,34.023768497347177],[-6.8537632163061906,34.023745280523428],[-6.8537409731375583,34.023720699999011],[-6.853737916820136,34.023650346831865],[-6.8537451464355872,34.023611868360646],[-6.8537456669251062,34.023610737685459],[-6.8537487085608273,34.023601748591624],[-6.8537526680266136,34.023582554960676],[-6.853757875792919,34.023559054827714],[-6.853761680228347,34.02354341367549],[-6.8537706039713742,34.023520414268518],[-6.8537721253278798,34.023515919714875],[-6.8537731612001922,34.023509080506848],[-6.8537760006118811,34.023504060202988],[-6.8537811558564465,34.023498590958866],[-6.8537901697845269,34.023492376198085],[-6.8537980464066059,34.023478522221239],[-6.8537990688571053,34.023473988360621],[-6.8537998182671629,34.023469643453453],[-6.8537978484075461,34.023464875544391],[-6.8537897861103341,34.023462776607481],[-6.8537859869712028,34.023460801378775],[-6.8537667111533525,34.023426996331921],[-6.8537446935519499,34.023388573018181],[-6.8537446687745511,34.023379193807123],[-6.8537561657962573,34.023372040254223],[-6.8537708783324334,34.023363442476814],[-6.853780197713407,34.023353150404347],[-6.853788589162864,34.023337698646252],[-6.8537893480728043,34.023326735670899],[-6.8537870864763217,34.023315536268235],[-6.8537817057951393,34.023304941227167],[-6.8537769930162487,34.023297365130531],[-6.8537726843502522,34.023284098024952],[-6.8537685864000446,34.023273390701533],[-6.8537638075376623,34.023261994126933],[-6.8537521904448493,34.023244037269144],[-6.8537497946405281,34.023234203057179],[-6.8537332585786608,34.023213824902577],[-6.8537232285729397,34.023198150315707],[-6.8537186842686433,34.023182904521953],[-6.8537235897693973,34.023167364233267],[-6.8538060411875286,34.023174975642895],[-6.8538216966460421,34.023190756324311],[-6.8538280497976336,34.023190205535563],[-6.8538362670780275,34.023188751088576],[-6.8538434999868096,34.023184913582085],[-6.8538522131065545,34.023179237116913],[-6.8538735210598238,34.023181204039837],[-6.8540103319674293,34.023142593126082],[-6.8541238611473414,34.023160448920542],[-6.8541539136528407,34.023151046311312],[-6.8541665063732049,34.023150212972467],[-6.8541766237603934,34.023149746556513],[-6.854179711537987,34.023149148861251],[-6.8541837016424676,34.023149461510641],[-6.8541860995629582,34.023150487979592],[-6.8541956585322374,34.023152703904451],[-6.8541981991350651,34.023152483228259],[-6.8542026049601121,34.023151359777806],[-6.8542052421381845,34.023150308255936],[-6.8542050409104061,34.023145468423962],[-6.8542032496949332,34.023141344190158],[-6.8542042115221449,34.023139531985628],[-6.8542072644200394,34.023137044364447],[-6.8542103039244839,34.023136862992921],[-6.8542163840161994,34.023136500237065],[-6.8542191515500877,34.023136506905459],[-6.8542298745414554,34.023132941830688],[-6.8542273832091158,34.023123939362137],[-6.8542311382866457,34.023117522240227],[-6.854237420557574,34.023113189789271],[-6.8542421600303527,34.023109156624706],[-6.8542461275626136,34.023105273109614],[-6.8542425429486933,34.023097023766439],[-6.8542410719599962,34.023092294266753],[-6.8542469539797537,34.023078284831207],[-6.8542615193270544,34.023052161662747],[-6.8542694666780246,34.023042087492037],[-6.8542719847206053,34.023037671553404],[-6.8542744083543159,34.023034086435224],[-6.8542789568532037,34.023031715837028],[-6.8542824603595136,34.023029682941413],[-6.8542909034808428,34.023028456723679],[-6.854294976733291,34.023030242970371],[-6.8542993342789691,34.023029535841012],[-6.8543032669087625,34.023023761496951],[-6.85429491107283,34.023008846746862],[-6.8542814955333169,34.02299856952736],[-6.8542787537188374,34.022993951274849],[-6.8542544477791321,34.022984289237279],[-6.8542409347077191,34.022983651483784],[-6.8542195820730756,34.022989949925062],[-6.8542055443807177,34.022993884448347],[-6.8542015553662479,34.022993571787062],[-6.8541918414215139,34.022994909244822],[-6.8540425830632286,34.022874596566894],[-6.8539904508803184,34.022836033853288],[-6.8540998448018993,34.022802726468775],[-6.8540998024522004,34.022803367291452],[-6.8541043139892475,34.022807914510096],[-6.8541088378398216,34.022810155491094],[-6.8541158674216991,34.022810286773556],[-6.8541232183138794,34.02280981277692],[-6.8541346794269984,34.022804209024557],[-6.8541392874346183,34.022799116783467],[-6.854140078477351,34.02279518985987],[-6.8542135718243395,34.022787125728691],[-6.8542973425854541,34.022786153690184],[-6.8543004266345413,34.022786887202706],[-6.854335640605667,34.022787737595607],[-6.8543884954642431,34.02279420937753],[-6.854416695637136,34.022802989257336],[-6.8544369118967978,34.022813314705239],[-6.854505830755226,34.022875044591423],[-6.8545285311287287,34.022907979162291],[-6.8545350998902483,34.022925874592183],[-6.854544687465542,34.0229374353883],[-6.8545678520924778,34.022945820934687],[-6.8545835092773384,34.022946623161758],[-6.8545997559117904,34.022955526402804],[-6.854609598001308,34.022956085873091],[-6.8546236283670421,34.022946797858559],[-6.8546517031766774,34.022925893019597],[-6.8546804145561975,34.022912669270909],[-6.8546957444925276,34.022907511182048],[-6.8547332157438214,34.022906418778817],[-6.8547676037567005,34.022914410666637],[-6.8547864612993807,34.022916100141806],[-6.854801582174618,34.022914952399823],[-6.8548245142655668,34.022909965789914],[-6.8548493763093292,34.022897075285449],[-6.8548783487701987,34.022885991315498],[-6.8548943438480361,34.022877282013262],[-6.8549061982324941,34.022871427412746],[-6.8549228601744892,34.022865737960288],[-6.8549300403692097,34.022867360052118],[-6.8549431651500372,34.022870295707428],[-6.8549614863770376,34.022870035215036],[-6.8549699313618486,34.022867304601782],[-6.8549795957566273,34.022867214050095],[-6.854994133835862,34.022871108219711],[-6.8550049201280805,34.022874496702165],[-6.8550201233623929,34.022874839679069],[-6.8550292503488537,34.02287279829352],[-6.8550336342259817,34.022867843000625],[-6.8550354173890113,34.02286119982903],[-6.8550313052564427,34.022852823153769],[-6.8550213780185176,34.022844202842883],[-6.8550055712707563,34.0228380903621],[-6.8549951917991248,34.022835580994403],[-6.8549827490392268,34.022833335478133],[-6.8549672196182545,34.022827031281025],[-6.8549651176133608,34.022815344834335],[-6.8549867283621575,34.022807777937089],[-6.8549897169106053,34.022806430111544],[-6.8549949547135745,34.022809067714228],[-6.8550098021158243,34.022814681774449],[-6.8550258661124701,34.02281636396274],[-6.8550404355268491,34.02281559687215],[-6.8550550038732077,34.022814830694138],[-6.8550689905067408,34.022819105535547],[-6.855078672832124,34.022823255385198],[-6.8550930321376065,34.022826499563131],[-6.855104970583918,34.022828705830022],[-6.8551170216714468,34.022827742500318],[-6.855129040761085,34.022824868467396],[-6.8551394325347355,34.022818475270931],[-6.8551460394546755,34.022809666604573],[-6.8551487488821721,34.022801612064377],[-6.8551474964166905,34.0227970631177],[-6.8551453187449054,34.02279392462367],[-6.8551389011974351,34.022787911477636],[-6.855133213846444,34.022782166729002],[-6.8551269240526711,34.022770652463947],[-6.85512380325269,34.022764684914577],[-6.8551294188329992,34.022753467125682],[-6.8551350854160704,34.022748399533462],[-6.8551411246821594,34.02274230218169],[-6.8551459786974194,34.022735475445998],[-6.8551466427610155,34.022731924267951],[-6.8551459579453837,34.022724664006539],[-6.8551390976779452,34.022709289124329],[-6.8551345787106737,34.022700032435829],[-6.8551349978575402,34.022692010800206],[-6.8551369608628674,34.022686017594324],[-6.8551367641532748,34.022681127204947],[-6.8551319476918842,34.022673121263892],[-6.8551327914798001,34.02267008296991],[-6.8551370925707618,34.02266328971033],[-6.8551425802152517,34.022654910705342],[-6.8551461914543932,34.022649740713625],[-6.8551458003229024,34.02264656434086],[-6.8551408730372536,34.022643453262035],[-6.8551394360454596,34.022643731490277],[-6.8551725670834855,34.022607391751741],[-6.8551796186026683,34.022608316369912],[-6.8551853773211011,34.022608557045039],[-6.8551925146547994,34.022605551195461],[-6.8551886323382965,34.022602101506394],[-6.8551871367378361,34.022601984492439],[-6.8551943242904931,34.022589753679085],[-6.8551994421373816,34.022585875715265],[-6.8552511583934637,34.022553856590932],[-6.8553403630711927,34.022503804733432],[-6.8553447886991847,34.022490156669072],[-6.8553618914119134,34.022486474121777],[-6.8553936012336161,34.022468823252289],[-6.8554045161225092,34.022463595493576],[-6.8554110713362553,34.022459074927447],[-6.8554153374746889,34.02245039083062],[-6.8554131087393149,34.022434697926656],[-6.8554093012054267,34.022417412607368],[-6.8554091378607263,34.022405655852964],[-6.8554118816768757,34.022401467245849],[-6.8554162176228415,34.022396562999774],[-6.8554261941959389,34.022388535891736],[-6.8554358854410387,34.022383003076271],[-6.8554416215171017,34.022379047576209],[-6.8554459102769858,34.022374559641577],[-6.8554474438041568,34.022367758827563],[-6.8554469345700104,34.022361218027797],[-6.8554473748510549,34.022355171251391],[-6.8554504399631835,34.022350377361136],[-6.8554547276382598,34.022345889438697],[-6.8554600613752328,34.022341063791011],[-6.8554633995493672,34.022336082746691],[-6.855463509230538,34.022324137034822],[-6.8554578222446443,34.022317249619583],[-6.8554613404831795,34.022312478424887],[-6.8554472591389981,34.022273511382885],[-6.8554475504983889,34.022272347285558],[-6.8554474806716597,34.022268566532738],[-6.8554472444860703,34.02226183767732],[-6.8554472095803067,34.022259947751728],[-6.8554542391045148,34.022260078057442],[-6.8554595698130969,34.022264060160268],[-6.855470126512853,34.022266354588574],[-6.8554770256520614,34.022265425801699],[-6.8554833910018456,34.022262568690721],[-6.8554921327149554,34.022256541847483],[-6.8554960990695699,34.022252658304147],[-6.8554981314883126,34.022245896789052],[-6.855491700185592,34.022227357671504],[-6.8554854096251274,34.022216380046721],[-6.8554774068777036,34.022211559568383],[-6.8554703424359573,34.022209538436734],[-6.8554623151209624,34.022209329532018],[-6.8554578261728123,34.022208978524951],[-6.8554565204393398,34.022207198956551],[-6.8554576156237008,34.022197637180525],[-6.8554653112715505,34.022191948064162],[-6.8554724496291781,34.022188941283865],[-6.8554780184754422,34.022190845404921],[-6.8554875413826384,34.022191171319037],[-6.8554930753075407,34.022191184612147],[-6.8554997486059488,34.022190029370343],[-6.8555078836587402,34.022187100298524],[-6.8555149265508337,34.022184925251757],[-6.855525602188818,34.022181776377423],[-6.8555331079716026,34.022177749814659],[-6.8555391304351332,34.022171300003443],[-6.8555378492656578,34.022164908861178],[-6.8555354287237735,34.022159686253957],[-6.8555315104230896,34.022154346661871],[-6.8555276763941011,34.022150481559351],[-6.8555285683525646,34.022144888590994],[-6.8555334730064859,34.022143804393046],[-6.8555396956843948,34.02214219442596],[-6.8555494095129825,34.022140856863309],[-6.8555552164821352,34.022140682098012],[-6.8555598481031588,34.0221397868564],[-6.855564431428431,34.02213930613631],[-6.8555719721293595,34.02213717039848],[-6.8555771498144216,34.022135897241384],[-6.855583789281722,34.02213285205692],[-6.8555911163902712,34.022128181822779],[-6.8555971737701329,34.022123622836013],[-6.855600322070341,34.022120304345485],[-6.8556015219800637,34.022116413246486],[-6.8556006093168191,34.02210900231286],[-6.8555985439112757,34.022105065264043],[-6.855597749346714,34.022101018758178],[-6.8556032955542854,34.022098726709856],[-6.8556091147935714,34.022096245703814],[-6.8556275353931886,34.022086991357071],[-6.8556516664084528,34.022078393986533],[-6.8556620340710257,34.022073543230647],[-6.8556650868897338,34.02207105557293],[-6.8556664654637016,34.022067808140882],[-6.8556704318018289,34.02206392459172],[-6.85567860283071,34.022062885421711],[-6.8556882212016133,34.022062380486126],[-6.855697935019073,34.022061042911879],[-6.8557069723846764,34.022059024161194],[-6.8557152850033667,34.022056738755914],[-6.8557240965031676,34.022054491747312],[-6.8557287281027506,34.022053595597711],[-6.8557319102244119,34.02205216704202],[-6.8557307954257674,34.022048724905652],[-6.8557224847218095,34.02204220257309],[-6.855717011341202,34.022039466726547],[-6.8557112638464899,34.022036919850066],[-6.8557091389854961,34.022035705353893],[-6.8557087478361094,34.022032528982095],[-6.8557110759208904,34.022029775570985],[-6.8557159456393375,34.022026800538455],[-6.8557227266688745,34.022022508211897],[-6.8557279166299736,34.022018929711905],[-6.8557425729926385,34.02200959010252],[-6.8557469438275902,34.022006576671636],[-6.8557499134647095,34.02200261541136],[-6.8557521706247666,34.021996081258983],[-6.8557474588154799,34.021986694254018],[-6.8557425798102107,34.021983166872857],[-6.8557334017076981,34.021977625034332],[-6.8557267529837249,34.021974168713641],[-6.8557244966528268,34.021971895139067],[-6.8557327517087652,34.021963523642782],[-6.8557359943763574,34.021959373425027],[-6.8557416832291542,34.021955834223263],[-6.8557485474286146,34.02195301549559],[-6.8557545453220694,34.021951178150267],[-6.8557611714019213,34.021950438305431],[-6.8557636647689844,34.021950633008387],[-6.8557669783579245,34.021950263530321],[-6.8557726189294144,34.021947139750722],[-6.8557753864255435,34.021947146384719],[-6.8557821900753035,34.021947049317156],[-6.8557847666497906,34.021948719423555],[-6.8557905130579693,34.021951266309316],[-6.8557966290563073,34.021952793389815],[-6.8558084205389012,34.021953086614424],[-6.8558221006683482,34.021947865476726],[-6.8558270781362758,34.021941754268475],[-6.8558186994965924,34.021922643449656],[-6.8557946697206855,34.021903985898668],[-6.8557795818400207,34.021884141323163],[-6.8557757600805198,34.021877969989333],[-6.8557740981072497,34.021874903977967],[-6.8557719372386305,34.021871798667917],[-6.8557732203445187,34.021869382970721],[-6.855783064527861,34.021869104480999],[-6.8558065653604334,34.021868216416991],[-6.8558144139915003,34.021867782533803],[-6.8558554074181961,34.021861343140856],[-6.8558630086179946,34.021856484821434],[-6.8558726043161551,34.02185178370744],[-6.85587956396287,34.021848133236119],[-6.8558867966699077,34.021844295609675],[-6.8558892447499824,34.021836098883341],[-6.8558862421067976,34.021829362481874],[-6.8558792966102606,34.021821898073753],[-6.8558713544224332,34.021814355957702],[-6.8558519996599152,34.021812003231808],[-6.8558409801222364,34.021811560351722],[-6.8558292243026848,34.021810226853482],[-6.8558403935987666,34.021799761612733],[-6.8558420875412427,34.021799693234037],[-6.8558453651118167,34.021797432938996],[-6.8558472024542789,34.02179338201524],[-6.855857605006701,34.021783634553969],[-6.8558616853136884,34.021782352487335],[-6.855869260875977,34.021782105755371],[-6.8558732386576873,34.021784724589708],[-6.8558761826364796,34.021785374012417],[-6.855880636649438,34.021783835078722],[-6.855883510798134,34.02178070464965],[-6.8558839748003928,34.02177995431019],[-6.8558844377197126,34.0217792039833],[-6.8559003542638557,34.02176343377127],[-6.8559073243632564,34.021766290209747],[-6.8559135409928125,34.021773500637792],[-6.8559198172548372,34.021771470656596],[-6.8559283293165265,34.021767515351492],[-6.8559334928499878,34.021762037799256],[-6.8559395074765179,34.02175137449494],[-6.855945840406064,34.021733592595204],[-6.8559436469080142,34.021722075872447],[-6.8559401660554995,34.021712979407404],[-6.8559293628941012,34.021706250653587],[-6.8559191397029569,34.021701038429377],[-6.8559055207928594,34.021694719368],[-6.8558990967595435,34.021691485013079],[-6.8558914298450349,34.021677228843181],[-6.8558773348358759,34.021653225017587],[-6.8558714859049292,34.021638481457728],[-6.8558665894536439,34.021630744327865],[-6.8558613223778906,34.021624029720876],[-6.8558514071901762,34.02162052116396],[-6.8558452263821508,34.021621718503745],[-6.8558339040264427,34.021604234591813],[-6.8558458879835298,34.021589836726669],[-6.8558607573535015,34.021585328680452],[-6.8558792607713519,34.021573332530863],[-6.8558931592186552,34.021557614621692],[-6.8558962770155603,34.021545883780092],[-6.8558925548572125,34.021538868940119],[-6.8558745086117208,34.021529472699676],[-6.8558704960712573,34.021518443375804],[-6.8558645864002816,34.021512938433887],[-6.8558595790726082,34.021508344726634],[-6.855852752688727,34.021504238419993],[-6.8558413058902801,34.021498720237453],[-6.855834558682405,34.021489577837727],[-6.8558230731188274,34.021469139471286],[-6.8558222315318007,34.021458989616839],[-6.8558179747325063,34.021443530409059],[-6.8558026697077565,34.021410397412772],[-6.8557935040045681,34.021396024266366],[-6.8557881569601715,34.021387832410454],[-6.8557831640023981,34.02138092792736],[-6.8557780273513034,34.021375273309296],[-6.8557715532042129,34.021365942849549],[-6.8557663170660259,34.021354608470944],[-6.8557669566922339,34.02134688549372],[-6.8557686434352219,34.021338823874316],[-6.8557670919564426,34.021330198318338],[-6.8557709840833896,34.021317814545121],[-6.8557728867530656,34.021314560121034],[-6.8557745216056345,34.021309155128471],[-6.8557770836984329,34.021302333340735],[-6.855778059127255,34.021300495711692],[-6.8557817232091001,34.021295252934046],[-6.8557909156139765,34.021285619640999],[-6.8557898792847487,34.021267659999467],[-6.855790010495749,34.021257454652144],[-6.8557998124278887,34.021249939097444],[-6.8558175454100336,34.021253700460122],[-6.8558312797864476,34.021254374250923],[-6.8558481309847208,34.021247849135861],[-6.8558559047650363,34.0212401713502],[-6.8558525354353961,34.021229260815424],[-6.8558503056297413,34.021221846242206],[-6.8558501992326368,34.021213750436793],[-6.85585120107294,34.021204891396721],[-6.8558381732597251,34.021200231226075],[-6.8558236982929444,34.021186836963111],[-6.8558214650502647,34.02118251405971],[-6.8558417028239322,34.021164010572996],[-6.8558690089111325,34.021163861119504],[-6.8558889589203433,34.02115481713637],[-6.8559095191319228,34.021142630238778],[-6.8559161242499442,34.021127197266317],[-6.8559102393222737,34.021111402536434],[-6.8559027755929414,34.021108171240918],[-6.8559157390137599,34.021096318805242],[-6.8559223815802852,34.021094498311989],[-6.8559673968307502,34.021076394188626],[-6.8559796947217384,34.021067163114253],[-6.8559829454210126,34.021061038588428],[-6.855988358172401,34.021056151570981],[-6.8560080022329828,34.021054318914857],[-6.8560351342717158,34.021047339736626],[-6.8560531513562619,34.021037290044561],[-6.8561033104000728,34.021012149197539],[-6.8561271419162786,34.021000436520552],[-6.8561416102684358,34.020990102469852],[-6.8561531602220525,34.020971660189893],[-6.856162771571185,34.020965831523895],[-6.8561698546673533,34.020963994174387],[-6.8561809516577332,34.020961115417144],[-6.8562009625821956,34.020971868656517],[-6.8562216054775522,34.020986077753292],[-6.8562461574221647,34.020990597664948],[-6.8562766117069351,34.020994950682692],[-6.8562916458918988,34.020993175155738],[-6.8563072055911443,34.020986758779742],[-6.8563173979948751,34.020973528868637],[-6.8563223306117953,34.020961580315202],[-6.8563236494840618,34.020954450089754],[-6.8563156909346681,34.020950194626145],[-6.8562895041540317,34.020951077924671],[-6.8562596072842705,34.020957623015754],[-6.8562385945429076,34.020955727928005],[-6.8562223340032658,34.02095251048285],[-6.8562129030744012,34.020947712056035],[-6.8562142208724355,34.020940581844293],[-6.8562303833956522,34.020933362116644],[-6.856262918590792,34.020923836339136],[-6.8562749570480621,34.020910115102915],[-6.8562909845936701,34.020901821899436],[-6.8563070518602087,34.020895446522587],[-6.8563107344682344,34.0208968052453],[-6.8563003023174653,34.020912144724619],[-6.8563009936370545,34.020924118114195],[-6.8563125781758929,34.020932493601748],[-6.8563325684127054,34.020936648033995],[-6.8563461301860285,34.020934328643428],[-6.8563604550731405,34.020925259762215],[-6.8563666875239386,34.020910861938489],[-6.8563647709109716,34.020893895572137],[-6.8563700194873007,34.020883674044796],[-6.8563851404641118,34.020883394611936],[-6.8564198404419932,34.020886386026611],[-6.8564486957422188,34.020886780310974],[-6.8564620283467947,34.020884229985064],[-6.8564742213916503,34.020878182799578],[-6.8564947523045818,34.02086173658288],[-6.8565040852082779,34.020856098716344],[-6.8565143276032501,34.020857484912327],[-6.856531037852533,34.020859746515782],[-6.8566059597315565,34.020880215944246],[-6.8566380136027893,34.020899808221969],[-6.8566663272891724,34.020894254565633],[-6.8567355419043459,34.020943579038473],[-6.8567812477019201,34.02096616194568],[-6.8568319894786995,34.020991233194302],[-6.8568329920792603,34.020991728394016],[-6.8568332268016841,34.020991063688548],[-6.8568538164486403,34.020932643418398],[-6.8568618221217008,34.020909926794452],[-6.8568621567792079,34.020908827124742],[-6.8568870107702198,34.020827161021906],[-6.8569126706886872,34.020744921869486],[-6.8569156721054574,34.020735303641928],[-6.8569083682848673,34.020659956528924],[-6.8569069060297583,34.020631206383193],[-6.8569043222980754,34.020580400363805],[-6.8569025594656035,34.020545738305344],[-6.8569011602349965,34.020518227505484],[-6.8569434143564383,34.020461893922189],[-6.8569587651355288,34.020475259840914],[-6.8569969189949971,34.020508481515805],[-6.8570454609740494,34.020550746370176],[-6.8571431405991845,34.020518229912334],[-6.8571487748831101,34.020516354337239],[-6.8571671066338284,34.020514942599867],[-6.8572718346114163,34.020506877828403],[-6.8573811856208655,34.020457309876313],[-6.8574225687534787,34.020401631998283],[-6.8574301452393245,34.020391438365628],[-6.8574374791548394,34.020381570425123],[-6.857437384248124,34.020379269940427],[-6.8574365285973213,34.020358541244654],[-6.8574354452994184,34.02033231194654],[-6.8574396193700808,34.020281154973716],[-6.8574404557820046,34.020270902636852],[-6.8574520258660785,34.020255232361677],[-6.8574711660002103,34.020229309000321],[-6.8575380900492826,34.020185860206176],[-6.8575500376204808,34.020178103103923],[-6.857599399631142,34.020163162112382],[-6.8576329700094014,34.020153000734879],[-6.8576868295813371,34.02012898863326],[-6.8577348902272464,34.020107561096616],[-6.857746070238159,34.020098535846067],[-6.8577590765377661,34.020088036428326],[-6.857772887510718,34.020076887316918],[-6.8578183213643102,34.020040210710469],[-6.8579427911025208,34.019997069921388],[-6.8580202609806422,34.019870034010317],[-6.8580893343651788,34.019810896111075],[-6.8581946747916875,34.019753347379627],[-6.8582566491465577,34.019703233188359],[-6.8583019405222609,34.019666609461602],[-6.8583133526879063,34.019634831616578],[-6.8583400252021347,34.019560561038816],[-6.858338010834939,34.019497520748423],[-6.858354541519847,34.01946166817963],[-6.8583613228865223,34.019446960825427],[-6.8584142866318665,34.019406717824666],[-6.858446012024106,34.019382612130194],[-6.8584565077672384,34.019375418369862],[-6.8585228947993144,34.01932991989456],[-6.8585358672345453,34.01932102883115],[-6.8585576767779886,34.019306081628159],[-6.8585453058010124,34.019294473248436],[-6.8573820437257051,34.018202896775882],[-6.856254365312588,34.017085109428379],[-6.8547223098066024,34.015576907503139],[-6.8547468540775736,34.01406635134655],[-6.8547907843123665,34.012202043600027],[-6.8547583568376771,34.0114555822162],[-6.8546492843258093,34.010603819485603],[-6.8545437264381057,34.009953635306857],[-6.8544516733123197,34.009514898583959],[-6.8543083579745003,34.009004397060565],[-6.8542899093356446,34.009006317528652],[-6.8542713911290818,34.009007704888411],[-6.8542528260778655,34.009008557974418],[-6.854234236920143,34.00900887652265],[-6.8542156463638877,34.009008658465838],[-6.8541970760947315,34.009007905356142],[-6.8541785477681305,34.009006616942131],[-6.8541600830997309,34.009004796579482],[-6.854141705910604,34.009002443991712],[-6.8541234379464742,34.008999564337849],[-6.8541052998253482,34.008996160084273],[-6.8540873143457697,34.008992234574016],[-6.8540695032685948,34.008987793867782],[-6.8540518861742044,34.00898284314983],[-6.8540344858762614,34.00897738666476],[-6.8540173230980717,34.008971433191036],[-6.8540004174199556,34.00896498791294],[-6.8539837895653353,34.008958059608766],[-6.8539674591748412,34.008950657069654],[-6.8539514469567591,34.008942788172249],[-6.8539357703860526,34.008934461732778],[-6.8539204491637777,34.008925690149091],[-6.8539055018324531,34.008916481323091],[-6.8538909459275397,34.008906847677743],[-6.8538767989692362,34.008896800734355],[-6.8538630773798479,34.008886351125092],[-6.8538497987399358,34.008875513978005],[-6.8538369783889834,34.008864299937933],[-6.8538246306441808,34.008852723268895],[-6.8538127719729776,34.008840797308217],[-6.853801415624746,34.00882853723428],[-6.853790574833897,34.008815957323669],[-6.853780263932272,34.008803072742268],[-6.8537704940190265,34.008789899595293],[-6.85376127723032,34.008776451270151],[-6.8537526247104346,34.008762746577283],[-6.8537445475428731,34.00874880072007],[-6.8537370535783975,34.00873462984142],[-6.8537301528630357,34.00872025186252],[-6.8537238532624247,34.008705683827856],[-6.8537181626422585,34.008690942782003],[-6.8537130888829774,34.008676046671205],[-6.8537086355342609,34.008661013491981],[-6.8537048104768354,34.008645861190537],[-6.8537016161622661,34.008630606874227],[-6.8536990583359678,34.008615270317748],[-6.853697138381964,34.008599869542742],[-6.8536958598497923,34.00858442254561],[-6.8536952241235456,34.008568947347882],[-6.8536952315347053,34.008553463787202],[-6.8536958812867352,34.008537989008367],[-6.8536971737112005,34.008522542848937],[-6.8536991080114946,34.008507142453908],[-6.8537016801882009,34.008491807710975],[-6.8537048872791919,34.008476555790111],[-6.8537087274355208,34.008461405652277],[-6.8537131933793365,34.008446375419389],[-6.8537182810657775,34.008431482274069],[-6.8537239853977132,34.008416745214731],[-6.8537302979993324,34.008402181474388],[-6.8537372115627582,34.008387807371442],[-6.8537447177425408,34.008373641942065],[-6.8537528092155195,34.008359700603179],[-6.8537614743730675,34.008346001526853],[-6.8537707026288581,34.008332559265902],[-6.8537804845396737,34.008319391967412],[-6.85379080733862,34.00830651330751],[-6.8524167605211774,34.007484328358302],[-6.8514670659237069,34.006879616387259],[-6.8505305570604644,34.006297138283749],[-6.8497821735641367,34.005801547302369],[-6.8489876647713368,34.00536678317988],[-6.8483558951869199,34.005129289913739],[-6.8475796618039002,34.004893462517359],[-6.847005377023752,34.004766401915859],[-6.8450405556308898,34.004365868397343],[-6.8431428452191128,34.004038652315302],[-6.8415818879032244,34.003745772531261],[-6.8409176164432681,34.003649685298974],[-6.8401645399602433,34.004344044281488],[-6.8380993276847422,34.006199690798873],[-6.8371513963810937,34.007076156233403],[-6.8375643476251584,34.008529641035857],[-6.8378694246661338,34.009501178042079],[-6.8381857254366372,34.010544989734449],[-6.8371673018427668,34.010730935651978],[-6.8373724427295972,34.01144982019801],[-6.837495319156111,34.011725205756441],[-6.8377032194724814,34.01255860074032],[-6.8393472168788385,34.01213227864249],[-6.8476683007409198,34.009996990369949],[-6.8446994808858399,34.008890428259264],[-6.844656662965849,34.008867377462082],[-6.8446347727111236,34.008826441929408],[-6.8446414387871322,34.008802820631104],[-6.8455009403421059,34.007177862306406],[-6.8490720286851836,34.008454019463052],[-6.8492478118083948,34.008504794301174],[-6.8494256137081759,34.008550435494151],[-6.8496052179116598,34.008590886915428],[-6.8497864058989242,34.008626099678324],[-6.8499689581565928,34.008656030319948],[-6.8501526531398209,34.008680643519156],[-6.8503372661297757,34.008699908502045],[-6.8505225725421761,34.00871380261141],[-6.8514577076109857,34.008770245472853],[-6.851415989407994,34.009497511869775],[-6.8512501539817379,34.011400427564944],[-6.8512511353705614,34.011415549723417],[-6.8512514943697003,34.01143069171605],[-6.8512512295797263,34.011445834619678],[-6.8512503407143672,34.011460961301815],[-6.8512488307203059,34.011476053690856],[-6.8512466982134974,34.011491093765173],[-6.8512439483212093,34.011506064329652],[-6.8512405840055219,34.011520948214319],[-6.8512366081982394,34.011535726445594],[-6.8512320260418829,34.011550382730135],[-6.851226843731828,34.011564898958596],[-6.8512210653278958,34.011579258849949],[-6.8512146992059195,34.011593445171485],[-6.851207753756964,34.011607441592119],[-6.8512002341237039,34.011621231818431],[-6.8511921519304382,34.011634798579884],[-6.8511835166660724,34.011648126434714],[-6.8511743356540054,34.011661199965921],[-6.8511646227143279,34.011674003681506],[-6.8511543884337955,34.011686523028573],[-6.8511436444518763,34.011698741638533],[-6.8511324024685365,34.0117106467494],[-6.8511206784843894,34.011722223745686],[-6.8511084831015099,34.011733458976373],[-6.8510958323508326,34.011744339629296],[-6.8510827422483613,34.011754851990801],[-6.8510692255917993,34.011764984188027],[-6.8510552995250906,34.011774725199828],[-6.8510409811622512,34.011784062201649],[-6.8506053942992056,34.012058198749713],[-6.8493486421659115,34.012648295651957],[-6.8478685888699946,34.010441512118113],[-6.8379454168395508,34.012982558253952],[-6.8377488084771416,34.01303318086363],[-6.8403514406560042,34.021404990306628],[-6.8409162762248696,34.02120539364374],[-6.8414738765769316,34.021512214985925],[-6.8418331090866316,34.021947416160906],[-6.8418888798224415,34.022017888191805],[-6.8417492038041798,34.022109890801744],[-6.8416997056338049,34.022253743610257],[-6.8416747073648709,34.022313429482622],[-6.8417676674101848,34.022432336374536],[-6.8415962138421076,34.022533747440491],[-6.8418580919043013,34.022826685642784],[-6.8415182709032623,34.023068607233171],[-6.8416418790690221,34.023181645818816],[-6.8410510735831416,34.023671668595306],[-6.8419502099232439,34.026509679584493],[-6.8420103445550131,34.026628643642958],[-6.8420815232630572,34.026769457421707],[-6.8420821004556238,34.026769318205382],[-6.8420825024438718,34.026770109031482],[-6.8423916461855532,34.026694938512129],[-6.842545381069117,34.026873955805527],[-6.8430107177302135,34.027293813871715],[-6.843460051372249,34.027794320428569],[-6.8435122454859494,34.027860906077393],[-6.8435932975287797,34.027955482620122],[-6.8436591266565667,34.028021581977271],[-6.8437181749369609,34.02807411498452],[-6.8438433170950539,34.028159314483744],[-6.8439723297667552,34.028230825747414],[-6.8440785515491758,34.028281711210795],[-6.8441514281725171,34.028319630386257],[-6.8442558065150578,34.028376964582122],[-6.8443626812920826,34.028429251907319],[-6.8444973971778085,34.028499157414316]],[[-6.8462557270043449,34.014832956791004],[-6.8461162791120334,34.014994972969191],[-6.845672177403058,34.014688791638882],[-6.8456975120917383,34.014666810133974],[-6.8463048225337184,34.014110348335841],[-6.8464023686634219,34.014025245999498],[-6.8465642185887203,34.013962880786686],[-6.8465318310803989,34.013899529802366],[-6.8464577370579969,34.013772908314905],[-6.8458585266295691,34.013348935202529],[-6.8457855903295428,34.013301317034774],[-6.8458649558916251,34.013206410392151],[-6.8458850376760303,34.01315300129059],[-6.8461152228789732,34.012949637759959],[-6.8462081146635736,34.012850246676251],[-6.8463420318134895,34.012686701340861],[-6.8466480464361679,34.012640950311855],[-6.8466125533860618,34.012326280940975],[-6.8469360756615734,34.012229673106425],[-6.8470311989673549,34.01230147260609],[-6.8483736187417223,34.013256334998218],[-6.8476157735503689,34.014167410284223],[-6.8475385794491537,34.014267781754967],[-6.847160163235646,34.014705942584719],[-6.8471134930112436,34.014678489066029],[-6.8468742356304064,34.014524708395491],[-6.8466634166577975,34.014383315442743],[-6.8462557270043449,34.014832956791004]]],[[[-6.8340920783585783,34.014142025235834],[-6.8352933487894179,34.013670610912243],[-6.8375482318698264,34.01308525200308],[-6.8374727290648885,34.012875308997394],[-6.8374232378900848,34.012737692079583],[-6.8371438554101793,34.012800689062196],[-6.8351074803941696,34.013259839122306],[-6.8345401458864705,34.011381595581142],[-6.83342861698757,34.011696651239369],[-6.8336560707989715,34.012669942504075],[-6.8335133933071335,34.012935639534014],[-6.8323765151605187,34.012550628160433],[-6.8316920371227488,34.011563544587077],[-6.8306215026027886,34.010019675138686],[-6.8298561069938604,34.009064658375877],[-6.8293594916194547,34.008471739372141],[-6.8287216028250022,34.007815307351187],[-6.8278766575262955,34.006945779455904],[-6.8269131706945148,34.006102233224766],[-6.8265938940417374,34.006413331278686],[-6.829102793894994,34.008529109922755],[-6.8288307477613595,34.010885542815046],[-6.8316727077329196,34.012841748142584],[-6.8323428131463553,34.012726527466867],[-6.8326001796622915,34.012799757031516],[-6.833524620937065,34.013057758584779],[-6.8340920783585783,34.014142025235834]]],[[[-6.8254202217994582,34.025752532410074],[-6.8254738168786693,34.026022761817494],[-6.8255845170049145,34.02612792796306],[-6.8256799921303717,34.026154130762798],[-6.8258186605028381,34.026264791113356],[-6.8261010465789473,34.026260780173288],[-6.8265152967427927,34.026222299045379],[-6.8317967780195836,34.024405949300331],[-6.8330031406527851,34.023984723123036],[-6.8314857248624516,34.022166759957095],[-6.8312632212559787,34.022028306025049],[-6.8306797893754458,34.021418279660388],[-6.8304629847584852,34.021058147448308],[-6.8300350814838824,34.020226735701584],[-6.8264013527204801,34.014679966700072],[-6.8258173021616955,34.013965866579632],[-6.8256285568948583,34.013834389475448],[-6.8248640803308902,34.01340841921882],[-6.8243263370311,34.012999228009498],[-6.8236921600715394,34.012258283208929],[-6.8233864044603285,34.012031101994602],[-6.8228941974717658,34.011745558437795],[-6.8224157076232537,34.01123749720292],[-6.8220993607632634,34.010869805440912],[-6.8216258899095044,34.010456987155891],[-6.8216258741988485,34.010457019801656],[-6.8215834676855476,34.010429720419317],[-6.8214515717685495,34.010601328384176],[-6.8209779329022906,34.011214565881033],[-6.820450061605011,34.011898020114089],[-6.8203419272318246,34.012066622935599],[-6.8202458670667516,34.012239814628224],[-6.8199548294769317,34.012925687509806],[-6.8198288715766324,34.013233535524897],[-6.8197816577445698,34.013397139241675],[-6.8197632197677125,34.013578394874237],[-6.8197646882236205,34.014436836046947],[-6.8197681237214001,34.014651356519074],[-6.8197724039459375,34.014804158496382],[-6.8197852292716066,34.014927790852404],[-6.8198287815237268,34.015083115939333],[-6.81986579791577,34.015165799691069],[-6.8199223297292058,34.015242326178317],[-6.8199913898299362,34.015321678745984],[-6.820079990768054,34.015396358194813],[-6.8201772390444786,34.01545461477054],[-6.8211011022851364,34.015984985273747],[-6.8214562883158143,34.016180638107166],[-6.8216833608477918,34.016295597143596],[-6.8224497829035968,34.016598537103654],[-6.8227346335486541,34.016713766444916],[-6.8227387115688689,34.016710213663799],[-6.8227747968717969,34.016712533056065],[-6.8231731685023504,34.016875152055285],[-6.8233405445844024,34.016940108851458],[-6.8234979130291649,34.016994262825243],[-6.8235461180546491,34.016986211673441],[-6.823725357141222,34.017025107948768],[-6.8238283139523377,34.017108533073497],[-6.8239180059129856,34.017232360344394],[-6.8239148575795161,34.017238581164179],[-6.8238846753016418,34.01729823129125],[-6.8238709145947558,34.017358422643284],[-6.823812436660063,34.017439589161107],[-6.8237904208510116,34.017445979241728],[-6.823666227236779,34.017466491840139],[-6.8236411875452898,34.01746336540787],[-6.8236161489384033,34.017460238958257],[-6.823576156784509,34.017469561373474],[-6.8235023460687918,34.017464942565404],[-6.8233980453029028,34.017499556093767],[-6.8233340606518329,34.017544627021749],[-6.8231496906924116,34.017692715197782],[-6.8229945444242359,34.017474120467327],[-6.8228793522731408,34.017594133848661],[-6.822820256712788,34.017537498875257],[-6.8227765342832072,34.017469091253204],[-6.8226054215878138,34.017526293362195],[-6.8226106047123283,34.017542608031924],[-6.8224317364108416,34.017626504096867],[-6.8222587142721558,34.017717156222183],[-6.8222400855811953,34.017730329355253],[-6.8220725773666064,34.017757472775571],[-6.8220343460735995,34.017774279198321],[-6.8220234080338464,34.017756666176552],[-6.8216628732519471,34.017953824196383],[-6.8215960478948583,34.01787544470973],[-6.8213970286048857,34.017929550816433],[-6.8211459187299344,34.018004713520142],[-6.8209699902221903,34.01806810792128],[-6.8209311495919644,34.017997597980703],[-6.8208717550053217,34.018022831197797],[-6.820803137909313,34.018035206327028],[-6.8208881177049294,34.018221852233523],[-6.8209537214199329,34.018275686137336],[-6.8209679260203124,34.018292580393556],[-6.8209714704945483,34.018308913703152],[-6.8209676149403577,34.018373767793854],[-6.8209543484419228,34.018514454323544],[-6.8208171971222198,34.018594464120589],[-6.8207556182293398,34.018686579651515],[-6.8207991500802079,34.018743392015686],[-6.8205717432392277,34.018865358020086],[-6.820694353274499,34.018998365172443],[-6.8206244492063357,34.019082387798321],[-6.8205755733910625,34.019149798529263],[-6.8204822202441733,34.019302990813216],[-6.8204525209437303,34.019390651219261],[-6.820401522811486,34.019578838497324],[-6.8203815863963273,34.019762581004429],[-6.8203795142426564,34.019936569302374],[-6.8204092500746762,34.020151812166375],[-6.8204567846847031,34.020353209755918],[-6.8205634612928154,34.020613970956759],[-6.8206055228247964,34.020681033561587],[-6.8206442806477376,34.020796571331701],[-6.820700959922152,34.020905765084109],[-6.8207099316760784,34.020953418391024],[-6.8207052348397452,34.021016918311396],[-6.8207626087693871,34.021469259096911],[-6.8209065553219492,34.022505958945573],[-6.8209285176501924,34.02260152113773],[-6.8209630097503933,34.022751598262751],[-6.8211398891545683,34.02269569778052],[-6.8221020138250488,34.024412153158309],[-6.8220425816947339,34.024435340001858],[-6.822153025217383,34.024575305352059],[-6.822330204543376,34.024737708477424],[-6.8243991072665882,34.025290684611193],[-6.8245829428538851,34.025309061345169],[-6.8248896072768881,34.025247927715412],[-6.8251962712832013,34.025186794235616],[-6.8252344229678039,34.025464703868899],[-6.8253890617502098,34.02545134722584],[-6.8254202217994582,34.025752532410074]]]]},"properties":{"prefecture":"Rabat","arrondissement":"Hassan - Agdal-Ryad","type_arrondissement":"Arrondissement","nom":"PAS Patrimoine de la zone Tamon du périmetre inscrit de la ville de Rabat","Etat_PA":"PA En Phase d'étude","num_decret":null,"num_bo":null,"date_homo":null,"date_apparttion_bo":null,"objectid":2065,"shape.STArea()":4536675.2135803951,"shape.STLength()":22292.536736793387}},{"type":"Feature","id":2066,"geometry":{"type":"Polygon","coordinates":[[[-6.7283580441133886,34.017739851281576],[-6.7288152234668948,34.016479646123948],[-6.7303314913713894,34.012552027142938],[-6.7308424335964476,34.011519194278812],[-6.7311750838045867,34.010987629098658],[-6.7295193310639068,34.008783249379967],[-6.7289196428964688,34.008303684538362],[-6.7272782593023841,34.011621484282188],[-6.7263464636849868,34.014036355634317],[-6.7248470774866345,34.017939507796349],[-6.7254080951809687,34.0187911480023],[-6.7255532055961078,34.019297020406022],[-6.7250595943005296,34.020585645622056],[-6.7246493767286024,34.021634796803433],[-6.7242289776720057,34.022437183893963],[-6.7223840516267677,34.025798065650697],[-6.7226208813776491,34.025942618393856],[-6.722854601016893,34.02609214751039],[-6.7230851059949623,34.026246586111597],[-6.7233122932003315,34.026405865112643],[-6.7235360610056096,34.026569913263437],[-6.7243126193608749,34.027107090587677],[-6.7244872371729922,34.027239750566473],[-6.7246660594498104,34.027366686154849],[-6.7248488986078536,34.027487764198142],[-6.7250355628499614,34.027602857686233],[-6.7252258563664826,34.027711845886756],[-6.7254195795406808,34.027814614471744],[-6.7256165291581294,34.027911055637588],[-6.7258164986198823,34.028001068218096],[-6.7260192781591943,34.028084557790606],[-6.7262246550615679,34.028161436775086],[-6.7264324138878866,34.028231624525937],[-6.7266423367004089,34.028295047416634],[-6.7268542032913876,34.028351638916966],[-6.7270677914140622,34.028401339662786],[-6.7272828770157957,34.028444097518317],[-6.7274992344731048,34.028479867630828],[-6.7276002005674549,34.028508216852039],[-6.7345048745619724,34.029168343859453],[-6.7493891273748527,34.030605755535859],[-6.7500467056746674,34.030679426184186],[-6.7537053196301828,34.031148559514982],[-6.7531115166181266,34.032180649673663],[-6.7523479174220844,34.033228826898295],[-6.7530699316484082,34.033598591348976],[-6.7533264300142406,34.033205018512739],[-6.7544282483291926,34.031452848503335],[-6.7545002973061381,34.031431525553728],[-6.7616081786158109,34.03213374950964],[-6.76883853522778,34.03284333290982],[-6.7689340719417626,34.033062001076132],[-6.7691485156593147,34.033102762452316],[-6.7693370633514123,34.034812839556224],[-6.7714157284711538,34.034377243096976],[-6.7720544310891828,34.034283132724809],[-6.7722936585080431,34.035675948505485],[-6.7758323186390648,34.035431714843547],[-6.7758329784276796,34.03508319311613],[-6.7762654672821547,34.034538990382302],[-6.7766028626300452,34.034243081268734],[-6.7768963202159371,34.034015085171667],[-6.7772800203864083,34.033801081253543],[-6.7777909132406027,34.033660603014702],[-6.7784172045373117,34.033563513920143],[-6.7790198839259803,34.033534407722378],[-6.780870109923109,34.03383621255324],[-6.7839174239992301,34.034327400675963],[-6.7846302614893945,34.034431914951888],[-6.7857585639919691,34.034621741271906],[-6.7860660187131856,34.034708251290702],[-6.7878552046214287,34.035130508524766],[-6.7881216343394346,34.034902784282799],[-6.7889485486111649,34.034636693224769],[-6.789333367280193,34.034525170816821],[-6.7899146013461538,34.034339963349318],[-6.7901700015668647,34.034194119853048],[-6.7903316021248159,34.034092219731797],[-6.7905694779377948,34.033925118941582],[-6.7908502766990209,34.03369214996723],[-6.7888970184421176,34.033129126489364],[-6.7881380804517804,34.032907034447554],[-6.7872037362298112,34.032631098029839],[-6.7867559844022995,34.032440550153567],[-6.7866746441797545,34.032405982446818],[-6.7866409422004121,34.032391727055519],[-6.7866150584665261,34.032380825776499],[-6.7865932192120608,34.032371666343053],[-6.7865739618271581,34.032363623711845],[-6.7865565370141594,34.032356377894317],[-6.7865404997347829,34.032349736306038],[-6.7865255598813299,34.032343575895766],[-6.7865115167468435,34.032337809599419],[-6.7864982230970581,34.032332375013745],[-6.7864855687374455,34.032327222853411],[-6.7864734675308807,34.032322317996965],[-6.7864656470000453,34.032319158694712],[-6.7862429313206318,34.032233088065006],[-6.7860179017552067,34.032153262493672],[-6.7857907333795762,34.032079744085991],[-6.7855616029335657,34.03201259004021],[-6.7853306886835165,34.031951852603001],[-6.7853222428155089,34.031949756223774],[-6.7853093393566679,34.031946569154123],[-6.785295828317869,34.031943253518598],[-6.7852816151001107,34.031939786913988],[-6.7852665812054758,34.031936142691961],[-6.7852505668365701,34.031932285641759],[-6.785233352383865,34.031928165882015],[-6.7852146236679109,34.031923712931487],[-6.7851938979607684,34.031918815783776],[-6.7851703620664052,34.031913290425742],[-6.7851424308776167,34.031906776491574],[-6.7851060121758113,34.031898338873695],[-6.7850181024128364,34.031878121904064],[-6.7824191957560451,34.031281743389286],[-6.7823327542253802,34.031261951167046],[-6.7822969551290218,34.031253818850303],[-6.7822694724096459,34.031247618593007],[-6.7822462920704698,34.031242426064559],[-6.7822258604483778,34.031237881421518],[-6.7822073794922479,34.031233798663152],[-6.782190377368746,34.031230070260534],[-6.7821745441915704,34.031226622972909],[-6.7821596668382815,34.031223405940906],[-6.782145589859975,34.031220384804541],[-6.7821321936344034,34.031217530219642],[-6.7821193879248236,34.031214821536842],[-6.7821071009635743,34.031212241510339],[-6.7821052533258266,34.031211855143127],[-6.7819213943052983,34.031175625469174],[-6.7817367653949994,34.031143549088661],[-6.7815514604036551,34.03111564229939],[-6.7813655734834999,34.031091919280613],[-6.7813636580489556,34.031091696886996],[-6.781351106403112,34.031090248837039],[-6.7813380157276262,34.031088758927474],[-6.7813243133154755,34.031087218940733],[-6.7813099026472212,34.031085621823614],[-6.7812946621932548,34.03108395448524],[-6.7812784325032105,34.031082203350735],[-6.7812609922646203,34.03108034741026],[-6.7812420225480894,34.031078357710697],[-6.7812210351406685,34.031076186421295],[-6.7811972088204486,34.031073756913486],[-6.7811689401619093,34.031070917303701],[-6.7811320914183835,34.031067270367643],[-6.7810431725345737,34.031058620928931],[-6.7789186371957237,34.030852974282375],[-6.7788314849253792,34.030844492333259],[-6.7787953675730446,34.030840914226566],[-6.7787676588311703,34.030838125636748],[-6.7787443056213785,34.030835739160246],[-6.7787237349076275,34.030833606159696],[-6.778705141688941,34.030831648010441],[-6.778688047587889,34.030829822176386],[-6.7786721412433764,34.030828098713968],[-6.778657204593209,34.030826456573799],[-6.778643080353679,34.030824882154441],[-6.7786296502735803,34.030823364130733],[-6.7786168210686322,34.030821894510332],[-6.7786045189635384,34.030820465988057],[-6.7785961408571742,34.030819482213765],[-6.7784608465695095,34.030802308306889],[-6.7783258772741757,34.030782743627761],[-6.7783176983651376,34.030781478968585],[-6.7783054905662121,34.030779575901732],[-6.7782927655550989,34.030777572101215],[-6.7782794527198726,34.030775454815434],[-6.7782654607996458,34.030773207010398],[-6.7782506724834581,34.030770808331148],[-6.77823493350839,34.030768230712141],[-6.7782180298729422,34.030765435922284],[-6.7781996541344069,34.030762367818582],[-6.778179337034473,34.030758944079444],[-6.7781562844862924,34.030755022823762],[-6.7781289496145822,34.030750328854339],[-6.7780933403959107,34.030744157512899],[-6.778007344882794,34.030729098512474],[-6.7768572609901616,34.030527083916468],[-6.7767596971165158,34.03050990550048],[-6.7767192779045757,34.030502733227365],[-6.776688272814174,34.030497191824331],[-6.7766621414372725,34.030492489728879],[-6.7766391273376358,34.030488319760579],[-6.7766183267885047,34.03048452500223],[-6.7765992053804238,34.030481013020989],[-6.776564762214992,34.030474654380946],[-6.775651327704316,34.03027376865348],[-6.771710087498958,34.029341820895297],[-6.7716317625630502,34.029323331288374],[-6.771599283682276,34.029315711535993],[-6.7715743528826184,34.029309894973565],[-6.7715533255934393,34.02930501601643],[-6.7715347937681774,34.029300739249464],[-6.771518032186326,34.029296892236808],[-6.7715015383805399,34.029293127968884],[-6.7713297801252219,34.029255309310784],[-6.7711575123928185,34.029219883648572],[-6.7711578555949661,34.029219254902941],[-6.7709283589471552,34.029175980405128],[-6.7694558951538717,34.028898918516468],[-6.7693811334504517,34.028884807706554],[-6.7693502104614982,34.02887890916724],[-6.7693264944248455,34.028874343300188],[-6.7693065099511109,34.028870460857974],[-6.7692889109944598,34.028867010497898],[-6.7692730087925632,34.028863864466025],[-6.7692583916327846,34.028860947896774],[-6.7692447922409835,34.028858209598624],[-6.7692320270479751,34.028855617306391],[-6.7692199580704306,34.02885314457],[-6.7692085364590584,34.028850784708375],[-6.7691921707033993,34.028847366858216],[-6.7689892511403862,34.028801206849472],[-6.7687879757538463,34.02874833611812],[-6.7686668178763707,34.028722340859488],[-6.7684467556861518,34.028659149393732],[-6.7679849112572752,34.02850175642493],[-6.7676542274804579,34.02838906093546],[-6.7676492462278777,34.028387362969568],[-6.7666893967669361,34.028107390612689],[-6.7663319967977023,34.028003140316351],[-6.766027625744595,34.027933309662778],[-6.7657599432712106,34.027883842988615],[-6.7654608843245967,34.027828577690784],[-6.765118979110329,34.027802600991642],[-6.7648095395640055,34.027762777974232],[-6.7645374328239241,34.027712437877341],[-6.7631178933997669,34.02730911872132],[-6.7613191290474495,34.026796999739211],[-6.7583241541609009,34.026003355768999],[-6.7581076387392143,34.025945978028325],[-6.7552008991269998,34.025383132880222],[-6.752977501674378,34.025106558024099],[-6.7516722201545338,34.024894329346672],[-6.7507638529134706,34.024819511559144],[-6.7479583854610468,34.024537456010435],[-6.7477521293533904,34.024493336462143],[-6.7449169632186479,34.023685546613819],[-6.7365842478705371,34.021249070636571],[-6.7347791331189049,34.020721165291825],[-6.7347763067161841,34.020537165035925],[-6.728826957051445,34.018208142308815],[-6.7283580441133886,34.017739851281576]]]},"properties":{"prefecture":"Salé","arrondissement":"Hssaine - Bettana - Laayayda","type_arrondissement":"Arrondissement","nom":"PAS Route Meknes","Etat_PA":"PA Homologué","num_decret":"02-25-21","num_bo":"7388","date_homo":"07/03/2025","date_apparttion_bo":"20/03/2025","objectid":2066,"shape.STArea()":4296850.7371517401,"shape.STLength()":16816.126068594414}}]}