{"type":"FeatureCollection","features":[{"type":"Feature","geometry":{"type":"Point","coordinates":[-6.8168299,33.9511397]},"properties":{"id":"osm-relation-2799203","source":"osm-admin","level":10,"name":"Arrondissement Souissi مقاطعة السويسي","name_ar":"مقاطعة السويسي","name_fr":"Arrondissement Souissi","type_osm":"relation"}},{"type":"Feature","geometry":{"type":"Point","coordinates":[-6.7983959,33.9919367]},"properties":{"id":"osm-relation-2799204","source":"osm-admin","level":10,"name":"Arrondissement El Youssoufia مقاطعة اليوسفية","name_ar":"مقاطعة اليوسفية","name_fr":"Arrondissement El Youssoufia","type_osm":"relation"}},{"type":"Feature","geometry":{"type":"Point","coordinates":[-6.8664577,33.9757284]},"properties":{"id":"osm-relation-2799211","source":"osm-admin","level":10,"name":"Arrondissement Agdal-Riyad مقاطعة أكدال الرياض","name_ar":"مقاطعة أكدال الرياض","name_fr":"Arrondissement Agdal-Riyad","type_osm":"relation"}},{"type":"Feature","geometry":{"type":"Point","coordinates":[-6.8948639,33.9740087]},"properties":{"id":"osm-relation-2799212","source":"osm-admin","level":10,"name":"Arrondissement Yacoub El Mansour مقاطعة يعقوب المنصور","name_ar":"مقاطعة يعقوب المنصور","name_fr":"Yacoub El Mansour","type_osm":"relation"}},{"type":"Feature","geometry":{"type":"Point","coordinates":[-7.9380824,31.619244]},"properties":{"id":"osm-relation-2799527","source":"osm-admin","level":10,"name":"Arrondissement d'Annakhil مقاطعة النخيل","name_ar":"مقاطعة النخيل","name_fr":"Arrondissement d'Annakhil","type_osm":"relation"}},{"type":"Feature","geometry":{"type":"Point","coordinates":[-7.9537723,31.5892201]},"properties":{"id":"osm-relation-2799529","source":"osm-admin","level":10,"name":"Arrondissement de Sidi Youssef Ben Ali مقاطعة سيدي يوسف بن علي","name_ar":"مقاطعة سيدي يوسف بن علي","name_fr":"Arrondissement de Sidi Youssef Ben Ali","type_osm":"relation"}},{"type":"Feature","geometry":{"type":"Point","coordinates":[-8.0119427,31.6468287]},"properties":{"id":"osm-relation-2799533","source":"osm-admin","level":10,"name":"Arrondissement de Gueliz مقاطعة كليز","name_ar":"مقاطعة كليز","name_fr":"Arrondissement de Gueliz","type_osm":"relation"}},{"type":"Feature","geometry":{"type":"Point","coordinates":[-7.9860595,31.6292126]},"properties":{"id":"osm-relation-2799534","source":"osm-admin","level":10,"name":"Arrondissement de Marrakech-Medina مقاطعة مراكش المدينة","name_ar":"مقاطعة مراكش المدينة","name_fr":"Arrondissement de Marrakech-Medina","type_osm":"relation"}},{"type":"Feature","geometry":{"type":"Point","coordinates":[-8.0470508,31.6398731]},"properties":{"id":"osm-relation-2799537","source":"osm-admin","level":10,"name":"Arrondissement de Ménara مقاطعة المنارة","name_ar":"مقاطعة المنارة","name_fr":"Arrondissement de Ménara","type_osm":"relation"}},{"type":"Feature","geometry":{"type":"Point","coordinates":[-5.0161614,34.0604524]},"properties":{"id":"osm-relation-2799556","source":"osm-admin","level":10,"name":"Arrondissement d'El Mariniyine مقاطعة المرينيين","name_ar":"مقاطعة المرينيين","name_fr":"Arrondissement d'El Mariniyine","type_osm":"relation"}},{"type":"Feature","geometry":{"type":"Point","coordinates":[-5.0053668,34.0357226]},"properties":{"id":"osm-relation-2799558","source":"osm-admin","level":10,"name":"Arrondissement d'Agdal مقاطعة أكدال","name_ar":"مقاطعة أكدال","name_fr":"Arrondissement d'Agdal","type_osm":"relation"}},{"type":"Feature","geometry":{"type":"Point","coordinates":[-4.9796211,34.0064073]},"properties":{"id":"osm-relation-2799559","source":"osm-admin","level":10,"name":"Arrondissement de Saiss مقاطعة سايس","name_ar":"مقاطعة سايس","name_fr":"Arrondissement de Saiss","type_osm":"relation"}},{"type":"Feature","geometry":{"type":"Point","coordinates":[-5.0429822,34.0124433]},"properties":{"id":"osm-relation-2799560","source":"osm-admin","level":10,"name":"Arrondissement de Zouagha مقاطعة زواغة","name_ar":"مقاطعة زواغة","name_fr":"Arrondissement de Zouagha","type_osm":"relation"}},{"type":"Feature","geometry":{"type":"Point","coordinates":[-4.9552028,34.0582338]},"properties":{"id":"osm-relation-2799562","source":"osm-admin","level":10,"name":"Arrondissement de Jnan El Ouard مقاطعة جنان الورد","name_ar":"مقاطعة جنان الورد","name_fr":"Arrondissement de Jnan El Ouard","type_osm":"relation"}},{"type":"Feature","geometry":{"type":"Point","coordinates":[-4.9751578,34.0610143]},"properties":{"id":"osm-relation-2799583","source":"osm-admin","level":10,"name":"Arrondissement de Fès-Médina مقاطعة فاس المدينة","name_ar":"مقاطعة فاس المدينة","name_fr":"Arrondissement de Fès-Médina","type_osm":"relation"}},{"type":"Feature","geometry":{"type":"Point","coordinates":[-6.7947965,34.054444]},"properties":{"id":"osm-relation-2801014","source":"osm-admin","level":10,"name":"Tabriquet تابريكت","name_ar":"تابريكت","name_fr":"Tabriquet","type_osm":"relation"}},{"type":"Feature","geometry":{"type":"Point","coordinates":[-6.7439559,33.9836655]},"properties":{"id":"osm-relation-2801015","source":"osm-admin","level":10,"name":"Hssaine حصين","name_ar":"حصين","name_fr":"Hssaine","type_osm":"relation"}},{"type":"Feature","geometry":{"type":"Point","coordinates":[-6.7953928,34.020475]},"properties":{"id":"osm-relation-2801016","source":"osm-admin","level":10,"name":"Bettana بطانة","name_ar":"بطانة","name_fr":"Bettana","type_osm":"relation"}},{"type":"Feature","geometry":{"type":"Point","coordinates":[-6.8103915,34.0503215]},"properties":{"id":"osm-relation-2801017","source":"osm-admin","level":10,"name":"Bab Lamrissa باب لمريسة","name_ar":"باب لمريسة","name_fr":"Bab Lamrissa","type_osm":"relation"}},{"type":"Feature","geometry":{"type":"Point","coordinates":[-6.7535452,34.0611199]},"properties":{"id":"osm-relation-2801067","source":"osm-admin","level":10,"name":"Layayda لعيايدة","name_ar":"لعيايدة","name_fr":"Layayda","type_osm":"relation"}},{"type":"Feature","geometry":{"type":"Point","coordinates":[-7.6936296,33.5808944]},"properties":{"id":"osm-relation-2801287","source":"osm-admin","level":10,"name":"Arrondissement d'Anfa مقاطعة أنفا","name_ar":"مقاطعة أنفا","name_fr":"Arrondissement d'Anfa","type_osm":"relation"}},{"type":"Feature","geometry":{"type":"Point","coordinates":[-7.68713,33.5443735]},"properties":{"id":"osm-relation-2801343","source":"osm-admin","level":10,"name":"Arrondissement de Hay Hassani مقاطعة الحي الحسني","name_ar":"مقاطعة الحي الحسني","name_fr":"Arrondissement de Hay Hassani","type_osm":"relation"}},{"type":"Feature","geometry":{"type":"Point","coordinates":[-7.5065166,33.5933535]},"properties":{"id":"osm-relation-2801372","source":"osm-admin","level":10,"name":"Arrondissement de Sidi Moumen مقاطعة سيدي مومن","name_ar":"مقاطعة سيدي مومن","name_fr":"Arrondissement de Sidi Moumen","type_osm":"relation"}},{"type":"Feature","geometry":{"type":"Point","coordinates":[-7.5392649,33.5649928]},"properties":{"id":"osm-relation-2801402","source":"osm-admin","level":10,"name":"Arrondissement de Moulay Rachid مقاطعة مولاي رشيد","name_ar":"مقاطعة مولاي رشيد","name_fr":"Arrondissement de Moulay Rachid","type_osm":"relation"}},{"type":"Feature","geometry":{"type":"Point","coordinates":[-7.5605249,33.5565765]},"properties":{"id":"osm-relation-2801406","source":"osm-admin","level":10,"name":"Arrondissement de Sidi Othmane مقاطعة سيدي عثمان","name_ar":"مقاطعة سيدي عثمان","name_fr":"Arrondissement de Sidi Othmane","type_osm":"relation"}},{"type":"Feature","geometry":{"type":"Point","coordinates":[-7.5813359,33.5545658]},"properties":{"id":"osm-relation-2801410","source":"osm-admin","level":10,"name":"Arrondissement de Ben M'Sick مقاطعة ابن امسيك","name_ar":"مقاطعة ابن امسيك","name_fr":"Arrondissement de Ben M'Sick","type_osm":"relation"}},{"type":"Feature","geometry":{"type":"Point","coordinates":[-7.5572513,33.5356464]},"properties":{"id":"osm-relation-2801415","source":"osm-admin","level":10,"name":"Arrondissement de Sbata مقاطعة سباتة","name_ar":"مقاطعة سباتة","name_fr":"Arrondissement de Sbata","type_osm":"relation"}},{"type":"Feature","geometry":{"type":"Point","coordinates":[-7.6195204,33.5264085]},"properties":{"id":"osm-relation-2801442","source":"osm-admin","level":10,"name":"Arrondissement d'Aïn Chock مقاطعة عين الشق","name_ar":"مقاطعة عين الشق","name_fr":"Arrondissement d'Aïn-Chock","type_osm":"relation"}},{"type":"Feature","geometry":{"type":"Point","coordinates":[-7.5933175,33.5645127]},"properties":{"id":"osm-relation-2801452","source":"osm-admin","level":10,"name":"Arrondissement d'Al Fida مقاطعة الفداء","name_ar":"مقاطعة الفداء","name_fr":"Arrondissement d'Al Fida","type_osm":"relation"}},{"type":"Feature","geometry":{"type":"Point","coordinates":[-7.5976671,33.5766318]},"properties":{"id":"osm-relation-2801453","source":"osm-admin","level":10,"name":"Arrondissement de Mers Sultan مقاطعة مرس السلطان","name_ar":"مقاطعة مرس السلطان","name_fr":"Arrondissement de Mers Sultan","type_osm":"relation"}},{"type":"Feature","geometry":{"type":"Point","coordinates":[-7.5796337,33.5863089]},"properties":{"id":"osm-relation-2801457","source":"osm-admin","level":10,"name":"Arrondissement des Roches noires مقاطعة الصخور السوداء","name_ar":"مقاطعة الصخور السوداء","name_fr":"Arrondissement des Roches noires","type_osm":"relation"}},{"type":"Feature","geometry":{"type":"Point","coordinates":[-7.5641273,33.589506]},"properties":{"id":"osm-relation-2801458","source":"osm-admin","level":10,"name":"Arrondissement de Hay Mohammadi مقاطعة الحي المحمدي","name_ar":"مقاطعة الحي المحمدي","name_fr":"Arrondissement de Hay Mohammadi","type_osm":"relation"}},{"type":"Feature","geometry":{"type":"Point","coordinates":[-7.5442333,33.6054025]},"properties":{"id":"osm-relation-2801460","source":"osm-admin","level":10,"name":"Arrondissement d'Aïn Sebaâ مقاطعة عين السبع","name_ar":"مقاطعة عين السبع","name_fr":"Arrondissement d'Aïn Sebaâ","type_osm":"relation"}},{"type":"Feature","geometry":{"type":"Point","coordinates":[-7.501059,33.6209001]},"properties":{"id":"osm-relation-2801461","source":"osm-admin","level":10,"name":"Arrondissement de Sidi Bernoussi مقاطعة سيدي البرنوصي","name_ar":"مقاطعة سيدي البرنوصي","name_fr":"Arrondissement de Sidi Bernoussi","type_osm":"relation"}},{"type":"Feature","geometry":{"type":"Point","coordinates":[-7.6360785,33.5700215]},"properties":{"id":"osm-relation-2801474","source":"osm-admin","level":10,"name":"Arrondissement Maârif ⵜⴰⴳⵣⵣⵓⵎⵜ ⵏ ⵍⵎⵄⴰⵔⵉⴼ مقاطعة المعاريف","name_ar":"مقاطعة المعاريف","name_fr":"Arrondissement Maârif","type_osm":"relation"}},{"type":"Feature","geometry":{"type":"Point","coordinates":[-7.584882,32.9328404]},"properties":{"id":"osm-relation-2879959","source":"osm-admin","level":10,"name":"Ain Nzagh عين نزاغ","name_ar":"عين نزاغ","name_fr":"Ain Nzagh","type_osm":"relation"}},{"type":"Feature","geometry":{"type":"Point","coordinates":[-7.5360022,33.0481844]},"properties":{"id":"osm-relation-2879960","source":"osm-admin","level":10,"name":"Tamadroust تامدروست","name_ar":"تامدروست","name_fr":"Tamadroust","type_osm":"relation"}},{"type":"Feature","geometry":{"type":"Point","coordinates":[-5.8296257,35.7295173]},"properties":{"id":"osm-relation-3544587","source":"osm-admin","level":10,"name":"arrondissement de Bni Makada بني مكادة","name_ar":"بني مكادة","name_fr":"arrondissement de Bni Makada","type_osm":"relation"}},{"type":"Feature","geometry":{"type":"Point","coordinates":[-5.7632531,35.7743303]},"properties":{"id":"osm-relation-3544604","source":"osm-admin","level":10,"name":"arrondissement de Charf-Mghogha الشرف مغوغة","name_ar":"الشرف مغوغة","name_fr":"arrondissement de Charf-Mghogha","type_osm":"relation"}},{"type":"Feature","geometry":{"type":"Point","coordinates":[-5.82161,35.7652839]},"properties":{"id":"osm-relation-3544606","source":"osm-admin","level":10,"name":"arrondissement de Charf-Souani الشرف السواني","name_ar":"الشرف السواني","name_fr":"arrondissement de Charf-Souani","type_osm":"relation"}},{"type":"Feature","geometry":{"type":"Point","coordinates":[-5.8682238,35.7605133]},"properties":{"id":"osm-relation-3544619","source":"osm-admin","level":10,"name":"arrondissement de Tanger-Medina طنجة المدينة","name_ar":"طنجة المدينة","name_fr":"arrondissement de Tanger-Medina","type_osm":"relation"}},{"type":"Feature","geometry":{"type":"Point","coordinates":[-5.5069889,29.9832031]},"properties":{"id":"osm-relation-4050007","source":"osm-admin","level":10,"name":"Blida ⴱⵍⵉⴷⴰ البليدة","name_ar":"البليدة","name_fr":"Blida","type_osm":"relation"}},{"type":"Feature","geometry":{"type":"Point","coordinates":[-7.5637478,33.5430857]},"properties":{"id":"osm-relation-4742799","source":"osm-admin","level":9,"name":"Préfecture d'arrondissements de Ben M'sick عمالة مقاطعات ابن مسيك","name_ar":"عمالة مقاطعات ابن مسيك","name_fr":"Préfecture d'arrondissements de Ben M'sick","type_osm":"relation"}},{"type":"Feature","geometry":{"type":"Point","coordinates":[-7.6195204,33.5264085]},"properties":{"id":"osm-relation-4742849","source":"osm-admin","level":9,"name":"Préfecture d'arrondissement d'Aïn Chock عمالة مقاطعة عين الشق","name_ar":"عمالة مقاطعة عين الشق","name_fr":"Préfecture d'arrondissement d'Aïn Chock","type_osm":"relation"}},{"type":"Feature","geometry":{"type":"Point","coordinates":[-7.5949292,33.5730112]},"properties":{"id":"osm-relation-4742936","source":"osm-admin","level":9,"name":"Préfecture d’arrondissements Al Fida-Mers Sultan عمالة مقاطعات الفداء مرس السلطان","name_ar":"عمالة مقاطعات الفداء مرس السلطان","name_fr":"Préfecture d’arrondissements Al Fida-Mers Sultan","type_osm":"relation"}},{"type":"Feature","geometry":{"type":"Point","coordinates":[-7.5557165,33.5966614]},"properties":{"id":"osm-relation-4742974","source":"osm-admin","level":9,"name":"Préfecture d'arrondissements d'Aïn Sebaâ-Hay Mohammadi عمالة مقاطعات عين السبع الحي المحمدي","name_ar":"عمالة مقاطعات عين السبع الحي المحمدي","name_fr":"Préfecture d'arrondissements d'Aïn Sebaâ-Hay Mohammadi","type_osm":"relation"}},{"type":"Feature","geometry":{"type":"Point","coordinates":[-7.5464278,33.5589163]},"properties":{"id":"osm-relation-4743032","source":"osm-admin","level":9,"name":"Préfecture d'arrondissements de Moulay Rachid عمالة مقاطعات مولاي رشيد","name_ar":"عمالة مقاطعات مولاي رشيد","name_fr":"Préfecture d'arrondissements de Moulay Rachid","type_osm":"relation"}},{"type":"Feature","geometry":{"type":"Point","coordinates":[-7.5065166,33.6014972]},"properties":{"id":"osm-relation-4743044","source":"osm-admin","level":9,"name":"Préfecture d'arrondissements de Sidi Bernoussi عمالة مقاطعات سيدي البرنوصي","name_ar":"عمالة مقاطعات سيدي البرنوصي","name_fr":"Préfecture d'arrondissements de Sidi Bernoussi","type_osm":"relation"}},{"type":"Feature","geometry":{"type":"Point","coordinates":[-7.68713,33.5443735]},"properties":{"id":"osm-relation-4743065","source":"osm-admin","level":9,"name":"Préfecture d'arrondissement de Hay Hassani عمالة مقاطعة الحي الحسني","name_ar":"عمالة مقاطعة الحي الحسني","name_fr":"Préfecture d'arrondissement de Hay Hassani","type_osm":"relation"}},{"type":"Feature","geometry":{"type":"Point","coordinates":[-7.6655007,33.5831928]},"properties":{"id":"osm-relation-4743212","source":"osm-admin","level":9,"name":"Préfecture d'arrondissements de Casablanca-Anfa عمالة مقاطعات الدار البيضاء أنفا","name_ar":"عمالة مقاطعات الدار البيضاء أنفا","name_fr":"Préfecture d'arrondissements de Casablanca-Anfa","type_osm":"relation"}},{"type":"Feature","geometry":{"type":"Point","coordinates":[-7.6098385,33.6016076]},"properties":{"id":"osm-relation-4743250","source":"osm-admin","level":10,"name":"Arrondissement de Sidi Belyout مقاطعة سيدي بليوط","name_ar":"مقاطعة سيدي بليوط","name_fr":"Arrondissement de Sidi Belyout","type_osm":"relation"}},{"type":"Feature","geometry":{"type":"Point","coordinates":[-6.837738,34.020332]},"properties":{"id":"osm-relation-4743369","source":"osm-admin","level":10,"name":"Arrondissement Hassan مقاطعة حسان","name_ar":"مقاطعة حسان","name_fr":"Arrondissement Hassan","type_osm":"relation"}},{"type":"Feature","geometry":{"type":"Point","coordinates":[-9.5429502,30.37044]},"properties":{"id":"osm-relation-6303674","source":"osm-admin","level":10,"name":"Cadi Ayyad ⵇⴰⴷⵉ ⵄⵉⵢⴰⴹ القاضي عياض","name_ar":"القاضي عياض","name_fr":"Cadi Ayyad","type_osm":"relation"}},{"type":"Feature","geometry":{"type":"Point","coordinates":[-9.5407462,30.37228]},"properties":{"id":"osm-relation-6304150","source":"osm-admin","level":10,"name":"Tigmi Oufla ⵜⵉⴳⵎⵉ ⵓⴼⵍⴰ تگمي أوفلا","name_ar":"تگمي أوفلا","name_fr":"Tigmi Oufla","type_osm":"relation"}},{"type":"Feature","geometry":{"type":"Point","coordinates":[-9.5499724,30.3739316]},"properties":{"id":"osm-relation-6307483","source":"osm-admin","level":10,"name":"La Pergola ⵍⴰⵒⵉⵔⴳⵓⵍⴰ لاپرگولا","name_ar":"لاپرگولا","name_fr":"La Pergola","type_osm":"relation"}},{"type":"Feature","geometry":{"type":"Point","coordinates":[-9.5378995,30.3676387]},"properties":{"id":"osm-relation-6307537","source":"osm-admin","level":10,"name":"Ilghayaten ⵉⵍⵖⵢⴰⵜⵏ إلغياتن","name_ar":"إلغياتن","name_fr":"Ilghayaten","type_osm":"relation"}},{"type":"Feature","geometry":{"type":"Point","coordinates":[-9.5421696,30.3687207]},"properties":{"id":"osm-relation-6307538","source":"osm-admin","level":10,"name":"Irhalne ⵉⵔⵀⴰⵍⵏ إرحالن","name_ar":"إرحالن","name_fr":"Irhalne","type_osm":"relation"}},{"type":"Feature","geometry":{"type":"Point","coordinates":[-9.533654,30.3722699]},"properties":{"id":"osm-relation-6316670","source":"osm-admin","level":10,"name":"Al Mostawsaf ⵍⵎⵓⵙⵜⴰⵡⵚⴰⴼ المستوصف","name_ar":"المستوصف","name_fr":"Al Mostawsaf","type_osm":"relation"}},{"type":"Feature","geometry":{"type":"Point","coordinates":[-9.5492214,30.3706655]},"properties":{"id":"osm-relation-6316671","source":"osm-admin","level":10,"name":"Rochdi ⵔⵓⵛⴷⵉ رشدي","name_ar":"رشدي","name_fr":"Rochdi","type_osm":"relation"}},{"type":"Feature","geometry":{"type":"Point","coordinates":[-9.5467427,30.3678411]},"properties":{"id":"osm-relation-6316726","source":"osm-admin","level":10,"name":"Idder ⵉⴷⴷⴰⵔ ادر","name_ar":"ادر","name_fr":"Idder","type_osm":"relation"}},{"type":"Feature","geometry":{"type":"Point","coordinates":[-9.5458122,30.3702933]},"properties":{"id":"osm-relation-6316727","source":"osm-admin","level":10,"name":"Zaitoun ⵣⴰⵢⵜⵓⵏ الزيتون","name_ar":"الزيتون","name_fr":"Zaitoun","type_osm":"relation"}},{"type":"Feature","geometry":{"type":"Point","coordinates":[-9.5318205,30.3634422]},"properties":{"id":"osm-relation-6323179","source":"osm-admin","level":10,"name":"Jdid ⴰⵎⴰⵢⵏⵓ الجديد","name_ar":"الجديد","name_fr":"Jdid","type_osm":"relation"}},{"type":"Feature","geometry":{"type":"Point","coordinates":[-9.5297837,30.3669404]},"properties":{"id":"osm-relation-6323201","source":"osm-admin","level":10,"name":"Ihsane ⵉⵃⵙⴰⵏ الإحسان","name_ar":"الإحسان","name_fr":"Ihsane","type_osm":"relation"}},{"type":"Feature","geometry":{"type":"Point","coordinates":[-9.5278816,30.3680187]},"properties":{"id":"osm-relation-6323237","source":"osm-admin","level":10,"name":"Rabiaa ⵔⴰⴱⵉⵄ الربيع","name_ar":"الربيع","name_fr":"Rabiaa","type_osm":"relation"}},{"type":"Feature","geometry":{"type":"Point","coordinates":[-9.5374811,30.3742411]},"properties":{"id":"osm-relation-6323264","source":"osm-admin","level":10,"name":"El Faiz ⵍⴼⴰⵢⵣ الفايز","name_ar":"الفايز","name_fr":"El Faiz","type_osm":"relation"}},{"type":"Feature","geometry":{"type":"Point","coordinates":[-9.5268214,30.3660445]},"properties":{"id":"osm-relation-6323725","source":"osm-admin","level":10,"name":"Nassim ⵏⴰⵙⵉⵎ النسيم","name_ar":"النسيم","name_fr":"Nassim","type_osm":"relation"}},{"type":"Feature","geometry":{"type":"Point","coordinates":[-9.5260495,30.3644968]},"properties":{"id":"osm-relation-6323726","source":"osm-admin","level":10,"name":"Salam ⵙⴰⵍⴰⵎ السلام","name_ar":"السلام","name_fr":"Salam","type_osm":"relation"}},{"type":"Feature","geometry":{"type":"Point","coordinates":[-9.5248267,30.3685238]},"properties":{"id":"osm-relation-6326611","source":"osm-admin","level":10,"name":"Yassamine ⵢⴰⵙⴰⵎⵉⵏ الياسمين","name_ar":"الياسمين","name_fr":"Yassamine","type_osm":"relation"}},{"type":"Feature","geometry":{"type":"Point","coordinates":[-9.5248231,30.3661867]},"properties":{"id":"osm-relation-6326657","source":"osm-admin","level":10,"name":"Doha ⴷⵓⵃⴰ الضحى","name_ar":"الضحى","name_fr":"Doha","type_osm":"relation"}},{"type":"Feature","geometry":{"type":"Point","coordinates":[-9.5283602,30.3636286]},"properties":{"id":"osm-relation-6329242","source":"osm-admin","level":10,"name":"Ilham ⵉⵍⵀⴰⵎ إلهام","name_ar":"إلهام","name_fr":"Ilham","type_osm":"relation"}},{"type":"Feature","geometry":{"type":"Point","coordinates":[-9.5315289,30.3744455]},"properties":{"id":"osm-relation-6329345","source":"osm-admin","level":10,"name":"Tabarine ⵜⴰⴱⴰⵔⵉⵏ تبارين","name_ar":"تبارين","name_fr":"Tabarine","type_osm":"relation"}},{"type":"Feature","geometry":{"type":"Point","coordinates":[-9.5321136,30.3759811]},"properties":{"id":"osm-relation-6332398","source":"osm-admin","level":10,"name":"Adarissa ⴰⴷⴰⵔⵉⵙⴰ الادارسة","name_ar":"الادارسة","name_fr":"Adarissa","type_osm":"relation"}},{"type":"Feature","geometry":{"type":"Point","coordinates":[-9.5346956,30.3723749]},"properties":{"id":"osm-relation-6332399","source":"osm-admin","level":10,"name":"Igi Farden ⵉⴳⵉ ⴼⴰⵔⴷⵏ إكي فاردن","name_ar":"إكي فاردن","name_fr":"Igi Farden","type_osm":"relation"}},{"type":"Feature","geometry":{"type":"Point","coordinates":[-9.5374812,30.3717221]},"properties":{"id":"osm-relation-6332400","source":"osm-admin","level":10,"name":"Igi Waki ⵉⴳⵉ ⵡⴰⴽⵉ إكي واكي","name_ar":"إكي واكي","name_fr":"Igi Waki","type_osm":"relation"}},{"type":"Feature","geometry":{"type":"Point","coordinates":[-9.5360235,30.3762036]},"properties":{"id":"osm-relation-6332401","source":"osm-admin","level":10,"name":"Nahda ⵏⴰⵀⴹⴰ النهضة","name_ar":"النهضة","name_fr":"Nahda","type_osm":"relation"}},{"type":"Feature","geometry":{"type":"Point","coordinates":[-9.5341969,30.3763551]},"properties":{"id":"osm-relation-6332402","source":"osm-admin","level":10,"name":"Sbaai ⵙⴱⴰⵄⵉ السباعي","name_ar":"السباعي","name_fr":"Sbaai","type_osm":"relation"}},{"type":"Feature","geometry":{"type":"Point","coordinates":[-9.5340582,30.3744971]},"properties":{"id":"osm-relation-6332403","source":"osm-admin","level":10,"name":"Walhori ⵡⴰⵍⵃⵓⵔⵉ والحوري","name_ar":"والحوري","name_fr":"Walhori","type_osm":"relation"}},{"type":"Feature","geometry":{"type":"Point","coordinates":[-9.5258324,30.3615588]},"properties":{"id":"osm-relation-6332921","source":"osm-admin","level":10,"name":"Al Amane ⴰⵍ ⴰⵎⴰⵏ الامان","name_ar":"الامان","name_fr":"Al-Amane","type_osm":"relation"}},{"type":"Feature","geometry":{"type":"Point","coordinates":[-9.5380547,30.3764784]},"properties":{"id":"osm-relation-6337224","source":"osm-admin","level":10,"name":"Ait Talb ⴰⵢⵜ ⵟⴰⵍⴱ ايت طالب","name_ar":"ايت طالب","name_fr":"Ait Talb","type_osm":"relation"}},{"type":"Feature","geometry":{"type":"Point","coordinates":[-9.5404735,30.374924]},"properties":{"id":"osm-relation-6337487","source":"osm-admin","level":10,"name":"Anache ⵖⵏⴰⵛ عناش","name_ar":"عناش","name_fr":"Anache","type_osm":"relation"}},{"type":"Feature","geometry":{"type":"Point","coordinates":[-9.5406643,30.3767882]},"properties":{"id":"osm-relation-6337965","source":"osm-admin","level":10,"name":"Igromaɛi ⵉⴳⵔⵓⵎⴰⵄⵉ إگروماعي","name_ar":"إگروماعي","name_fr":"Igromaɛi","type_osm":"relation"}},{"type":"Feature","geometry":{"type":"Point","coordinates":[-9.5381635,30.3777664]},"properties":{"id":"osm-relation-6352707","source":"osm-admin","level":10,"name":"Kabrane ⴽⴰⴱⵔⴰⵏ كبران","name_ar":"كبران","name_fr":"Kabrane","type_osm":"relation"}},{"type":"Feature","geometry":{"type":"Point","coordinates":[-9.521337,30.3671275]},"properties":{"id":"osm-relation-6358980","source":"osm-admin","level":10,"name":"Narjis ⵏⴰⵔⵊⵉⵙ النرجس","name_ar":"النرجس","name_fr":"Narjis","type_osm":"relation"}},{"type":"Feature","geometry":{"type":"Point","coordinates":[-9.5240277,30.3634563]},"properties":{"id":"osm-relation-6358981","source":"osm-admin","level":10,"name":"Zohor ⵣⵓⵀⵓⵔ الزهور","name_ar":"الزهور","name_fr":"Zohor","type_osm":"relation"}},{"type":"Feature","geometry":{"type":"Point","coordinates":[-9.1283787,29.5838526]},"properties":{"id":"osm-relation-6434570","source":"osm-admin","level":9,"name":"Douar Tidli N'Aït Abas دوار تيدلي نايت عباس","name_ar":"دوار تيدلي نايت عباس","name_fr":"Douar Tidli N'Aït Abas","type_osm":"relation"}},{"type":"Feature","geometry":{"type":"Point","coordinates":[-8.9105847,29.8137069]},"properties":{"id":"osm-relation-14478135","source":"osm-admin","level":9,"name":"أميسيا","type_osm":"relation"}},{"type":"Feature","geometry":{"type":"Point","coordinates":[-8.839699,29.9329139]},"properties":{"id":"osm-relation-14478136","source":"osm-admin","level":9,"name":"afrawa أفراوا","type_osm":"relation"}},{"type":"Feature","geometry":{"type":"Point","coordinates":[-9.0780013,29.7317311]},"properties":{"id":"osm-relation-14478137","source":"osm-admin","level":10,"name":"آيت أومزيل","type_osm":"relation"}},{"type":"Feature","geometry":{"type":"Point","coordinates":[-9.0400635,29.7326852]},"properties":{"id":"osm-relation-14478138","source":"osm-admin","level":10,"name":"أكنس واسيف","type_osm":"relation"}},{"type":"Feature","geometry":{"type":"Point","coordinates":[-9.0136673,29.770603]},"properties":{"id":"osm-relation-14478139","source":"osm-admin","level":10,"name":"آيت صمايون","type_osm":"relation"}},{"type":"Feature","geometry":{"type":"Point","coordinates":[-8.9150219,29.7320949]},"properties":{"id":"osm-relation-14478140","source":"osm-admin","level":10,"name":"أفلا واسيف","type_osm":"relation"}},{"type":"Feature","geometry":{"type":"Point","coordinates":[-9.3405742,30.3666267]},"properties":{"id":"osm-relation-14486553","source":"osm-admin","level":10,"name":"لخرارزة","type_osm":"relation"}},{"type":"Feature","geometry":{"type":"Point","coordinates":[-9.3137523,30.3433538]},"properties":{"id":"osm-relation-14486554","source":"osm-admin","level":10,"name":"الديابات","type_osm":"relation"}},{"type":"Feature","geometry":{"type":"Point","coordinates":[-9.3158989,30.342516]},"properties":{"id":"osm-relation-14486555","source":"osm-admin","level":10,"name":"ايت أمغار","type_osm":"relation"}},{"type":"Feature","geometry":{"type":"Point","coordinates":[-9.3110538,30.3306462]},"properties":{"id":"osm-relation-14486556","source":"osm-admin","level":10,"name":"دار بن علي","type_osm":"relation"}},{"type":"Feature","geometry":{"type":"Point","coordinates":[-9.3432591,30.3778928]},"properties":{"id":"osm-relation-14486557","source":"osm-admin","level":10,"name":"الجرف أيت علا","type_osm":"relation"}},{"type":"Feature","geometry":{"type":"Point","coordinates":[-9.3160245,30.3682663]},"properties":{"id":"osm-relation-14486558","source":"osm-admin","level":10,"name":"اولاد سمان","type_osm":"relation"}},{"type":"Feature","geometry":{"type":"Point","coordinates":[-9.316246,30.4096551]},"properties":{"id":"osm-relation-14486559","source":"osm-admin","level":10,"name":"تملالت","type_osm":"relation"}},{"type":"Feature","geometry":{"type":"Point","coordinates":[-8.8932488,29.8630006]},"properties":{"id":"osm-relation-14486790","source":"osm-admin","level":10,"name":"Ait toufaout ⴰⵢⵜ ⵜⵓⴼⴰⵡⵜ ايت توفاوت","name_ar":"ايت توفاوت","name_fr":"Ait toufaout","type_osm":"relation"}},{"type":"Feature","geometry":{"type":"Point","coordinates":[-8.9877783,29.9514104]},"properties":{"id":"osm-relation-14513648","source":"osm-admin","level":10,"name":"أوفياض","type_osm":"relation"}},{"type":"Feature","geometry":{"type":"Point","coordinates":[-8.9809753,29.8699414]},"properties":{"id":"osm-relation-14513649","source":"osm-admin","level":10,"name":"أيت وسيفاد","type_osm":"relation"}},{"type":"Feature","geometry":{"type":"Point","coordinates":[-9.2398914,30.157967]},"properties":{"id":"osm-relation-14513650","source":"osm-admin","level":10,"name":"إكونكا","type_osm":"relation"}},{"type":"Feature","geometry":{"type":"Point","coordinates":[-9.1806659,30.2218999]},"properties":{"id":"osm-relation-14513651","source":"osm-admin","level":10,"name":"إداومنو","type_osm":"relation"}},{"type":"Feature","geometry":{"type":"Point","coordinates":[-9.3676075,30.1526696]},"properties":{"id":"osm-relation-14513652","source":"osm-admin","level":10,"name":"إداوكران","type_osm":"relation"}},{"type":"Feature","geometry":{"type":"Point","coordinates":[-9.3383135,30.2585425]},"properties":{"id":"osm-relation-14513653","source":"osm-admin","level":10,"name":"إداومحند","type_osm":"relation"}},{"type":"Feature","geometry":{"type":"Point","coordinates":[-9.4168619,30.286838]},"properties":{"id":"osm-relation-14513654","source":"osm-admin","level":10,"name":"أيت باها أوملال","type_osm":"relation"}},{"type":"Feature","geometry":{"type":"Point","coordinates":[-9.9704793,29.5810109]},"properties":{"id":"osm-relation-14531016","source":"osm-admin","level":10,"name":"المسيديرة إدوانكيضا","type_osm":"relation"}},{"type":"Feature","geometry":{"type":"Point","coordinates":[-9.9242168,29.586358]},"properties":{"id":"osm-relation-14531017","source":"osm-admin","level":10,"name":"إفرداو تغانمين","type_osm":"relation"}},{"type":"Feature","geometry":{"type":"Point","coordinates":[-9.9416131,29.6662963]},"properties":{"id":"osm-relation-14531018","source":"osm-admin","level":10,"name":"الكريمة","type_osm":"relation"}},{"type":"Feature","geometry":{"type":"Point","coordinates":[-9.9058261,29.6738069]},"properties":{"id":"osm-relation-14531019","source":"osm-admin","level":10,"name":"أيت الرباع","type_osm":"relation"}},{"type":"Feature","geometry":{"type":"Point","coordinates":[-8.5085766,33.260335]},"properties":{"id":"osm-relation-19465977","source":"osm-admin","level":9,"name":"1er Arrondissement","type_osm":"relation"}},{"type":"Feature","geometry":{"type":"Point","coordinates":[-8.5047135,33.2535746]},"properties":{"id":"osm-relation-19468248","source":"osm-admin","level":9,"name":"2ème Arrondissement","type_osm":"relation"}},{"type":"Feature","geometry":{"type":"Point","coordinates":[-8.5031175,33.2332473]},"properties":{"id":"osm-relation-19468516","source":"osm-admin","level":9,"name":"3ème Arrondissement","type_osm":"relation"}},{"type":"Feature","geometry":{"type":"Point","coordinates":[-8.5262332,33.2388241]},"properties":{"id":"osm-relation-19468749","source":"osm-admin","level":9,"name":"4ème Arrondissement","type_osm":"relation"}},{"type":"Feature","geometry":{"type":"Point","coordinates":[-8.5248288,33.2516659]},"properties":{"id":"osm-relation-19469759","source":"osm-admin","level":9,"name":"5ème Arrondissement","type_osm":"relation"}},{"type":"Feature","geometry":{"type":"Point","coordinates":[-8.487325,33.2366595]},"properties":{"id":"osm-relation-19469820","source":"osm-admin","level":9,"name":"6ème Arrondissement","type_osm":"relation"}},{"type":"Feature","geometry":{"type":"Point","coordinates":[-8.4761505,33.2313404]},"properties":{"id":"osm-relation-19471687","source":"osm-admin","level":9,"name":"7ème Arrondissment","type_osm":"relation"}},{"type":"Feature","geometry":{"type":"Point","coordinates":[-8.5189353,33.2311357]},"properties":{"id":"osm-relation-19471728","source":"osm-admin","level":9,"name":"8ème Arrondissement","type_osm":"relation"}},{"type":"Feature","geometry":{"type":"Point","coordinates":[-8.4988657,33.2474707]},"properties":{"id":"osm-relation-19471739","source":"osm-admin","level":9,"name":"9ème Arrondissement","type_osm":"relation"}},{"type":"Feature","geometry":{"type":"Point","coordinates":[-8.4719995,33.2297542]},"properties":{"id":"osm-relation-19471761","source":"osm-admin","level":9,"name":"10ème Arrondissement","type_osm":"relation"}},{"type":"Feature","geometry":{"type":"Point","coordinates":[-6.8203304,33.9845243]},"properties":{"id":"osm-node-21755904","source":"osm-place","place":"suburb","name":"El Youssoufia","name_ar":"اليوسفية","name_fr":"El Youssoufia","type_osm":"node"}},{"type":"Feature","geometry":{"type":"Point","coordinates":[-9.7579112,31.5106032]},"properties":{"id":"osm-node-309968355","source":"osm-place","place":"suburb","name":"Essaouira Ville Nouvelle","type_osm":"node"}},{"type":"Feature","geometry":{"type":"Point","coordinates":[-8.0108135,31.6321881]},"properties":{"id":"osm-node-595960397","source":"osm-place","place":"suburb","name":"Guéliz ⴳⵉⵍⵉⵣ گليز","name_ar":"كليز","name_fr":"Guéliz","type_osm":"node"}},{"type":"Feature","geometry":{"type":"Point","coordinates":[-7.9970272,31.632227]},"properties":{"id":"osm-node-595960402","source":"osm-place","place":"neighbourhood","name":"Bab Doukkala ⴱⴰⴱ ⴷⵯⴽⴽⴰⵍⴰ","name_fr":"Bab Doukkala","type_osm":"node"}},{"type":"Feature","geometry":{"type":"Point","coordinates":[-7.987207,31.6239569]},"properties":{"id":"osm-node-660578075","source":"osm-place","place":"neighbourhood","name":"Mechouar Kasbah ⵎⵉⵛⵡⴰⵔ ⵇⴰⵚⴱⴰ المشور القصبة","name_ar":"المشور القصبة","name_fr":"Mechouar Kasbah","type_osm":"node"}},{"type":"Feature","geometry":{"type":"Point","coordinates":[-7.9844037,31.6245882]},"properties":{"id":"osm-node-660578123","source":"osm-place","place":"neighbourhood","name":"Douar Graoua","type_osm":"node"}},{"type":"Feature","geometry":{"type":"Point","coordinates":[-7.985878,31.6259149]},"properties":{"id":"osm-node-660578124","source":"osm-place","place":"neighbourhood","name":"Kennaria","type_osm":"node"}},{"type":"Feature","geometry":{"type":"Point","coordinates":[-7.9900164,31.6302329]},"properties":{"id":"osm-node-660578135","source":"osm-place","place":"neighbourhood","name":"Mouassine","type_osm":"node"}},{"type":"Feature","geometry":{"type":"Point","coordinates":[-7.9884912,31.6329766]},"properties":{"id":"osm-node-660578140","source":"osm-place","place":"suburb","name":"Medina ⵎⴷⵉⵏⴰ المدينة","name_ar":"المدينة","name_fr":"Medina","type_osm":"node"}},{"type":"Feature","geometry":{"type":"Point","coordinates":[-6.4961492,30.674458]},"properties":{"id":"osm-node-704495651","source":"osm-place","place":"suburb","name":"Ourika Tansifte ⵓⵔⵉⴽⴰ ⵜⴰⵏⵙⵉⴼⵜ","name_fr":"Ourika Tansifte","type_osm":"node"}},{"type":"Feature","geometry":{"type":"Point","coordinates":[-4.9900381,34.0164884]},"properties":{"id":"osm-node-863968106","source":"osm-place","place":"neighbourhood","name":"Mont Fleuri","type_osm":"node"}},{"type":"Feature","geometry":{"type":"Point","coordinates":[-9.5791672,30.4313666]},"properties":{"id":"osm-node-1054483322","source":"osm-place","place":"suburb","name":"Les Amicales ⵍⵉⵣⴰⵎⵉⴽⴰⵍ ليزاميكال","name_ar":"ليزاميكال","name_fr":"Les Amicales","type_osm":"node"}},{"type":"Feature","geometry":{"type":"Point","coordinates":[-9.5893258,30.4333735]},"properties":{"id":"osm-node-1054653317","source":"osm-place","place":"suburb","name":"Charaf ⵛⴰⵔⴰⴼ شرف","name_ar":"شرف","name_fr":"Charaf","type_osm":"node"}},{"type":"Feature","geometry":{"type":"Point","coordinates":[-9.5976738,30.4278023]},"properties":{"id":"osm-node-1056895875","source":"osm-place","place":"suburb","name":"Cité Suisse ⵙⵉⵜⵉ ⵙⵡⵉⵙ سيتي سويس","name_ar":"سيتي سويس","name_fr":"Cité Suisse","type_osm":"node"}},{"type":"Feature","geometry":{"type":"Point","coordinates":[-9.6590808,30.4520064]},"properties":{"id":"osm-node-1057816237","source":"osm-place","place":"suburb","name":"Anza ⴰⵏⵣⴰ أنزا","name_ar":"أنزا","name_fr":"Anza","type_osm":"node"}},{"type":"Feature","geometry":{"type":"Point","coordinates":[-9.6170696,30.4250461]},"properties":{"id":"osm-node-1057816240","source":"osm-place","place":"suburb","name":"Marina d'Agadir ⵎⴰⵔⵉⵏⴰ ⴰⴳⴰⴷⵉⵔ مارينا أگادير","name_ar":"مارينا أگادير","name_fr":"Marina d'Agadir","type_osm":"node"}},{"type":"Feature","geometry":{"type":"Point","coordinates":[-9.5563283,30.4356199]},"properties":{"id":"osm-node-1085905376","source":"osm-place","place":"suburb","name":"Hay Mohammedi ⵃⵉ ⵎⵓⵃⵎⴰⴷⵉ الحي المحمدي","name_ar":"الحي المحمدي","name_fr":"Hay Mohammedi","type_osm":"node"}},{"type":"Feature","geometry":{"type":"Point","coordinates":[-9.4493749,30.3855777]},"properties":{"id":"osm-node-1086646493","source":"osm-place","place":"suburb","name":"Tagadirt N'Aabado ⵜⴰⴳⴰⴷⵉⵔⵜ ⵏⵄⴱⴰⴷⵓ تگاديرت نعبادو","name_ar":"تگاديرت نعبادو","name_fr":"Tagadirt N'Aabado","type_osm":"node"}},{"type":"Feature","geometry":{"type":"Point","coordinates":[-9.2281782,32.321555]},"properties":{"id":"osm-node-1363571309","source":"osm-place","place":"suburb","name":"Quartier Salam حي السلام","name_ar":"حي السلام","name_fr":"Quartier Salam","type_osm":"node"}},{"type":"Feature","geometry":{"type":"Point","coordinates":[-9.2367827,32.3232958]},"properties":{"id":"osm-node-1363571320","source":"osm-place","place":"suburb","name":"Quartier Ijinnane حي أجنان","name_ar":"حي أجنان","name_fr":"Quartier Ijinnane","type_osm":"node"}},{"type":"Feature","geometry":{"type":"Point","coordinates":[-9.2316651,32.323468]},"properties":{"id":"osm-node-1363571373","source":"osm-place","place":"suburb","name":"Quartier Nahda حي النهضة","name_ar":"حي النهضة","name_fr":"Quartier Nahda","type_osm":"node"}},{"type":"Feature","geometry":{"type":"Point","coordinates":[-9.2243909,32.3267137]},"properties":{"id":"osm-node-1363571469","source":"osm-place","place":"suburb","name":"Andalous حي الفردوس","name_ar":"حي الفردوس","name_fr":"Andalous","type_osm":"node"}},{"type":"Feature","geometry":{"type":"Point","coordinates":[-9.238274,32.3063945]},"properties":{"id":"osm-node-1363619323","source":"osm-place","place":"suburb","name":"Jenane Chakouri حي جنان الشقوري","name_ar":"حي جنان الشقوري","name_fr":"Jenane Chakouri","type_osm":"node"}},{"type":"Feature","geometry":{"type":"Point","coordinates":[-9.2322873,32.3046535]},"properties":{"id":"osm-node-1363619399","source":"osm-place","place":"suburb","name":"Azib Zemouri حي عزيب الزموري","name_ar":"حي عزيب الزموري","name_fr":"Azib Zemouri","type_osm":"node"}},{"type":"Feature","geometry":{"type":"Point","coordinates":[-9.2406558,32.2988678]},"properties":{"id":"osm-node-1363619421","source":"osm-place","place":"suburb","name":"Medina Kdima المدينة القديمة","name_ar":"المدينة القديمة","name_fr":"Ancienne Medina","type_osm":"node"}},{"type":"Feature","geometry":{"type":"Point","coordinates":[-9.2284464,32.3098766]},"properties":{"id":"osm-node-1363619446","source":"osm-place","place":"suburb","name":"Jenane Colonne حي جنان كولون","name_ar":"حي جنان كولون","name_fr":"Jenane Colonne","type_osm":"node"}},{"type":"Feature","geometry":{"type":"Point","coordinates":[-9.2286395,32.3064308]},"properties":{"id":"osm-node-1363619448","source":"osm-place","place":"suburb","name":"Derb My El Hassan حي درب مولاي الحسن","name_ar":"حي درب مولاي الحسن","name_fr":"Derb My El Hassan","type_osm":"node"}},{"type":"Feature","geometry":{"type":"Point","coordinates":[-9.2269873,32.3108559]},"properties":{"id":"osm-node-1363619457","source":"osm-place","place":"suburb","name":"Sidi Abdelkrim حي سيدي عبد الكريم","name_ar":"حي سيدي عبد الكريم","name_fr":"Sidi Abdelkrim","type_osm":"node"}},{"type":"Feature","geometry":{"type":"Point","coordinates":[-9.2290472,32.3133223]},"properties":{"id":"osm-node-1363619460","source":"osm-place","place":"suburb","name":"حي نجاح الأمير","name_ar":"حي نجاح الأمير","name_fr":"Najah Amir","type_osm":"node"}},{"type":"Feature","geometry":{"type":"Point","coordinates":[-9.2374372,32.3047804]},"properties":{"id":"osm-node-1363619478","source":"osm-place","place":"suburb","name":"Achbar Allal حي أشبار","name_ar":"حي أشبار","name_fr":"Achbar Allal","type_osm":"node"}},{"type":"Feature","geometry":{"type":"Point","coordinates":[-9.225099,32.3168403]},"properties":{"id":"osm-node-1363619502","source":"osm-place","place":"suburb","name":"Hay Changuit حي شنكيط","name_ar":"حي شنكيط","name_fr":"Chankit","type_osm":"node"}},{"type":"Feature","geometry":{"type":"Point","coordinates":[-9.2301842,32.3037423]},"properties":{"id":"osm-node-1363619504","source":"osm-place","place":"suburb","name":"الفخارة","name_ar":"الفخارة","name_fr":"Fekhara","type_osm":"node"}},{"type":"Feature","geometry":{"type":"Point","coordinates":[-9.2308026,32.3162311]},"properties":{"id":"osm-node-1363619517","source":"osm-place","place":"suburb","name":"Quartier Miftah El Kheir حي مفتاح الخير","name_ar":"حي مفتاح الخير","name_fr":"Quartier Miftah El Kheir","type_osm":"node"}},{"type":"Feature","geometry":{"type":"Point","coordinates":[-9.239336,32.3009905]},"properties":{"id":"osm-node-1363619523","source":"osm-place","place":"suburb","name":"تلة الخزف","name_ar":"تلة الخزف","name_fr":"Tila Al Khazef","type_osm":"node"}},{"type":"Feature","geometry":{"type":"Point","coordinates":[-9.2350339,32.3047623]},"properties":{"id":"osm-node-1363619530","source":"osm-place","place":"suburb","name":"حي بياضة","name_ar":"حي بياضة","name_fr":"Biyada","type_osm":"node"}},{"type":"Feature","geometry":{"type":"Point","coordinates":[-9.2325928,32.2851366]},"properties":{"id":"osm-node-1363651478","source":"osm-place","place":"suburb","name":"حي المستاري","name_ar":"حي المستاري","name_fr":"Hay Mestari","type_osm":"node"}},{"type":"Feature","geometry":{"type":"Point","coordinates":[-9.2372705,32.2823611]},"properties":{"id":"osm-node-1363651481","source":"osm-place","place":"suburb","name":"Hay Anas حي أناس","name_ar":"حي أناس","name_fr":"Hay Anas","type_osm":"node"}},{"type":"Feature","geometry":{"type":"Point","coordinates":[-9.2431714,32.2847919]},"properties":{"id":"osm-node-1363651485","source":"osm-place","place":"suburb","name":"الحي الصناعي","name_ar":"الحي الصناعي","name_fr":"Quartier industrielle","type_osm":"node"}},{"type":"Feature","geometry":{"type":"Point","coordinates":[-9.2435791,32.2931542]},"properties":{"id":"osm-node-1363651490","source":"osm-place","place":"suburb","name":"حي الرباط","name_ar":"حي الرباط","name_fr":"Quartier de Rabat","type_osm":"node"}},{"type":"Feature","geometry":{"type":"Point","coordinates":[-9.2417123,32.2779164]},"properties":{"id":"osm-node-1363651492","source":"osm-place","place":"suburb","name":"Hay Ourida 1 حي وريدة","name_ar":"حي وريدة","name_fr":"Hay Ourida 1","type_osm":"node"}},{"type":"Feature","geometry":{"type":"Point","coordinates":[-9.2214133,32.2961833]},"properties":{"id":"osm-node-1363651495","source":"osm-place","place":"suburb","name":"حي السعادة","name_ar":"حي السعادة","name_fr":"Hay Saada","type_osm":"node"}},{"type":"Feature","geometry":{"type":"Point","coordinates":[-9.2413056,32.2928994]},"properties":{"id":"osm-node-1363651497","source":"osm-place","place":"suburb","name":"Rahat Rih حي رحات الريح","name_ar":"حي رحات الريح","name_fr":"Rahat Rih","type_osm":"node"}},{"type":"Feature","geometry":{"type":"Point","coordinates":[-9.2462398,32.272764]},"properties":{"id":"osm-node-1363651499","source":"osm-place","place":"suburb","name":"Hay Libiar حي البيار","name_ar":"حي البيار","name_fr":"Hay Libiar","type_osm":"node"}},{"type":"Feature","geometry":{"type":"Point","coordinates":[-9.2338158,32.2960927]},"properties":{"id":"osm-node-1363651504","source":"osm-place","place":"suburb","name":"الحي الإداري","name_ar":"الحي الإداري","name_fr":"Quartier administratif","type_osm":"node"}},{"type":"Feature","geometry":{"type":"Point","coordinates":[-9.2227437,32.2881115]},"properties":{"id":"osm-node-1363651505","source":"osm-place","place":"suburb","name":"Hay Bouab حي البواب","name_ar":"حي البواب","name_fr":"Hay Bouab","type_osm":"node"}},{"type":"Feature","geometry":{"type":"Point","coordinates":[-9.2181708,32.285642]},"properties":{"id":"osm-node-1363651510","source":"osm-place","place":"suburb","name":"حي فلاج الطيبي","name_ar":"حي فلاج الطيبي","name_fr":"Filaj El-Tibi","type_osm":"node"}},{"type":"Feature","geometry":{"type":"Point","coordinates":[-9.2404688,32.285064]},"properties":{"id":"osm-node-1363651511","source":"osm-place","place":"suburb","name":"Hay Mouna حي مونة","name_ar":"حي مونة","name_fr":"Hay Mouna","type_osm":"node"}},{"type":"Feature","geometry":{"type":"Point","coordinates":[-9.237807,32.2794403]},"properties":{"id":"osm-node-1363651513","source":"osm-place","place":"suburb","name":"Hay Ourida 2 حي وريدة 2","name_ar":"حي وريدة 2","name_fr":"Hay Ourida 2","type_osm":"node"}},{"type":"Feature","geometry":{"type":"Point","coordinates":[-9.2245461,32.2909413]},"properties":{"id":"osm-node-1363651518","source":"osm-place","place":"suburb","name":"Safi 2-حي آسفي 2","name_ar":"حي آسفي 2","name_fr":"Safi 2","type_osm":"node"}},{"type":"Feature","geometry":{"type":"Point","coordinates":[-9.2330434,32.292338]},"properties":{"id":"osm-node-1363651522","source":"osm-place","place":"suburb","name":"Medina Jdida حي المدينة الجديدة","name_ar":"حي المدينة الجديدة","name_fr":"Medina Jdida","type_osm":"node"}},{"type":"Feature","geometry":{"type":"Point","coordinates":[-9.2232158,32.2839574]},"properties":{"id":"osm-node-1363651526","source":"osm-place","place":"suburb","name":"Jrifat حي الجريفات","name_ar":"حي الجريفات","name_fr":"Jrifat","type_osm":"node"}},{"type":"Feature","geometry":{"type":"Point","coordinates":[-9.2186023,32.2943695]},"properties":{"id":"osm-node-1363651533","source":"osm-place","place":"suburb","name":"حي عزيب الدرعي","name_ar":"حي عزيب الدرعي","name_fr":"Azib Drai","type_osm":"node"}},{"type":"Feature","geometry":{"type":"Point","coordinates":[-9.2443097,32.2901423]},"properties":{"id":"osm-node-1363651536","source":"osm-place","place":"suburb","name":"حي تراب الصيني","name_ar":"حي تراب الصيني","name_fr":"Trab Sini","type_osm":"node"}},{"type":"Feature","geometry":{"type":"Point","coordinates":[-9.2433441,32.2886911]},"properties":{"id":"osm-node-1363651540","source":"osm-place","place":"suburb","name":"حي هراية البيض","name_ar":"حي هراية البيض","name_fr":"Hariat Lbid","type_osm":"node"}},{"type":"Feature","geometry":{"type":"Point","coordinates":[-9.2429793,32.2752668]},"properties":{"id":"osm-node-1363651541","source":"osm-place","place":"suburb","name":"Hay Course حي الكورس","name_ar":"حي الكورس","name_fr":"Hay Course","type_osm":"node"}},{"type":"Feature","geometry":{"type":"Point","coordinates":[-9.2502106,32.2561618]},"properties":{"id":"osm-node-1363656814","source":"osm-place","place":"suburb","name":"Hay Kaouki حي كاوكي","name_ar":"حي كاوكي","name_fr":"Hay Kaouki","type_osm":"node"}},{"type":"Feature","geometry":{"type":"Point","coordinates":[-9.2393519,32.2643817]},"properties":{"id":"osm-node-1363656815","source":"osm-place","place":"suburb","name":"Quartier Laarisa حي العريصة","name_ar":"حي العريصة","name_fr":"Quartier Laarisa","type_osm":"node"}},{"type":"Feature","geometry":{"type":"Point","coordinates":[-9.2503597,32.2626216]},"properties":{"id":"osm-node-1363656816","source":"osm-place","place":"suburb","name":"Quartier Kliaa حي القليعة","name_ar":"حي القليعة","name_fr":"Quartier Kliaa","type_osm":"node"}},{"type":"Feature","geometry":{"type":"Point","coordinates":[-9.2532147,32.2480856]},"properties":{"id":"osm-node-1363656817","source":"osm-place","place":"suburb","name":"Hay Amouni حي أموني","name_ar":"حي أموني","name_fr":"Hay Amouni","type_osm":"node"}},{"type":"Feature","geometry":{"type":"Point","coordinates":[-9.2449524,32.2633837]},"properties":{"id":"osm-node-1363656818","source":"osm-place","place":"suburb","name":"Kliaa Sidi Ouassel I حي زاوية سيدي واصل","name_ar":"حي زاوية سيدي واصل","name_fr":"Kliaa Sidi Ouassel I","type_osm":"node"}},{"type":"Feature","geometry":{"type":"Point","coordinates":[-9.7679781,31.512899]},"properties":{"id":"osm-node-1363750183","source":"osm-place","place":"suburb","name":"Ahl Agadir أهل أكادير","name_ar":"أهل أكادير","name_fr":"Ahl Agadir","type_osm":"node"}},{"type":"Feature","geometry":{"type":"Point","coordinates":[-9.7705145,31.5148459]},"properties":{"id":"osm-node-1363750184","source":"osm-place","place":"suburb","name":"Bani Antar بني عنتر","name_ar":"بني عنتر","name_fr":"Bani Antar","type_osm":"node"}},{"type":"Feature","geometry":{"type":"Point","coordinates":[-9.7668008,31.514591]},"properties":{"id":"osm-node-1363750185","source":"osm-place","place":"suburb","name":"Bouakher","type_osm":"node"}},{"type":"Feature","geometry":{"type":"Point","coordinates":[-9.7719467,31.5131509]},"properties":{"id":"osm-node-1363750186","source":"osm-place","place":"suburb","name":"La Kasbah القصبة","name_ar":"القصبة","name_fr":"La Kasbah","type_osm":"node"}},{"type":"Feature","geometry":{"type":"Point","coordinates":[-9.7670579,31.515691]},"properties":{"id":"osm-node-1363750188","source":"osm-place","place":"suburb","name":"Mellah","type_osm":"node"}},{"type":"Feature","geometry":{"type":"Point","coordinates":[-9.2560031,32.2631478]},"properties":{"id":"osm-node-1364635889","source":"osm-place","place":"suburb","name":"Quartier Industriel المنطقة الصناعية آسفي","name_ar":"المنطقة الصناعية آسفي","name_fr":"Quartier Industriel","type_osm":"node"}},{"type":"Feature","geometry":{"type":"Point","coordinates":[-9.2451026,32.2932994]},"properties":{"id":"osm-node-1364635931","source":"osm-place","place":"suburb","name":"كرنيش آسفي","name_ar":"كرنيش آسفي","name_fr":"Corniche de Safi","type_osm":"node"}},{"type":"Feature","geometry":{"type":"Point","coordinates":[-9.2442414,32.302838]},"properties":{"id":"osm-node-1364636251","source":"osm-place","place":"suburb","name":"Port ميناء آسفي","name_ar":"ميناء آسفي","name_fr":"Port","type_osm":"node"}},{"type":"Feature","geometry":{"type":"Point","coordinates":[-9.235227,32.3091149]},"properties":{"id":"osm-node-1364636255","source":"osm-place","place":"suburb","name":"Oued El Bacha حي واد الباشة","name_ar":"حي واد الباشة","name_fr":"Oued El Bacha","type_osm":"node"}},{"type":"Feature","geometry":{"type":"Point","coordinates":[-9.2332315,32.3082807]},"properties":{"id":"osm-node-1364636312","source":"osm-place","place":"suburb","name":"حي المجد","name_ar":"حي المجد","name_fr":"Hay Al Majd","type_osm":"node"}},{"type":"Feature","geometry":{"type":"Point","coordinates":[-9.2416214,32.3153352]},"properties":{"id":"osm-node-1364636313","source":"osm-place","place":"suburb","name":"Errahma حي الرحمة","name_ar":"حي الرحمة","name_fr":"Errahma","type_osm":"node"}},{"type":"Feature","geometry":{"type":"Point","coordinates":[-9.2219283,32.2927915]},"properties":{"id":"osm-node-1366732287","source":"osm-place","place":"suburb","name":"حي بلاد الجد","name_ar":"حي بلاد الجد","name_fr":"Blad El Jed","type_osm":"node"}},{"type":"Feature","geometry":{"type":"Point","coordinates":[-9.2316113,32.2802612]},"properties":{"id":"osm-node-1366732382","source":"osm-place","place":"suburb","name":"Sania Zine Abbidine حي سانية العابدين","name_ar":"حي سانية العابدين","name_fr":"Sania Zine Abbidine","type_osm":"node"}},{"type":"Feature","geometry":{"type":"Point","coordinates":[-9.2280187,32.2837862]},"properties":{"id":"osm-node-1366732403","source":"osm-place","place":"neighbourhood","name":"Hay Saïda 1 حي سعيدة","name_ar":"1 حي سعيدة","name_fr":"Hay Saïda 1","type_osm":"node"}},{"type":"Feature","geometry":{"type":"Point","coordinates":[-9.218302,32.2916124]},"properties":{"id":"osm-node-1366732492","source":"osm-place","place":"suburb","name":"حي الصفا","name_ar":"حي الصفا","name_fr":"Hay Safa","type_osm":"node"}},{"type":"Feature","geometry":{"type":"Point","coordinates":[-9.2294546,32.2886467]},"properties":{"id":"osm-node-1366796884","source":"osm-place","place":"suburb","name":"Safi 1-حي آسفي 1","name_ar":"حي آسفي 1","name_fr":"Safi 1","type_osm":"node"}},{"type":"Feature","geometry":{"type":"Point","coordinates":[-9.2168589,32.2878077]},"properties":{"id":"osm-node-1366821408","source":"osm-place","place":"suburb","name":"تجزئة الوئام","name_ar":"تجزئة الوئام","name_fr":"El Wiaam","type_osm":"node"}},{"type":"Feature","geometry":{"type":"Point","coordinates":[-9.2154349,32.3103754]},"properties":{"id":"osm-node-1367895207","source":"osm-place","place":"suburb","name":"حي المسيرة","name_ar":"حي المسيرة","name_fr":"Hay Massira","type_osm":"node"}},{"type":"Feature","geometry":{"type":"Point","coordinates":[-4.9702726,34.0639522]},"properties":{"id":"osm-node-1376686043","source":"osm-place","place":"neighbourhood","name":"Qouas","type_osm":"node"}},{"type":"Feature","geometry":{"type":"Point","coordinates":[-7.9892069,31.5952858]},"properties":{"id":"osm-node-1406562721","source":"osm-place","place":"suburb","name":"Zone Touristique de l'Agdal ⵜⴰⵎⵏⴰⴹⵜ ⵜⴰⵎⴰⵍⵍⴰⵢⴰⵏⵜ ⵏ ⵓⴳⴷⴰⵍ","name_fr":"Zone Touristique de l'Agdal","type_osm":"node"}},{"type":"Feature","geometry":{"type":"Point","coordinates":[-8.0044112,31.6695899]},"properties":{"id":"osm-node-1407863212","source":"osm-place","place":"neighbourhood","name":"Amerchich ⴰⵎⵔⵛⵉⵛ","name_fr":"Amerchich","type_osm":"node"}},{"type":"Feature","geometry":{"type":"Point","coordinates":[-8.004309,31.6627851]},"properties":{"id":"osm-node-1407863219","source":"osm-place","place":"neighbourhood","name":"Badii City ⵍⴱⴰⴷⵉⵄ","name_fr":"Badii City","type_osm":"node"}},{"type":"Feature","geometry":{"type":"Point","coordinates":[-8.0018402,31.6743104]},"properties":{"id":"osm-node-1407863230","source":"osm-place","place":"neighbourhood","name":"Hay Andalaous ⴰⵏⴷⴰⵍⵓⵙ","name_fr":"Hay Andalaous","type_osm":"node"}},{"type":"Feature","geometry":{"type":"Point","coordinates":[-8.0071196,31.6676271]},"properties":{"id":"osm-node-1407863236","source":"osm-place","place":"neighbourhood","name":"Ibn Tofail ⴱⵏⵓ ⵟⵓⴼⴰⵢⵍ","name_fr":"Ibn Tofail","type_osm":"node"}},{"type":"Feature","geometry":{"type":"Point","coordinates":[-8.0003914,31.659438]},"properties":{"id":"osm-node-1407863304","source":"osm-place","place":"neighbourhood","name":"Sakar ⵙⴰⵇⴰⵕ صقر","name_ar":"صقر","name_fr":"Sakar","type_osm":"node"}},{"type":"Feature","geometry":{"type":"Point","coordinates":[-3.5868752,35.0016775]},"properties":{"id":"osm-node-1576228811","source":"osm-place","place":"neighbourhood","name":"Imajéren إمجا ن","name_ar":"إمجا ن","name_fr":"Imajéren","type_osm":"node"}},{"type":"Feature","geometry":{"type":"Point","coordinates":[-3.5624092,35.0058895]},"properties":{"id":"osm-node-1576229448","source":"osm-place","place":"neighbourhood","name":"Bouhfora بوحفورة","name_ar":"بوحفورة","name_fr":"Bouhfora","type_osm":"node"}},{"type":"Feature","geometry":{"type":"Point","coordinates":[-3.5931087,35.0203672]},"properties":{"id":"osm-node-1576240765","source":"osm-place","place":"neighbourhood","name":"Aït Medien آيت مادين","name_ar":"آيت مادين","name_fr":"Aït Medien","type_osm":"node"}},{"type":"Feature","geometry":{"type":"Point","coordinates":[-3.5769956,35.0300117]},"properties":{"id":"osm-node-1577082201","source":"osm-place","place":"neighbourhood","name":"Ighméren إغميرن","name_ar":"إغميرن","name_fr":"Ighméren","type_osm":"node"}},{"type":"Feature","geometry":{"type":"Point","coordinates":[-3.5905329,35.022794]},"properties":{"id":"osm-node-1577083728","source":"osm-place","place":"neighbourhood","name":"Aït Yarour آيت يرور","name_ar":"آيت يرور","name_fr":"Aït Yarour","type_osm":"node"}},{"type":"Feature","geometry":{"type":"Point","coordinates":[-3.5674077,35.0175846]},"properties":{"id":"osm-node-1577086022","source":"osm-place","place":"neighbourhood","name":"Aït Youssef آيت يوسف","name_ar":"آيت يوسف","name_fr":"Aït Youssef","type_osm":"node"}},{"type":"Feature","geometry":{"type":"Point","coordinates":[-4.9419374,31.6910516]},"properties":{"id":"osm-node-1653062349","source":"osm-place","place":"neighbourhood","name":"Igrem igoulmimen","type_osm":"node"}},{"type":"Feature","geometry":{"type":"Point","coordinates":[-5.5365081,31.5155542]},"properties":{"id":"osm-node-1834473257","source":"osm-place","place":"neighbourhood","name":"Msalla","type_osm":"node"}},{"type":"Feature","geometry":{"type":"Point","coordinates":[-4.9682291,34.0649153]},"properties":{"id":"osm-node-1867044975","source":"osm-place","place":"neighbourhood","name":"Keddane","type_osm":"node"}},{"type":"Feature","geometry":{"type":"Point","coordinates":[-4.968805,34.0633063]},"properties":{"id":"osm-node-1867053714","source":"osm-place","place":"neighbourhood","name":"Andalous","type_osm":"node"}},{"type":"Feature","geometry":{"type":"Point","coordinates":[-4.9658042,34.0636131]},"properties":{"id":"osm-node-1867053734","source":"osm-place","place":"neighbourhood","name":"Andalous","type_osm":"node"}},{"type":"Feature","geometry":{"type":"Point","coordinates":[-4.9702455,34.0654663]},"properties":{"id":"osm-node-1867053735","source":"osm-place","place":"neighbourhood","name":"R'mila","type_osm":"node"}},{"type":"Feature","geometry":{"type":"Point","coordinates":[-2.349642,34.909135]},"properties":{"id":"osm-node-1943405282","source":"osm-place","place":"suburb","name":"Sidi Slimane Echcharaa ⵙⵉⴷⵉ ⵙⵍⵉⵎⴰⵏ ⵛⵕⵕⴰⵄⴰ سيدي سليمان الشراعة","name_ar":"سيدي سليمان الشراعة","name_fr":"Sidi Slimane Echcharaa","population":22904,"type_osm":"node"}},{"type":"Feature","geometry":{"type":"Point","coordinates":[-6.6321217,30.7340296]},"properties":{"id":"osm-node-1988961667","source":"osm-place","place":"suburb","name":"Ait Saoun ⴰⵢⵜ ⵙⴰⵡⵏ","name_fr":"Ait Saoun","type_osm":"node"}},{"type":"Feature","geometry":{"type":"Point","coordinates":[-6.2721009,32.5987183]},"properties":{"id":"osm-node-1991902680","source":"osm-place","place":"neighbourhood","name":"Boudraa I I حي بودراع","name_ar":"I حي بودراع","name_fr":"Boudraa I","population":3500,"type_osm":"node"}},{"type":"Feature","geometry":{"type":"Point","coordinates":[-6.2748733,32.5981649]},"properties":{"id":"osm-node-1991902681","source":"osm-place","place":"neighbourhood","name":"Hay Boudraa II حي بودراع","name_ar":"حي بودراع","name_fr":"Hay Boudraa II","population":4000,"type_osm":"node"}},{"type":"Feature","geometry":{"type":"Point","coordinates":[-6.2731588,32.596276]},"properties":{"id":"osm-node-1991902682","source":"osm-place","place":"neighbourhood","name":"Hay Boudra III ⵜⵓⴷⴷⵓⵔⵜ ⵏ ⴱⵓⴷⵔⴰⵄ حي بودراع","name_ar":"حي بودراع","name_fr":"Hay Boudra III","population":7500,"type_osm":"node"}},{"type":"Feature","geometry":{"type":"Point","coordinates":[-5.8831334,35.7337667]},"properties":{"id":"osm-node-1999241428","source":"osm-place","place":"suburb","name":"Boukhalef ⴱⵓⵅⴰⵍⴼ بوخالف","name_ar":"بوخالف","name_fr":"Boukhalef","type_osm":"node"}},{"type":"Feature","geometry":{"type":"Point","coordinates":[-5.5967421,33.8934365]},"properties":{"id":"osm-node-2001867708","source":"osm-place","place":"suburb","name":"Toulal ⵜⵓⵍⴰⵍ تولال","name_ar":"تولال","name_fr":"Toulal","type_osm":"node"}},{"type":"Feature","geometry":{"type":"Point","coordinates":[-5.0543852,31.5041512]},"properties":{"id":"osm-node-2017052393","source":"osm-place","place":"suburb","name":"Ait Assem ⴰⵢⵜ ⵄⴰⵚⵎ آيت عاصم","name_ar":"آيت عاصم","name_fr":"Ait Assem","type_osm":"node"}},{"type":"Feature","geometry":{"type":"Point","coordinates":[-5.0332081,31.5157582]},"properties":{"id":"osm-node-2017052407","source":"osm-place","place":"neighbourhood","name":"Gardmit","type_osm":"node"}},{"type":"Feature","geometry":{"type":"Point","coordinates":[-5.0590273,33.9912042]},"properties":{"id":"osm-node-2020531833","source":"osm-place","place":"neighbourhood","name":"Massira ⵎⴰⵙⵉⵔⴰ حي المسيرة","name_ar":"حي المسيرة","name_fr":"Massira","type_osm":"node"}},{"type":"Feature","geometry":{"type":"Point","coordinates":[-6.2579367,32.5954891]},"properties":{"id":"osm-node-2027843514","source":"osm-place","place":"suburb","name":"الحي الإداري","name_ar":"الحي الإداري","name_fr":"Quartier administratif","population":5000,"type_osm":"node"}},{"type":"Feature","geometry":{"type":"Point","coordinates":[-6.167389,30.6045848]},"properties":{"id":"osm-node-2036896968","source":"osm-place","place":"suburb","name":"Oulad Otmane ⵡⵍⴰⴷ ⵄⵜⵎⴰⵏ","name_fr":"Oulad Otmane","type_osm":"node"}},{"type":"Feature","geometry":{"type":"Point","coordinates":[-6.1355653,30.6800713]},"properties":{"id":"osm-node-2037024712","source":"osm-place","place":"suburb","name":"Abranos ⴰⴱⵕⵏⵓⵚ","name_fr":"Abranos","type_osm":"node"}},{"type":"Feature","geometry":{"type":"Point","coordinates":[-6.140165,30.683039]},"properties":{"id":"osm-node-2037024713","source":"osm-place","place":"suburb","name":"Ait Amou ⴰⵢⵜ ⴰⵎⵓ","name_fr":"Ait Amou","type_osm":"node"}},{"type":"Feature","geometry":{"type":"Point","coordinates":[-6.1300362,30.6541876]},"properties":{"id":"osm-node-2037024714","source":"osm-place","place":"suburb","name":"Dawtghrem ⴷⴰⵡⵜⵖⵕⵎ","name_fr":"Dawtghrem","type_osm":"node"}},{"type":"Feature","geometry":{"type":"Point","coordinates":[-6.1579889,30.6157758]},"properties":{"id":"osm-node-2037024716","source":"osm-place","place":"suburb","name":"Taakil ⵜⴰⵄⴽⵉⵍ","name_fr":"Taakil","type_osm":"node"}},{"type":"Feature","geometry":{"type":"Point","coordinates":[-6.1299392,30.6520426]},"properties":{"id":"osm-node-2037024717","source":"osm-place","place":"suburb","name":"Tamellalt ⵜⴰⵎⵍⵍⴰⵍⵜ","name_fr":"Tamellalt","type_osm":"node"}},{"type":"Feature","geometry":{"type":"Point","coordinates":[-6.0654747,30.5072902]},"properties":{"id":"osm-node-2039103759","source":"osm-place","place":"suburb","name":"Akhellouf ⴰⵅⵍⵍⵓⴼ","name_fr":"Akhellouf","type_osm":"node"}},{"type":"Feature","geometry":{"type":"Point","coordinates":[-5.8962215,30.442198]},"properties":{"id":"osm-node-2039103761","source":"osm-place","place":"suburb","name":"Bni Zoli ⴱⵏⵉ ⵥⵓⵍⵉ بني زولي","name_ar":"بني زولي","name_fr":"Bni Zoli","type_osm":"node"}},{"type":"Feature","geometry":{"type":"Point","coordinates":[-5.9333405,30.4661283]},"properties":{"id":"osm-node-2039103764","source":"osm-place","place":"suburb","name":"Dasnaks ⴷⴰⵙⵏⴰⵇⵙ","name_fr":"Dasnaks","type_osm":"node"}},{"type":"Feature","geometry":{"type":"Point","coordinates":[-6.1349463,30.5841717]},"properties":{"id":"osm-node-2039103768","source":"osm-place","place":"suburb","name":"Timesla ⵜⵉⵎⵙⵍⴰ","name_fr":"Timesla","type_osm":"node"}},{"type":"Feature","geometry":{"type":"Point","coordinates":[-6.0806992,30.531066]},"properties":{"id":"osm-node-2039103770","source":"osm-place","place":"suburb","name":"Tisguine ⵜⵉⵙⴳⵉⵏ","name_fr":"Tisguine","type_osm":"node"}},{"type":"Feature","geometry":{"type":"Point","coordinates":[-6.0392082,30.4936083]},"properties":{"id":"osm-node-2039103773","source":"osm-place","place":"suburb","name":"Zourgane","type_osm":"node"}},{"type":"Feature","geometry":{"type":"Point","coordinates":[-5.7946474,30.3865002]},"properties":{"id":"osm-node-2039121580","source":"osm-place","place":"suburb","name":"Bou Khellar ⴱⵓⵅⵍⵍⴰⵕ بوخلال","name_ar":"بوخلال","name_fr":"Bou Khellar","type_osm":"node"}},{"type":"Feature","geometry":{"type":"Point","coordinates":[-5.7890674,30.3790005]},"properties":{"id":"osm-node-2039121581","source":"osm-place","place":"suburb","name":"Zaouit El Hna ⵣⴰⵡⵉⵜ ⵍⵀⵏⴰ زاوية الهناء","name_ar":"زاوية الهناء","name_fr":"Zaouit El Hna","type_osm":"node"}},{"type":"Feature","geometry":{"type":"Point","coordinates":[-6.2750815,30.686364]},"properties":{"id":"osm-node-2042643883","source":"osm-place","place":"suburb","name":"Targa et Mal ⵜⴰⵔⴳⴰ ⵉⵎⴰⵍ","name_fr":"Targa et Mal","type_osm":"node"}},{"type":"Feature","geometry":{"type":"Point","coordinates":[-6.0666254,30.4759889]},"properties":{"id":"osm-node-2042679531","source":"osm-place","place":"suburb","name":"Zaouiet El Feggous ⵣⴰⵡⵉⵜ ⵍⴼⴳⴳⵓⵙ","name_fr":"Zaouiet El Feggous","type_osm":"node"}},{"type":"Feature","geometry":{"type":"Point","coordinates":[-6.5286838,30.7884806]},"properties":{"id":"osm-node-2044949196","source":"osm-place","place":"suburb","name":"Tizgui ⵜⵉⵣⴳⵉ","name_fr":"Tizgui","type_osm":"node"}},{"type":"Feature","geometry":{"type":"Point","coordinates":[-6.7083865,32.4916827]},"properties":{"id":"osm-node-2068126666","source":"osm-place","place":"neighbourhood","name":"Oulad Sidi Channan","type_osm":"node"}},{"type":"Feature","geometry":{"type":"Point","coordinates":[-4.6400392,34.5451308]},"properties":{"id":"osm-node-2096009941","source":"osm-place","place":"suburb","name":"Hay D'Chiyar","type_osm":"node"}},{"type":"Feature","geometry":{"type":"Point","coordinates":[-4.6417665,34.5491516]},"properties":{"id":"osm-node-2096010052","source":"osm-place","place":"suburb","name":"Hay Alamal","type_osm":"node"}},{"type":"Feature","geometry":{"type":"Point","coordinates":[-5.8187652,35.7511344]},"properties":{"id":"osm-node-2156103013","source":"osm-place","place":"suburb","name":"Bni Makada ⴱⵏⵉ ⵎⴽⴰⴷⴰ بني مكادة","name_ar":"بني مكادة","name_fr":"Bni Makada","type_osm":"node"}},{"type":"Feature","geometry":{"type":"Point","coordinates":[-5.8185809,35.7690944]},"properties":{"id":"osm-node-2156103015","source":"osm-place","place":"suburb","name":"Charf-Souani ⵛⴰⵕⴼ ⵙⵡⴰⵏⵉ الشرف السواني","name_ar":"الشرف السواني","name_fr":"Charf-Souani","type_osm":"node"}},{"type":"Feature","geometry":{"type":"Point","coordinates":[-5.7794545,35.7487231]},"properties":{"id":"osm-node-2156103016","source":"osm-place","place":"suburb","name":"Charf-Mghogha ⵛⴰⵕⴼ ⵎⵖⵓⵖⴰ الشرف مغوغة","name_ar":"الشرف مغوغة","name_fr":"Charf-Mghogha","type_osm":"node"}},{"type":"Feature","geometry":{"type":"Point","coordinates":[-5.8109634,35.786408]},"properties":{"id":"osm-node-2156103017","source":"osm-place","place":"suburb","name":"Tanger-Medina ⵟⴰⵏⵊⴰ ⵜⵉⵖⵕⵎⵜ طنجة المدينة","name_ar":"طنجة المدينة","name_fr":"Tanger-Medina","type_osm":"node"}},{"type":"Feature","geometry":{"type":"Point","coordinates":[-7.9679007,31.6090052]},"properties":{"id":"osm-node-2164767800","source":"osm-place","place":"suburb","name":"Sidi Youssef Ben Ali ⵙⵉⴷⵉ ⵢⵓⵙⴼ ⴱⵏ ⵄⵍⵉ سيدي يوسف بن علي","name_ar":"سيدي يوسف بن علي","name_fr":"Sidi Youssef Ben Ali","type_osm":"node"}},{"type":"Feature","geometry":{"type":"Point","coordinates":[-7.9592152,31.6509445]},"properties":{"id":"osm-node-2164767801","source":"osm-place","place":"suburb","name":"Annakhil ⵏⴰⵅⵉⵍ النخيل","name_ar":"النخيل","name_fr":"Annakhil","type_osm":"node"}},{"type":"Feature","geometry":{"type":"Point","coordinates":[-8.0575498,31.6285553]},"properties":{"id":"osm-node-2164767802","source":"osm-place","place":"suburb","name":"Menara ⵍⵎⵏⴰⵔⴰ المنارة","name_ar":"المنارة","name_fr":"Menara","type_osm":"node"}},{"type":"Feature","geometry":{"type":"Point","coordinates":[-6.8811155,33.9895343]},"properties":{"id":"osm-node-2184710836","source":"osm-place","place":"suburb","name":"Yacoub El Mansour ⵢⴰⵄⵇⵓⴱ ⵍⵎⴰⵏⵙⵓⵔ يعقوب المنصور","name_ar":"يعقوب المنصور","name_fr":"Yacoub El Mansour","type_osm":"node"}},{"type":"Feature","geometry":{"type":"Point","coordinates":[-6.8348164,33.9688418]},"properties":{"id":"osm-node-2184710847","source":"osm-place","place":"suburb","name":"Souissi ⵙⵡⵉⵙⵉ السويسي","name_ar":"السويسي","name_fr":"Souissi","type_osm":"node"}},{"type":"Feature","geometry":{"type":"Point","coordinates":[-6.8542908,33.9983119]},"properties":{"id":"osm-node-2184710850","source":"osm-place","place":"suburb","name":"Agdal ⴰⴳⴷⴰⵍ أكدال","name_ar":"أكدال","name_fr":"Agdal","type_osm":"node"}},{"type":"Feature","geometry":{"type":"Point","coordinates":[-4.9573848,34.0575729]},"properties":{"id":"osm-node-2184888135","source":"osm-place","place":"suburb","name":"Jnan El Ouard ⵊⵏⴰⵏ ⵍⵡⴰⵔⴷ جنان الورد","name_ar":"جنان الورد","name_fr":"Jnan El Ouard","type_osm":"node"}},{"type":"Feature","geometry":{"type":"Point","coordinates":[-4.9737999,34.0631192]},"properties":{"id":"osm-node-2184888154","source":"osm-place","place":"suburb","name":"Fès-Médina ⴼⴰⵙ-ⵎⴷⵉⵏⴰ فاس-المدينة","name_ar":"فاس المدينة","name_fr":"Fès-Médina","type_osm":"node"}},{"type":"Feature","geometry":{"type":"Point","coordinates":[-5.0311761,34.0577151]},"properties":{"id":"osm-node-2184888167","source":"osm-place","place":"suburb","name":"El Mariniyine ⵍⵎⵔⵉⵏⵉⵢⵉⵏ المرينيين","name_ar":"المرينيين","name_fr":"El Mariniyine","type_osm":"node"}},{"type":"Feature","geometry":{"type":"Point","coordinates":[-5.0541572,34.0174142]},"properties":{"id":"osm-node-2184888170","source":"osm-place","place":"suburb","name":"Zouagha ⵣⵡⴰⵖⴰ زواغة","name_ar":"زواغة","name_fr":"Zouagha","type_osm":"node"}},{"type":"Feature","geometry":{"type":"Point","coordinates":[-4.9997468,34.0379627]},"properties":{"id":"osm-node-2184888171","source":"osm-place","place":"suburb","name":"Agdal ⴰⴳⴷⴰⵍ أكدال","name_ar":"أكدال","name_fr":"Agdal","type_osm":"node"}},{"type":"Feature","geometry":{"type":"Point","coordinates":[-6.8108383,34.0313433]},"properties":{"id":"osm-node-2186141148","source":"osm-place","place":"suburb","name":"Bettana ⴱⵟⴰⵏⴰ بطانة","name_ar":"بطانة","name_fr":"Bettana","type_osm":"node"}},{"type":"Feature","geometry":{"type":"Point","coordinates":[-6.7428594,33.9990238]},"properties":{"id":"osm-node-2186141201","source":"osm-place","place":"suburb","name":"Salé El Jadida ⵙⵍⴰ ⵜⴰⵎⴰⵢⵏⵓⵜ سلا الجديدة","name_ar":"سلا الجديدة","name_fr":"Salé El Jadida","type_osm":"node"}},{"type":"Feature","geometry":{"type":"Point","coordinates":[-6.7816522,34.027042]},"properties":{"id":"osm-node-2186141292","source":"osm-place","place":"suburb","name":"Moulay Ismail ⵎⵓⵍⴰⵢ ⵙⵎⴰⵄⵉⵍ مولاي اسماعيل","name_ar":"مولاي اسماعيل","name_fr":"Moulay Ismail","type_osm":"node"}},{"type":"Feature","geometry":{"type":"Point","coordinates":[-6.7667261,34.019234]},"properties":{"id":"osm-node-2186141349","source":"osm-place","place":"neighbourhood","name":"Qaria ⵍⵇⴰⵔⵢⴰ القرية","name_ar":"القرية","name_fr":"Qaria","type_osm":"node"}},{"type":"Feature","geometry":{"type":"Point","coordinates":[-6.7697982,34.0596186]},"properties":{"id":"osm-node-2186210621","source":"osm-place","place":"suburb","name":"Layayda ⵍⵄⵢⴰⵢⴷⴰ لعيايدة","name_ar":"لعيايدة","name_fr":"Layayda","type_osm":"node"}},{"type":"Feature","geometry":{"type":"Point","coordinates":[-7.678495,33.5702887]},"properties":{"id":"osm-node-2186506069","source":"osm-place","place":"suburb","name":"Hay Hassani ⵃⴰⵢ ⵍⵃⴰⵙⴰⵏⵉ الحي الحسني","name_ar":"الحي الحسني","name_fr":"Hay Hassani","type_osm":"node"}},{"type":"Feature","geometry":{"type":"Point","coordinates":[-7.5072051,33.5843834]},"properties":{"id":"osm-node-2186522834","source":"osm-place","place":"suburb","name":"Sidi Moumen ⵙⵉⴷⵉ ⵎⵓⵎⴰⵏ سيدي مومن","name_ar":"سيدي مومن","name_fr":"Sidi Moumen","type_osm":"node"}},{"type":"Feature","geometry":{"type":"Point","coordinates":[-7.5452441,33.5675448]},"properties":{"id":"osm-node-2186528763","source":"osm-place","place":"suburb","name":"Moulay Rachid ⵎⵓⵍⴰⵢ ⵔⵛⵉⴷ مولاي رشيد","name_ar":"مولاي رشيد","name_fr":"Moulay Rachid","type_osm":"node"}},{"type":"Feature","geometry":{"type":"Point","coordinates":[-7.5603844,33.5570072]},"properties":{"id":"osm-node-2186532407","source":"osm-place","place":"suburb","name":"Sidi Othmane ⵙⵉⴷⵉ ⵄⵓⵜⵎⴰⵏ سيدي عثمان","name_ar":"سيدي عثمان","name_fr":"Sidi Othmane","type_osm":"node"}},{"type":"Feature","geometry":{"type":"Point","coordinates":[-7.5813658,33.5542611]},"properties":{"id":"osm-node-2186534692","source":"osm-place","place":"suburb","name":"Ben M'Sick ⴱⴰⵏ ⵎⵙⵉⴽ ابن امسيك","name_ar":"ابن امسيك","name_fr":"Ben M'Sick","type_osm":"node"}},{"type":"Feature","geometry":{"type":"Point","coordinates":[-7.564046,33.5376589]},"properties":{"id":"osm-node-2186537814","source":"osm-place","place":"suburb","name":"Sbata ⵙⴱⴰⵜⴰ سباتة","name_ar":"سباتة","name_fr":"Sbata","type_osm":"node"}},{"type":"Feature","geometry":{"type":"Point","coordinates":[-7.5981542,33.5370603]},"properties":{"id":"osm-node-2186551375","source":"osm-place","place":"suburb","name":"Aïn Chock ⵄⵉⵏ ⵛⴰⵇ عين الشق","name_ar":"عين الشق","name_fr":"Aïn Chock","type_osm":"node"}},{"type":"Feature","geometry":{"type":"Point","coordinates":[-7.5965827,33.5649078]},"properties":{"id":"osm-node-2186560402","source":"osm-place","place":"suburb","name":"Al Fida ⵍⴼⵉⴷⴰ الفداء","name_ar":"الفداء","name_fr":"Al Fida","type_osm":"node"}},{"type":"Feature","geometry":{"type":"Point","coordinates":[-7.5999288,33.5757681]},"properties":{"id":"osm-node-2186570857","source":"osm-place","place":"suburb","name":"Mers Sultan ⵎⴰⵔⵙ ⵙⵓⵍⵟⴰⵏ مرس السلطان","name_ar":"مرس السلطان","name_fr":"Mers Sultan","type_osm":"node"}},{"type":"Feature","geometry":{"type":"Point","coordinates":[-7.5957822,33.5931914]},"properties":{"id":"osm-node-2186584987","source":"osm-place","place":"suburb","name":"Roches-Noires ⵙⵓⵅⵓⵔ ⵙⴰⵡⴷⴰ الصخور السوداء","name_ar":"الصخور السوداء","name_fr":"Assoukhour Assawda","type_osm":"node"}},{"type":"Feature","geometry":{"type":"Point","coordinates":[-7.5569559,33.5841444]},"properties":{"id":"osm-node-2186592254","source":"osm-place","place":"suburb","name":"Hay Mohammadi ⵃⴰⵢ ⵎⵓⵃⴰⵎⴰⴷⵉ حي المحمدي","name_ar":"حي المحمدي","name_fr":"Hay Mohammadi","type_osm":"node"}},{"type":"Feature","geometry":{"type":"Point","coordinates":[-7.5387936,33.6059943]},"properties":{"id":"osm-node-2186602665","source":"osm-place","place":"suburb","name":"Aïn Sebaâ ⵄⵉⵏ ⵙⴱⴰⵄ عين السبع","name_ar":"عين السبع","name_fr":"Aïn Sebaâ","type_osm":"node"}},{"type":"Feature","geometry":{"type":"Point","coordinates":[-7.5003234,33.6190686]},"properties":{"id":"osm-node-2186603901","source":"osm-place","place":"suburb","name":"Sidi Bernoussi ⵙⵉⴷⵉ ⵍⴱⵔⵏⵓⵚⵉ سيدي البرنوصي","name_ar":"سيدي البرنوصي","name_fr":"Sidi Bernoussi","type_osm":"node"}},{"type":"Feature","geometry":{"type":"Point","coordinates":[-7.6367005,33.5836296]},"properties":{"id":"osm-node-2186618782","source":"osm-place","place":"suburb","name":"Maârif ⵍⵎⵄⴰⵔⵉⴼ المعاريف","name_ar":"المعاريف","name_fr":"Maârif","type_osm":"node"}},{"type":"Feature","geometry":{"type":"Point","coordinates":[-8.0477137,31.5912101]},"properties":{"id":"osm-node-2206191207","source":"osm-place","place":"quarter","name":"M'hamid ⵎⵃⴰⵎⵉⴷ محاميد","name_ar":"محاميد","name_fr":"M'hamid","type_osm":"node"}},{"type":"Feature","geometry":{"type":"Point","coordinates":[-5.5693456,33.8923599]},"properties":{"id":"osm-node-2237321103","source":"osm-place","place":"neighbourhood","name":"Mellah","type_osm":"node"}},{"type":"Feature","geometry":{"type":"Point","coordinates":[-7.6689929,33.5376217]},"properties":{"id":"osm-node-2238568837","source":"osm-place","place":"neighbourhood","name":"Al Quds ⵍⵇⵓⴷⵙ القدس","name_ar":"القدس","name_fr":"Al Quds","type_osm":"node"}},{"type":"Feature","geometry":{"type":"Point","coordinates":[-8.0665235,31.6342744]},"properties":{"id":"osm-node-2255736116","source":"osm-place","place":"neighbourhood","name":"Massira2","type_osm":"node"}},{"type":"Feature","geometry":{"type":"Point","coordinates":[-8.0447225,31.6308031]},"properties":{"id":"osm-node-2255736185","source":"osm-place","place":"neighbourhood","name":"Hay Hassani ⵃⵢⵢ ⵃⴰⵙⴰⵏⵉ","name_fr":"Hay Hassani","type_osm":"node"}},{"type":"Feature","geometry":{"type":"Point","coordinates":[-7.9788746,31.6337142]},"properties":{"id":"osm-node-2284525756","source":"osm-place","place":"neighbourhood","name":"Quartier des tanneurs","name_fr":"Quartier des tanneurs","type_osm":"node"}},{"type":"Feature","geometry":{"type":"Point","coordinates":[-5.8121804,35.7864003]},"properties":{"id":"osm-node-2377506752","source":"osm-place","place":"suburb","name":"Oued Aherdan","name_fr":"Oued Aherdan","type_osm":"node"}},{"type":"Feature","geometry":{"type":"Point","coordinates":[-3.5412127,35.0097081]},"properties":{"id":"osm-node-2421381384","source":"osm-place","place":"neighbourhood","name":"Hamouda حمودة","name_ar":"حمودة","name_fr":"Hamouda","type_osm":"node"}},{"type":"Feature","geometry":{"type":"Point","coordinates":[-4.9483988,34.0628966]},"properties":{"id":"osm-node-2425965382","source":"osm-place","place":"neighbourhood","name":"Hay Lalla el Yakoute","type_osm":"node"}},{"type":"Feature","geometry":{"type":"Point","coordinates":[-6.809187,33.9901393]},"properties":{"id":"osm-node-2427311675","source":"osm-place","place":"neighbourhood","name":"دوار الحاجة","name_ar":"دوار الحاجة","name_fr":"Douar Hajja","type_osm":"node"}},{"type":"Feature","geometry":{"type":"Point","coordinates":[-7.1296209,31.0468537]},"properties":{"id":"osm-node-2490383234","source":"osm-place","place":"suburb","name":"Ksar d'Aït-Ben-Haddou","name_fr":"Ksar d'Aït-Ben-Haddou","type_osm":"node"}},{"type":"Feature","geometry":{"type":"Point","coordinates":[-14.8896969,21.6291009]},"properties":{"id":"osm-node-2500507154","source":"osm-place","place":"neighbourhood","name":"Tichla Sud جنوب تشلا","name_ar":"جنوب تشلا","name_fr":"Tichla Sud","type_osm":"node"}},{"type":"Feature","geometry":{"type":"Point","coordinates":[-9.3619218,30.1693245]},"properties":{"id":"osm-node-2505574156","source":"osm-place","place":"neighbourhood","name":"Lhaj Ali ⵍⵃⴰⵊ ⵄⵍⵉ الحاج علي","name_ar":"الحاج علي","name_fr":"Lhaj Ali","type_osm":"node"}},{"type":"Feature","geometry":{"type":"Point","coordinates":[-9.3916794,30.2162377]},"properties":{"id":"osm-node-2511250435","source":"osm-place","place":"neighbourhood","name":"Bouaallaga بوعلاكة","name_ar":"بوعلاكة","name_fr":"Bouaallaga","type_osm":"node"}},{"type":"Feature","geometry":{"type":"Point","coordinates":[-5.3455755,35.7485605]},"properties":{"id":"osm-node-2591757336","source":"osm-place","place":"neighbourhood","name":"Marina Smir","type_osm":"node"}},{"type":"Feature","geometry":{"type":"Point","coordinates":[-4.9672801,34.0690138]},"properties":{"id":"osm-node-2665926410","source":"osm-place","place":"neighbourhood","name":"Sidi Boujida","type_osm":"node"}},{"type":"Feature","geometry":{"type":"Point","coordinates":[-7.665022,33.5773715]},"properties":{"id":"osm-node-2697113681","source":"osm-place","place":"suburb","name":"Hay El Hana حي الهناء","name_ar":"حي الهناء","name_fr":"Hay El Hana","type_osm":"node"}},{"type":"Feature","geometry":{"type":"Point","coordinates":[-9.2271428,32.2816723]},"properties":{"id":"osm-node-2716970309","source":"osm-place","place":"neighbourhood","name":"Hay Saïda 2 حي سعيدة","name_ar":"2 حي سعيدة","name_fr":"Hay Saïda 2","type_osm":"node"}},{"type":"Feature","geometry":{"type":"Point","coordinates":[-2.4061417,34.8104103]},"properties":{"id":"osm-node-2723612895","source":"osm-place","place":"neighbourhood","name":"Lotissement Riyad Al Istiyaf","type_osm":"node"}},{"type":"Feature","geometry":{"type":"Point","coordinates":[-2.409431,34.8081634]},"properties":{"id":"osm-node-2723612899","source":"osm-place","place":"neighbourhood","name":"Lotissement Riyad 2","type_osm":"node"}},{"type":"Feature","geometry":{"type":"Point","coordinates":[-2.4122385,34.8057018]},"properties":{"id":"osm-node-2723612902","source":"osm-place","place":"neighbourhood","name":"Hay PAM","type_osm":"node"}},{"type":"Feature","geometry":{"type":"Point","coordinates":[-2.4134247,34.806553]},"properties":{"id":"osm-node-2723615416","source":"osm-place","place":"neighbourhood","name":"Lotissement Riyad 4","type_osm":"node"}},{"type":"Feature","geometry":{"type":"Point","coordinates":[-6.8911855,33.926394]},"properties":{"id":"osm-node-2755123933","source":"osm-place","place":"neighbourhood","name":"Hay Maghreb Arabi","type_osm":"node"}},{"type":"Feature","geometry":{"type":"Point","coordinates":[-7.6638742,33.5890411]},"properties":{"id":"osm-node-2816671962","source":"osm-place","place":"suburb","name":"Anfa Supérieur أنفا العليا","name_ar":"أنفا العليا","name_fr":"Anfa Supérieur","type_osm":"node"}},{"type":"Feature","geometry":{"type":"Point","coordinates":[-6.8071038,34.0426095]},"properties":{"id":"osm-node-2816730546","source":"osm-place","place":"neighbourhood","name":"Tabriquet ⵜⴰⴱⵔⵉⴽⵜ تابريكت","name_ar":"تابريكت","name_fr":"Tabriquet","type_osm":"node"}},{"type":"Feature","geometry":{"type":"Point","coordinates":[-4.9847437,34.013828]},"properties":{"id":"osm-node-2816779301","source":"osm-place","place":"suburb","name":"Saiss ⵙⴰⵢⵙ سايس","name_ar":"سايس","name_fr":"Saiss","type_osm":"node"}},{"type":"Feature","geometry":{"type":"Point","coordinates":[-6.8693862,33.9584693]},"properties":{"id":"osm-node-2834509152","source":"osm-place","place":"suburb","name":"Riad ⵔⵉⵢⴰⴷ الرياض","name_ar":"الرياض","name_fr":"Riad","type_osm":"node"}},{"type":"Feature","geometry":{"type":"Point","coordinates":[-9.5047697,30.3787422]},"properties":{"id":"osm-node-2907763581","source":"osm-place","place":"suburb","name":"Tikiouine ⵜⵉⴽⵉⵡⵉⵏ تيكوين","name_ar":"تيكوين","name_fr":"Tikiouine","type_osm":"node"}},{"type":"Feature","geometry":{"type":"Point","coordinates":[-1.9224501,34.6911578]},"properties":{"id":"osm-node-2918112583","source":"osm-place","place":"neighbourhood","name":"Place d'Armes","type_osm":"node"}},{"type":"Feature","geometry":{"type":"Point","coordinates":[-6.8041346,34.0528166]},"properties":{"id":"osm-node-2922688737","source":"osm-place","place":"neighbourhood","name":"Hay El-Qods","name_fr":"Hay El-Qods","type_osm":"node"}},{"type":"Feature","geometry":{"type":"Point","coordinates":[-7.6797967,33.5544751]},"properties":{"id":"osm-node-2953509725","source":"osm-place","place":"suburb","name":"El Oulfa ⵍⵡⴰⵍⴼⴰ الولفة","name_ar":"الولفة","name_fr":"El Oulfa","type_osm":"node"}},{"type":"Feature","geometry":{"type":"Point","coordinates":[-1.9283451,34.6818929]},"properties":{"id":"osm-node-2964431772","source":"osm-place","place":"neighbourhood","name":"Hay Mir Ali","type_osm":"node"}},{"type":"Feature","geometry":{"type":"Point","coordinates":[-1.9206934,34.6804261]},"properties":{"id":"osm-node-2964431773","source":"osm-place","place":"neighbourhood","name":"Hay Al Mahatta حي المحطة","name_ar":"حي المحطة","name_fr":"Hay Al Mahatta","type_osm":"node"}},{"type":"Feature","geometry":{"type":"Point","coordinates":[-1.9179057,34.688279]},"properties":{"id":"osm-node-2964453080","source":"osm-place","place":"neighbourhood","name":"Village Toba Interieur","type_osm":"node"}},{"type":"Feature","geometry":{"type":"Point","coordinates":[-1.9200946,34.6992178]},"properties":{"id":"osm-node-2964453081","source":"osm-place","place":"neighbourhood","name":"Village Toba Extérieur","type_osm":"node"}},{"type":"Feature","geometry":{"type":"Point","coordinates":[-1.940634,34.6879501]},"properties":{"id":"osm-node-2964453082","source":"osm-place","place":"neighbourhood","name":"Hay Lamharchi","type_osm":"node"}},{"type":"Feature","geometry":{"type":"Point","coordinates":[-1.9500751,34.6797686]},"properties":{"id":"osm-node-2964490276","source":"osm-place","place":"suburb","name":"Hay Nahda حي النهضة","name_ar":"حي النهضة","name_fr":"Hay Nahda","type_osm":"node"}},{"type":"Feature","geometry":{"type":"Point","coordinates":[-1.9453076,34.692604]},"properties":{"id":"osm-node-2964490277","source":"osm-place","place":"neighbourhood","name":"Hay Lamharchi II","type_osm":"node"}},{"type":"Feature","geometry":{"type":"Point","coordinates":[-1.9393399,34.685094]},"properties":{"id":"osm-node-2964490279","source":"osm-place","place":"suburb","name":"Village Si Lakhdar","type_osm":"node"}},{"type":"Feature","geometry":{"type":"Point","coordinates":[-1.9288172,34.6897563]},"properties":{"id":"osm-node-2964490280","source":"osm-place","place":"neighbourhood","name":"Hay Ngadi","type_osm":"node"}},{"type":"Feature","geometry":{"type":"Point","coordinates":[-1.9333498,34.6914206]},"properties":{"id":"osm-node-2964490281","source":"osm-place","place":"suburb","name":"Hay Ben Ramdan","type_osm":"node"}},{"type":"Feature","geometry":{"type":"Point","coordinates":[-1.935153,34.6767232]},"properties":{"id":"osm-node-2964490282","source":"osm-place","place":"suburb","name":"Hay Al Wahda","type_osm":"node"}},{"type":"Feature","geometry":{"type":"Point","coordinates":[-1.9423498,34.6737834]},"properties":{"id":"osm-node-2964490283","source":"osm-place","place":"suburb","name":"Hay Nour","type_osm":"node"}},{"type":"Feature","geometry":{"type":"Point","coordinates":[-1.9321003,34.6690093]},"properties":{"id":"osm-node-2964490284","source":"osm-place","place":"suburb","name":"Hay Jawhara","type_osm":"node"}},{"type":"Feature","geometry":{"type":"Point","coordinates":[-1.9439474,34.6635844]},"properties":{"id":"osm-node-2964495880","source":"osm-place","place":"suburb","name":"Hay Ibn Khaldoun","type_osm":"node"}},{"type":"Feature","geometry":{"type":"Point","coordinates":[-1.9410844,34.6595253]},"properties":{"id":"osm-node-2964495881","source":"osm-place","place":"suburb","name":"Hay Arriyadi","type_osm":"node"}},{"type":"Feature","geometry":{"type":"Point","coordinates":[-1.9444693,34.6544641]},"properties":{"id":"osm-node-2964495882","source":"osm-place","place":"neighbourhood","name":"Hay Essamara","type_osm":"node"}},{"type":"Feature","geometry":{"type":"Point","coordinates":[-1.9279601,34.6573843]},"properties":{"id":"osm-node-2964495883","source":"osm-place","place":"neighbourhood","name":"Hay Aouinet Serrak","type_osm":"node"}},{"type":"Feature","geometry":{"type":"Point","coordinates":[-1.9376288,34.6681709]},"properties":{"id":"osm-node-2964529812","source":"osm-place","place":"suburb","name":"Hay Ouled Chrif","type_osm":"node"}},{"type":"Feature","geometry":{"type":"Point","coordinates":[-1.932599,34.6629281]},"properties":{"id":"osm-node-2964529813","source":"osm-place","place":"neighbourhood","name":"Hay Stade Charafi","type_osm":"node"}},{"type":"Feature","geometry":{"type":"Point","coordinates":[-1.9351803,34.6553559]},"properties":{"id":"osm-node-2964529814","source":"osm-place","place":"neighbourhood","name":"Hay Bangladech","type_osm":"node"}},{"type":"Feature","geometry":{"type":"Point","coordinates":[-1.9321592,34.6707856]},"properties":{"id":"osm-node-2964529815","source":"osm-place","place":"neighbourhood","name":"Hay Ben Azzi","type_osm":"node"}},{"type":"Feature","geometry":{"type":"Point","coordinates":[-1.950349,34.6557983]},"properties":{"id":"osm-node-2964536213","source":"osm-place","place":"suburb","name":"Hay Gtar حي كطار","name_ar":"حي كطار","name_fr":"Hay Gtar","type_osm":"node"}},{"type":"Feature","geometry":{"type":"Point","coordinates":[-1.9279423,34.6742248]},"properties":{"id":"osm-node-2964536214","source":"osm-place","place":"neighbourhood","name":"Hay Khalloufi","type_osm":"node"}},{"type":"Feature","geometry":{"type":"Point","coordinates":[-1.915175,34.6529975]},"properties":{"id":"osm-node-2964748499","source":"osm-place","place":"neighbourhood","name":"Hay Al Irfane","type_osm":"node"}},{"type":"Feature","geometry":{"type":"Point","coordinates":[-1.9232462,34.6620955]},"properties":{"id":"osm-node-2964748500","source":"osm-place","place":"neighbourhood","name":"Hay Essalam","type_osm":"node"}},{"type":"Feature","geometry":{"type":"Point","coordinates":[-1.9381403,34.6921034]},"properties":{"id":"osm-node-2964774663","source":"osm-place","place":"neighbourhood","name":"Lotissement Salama","type_osm":"node"}},{"type":"Feature","geometry":{"type":"Point","coordinates":[-1.9536921,34.682718]},"properties":{"id":"osm-node-2964777927","source":"osm-place","place":"neighbourhood","name":"Hay Slimani حي السليماني","name_ar":"حي السليماني","name_fr":"Hay Slimani","type_osm":"node"}},{"type":"Feature","geometry":{"type":"Point","coordinates":[-1.9576507,34.682471]},"properties":{"id":"osm-node-2964777928","source":"osm-place","place":"neighbourhood","name":"Hay Omar Al Boulissi حي عمر البوليسي","name_ar":"حي عمر البوليسي","name_fr":"Hay Omar Al Boulissi","type_osm":"node"}},{"type":"Feature","geometry":{"type":"Point","coordinates":[-1.914347,34.6984189]},"properties":{"id":"osm-node-2965225142","source":"osm-place","place":"neighbourhood","name":"Hay Takkadoum الحي التقدوم","name_ar":"الحي التقدوم","name_fr":"Hay Takkadoum","type_osm":"node"}},{"type":"Feature","geometry":{"type":"Point","coordinates":[-1.9105705,34.7010298]},"properties":{"id":"osm-node-2965225144","source":"osm-place","place":"neighbourhood","name":"Hay Koulouch","type_osm":"node"}},{"type":"Feature","geometry":{"type":"Point","coordinates":[-1.9042995,34.7029483]},"properties":{"id":"osm-node-2965225145","source":"osm-place","place":"neighbourhood","name":"Hay Charbon","type_osm":"node"}},{"type":"Feature","geometry":{"type":"Point","coordinates":[-1.9061173,34.6950233]},"properties":{"id":"osm-node-2965225146","source":"osm-place","place":"neighbourhood","name":"Hay Mauritanie","type_osm":"node"}},{"type":"Feature","geometry":{"type":"Point","coordinates":[-1.8966196,34.6974116]},"properties":{"id":"osm-node-2965225147","source":"osm-place","place":"neighbourhood","name":"Hay Tennis","type_osm":"node"}},{"type":"Feature","geometry":{"type":"Point","coordinates":[-1.8855601,34.6973399]},"properties":{"id":"osm-node-2965225148","source":"osm-place","place":"neighbourhood","name":"Hay Al Boustane","type_osm":"node"}},{"type":"Feature","geometry":{"type":"Point","coordinates":[-1.9492533,34.6645356]},"properties":{"id":"osm-node-2965225149","source":"osm-place","place":"neighbourhood","name":"Hay Zouhour","type_osm":"node"}},{"type":"Feature","geometry":{"type":"Point","coordinates":[-1.9418817,34.6710328]},"properties":{"id":"osm-node-2965225150","source":"osm-place","place":"neighbourhood","name":"Village Ennilou","type_osm":"node"}},{"type":"Feature","geometry":{"type":"Point","coordinates":[-1.9429233,34.6617647]},"properties":{"id":"osm-node-2965251854","source":"osm-place","place":"neighbourhood","name":"Lotissement Kada Houcine","type_osm":"node"}},{"type":"Feature","geometry":{"type":"Point","coordinates":[-1.9404126,34.682791]},"properties":{"id":"osm-node-2965297523","source":"osm-place","place":"neighbourhood","name":"Hay El Manar","type_osm":"node"}},{"type":"Feature","geometry":{"type":"Point","coordinates":[-1.9176354,34.680741]},"properties":{"id":"osm-node-2968815356","source":"osm-place","place":"neighbourhood","name":"Centre Ville","type_osm":"node"}},{"type":"Feature","geometry":{"type":"Point","coordinates":[-1.9215514,34.6721031]},"properties":{"id":"osm-node-2968815357","source":"osm-place","place":"neighbourhood","name":"Hay Lamhalla","type_osm":"node"}},{"type":"Feature","geometry":{"type":"Point","coordinates":[-1.9075503,34.6886811]},"properties":{"id":"osm-node-2968818745","source":"osm-place","place":"neighbourhood","name":"Hay Boudir","type_osm":"node"}},{"type":"Feature","geometry":{"type":"Point","coordinates":[-1.9126967,34.6859524]},"properties":{"id":"osm-node-2968818746","source":"osm-place","place":"neighbourhood","name":"Hay Rabat","type_osm":"node"}},{"type":"Feature","geometry":{"type":"Point","coordinates":[-1.9122066,34.6678853]},"properties":{"id":"osm-node-2968818747","source":"osm-place","place":"neighbourhood","name":"Lotissement Ben Kachour","type_osm":"node"}},{"type":"Feature","geometry":{"type":"Point","coordinates":[-1.9238896,34.7182515]},"properties":{"id":"osm-node-2968976715","source":"osm-place","place":"neighbourhood","name":"Lotissement El Wahda - CGI","type_osm":"node"}},{"type":"Feature","geometry":{"type":"Point","coordinates":[-1.9216748,34.7020032]},"properties":{"id":"osm-node-2968976716","source":"osm-place","place":"neighbourhood","name":"Hay Mohammedi الحي المحمدي","name_ar":"الحي المحمدي","name_fr":"Hay Mohammedi","type_osm":"node"}},{"type":"Feature","geometry":{"type":"Point","coordinates":[-1.8916126,34.7112994]},"properties":{"id":"osm-node-2969077755","source":"osm-place","place":"neighbourhood","name":"Hay Ennasr","type_osm":"node"}},{"type":"Feature","geometry":{"type":"Point","coordinates":[-1.8984147,34.7119344]},"properties":{"id":"osm-node-2969077756","source":"osm-place","place":"neighbourhood","name":"Hay Wifaq","type_osm":"node"}},{"type":"Feature","geometry":{"type":"Point","coordinates":[-1.8844028,34.7118109]},"properties":{"id":"osm-node-2969077757","source":"osm-place","place":"neighbourhood","name":"Hay Ghar Al Baroud","type_osm":"node"}},{"type":"Feature","geometry":{"type":"Point","coordinates":[-1.8949761,34.707238]},"properties":{"id":"osm-node-2969077758","source":"osm-place","place":"neighbourhood","name":"Hay Mohammed Ben Lakhdar","type_osm":"node"}},{"type":"Feature","geometry":{"type":"Point","coordinates":[-1.8959041,34.7193953]},"properties":{"id":"osm-node-2969077759","source":"osm-place","place":"neighbourhood","name":"Hay Al Miloud","type_osm":"node"}},{"type":"Feature","geometry":{"type":"Point","coordinates":[-1.8985381,34.7051653]},"properties":{"id":"osm-node-2969077760","source":"osm-place","place":"neighbourhood","name":"Hay Rjah Fi Allah","type_osm":"node"}},{"type":"Feature","geometry":{"type":"Point","coordinates":[-1.9020055,34.6813952]},"properties":{"id":"osm-node-2969523787","source":"osm-place","place":"neighbourhood","name":"Derb Mbasso","type_osm":"node"}},{"type":"Feature","geometry":{"type":"Point","coordinates":[-1.882184,34.6870724]},"properties":{"id":"osm-node-2969523788","source":"osm-place","place":"suburb","name":"Dhar Lamhala","type_osm":"node"}},{"type":"Feature","geometry":{"type":"Point","coordinates":[-1.8866757,34.6738279]},"properties":{"id":"osm-node-2969527225","source":"osm-place","place":"neighbourhood","name":"Hay Zitoune","type_osm":"node"}},{"type":"Feature","geometry":{"type":"Point","coordinates":[-1.9006376,34.6598078]},"properties":{"id":"osm-node-2969530478","source":"osm-place","place":"neighbourhood","name":"Hay Al Qods","type_osm":"node"}},{"type":"Feature","geometry":{"type":"Point","coordinates":[-1.8866257,34.6598343]},"properties":{"id":"osm-node-2969530479","source":"osm-place","place":"suburb","name":"Hay Al Andalous حي الأندلس","name_ar":"حي الأندلس","name_fr":"Hay Al Andalous","type_osm":"node"}},{"type":"Feature","geometry":{"type":"Point","coordinates":[-1.8723508,34.6581898]},"properties":{"id":"osm-node-2969540635","source":"osm-place","place":"suburb","name":"Lotissement Najd","type_osm":"node"}},{"type":"Feature","geometry":{"type":"Point","coordinates":[-1.8863171,34.6837602]},"properties":{"id":"osm-node-2969543937","source":"osm-place","place":"neighbourhood","name":"Village Moulay Miloud","type_osm":"node"}},{"type":"Feature","geometry":{"type":"Point","coordinates":[-1.8857435,34.6872475]},"properties":{"id":"osm-node-2969543938","source":"osm-place","place":"neighbourhood","name":"Hay Habitat Et Urbanisme","type_osm":"node"}},{"type":"Feature","geometry":{"type":"Point","coordinates":[-1.8729467,34.688989]},"properties":{"id":"osm-node-2969546301","source":"osm-place","place":"neighbourhood","name":"Hay Angad","type_osm":"node"}},{"type":"Feature","geometry":{"type":"Point","coordinates":[-1.8765835,34.6927712]},"properties":{"id":"osm-node-2969546302","source":"osm-place","place":"neighbourhood","name":"Hay Al Fath","type_osm":"node"}},{"type":"Feature","geometry":{"type":"Point","coordinates":[-1.8780426,34.6838082]},"properties":{"id":"osm-node-2969549795","source":"osm-place","place":"suburb","name":"Hay Lazaret","type_osm":"node"}},{"type":"Feature","geometry":{"type":"Point","coordinates":[-1.857572,34.6754794]},"properties":{"id":"osm-node-2969549796","source":"osm-place","place":"neighbourhood","name":"Hay Agdal حي أكدال","name_ar":"حي أكدال","name_fr":"Hay Agdal","type_osm":"node"}},{"type":"Feature","geometry":{"type":"Point","coordinates":[-1.8719058,34.6852197]},"properties":{"id":"osm-node-2969554898","source":"osm-place","place":"neighbourhood","name":"Hay Bassatine","type_osm":"node"}},{"type":"Feature","geometry":{"type":"Point","coordinates":[-1.8712163,34.6935546]},"properties":{"id":"osm-node-2969554899","source":"osm-place","place":"neighbourhood","name":"Hay Wassila","type_osm":"node"}},{"type":"Feature","geometry":{"type":"Point","coordinates":[-1.9289187,34.6729542]},"properties":{"id":"osm-node-2969934859","source":"osm-place","place":"suburb","name":"Hay Oued Nachef","type_osm":"node"}},{"type":"Feature","geometry":{"type":"Point","coordinates":[-1.9031876,34.7225723]},"properties":{"id":"osm-node-2969965987","source":"osm-place","place":"neighbourhood","name":"Hay Skiker","type_osm":"node"}},{"type":"Feature","geometry":{"type":"Point","coordinates":[-1.8784495,34.6994921]},"properties":{"id":"osm-node-2970317548","source":"osm-place","place":"neighbourhood","name":"Lotissement Ilham","type_osm":"node"}},{"type":"Feature","geometry":{"type":"Point","coordinates":[-1.8925177,34.6802471]},"properties":{"id":"osm-node-2970317549","source":"osm-place","place":"neighbourhood","name":"Jnane Biyoud","type_osm":"node"}},{"type":"Feature","geometry":{"type":"Point","coordinates":[-1.9000279,34.6842217]},"properties":{"id":"osm-node-2970317557","source":"osm-place","place":"neighbourhood","name":"Hay Berroukech","type_osm":"node"}},{"type":"Feature","geometry":{"type":"Point","coordinates":[-1.8957793,34.68045]},"properties":{"id":"osm-node-2970317560","source":"osm-place","place":"neighbourhood","name":"Derb Berrahmoun","type_osm":"node"}},{"type":"Feature","geometry":{"type":"Point","coordinates":[-1.8871459,34.6768144]},"properties":{"id":"osm-node-2970375974","source":"osm-place","place":"neighbourhood","name":"Hay Moulay Mustapha","type_osm":"node"}},{"type":"Feature","geometry":{"type":"Point","coordinates":[-1.908316,34.6682164]},"properties":{"id":"osm-node-2970375975","source":"osm-place","place":"suburb","name":"Hay Al Massira","type_osm":"node"}},{"type":"Feature","geometry":{"type":"Point","coordinates":[-1.8846455,34.6502884]},"properties":{"id":"osm-node-2970877992","source":"osm-place","place":"neighbourhood","name":"Hay Sidi Maafa","type_osm":"node"}},{"type":"Feature","geometry":{"type":"Point","coordinates":[-1.8716099,34.6662354]},"properties":{"id":"osm-node-2970877993","source":"osm-place","place":"neighbourhood","name":"Hay P.A.M.","type_osm":"node"}},{"type":"Feature","geometry":{"type":"Point","coordinates":[-1.8693783,34.6633939]},"properties":{"id":"osm-node-2970878000","source":"osm-place","place":"neighbourhood","name":"Hay Al Fath حي الفتح","name_ar":"حي الفتح","name_fr":"Hay Al Fath","type_osm":"node"}},{"type":"Feature","geometry":{"type":"Point","coordinates":[-1.8767973,34.6636013]},"properties":{"id":"osm-node-2970878001","source":"osm-place","place":"neighbourhood","name":"Hay Al Moustakbal حي المستقبل","name_ar":"حي المستقبل","name_fr":"Hay Al Moustakbal","type_osm":"node"}},{"type":"Feature","geometry":{"type":"Point","coordinates":[-1.9168944,34.6593936]},"properties":{"id":"osm-node-2970883557","source":"osm-place","place":"neighbourhood","name":"Hay Les Iris","type_osm":"node"}},{"type":"Feature","geometry":{"type":"Point","coordinates":[-1.9172665,34.6563119]},"properties":{"id":"osm-node-2970883558","source":"osm-place","place":"neighbourhood","name":"Hay Saada","type_osm":"node"}},{"type":"Feature","geometry":{"type":"Point","coordinates":[-1.9079968,34.6474156]},"properties":{"id":"osm-node-2970883559","source":"osm-place","place":"neighbourhood","name":"Hay Al Hikma II","type_osm":"node"}},{"type":"Feature","geometry":{"type":"Point","coordinates":[-1.9048639,34.6577063]},"properties":{"id":"osm-node-2970883560","source":"osm-place","place":"neighbourhood","name":"Hay Ben Mrah","type_osm":"node"}},{"type":"Feature","geometry":{"type":"Point","coordinates":[-1.8995639,34.6661251]},"properties":{"id":"osm-node-2970883561","source":"osm-place","place":"neighbourhood","name":"Hay Al Maksam","type_osm":"node"}},{"type":"Feature","geometry":{"type":"Point","coordinates":[-1.8806168,34.6594007]},"properties":{"id":"osm-node-2970887613","source":"osm-place","place":"neighbourhood","name":"Hay Al Moustaqbal حي المستقبل","name_ar":"حي المستقبل","name_fr":"Hay Al Moustaqbal","type_osm":"node"}},{"type":"Feature","geometry":{"type":"Point","coordinates":[-1.8819472,34.6559589]},"properties":{"id":"osm-node-2970890360","source":"osm-place","place":"neighbourhood","name":"Quartier Des Emirates","type_osm":"node"}},{"type":"Feature","geometry":{"type":"Point","coordinates":[-1.8847579,34.663591]},"properties":{"id":"osm-node-2970899832","source":"osm-place","place":"neighbourhood","name":"Hay Jdid","type_osm":"node"}},{"type":"Feature","geometry":{"type":"Point","coordinates":[-1.8901976,34.6634778]},"properties":{"id":"osm-node-2970903633","source":"osm-place","place":"neighbourhood","name":"Village Faguig","type_osm":"node"}},{"type":"Feature","geometry":{"type":"Point","coordinates":[-1.8746472,34.6847535]},"properties":{"id":"osm-node-2970906206","source":"osm-place","place":"neighbourhood","name":"Lotissement Widadiya","type_osm":"node"}},{"type":"Feature","geometry":{"type":"Point","coordinates":[-1.8857933,34.6688914]},"properties":{"id":"osm-node-2973190003","source":"osm-place","place":"neighbourhood","name":"Lotissement Ben Mimoun","type_osm":"node"}},{"type":"Feature","geometry":{"type":"Point","coordinates":[-1.9621878,34.6938278]},"properties":{"id":"osm-node-2973896671","source":"osm-place","place":"neighbourhood","name":"Hay Sabra","type_osm":"node"}},{"type":"Feature","geometry":{"type":"Point","coordinates":[-7.5264416,33.5278213]},"properties":{"id":"osm-node-3027565775","source":"osm-place","place":"neighbourhood","name":"Nouvelle Lahraouyine","type_osm":"node"}},{"type":"Feature","geometry":{"type":"Point","coordinates":[-3.539915,35.017782]},"properties":{"id":"osm-node-3052641630","source":"osm-place","place":"neighbourhood","name":"Irrazouken إرزُّوقن","name_ar":"إرزُّوقن","name_fr":"Irrazouken","type_osm":"node"}},{"type":"Feature","geometry":{"type":"Point","coordinates":[-3.5352501,35.0042305]},"properties":{"id":"osm-node-3052641631","source":"osm-place","place":"neighbourhood","name":"Imomouhen","name_fr":"Imomouhen","type_osm":"node"}},{"type":"Feature","geometry":{"type":"Point","coordinates":[-3.5301947,35.0147242]},"properties":{"id":"osm-node-3052641632","source":"osm-place","place":"neighbourhood","name":"Bni Bouhidous بوحيدوس","name_ar":"بوحيدوس","name_fr":"Bni Bouhidouss","type_osm":"node"}},{"type":"Feature","geometry":{"type":"Point","coordinates":[-4.6300521,34.677582]},"properties":{"id":"osm-node-3114498614","source":"osm-place","place":"neighbourhood","name":"Zarlelen","type_osm":"node"}},{"type":"Feature","geometry":{"type":"Point","coordinates":[-2.0172468,34.0065932]},"properties":{"id":"osm-node-3116343806","source":"osm-place","place":"neighbourhood","name":"Hay Azayani","type_osm":"node"}},{"type":"Feature","geometry":{"type":"Point","coordinates":[-5.7690936,35.7714141]},"properties":{"id":"osm-node-3117254654","source":"osm-place","place":"suburb","name":"Tanja el Balia طنجة البالية","name_ar":"طنجة البالية","name_fr":"Tanger el Balia","type_osm":"node"}},{"type":"Feature","geometry":{"type":"Point","coordinates":[-7.6063917,33.5774555]},"properties":{"id":"osm-node-3124322130","source":"osm-place","place":"suburb","name":"Habous ⵍⵃⵓⴱⵓⵙ الحبوس","name_ar":"الحبوس","type_osm":"node"}},{"type":"Feature","geometry":{"type":"Point","coordinates":[-5.5682739,33.8947861]},"properties":{"id":"osm-node-3125646027","source":"osm-place","place":"suburb","name":"Qobbat Souk قبة السوق","name_ar":"قبة السوق","name_fr":"Qobbat Souk","type_osm":"node"}},{"type":"Feature","geometry":{"type":"Point","coordinates":[-5.3802663,33.6870372]},"properties":{"id":"osm-node-3129815491","source":"osm-place","place":"suburb","name":"Douar Chiba","type_osm":"node"}},{"type":"Feature","geometry":{"type":"Point","coordinates":[-5.3644131,33.6997683]},"properties":{"id":"osm-node-3139833843","source":"osm-place","place":"suburb","name":"Quartier Al Oumnia","type_osm":"node"}},{"type":"Feature","geometry":{"type":"Point","coordinates":[-5.3656327,33.6941941]},"properties":{"id":"osm-node-3139836553","source":"osm-place","place":"suburb","name":"Chrichira","type_osm":"node"}},{"type":"Feature","geometry":{"type":"Point","coordinates":[-5.5734512,33.8832206]},"properties":{"id":"osm-node-3142523664","source":"osm-place","place":"suburb","name":"Diour Salam","type_osm":"node"}},{"type":"Feature","geometry":{"type":"Point","coordinates":[-5.5701777,33.8881926]},"properties":{"id":"osm-node-3142530277","source":"osm-place","place":"suburb","name":"Riad","type_osm":"node"}},{"type":"Feature","geometry":{"type":"Point","coordinates":[-5.5775473,33.8812899]},"properties":{"id":"osm-node-3142530729","source":"osm-place","place":"suburb","name":"Camélia","type_osm":"node"}},{"type":"Feature","geometry":{"type":"Point","coordinates":[-5.5816543,33.8940706]},"properties":{"id":"osm-node-3142530733","source":"osm-place","place":"suburb","name":"Hay salam","type_osm":"node"}},{"type":"Feature","geometry":{"type":"Point","coordinates":[-5.5817412,33.8736509]},"properties":{"id":"osm-node-3142531171","source":"osm-place","place":"suburb","name":"Al mensour","type_osm":"node"}},{"type":"Feature","geometry":{"type":"Point","coordinates":[-5.5769358,33.883261]},"properties":{"id":"osm-node-3142533758","source":"osm-place","place":"suburb","name":"El Borj Al Machqoq","type_osm":"node"}},{"type":"Feature","geometry":{"type":"Point","coordinates":[-5.5668732,33.8807662]},"properties":{"id":"osm-node-3142533759","source":"osm-place","place":"suburb","name":"Sbata","type_osm":"node"}},{"type":"Feature","geometry":{"type":"Point","coordinates":[-5.5775366,33.9028689]},"properties":{"id":"osm-node-3142535044","source":"osm-place","place":"suburb","name":"Oujeh Arous","type_osm":"node"}},{"type":"Feature","geometry":{"type":"Point","coordinates":[-5.57953,33.8978109]},"properties":{"id":"osm-node-3142535281","source":"osm-place","place":"suburb","name":"Al Wifaq","type_osm":"node"}},{"type":"Feature","geometry":{"type":"Point","coordinates":[-5.5329894,33.8588975]},"properties":{"id":"osm-node-3142536379","source":"osm-place","place":"suburb","name":"Sidi Bouzekri سيدي بوزكري","name_ar":"سيدي بوزكري","name_fr":"Sidi Bouzekri","type_osm":"node"}},{"type":"Feature","geometry":{"type":"Point","coordinates":[-5.549823,33.8670544]},"properties":{"id":"osm-node-3142546719","source":"osm-place","place":"suburb","name":"Zaytoun","type_osm":"node"}},{"type":"Feature","geometry":{"type":"Point","coordinates":[-5.53325,33.8709161]},"properties":{"id":"osm-node-3152095002","source":"osm-place","place":"suburb","name":"Zahwa","type_osm":"node"}},{"type":"Feature","geometry":{"type":"Point","coordinates":[-5.5849201,33.8658205]},"properties":{"id":"osm-node-3152096728","source":"osm-place","place":"suburb","name":"Marjane","type_osm":"node"}},{"type":"Feature","geometry":{"type":"Point","coordinates":[-5.5872606,33.896939]},"properties":{"id":"osm-node-3215072293","source":"osm-place","place":"suburb","name":"Lotissement Salam II","type_osm":"node"}},{"type":"Feature","geometry":{"type":"Point","coordinates":[-1.9004535,34.6991983]},"properties":{"id":"osm-node-3215544230","source":"osm-place","place":"neighbourhood","name":"Lotissement Boubcher","type_osm":"node"}},{"type":"Feature","geometry":{"type":"Point","coordinates":[-1.8789008,34.6807198]},"properties":{"id":"osm-node-3227660650","source":"osm-place","place":"neighbourhood","name":"Cité Awatif","type_osm":"node"}},{"type":"Feature","geometry":{"type":"Point","coordinates":[-1.8838506,34.6778748]},"properties":{"id":"osm-node-3239963140","source":"osm-place","place":"neighbourhood","name":"Lotissement Msirdi","type_osm":"node"}},{"type":"Feature","geometry":{"type":"Point","coordinates":[-1.882934,34.6651441]},"properties":{"id":"osm-node-3240488117","source":"osm-place","place":"neighbourhood","name":"Hay Hakkou","type_osm":"node"}},{"type":"Feature","geometry":{"type":"Point","coordinates":[-1.887762,34.6632645]},"properties":{"id":"osm-node-3240488118","source":"osm-place","place":"neighbourhood","name":"Hay El Manar حي المنار","name_ar":"حي المنار","name_fr":"Hay El Manar","type_osm":"node"}},{"type":"Feature","geometry":{"type":"Point","coordinates":[-1.8658634,34.6685646]},"properties":{"id":"osm-node-3258704123","source":"osm-place","place":"neighbourhood","name":"Lotissement Kada Houcine","type_osm":"node"}},{"type":"Feature","geometry":{"type":"Point","coordinates":[-1.869407,34.6687329]},"properties":{"id":"osm-node-3258736973","source":"osm-place","place":"neighbourhood","name":"Lotissement El Khalfaoui","type_osm":"node"}},{"type":"Feature","geometry":{"type":"Point","coordinates":[-1.8723054,34.669065]},"properties":{"id":"osm-node-3258737179","source":"osm-place","place":"neighbourhood","name":"Lotissement Elhasaniya","type_osm":"node"}},{"type":"Feature","geometry":{"type":"Point","coordinates":[-1.8669135,34.6712044]},"properties":{"id":"osm-node-3258737396","source":"osm-place","place":"neighbourhood","name":"Hay Arrida","type_osm":"node"}},{"type":"Feature","geometry":{"type":"Point","coordinates":[-1.893199,34.6690803]},"properties":{"id":"osm-node-3266158567","source":"osm-place","place":"neighbourhood","name":"Lotissement Ben Mira","type_osm":"node"}},{"type":"Feature","geometry":{"type":"Point","coordinates":[-1.8833822,34.6832358]},"properties":{"id":"osm-node-3270269661","source":"osm-place","place":"neighbourhood","name":"Lotissement Al Wafae","type_osm":"node"}},{"type":"Feature","geometry":{"type":"Point","coordinates":[-1.8837602,34.6603874]},"properties":{"id":"osm-node-3271093761","source":"osm-place","place":"neighbourhood","name":"Haj Tahar","type_osm":"node"}},{"type":"Feature","geometry":{"type":"Point","coordinates":[-9.2008502,32.2860655]},"properties":{"id":"osm-node-3314248401","source":"osm-place","place":"quarter","name":"Kariat Chems ⵇⵕⵢⵜ ⵛⴰⵎⵙ قرية الشمس","name_ar":"قرية الشمس","name_fr":"Kariat Chems","type_osm":"node"}},{"type":"Feature","geometry":{"type":"Point","coordinates":[-1.9048451,34.6555116]},"properties":{"id":"osm-node-3342201302","source":"osm-place","place":"neighbourhood","name":"Hay Al Hikma Bouarfa","type_osm":"node"}},{"type":"Feature","geometry":{"type":"Point","coordinates":[-5.5770483,33.8860503]},"properties":{"id":"osm-node-3370696842","source":"osm-place","place":"suburb","name":"Hay Alamane","type_osm":"node"}},{"type":"Feature","geometry":{"type":"Point","coordinates":[-5.5401987,33.8669605]},"properties":{"id":"osm-node-3379582137","source":"osm-place","place":"suburb","name":"Al Ghorfa 1","type_osm":"node"}},{"type":"Feature","geometry":{"type":"Point","coordinates":[-5.5476014,33.8617873]},"properties":{"id":"osm-node-3379583184","source":"osm-place","place":"suburb","name":"Al Ghorfa 2","type_osm":"node"}},{"type":"Feature","geometry":{"type":"Point","coordinates":[-1.8825725,34.6965517]},"properties":{"id":"osm-node-3380390924","source":"osm-place","place":"neighbourhood","name":"Lotissement Talhaoui","type_osm":"node"}},{"type":"Feature","geometry":{"type":"Point","coordinates":[-5.3730015,33.6850676]},"properties":{"id":"osm-node-3384656714","source":"osm-place","place":"suburb","name":"Cantina","type_osm":"node"}},{"type":"Feature","geometry":{"type":"Point","coordinates":[-5.3582691,33.7017687]},"properties":{"id":"osm-node-3384661129","source":"osm-place","place":"suburb","name":"Paysannat","type_osm":"node"}},{"type":"Feature","geometry":{"type":"Point","coordinates":[-1.868719,34.6819294]},"properties":{"id":"osm-node-3389058106","source":"osm-place","place":"neighbourhood","name":"Hay Al Farah","type_osm":"node"}},{"type":"Feature","geometry":{"type":"Point","coordinates":[-5.5769753,33.8850843]},"properties":{"id":"osm-node-3390967825","source":"osm-place","place":"suburb","name":"Hay Takadoum","type_osm":"node"}},{"type":"Feature","geometry":{"type":"Point","coordinates":[-5.6010537,33.8966264]},"properties":{"id":"osm-node-3400506525","source":"osm-place","place":"quarter","name":"Badr alkhair II","type_osm":"node"}},{"type":"Feature","geometry":{"type":"Point","coordinates":[-5.5784026,33.9093845]},"properties":{"id":"osm-node-3410280308","source":"osm-place","place":"suburb","name":"Sidi Baba ⵙⵉⴷⵉ ⴱⴰⴱⴰ سيدي بابا","name_ar":"سيدي بابا","name_fr":"Sidi Baba","type_osm":"node"}},{"type":"Feature","geometry":{"type":"Point","coordinates":[-1.8900535,34.6772633]},"properties":{"id":"osm-node-3412531833","source":"osm-place","place":"neighbourhood","name":"Hay Habous","type_osm":"node"}},{"type":"Feature","geometry":{"type":"Point","coordinates":[-2.4116206,34.803372]},"properties":{"id":"osm-node-3415773115","source":"osm-place","place":"neighbourhood","name":"Hay Jdid","type_osm":"node"}},{"type":"Feature","geometry":{"type":"Point","coordinates":[-2.4094301,34.8085988]},"properties":{"id":"osm-node-3415797821","source":"osm-place","place":"neighbourhood","name":"Hay Administratif","type_osm":"node"}},{"type":"Feature","geometry":{"type":"Point","coordinates":[-4.4598714,31.9386185]},"properties":{"id":"osm-node-3426664315","source":"osm-place","place":"suburb","name":"cité amezouj ⴰⵎⵣⵓⵊ حي أمزوج","name_ar":"حي أمزوج","name_fr":"cité amezouj","type_osm":"node"}},{"type":"Feature","geometry":{"type":"Point","coordinates":[-7.6027345,33.5804168]},"properties":{"id":"osm-node-3426951233","source":"osm-place","place":"suburb","name":"Méchouar ⵍⵎⵉⵛⵡⴰⵔ المشور","name_ar":"المشور","name_fr":"Méchouar","type_osm":"node"}},{"type":"Feature","geometry":{"type":"Point","coordinates":[-7.9805477,31.6286151]},"properties":{"id":"osm-node-3431275493","source":"osm-place","place":"neighbourhood","name":"Sidi Youb","type_osm":"node"}},{"type":"Feature","geometry":{"type":"Point","coordinates":[-6.847837,34.0225256]},"properties":{"id":"osm-node-3486287189","source":"osm-place","place":"suburb","name":"Océan ⵍⵎⵓⵃⵉⵟ المحيط","name_ar":"المحيط","name_fr":"Océan","type_osm":"node"}},{"type":"Feature","geometry":{"type":"Point","coordinates":[-6.8217666,34.0426984]},"properties":{"id":"osm-node-3573489093","source":"osm-place","place":"neighbourhood","name":"Bab Lamrissa ⴱⴰⴱ ⵍⵎⵔⵉⵙⴰ باب لمريسة","name_ar":"باب لمريسة","name_fr":"Bab Lamrissa","type_osm":"node"}},{"type":"Feature","geometry":{"type":"Point","coordinates":[-1.8957785,34.6714612]},"properties":{"id":"osm-node-3600575158","source":"osm-place","place":"neighbourhood","name":"Lotissement Haj Hmida","type_osm":"node"}},{"type":"Feature","geometry":{"type":"Point","coordinates":[-1.9059089,34.6668961]},"properties":{"id":"osm-node-3600775770","source":"osm-place","place":"neighbourhood","name":"Lotissement Laalaj","type_osm":"node"}},{"type":"Feature","geometry":{"type":"Point","coordinates":[-1.901823,34.6771592]},"properties":{"id":"osm-node-3623348654","source":"osm-place","place":"neighbourhood","name":"Hay Al Hadiqa","type_osm":"node"}},{"type":"Feature","geometry":{"type":"Point","coordinates":[-1.8887661,34.6471914]},"properties":{"id":"osm-node-3627220661","source":"osm-place","place":"neighbourhood","name":"Lotissement Al Hannae","type_osm":"node"}},{"type":"Feature","geometry":{"type":"Point","coordinates":[-1.886455,34.6809672]},"properties":{"id":"osm-node-3629354510","source":"osm-place","place":"neighbourhood","name":"Hay Salam","type_osm":"node"}},{"type":"Feature","geometry":{"type":"Point","coordinates":[-1.916356,34.650433]},"properties":{"id":"osm-node-3648720246","source":"osm-place","place":"neighbourhood","name":"Hay Razi","type_osm":"node"}},{"type":"Feature","geometry":{"type":"Point","coordinates":[-1.8929571,34.678026]},"properties":{"id":"osm-node-3663245001","source":"osm-place","place":"neighbourhood","name":"Lotissement Mimouni","type_osm":"node"}},{"type":"Feature","geometry":{"type":"Point","coordinates":[-1.89546,34.6780813]},"properties":{"id":"osm-node-3663269153","source":"osm-place","place":"neighbourhood","name":"Lotissement Benhamou","type_osm":"node"}},{"type":"Feature","geometry":{"type":"Point","coordinates":[-1.8978569,34.6754443]},"properties":{"id":"osm-node-3663282310","source":"osm-place","place":"neighbourhood","name":"Lotissement Talhaoui","type_osm":"node"}},{"type":"Feature","geometry":{"type":"Point","coordinates":[-9.371132,30.2255592]},"properties":{"id":"osm-node-3666623872","source":"osm-place","place":"suburb","name":"Maalla ⵎⵄⵍⴰ معلا","name_ar":"معلا","name_fr":"Maalla","type_osm":"node"}},{"type":"Feature","geometry":{"type":"Point","coordinates":[-9.5189928,30.3178716]},"properties":{"id":"osm-node-3668963800","source":"osm-place","place":"suburb","name":"El Mzar ⵍⵎⵣⴰⵔ المزار","name_ar":"المزار","name_fr":"El Mzar","type_osm":"node"}},{"type":"Feature","geometry":{"type":"Point","coordinates":[-1.9503135,34.6896818]},"properties":{"id":"osm-node-3675332325","source":"osm-place","place":"neighbourhood","name":"Lotissement Chaima Al Zayn","type_osm":"node"}},{"type":"Feature","geometry":{"type":"Point","coordinates":[-2.340543,34.9415244]},"properties":{"id":"osm-node-3723117583","source":"osm-place","place":"neighbourhood","name":"Hay Al Karam حي الكرم","name_ar":"حي الكرم","name_fr":"Hay Al Karam","type_osm":"node"}},{"type":"Feature","geometry":{"type":"Point","coordinates":[-1.9089895,34.7116214]},"properties":{"id":"osm-node-3749413180","source":"osm-place","place":"suburb","name":"Hay Al Hassani الحي الحسني","name_ar":"الحي الحسني","name_fr":"Hay Al Hassani","type_osm":"node"}},{"type":"Feature","geometry":{"type":"Point","coordinates":[-2.3436862,34.9314361]},"properties":{"id":"osm-node-3750536228","source":"osm-place","place":"neighbourhood","name":"Bouhdila حي بوهديلة","name_ar":"حي بوهديلة","name_fr":"Bouhdila","type_osm":"node"}},{"type":"Feature","geometry":{"type":"Point","coordinates":[-2.3480278,34.8958623]},"properties":{"id":"osm-node-3751433079","source":"osm-place","place":"quarter","name":"Tazaghine ⵜⴰⵣⴰⵖⵉⵏ تزاغين","name_ar":"تزاغين","name_fr":"Tazaghine","type_osm":"node"}},{"type":"Feature","geometry":{"type":"Point","coordinates":[-7.5530852,33.5386599]},"properties":{"id":"osm-node-3769564840","source":"osm-place","place":"neighbourhood","name":"Salmia 2","type_osm":"node"}},{"type":"Feature","geometry":{"type":"Point","coordinates":[-7.5568959,33.5354679]},"properties":{"id":"osm-node-3769564841","source":"osm-place","place":"neighbourhood","name":"Salhia","type_osm":"node"}},{"type":"Feature","geometry":{"type":"Point","coordinates":[-7.5585397,33.5387533]},"properties":{"id":"osm-node-3769564842","source":"osm-place","place":"neighbourhood","name":"Hay Ennour","type_osm":"node"}},{"type":"Feature","geometry":{"type":"Point","coordinates":[-7.5676556,33.5380059]},"properties":{"id":"osm-node-3769564843","source":"osm-place","place":"neighbourhood","name":"Salmia 1","type_osm":"node"}},{"type":"Feature","geometry":{"type":"Point","coordinates":[-7.5706958,33.5443345]},"properties":{"id":"osm-node-3769564844","source":"osm-place","place":"neighbourhood","name":"Jamila 5","type_osm":"node"}},{"type":"Feature","geometry":{"type":"Point","coordinates":[-7.5822965,33.5493131]},"properties":{"id":"osm-node-3769564845","source":"osm-place","place":"neighbourhood","name":"Jamila 2","type_osm":"node"}},{"type":"Feature","geometry":{"type":"Point","coordinates":[-7.5805243,33.5474856]},"properties":{"id":"osm-node-3769564846","source":"osm-place","place":"neighbourhood","name":"Jamila 1","type_osm":"node"}},{"type":"Feature","geometry":{"type":"Point","coordinates":[-7.5645734,33.5444361]},"properties":{"id":"osm-node-3769564847","source":"osm-place","place":"neighbourhood","name":"Derb Khalid","type_osm":"node"}},{"type":"Feature","geometry":{"type":"Point","coordinates":[-7.5722695,33.5369316]},"properties":{"id":"osm-node-3769564848","source":"osm-place","place":"neighbourhood","name":"Hay El Houda حي الهدى","name_ar":"حي الهدى","name_fr":"Hay El Houda","type_osm":"node"}},{"type":"Feature","geometry":{"type":"Point","coordinates":[-7.5562794,33.5493714]},"properties":{"id":"osm-node-3769564849","source":"osm-place","place":"neighbourhood","name":"Hay Nour","type_osm":"node"}},{"type":"Feature","geometry":{"type":"Point","coordinates":[-7.5437935,33.54447]},"properties":{"id":"osm-node-3769564850","source":"osm-place","place":"neighbourhood","name":"Hay el Wahda","type_osm":"node"}},{"type":"Feature","geometry":{"type":"Point","coordinates":[-7.581768,33.5355831]},"properties":{"id":"osm-node-3769570868","source":"osm-place","place":"neighbourhood","name":"Hay el Osra","type_osm":"node"}},{"type":"Feature","geometry":{"type":"Point","coordinates":[-7.5876713,33.5354803]},"properties":{"id":"osm-node-3769570869","source":"osm-place","place":"neighbourhood","name":"Salima","type_osm":"node"}},{"type":"Feature","geometry":{"type":"Point","coordinates":[-7.5942401,33.5507238]},"properties":{"id":"osm-node-3769570870","source":"osm-place","place":"neighbourhood","name":"Derb el Kheir","type_osm":"node"}},{"type":"Feature","geometry":{"type":"Point","coordinates":[-7.5899389,33.5491831]},"properties":{"id":"osm-node-3769570871","source":"osm-place","place":"neighbourhood","name":"Hay el Yacout","type_osm":"node"}},{"type":"Feature","geometry":{"type":"Point","coordinates":[-7.5844916,33.5708833]},"properties":{"id":"osm-node-3769570875","source":"osm-place","place":"neighbourhood","name":"Aîn-Chifaa","type_osm":"node"}},{"type":"Feature","geometry":{"type":"Point","coordinates":[-7.5915114,33.5644953]},"properties":{"id":"osm-node-3769570876","source":"osm-place","place":"quarter","name":"Idrissia","type_osm":"node"}},{"type":"Feature","geometry":{"type":"Point","coordinates":[-2.33674,35.1027937]},"properties":{"id":"osm-node-3787866305","source":"osm-place","place":"neighbourhood","name":"Hay Chrarba","type_osm":"node"}},{"type":"Feature","geometry":{"type":"Point","coordinates":[-2.3033776,35.0911253]},"properties":{"id":"osm-node-3787866306","source":"osm-place","place":"neighbourhood","name":"Hay Bounoua","type_osm":"node"}},{"type":"Feature","geometry":{"type":"Point","coordinates":[-2.2739607,35.0830709]},"properties":{"id":"osm-node-3787866307","source":"osm-place","place":"neighbourhood","name":"Hay Lakhtatba","type_osm":"node"}},{"type":"Feature","geometry":{"type":"Point","coordinates":[-2.2222048,35.0765495]},"properties":{"id":"osm-node-3787884308","source":"osm-place","place":"neighbourhood","name":"Hay Trifa I","type_osm":"node"}},{"type":"Feature","geometry":{"type":"Point","coordinates":[-2.2250372,35.0768744]},"properties":{"id":"osm-node-3787884309","source":"osm-place","place":"neighbourhood","name":"Hay Trifa II","type_osm":"node"}},{"type":"Feature","geometry":{"type":"Point","coordinates":[-2.2283739,35.0743895]},"properties":{"id":"osm-node-3787884808","source":"osm-place","place":"neighbourhood","name":"Hay Irfane","type_osm":"node"}},{"type":"Feature","geometry":{"type":"Point","coordinates":[-2.2465405,35.0877118]},"properties":{"id":"osm-node-3787890424","source":"osm-place","place":"neighbourhood","name":"Lotissement Angad","type_osm":"node"}},{"type":"Feature","geometry":{"type":"Point","coordinates":[-2.2470555,35.0838841]},"properties":{"id":"osm-node-3787890425","source":"osm-place","place":"neighbourhood","name":"Lotissement Talhaoui","type_osm":"node"}},{"type":"Feature","geometry":{"type":"Point","coordinates":[-2.233749,35.0826253]},"properties":{"id":"osm-node-3787892137","source":"osm-place","place":"neighbourhood","name":"Hay Dallas","type_osm":"node"}},{"type":"Feature","geometry":{"type":"Point","coordinates":[-7.5802034,33.5585229]},"properties":{"id":"osm-node-3827126020","source":"osm-place","place":"neighbourhood","name":"Résidence Meriem","type_osm":"node"}},{"type":"Feature","geometry":{"type":"Point","coordinates":[-9.5694073,30.3886754]},"properties":{"id":"osm-node-3839062592","source":"osm-place","place":"suburb","name":"Bensergao ⴱⵏⵙⵔⴽⴰⵡ بنسركاو","name_ar":"بنسركاو","name_fr":"Bensergao","type_osm":"node"}},{"type":"Feature","geometry":{"type":"Point","coordinates":[-9.5241531,30.3894286]},"properties":{"id":"osm-node-3845398394","source":"osm-place","place":"suburb","name":"Tassila ⵟⴰⵙⵙⵉⵍⴰ تاسيلا","name_ar":"تاسيلا","name_fr":"Tassila","type_osm":"node"}},{"type":"Feature","geometry":{"type":"Point","coordinates":[-9.516003,30.3984274]},"properties":{"id":"osm-node-3845409273","source":"osm-place","place":"suburb","name":"Tilila ⵟⵉⵍⵉⵍⴰ تيليلا","name_ar":"تيليلا","name_fr":"Tilila","type_osm":"node"}},{"type":"Feature","geometry":{"type":"Point","coordinates":[-9.5489513,30.4012452]},"properties":{"id":"osm-node-3845439840","source":"osm-place","place":"suburb","name":"Salam ⵙⴰⵍⴰⵎ السلام","name_ar":"السلام","name_fr":"Salam","type_osm":"node"}},{"type":"Feature","geometry":{"type":"Point","coordinates":[-9.5374739,30.3992428]},"properties":{"id":"osm-node-3845453527","source":"osm-place","place":"suburb","name":"El Houda ⵍⵀⵓⴷⴰ الهدى","name_ar":"الهدى","name_fr":"El Houda","type_osm":"node"}},{"type":"Feature","geometry":{"type":"Point","coordinates":[-9.5495306,30.4107934]},"properties":{"id":"osm-node-3845464675","source":"osm-place","place":"suburb","name":"Dakhla ⴷⴰⵅⵍⴰ الداخلة","name_ar":"الداخلة","name_fr":"Dakhla","type_osm":"node"}},{"type":"Feature","geometry":{"type":"Point","coordinates":[-9.5931204,30.3945833]},"properties":{"id":"osm-node-3846571063","source":"osm-place","place":"suburb","name":"Founty ⴼⵓⵏⵜⵉ فونتي","name_ar":"فونتي","name_fr":"Founty","type_osm":"node"}},{"type":"Feature","geometry":{"type":"Point","coordinates":[-9.5784304,30.399291]},"properties":{"id":"osm-node-3846577657","source":"osm-place","place":"suburb","name":"Haut Founty ⴼⵓⵏⵜⵉ ⵡⴼⵍⴰ فونتي العليا","name_ar":"فونتي العليا","name_fr":"Haut Founty","type_osm":"node"}},{"type":"Feature","geometry":{"type":"Point","coordinates":[-9.5525563,30.3503073]},"properties":{"id":"osm-node-3848033380","source":"osm-place","place":"suburb","name":"Tarasst ⵟⴰⵔⴰⵙⵙⵜ تراست","name_ar":"تراست","name_fr":"Tarasst","type_osm":"node"}},{"type":"Feature","geometry":{"type":"Point","coordinates":[-9.5851818,30.4413915]},"properties":{"id":"osm-node-3848115533","source":"osm-place","place":"suburb","name":"Iligh ⵉⵍⵉⵖ إليغ","name_ar":"إليغ","name_fr":"Iligh","type_osm":"node"}},{"type":"Feature","geometry":{"type":"Point","coordinates":[-9.5551165,30.4177326]},"properties":{"id":"osm-node-3848139959","source":"osm-place","place":"suburb","name":"Al Qods ⵍⵇⵓⴷⵙ القدس","name_ar":"القدس","name_fr":"Al Qods","type_osm":"node"}},{"type":"Feature","geometry":{"type":"Point","coordinates":[-9.567362,30.4114317]},"properties":{"id":"osm-node-3848151505","source":"osm-place","place":"suburb","name":"El Massira ⵍⵎⴰⵙⵙⵉⵔⴰ المسيرة","name_ar":"المسيرة","name_fr":"El Massira","type_osm":"node"}},{"type":"Feature","geometry":{"type":"Point","coordinates":[-9.5048486,30.3910998]},"properties":{"id":"osm-node-3848202056","source":"osm-place","place":"suburb","name":"Adrar ⴰⴷⵔⴰⵔ أدرار","name_ar":"أدرار","name_fr":"Adrar","type_osm":"node"}},{"type":"Feature","geometry":{"type":"Point","coordinates":[-9.5828263,30.4348743]},"properties":{"id":"osm-node-3849892483","source":"osm-place","place":"suburb","name":"Taddart ⵟⴰⴷⴷⴰⵔⵜ تدارت","name_ar":"تدارت","name_fr":"Taddart","type_osm":"node"}},{"type":"Feature","geometry":{"type":"Point","coordinates":[-9.4596405,30.3608674]},"properties":{"id":"osm-node-3851551619","source":"osm-place","place":"suburb","name":"Azrou ⴰⵣⵔⵓ أزرو","name_ar":"أزرو","name_fr":"Azrou","type_osm":"node"}},{"type":"Feature","geometry":{"type":"Point","coordinates":[-9.5905693,30.4237254]},"properties":{"id":"osm-node-3855001058","source":"osm-place","place":"suburb","name":"Talborjt ⵜⴰⵍⴱⵔⵊⵜ تالبرجت","name_ar":"تالبرجت","name_fr":"Talborjt","type_osm":"node"}},{"type":"Feature","geometry":{"type":"Point","coordinates":[-9.5842274,30.4254499]},"properties":{"id":"osm-node-3855018350","source":"osm-place","place":"suburb","name":"Ihchach ⵉⵃⵛⴰⵛ إحشاش","name_ar":"إحشاش","name_fr":"Ihchach","type_osm":"node"}},{"type":"Feature","geometry":{"type":"Point","coordinates":[-9.5492402,30.3727576]},"properties":{"id":"osm-node-3856580701","source":"osm-place","place":"neighbourhood","name":"La Pergola ⵍⴰⵒⵉⵔⴳⵓⵍⴰ لاپرگولا","name_ar":"لاپرگولا","name_fr":"La Pergola","type_osm":"node"}},{"type":"Feature","geometry":{"type":"Point","coordinates":[-9.5406591,30.372541]},"properties":{"id":"osm-node-3856595960","source":"osm-place","place":"neighbourhood","name":"Tigmi Oufla ⵜⵉⴳⵎⵉ ⵓⴼⵍⴰ تگمي أوفلا","name_ar":"تگمي أوفلا","name_fr":"Tigmi Oufla","type_osm":"node"}},{"type":"Feature","geometry":{"type":"Point","coordinates":[-9.5338659,30.374254]},"properties":{"id":"osm-node-3856598291","source":"osm-place","place":"neighbourhood","name":"Walhori ⵡⴰⵍⵃⵓⵔⵉ والحوري","name_ar":"والحوري","name_fr":"Walhori","type_osm":"node"}},{"type":"Feature","geometry":{"type":"Point","coordinates":[-9.5334225,30.3679266]},"properties":{"id":"osm-node-3856602095","source":"osm-place","place":"neighbourhood","name":"Amogay ⴰⵎⵓⴳⴰⵢ أموگي","name_ar":"أموگي","name_fr":"Amogay","type_osm":"node"}},{"type":"Feature","geometry":{"type":"Point","coordinates":[-9.5426339,30.3688597]},"properties":{"id":"osm-node-3856609533","source":"osm-place","place":"neighbourhood","name":"Irhalne ⵉⵔⵀⴰⵍⵏ إرحالن","name_ar":"إرحالن","name_fr":"Irhalne","type_osm":"node"}},{"type":"Feature","geometry":{"type":"Point","coordinates":[-9.5383219,30.3473629]},"properties":{"id":"osm-node-3856932188","source":"osm-place","place":"suburb","name":"Jerf ⵊⴰⵔⴼ جرف","name_ar":"جرف","name_fr":"Jerf","type_osm":"node"}},{"type":"Feature","geometry":{"type":"Point","coordinates":[-9.540094,30.376679]},"properties":{"id":"osm-node-3856999317","source":"osm-place","place":"neighbourhood","name":"Igromaɛi ⵉⴳⵔⵓⵎⴰⵄⵉ إگروماعي","name_ar":"إگروماعي","name_fr":"Igroumaï","type_osm":"node"}},{"type":"Feature","geometry":{"type":"Point","coordinates":[-9.5380626,30.366978]},"properties":{"id":"osm-node-3857131155","source":"osm-place","place":"neighbourhood","name":"Ilghayaten ⵉⵍⵖⵢⴰⵜⵏ إلغياتن","name_ar":"إلغياتن","name_fr":"Ilghayaten","type_osm":"node"}},{"type":"Feature","geometry":{"type":"Point","coordinates":[-9.5377594,30.3712441]},"properties":{"id":"osm-node-3859139559","source":"osm-place","place":"neighbourhood","name":"Igi Waki ⵉⴳⵉ ⵡⴰⴽⵉ إكي واكي","name_ar":"إكي واكي","name_fr":"Igi Waki","type_osm":"node"}},{"type":"Feature","geometry":{"type":"Point","coordinates":[-9.5310384,30.3741886]},"properties":{"id":"osm-node-3860762446","source":"osm-place","place":"neighbourhood","name":"Tabarine ⵟⴰⴱⴰⵔⵉⵏ تبارين","name_ar":"تبارين","name_fr":"Tabarine","type_osm":"node"}},{"type":"Feature","geometry":{"type":"Point","coordinates":[-9.5830012,30.4185473]},"properties":{"id":"osm-node-3862860271","source":"osm-place","place":"suburb","name":"Quartier Industriel ⵃⴰⵢ ⵚⵉⵏⴰⵄⵉ الحي الصناعي","name_ar":"الحي الصناعي","name_fr":"Quartier Industriel","type_osm":"node"}},{"type":"Feature","geometry":{"type":"Point","coordinates":[-9.5363787,30.3694574]},"properties":{"id":"osm-node-3865088693","source":"osm-place","place":"neighbourhood","name":"Ait Oubih ⴰⵢⵜ ⵓⴱⵉⵀ آيت أوبيه","name_ar":"آيت أوبيه","name_fr":"Ait Oubih","type_osm":"node"}},{"type":"Feature","geometry":{"type":"Point","coordinates":[-9.5773793,30.4107817]},"properties":{"id":"osm-node-3866905289","source":"osm-place","place":"suburb","name":"Sidi Youssef ⵙⵉⴷⵉ ⵢⵓⵙⵙⴰⴼ سيدي يوسف","name_ar":"سيدي يوسف","name_fr":"Sidi Youssef","type_osm":"node"}},{"type":"Feature","geometry":{"type":"Point","coordinates":[-9.5709337,30.4222811]},"properties":{"id":"osm-node-3866966358","source":"osm-place","place":"suburb","name":"El-khiam ⵍⵅⵢⴰⵎ الخيام","name_ar":"الخيام","name_fr":"El-khiam","type_osm":"node"}},{"type":"Feature","geometry":{"type":"Point","coordinates":[-9.5754482,30.4152918]},"properties":{"id":"osm-node-3866984675","source":"osm-place","place":"suburb","name":"Amsernate ⴰⵎⵙⴰⵔⵏⴰⵜ أمسرنات","name_ar":"أمسرنات","name_fr":"Amsernate","type_osm":"node"}},{"type":"Feature","geometry":{"type":"Point","coordinates":[-1.8749818,34.6787323]},"properties":{"id":"osm-node-3868937085","source":"osm-place","place":"neighbourhood","name":"Lotissement Msirdi","type_osm":"node"}},{"type":"Feature","geometry":{"type":"Point","coordinates":[-9.5348422,30.3725739]},"properties":{"id":"osm-node-3869122963","source":"osm-place","place":"neighbourhood","name":"Igi Farden ⵉⴳⵉ ⴼⴰⵔⴷⵏ إكي فاردن","name_ar":"إكي فاردن","name_fr":"Igi Farden","type_osm":"node"}},{"type":"Feature","geometry":{"type":"Point","coordinates":[-9.6419175,30.4228299]},"properties":{"id":"osm-node-3908794871","source":"osm-place","place":"suburb","name":"Port d'Agadir ⴰⵙⴰⴳⵏ ⵓⴳⴰⴷⵉⵔ ميناء أكادير","name_ar":"ميناء أكادير","name_fr":"Port d'Agadir","type_osm":"node"}},{"type":"Feature","geometry":{"type":"Point","coordinates":[-9.5452713,30.4433892]},"properties":{"id":"osm-node-3909360424","source":"osm-place","place":"suburb","name":"Iguil Oḍrḍour ⵉⵖⵉⵍ ⴰⴹⵔⴹⵓⵔ إغيل أضرضور","name_ar":"إغيل أضرضور","name_fr":"Iguil Oḍrḍour","type_osm":"node"}},{"type":"Feature","geometry":{"type":"Point","coordinates":[-9.5291531,30.3328927]},"properties":{"id":"osm-node-3917525622","source":"osm-place","place":"suburb","name":"Kasbat Tahar ⵇⴰⵚⴱⵜ ⴰⵍⵟⴰⵀⴰⵔ قصبة الطاهر","name_ar":"قصبة الطاهر","name_fr":"Kasbat Tahar","type_osm":"node"}},{"type":"Feature","geometry":{"type":"Point","coordinates":[-9.4873668,30.3302741]},"properties":{"id":"osm-node-3917699887","source":"osm-place","place":"suburb","name":"Zone industrielle ⵎⵉⵏⵟⴰⵇⴰ ⵚⵉⵏⴰⵄⵉⵢⴰ المنطقة الصناعية","name_ar":"المنطقة الصناعية","name_fr":"Zone industrielle","type_osm":"node"}},{"type":"Feature","geometry":{"type":"Point","coordinates":[-9.5706879,30.37257]},"properties":{"id":"osm-node-3918552444","source":"osm-place","place":"suburb","name":"Aghroud ⴰⵖⵔⵓⴹ أغروض","name_ar":"أغروض","name_fr":"Aghroud","type_osm":"node"}},{"type":"Feature","geometry":{"type":"Point","coordinates":[-9.5152871,30.3783766]},"properties":{"id":"osm-node-3918754488","source":"osm-place","place":"neighbourhood","name":"Assaka ⴰⵙⴰⴽⴰ اساكا","name_ar":"اساكا","name_fr":"Assaka","type_osm":"node"}},{"type":"Feature","geometry":{"type":"Point","coordinates":[-9.58728,30.4119311]},"properties":{"id":"osm-node-3918886469","source":"osm-place","place":"suburb","name":"Battoire ⴱⴰⵟⵡⴰⵔ باطوار","name_ar":"باطوار","name_fr":"Battoire","type_osm":"node"}},{"type":"Feature","geometry":{"type":"Point","coordinates":[-9.5618732,30.3978989]},"properties":{"id":"osm-node-3918899593","source":"osm-place","place":"suburb","name":"Al Farah ⵍⴼⴰⵔⴰⵃ الفرح","name_ar":"الفرح","name_fr":"Al Farah","type_osm":"node"}},{"type":"Feature","geometry":{"type":"Point","coordinates":[-9.5637186,30.3929571]},"properties":{"id":"osm-node-3918899594","source":"osm-place","place":"suburb","name":"Al Wifaq ⵍⵡⵉⴼⴰⵇ الوفاق","name_ar":"الوفاق","name_fr":"Al Wifaq","type_osm":"node"}},{"type":"Feature","geometry":{"type":"Point","coordinates":[-6.8194286,33.9958272]},"properties":{"id":"osm-node-3930803591","source":"osm-place","place":"neighbourhood","name":"Mabella","type_osm":"node"}},{"type":"Feature","geometry":{"type":"Point","coordinates":[-1.8979366,34.6938426]},"properties":{"id":"osm-node-3942519337","source":"osm-place","place":"neighbourhood","name":"Hay Debbane حي الدبان","name_ar":"حي الدبان","name_fr":"Hay Debbane","type_osm":"node"}},{"type":"Feature","geometry":{"type":"Point","coordinates":[-1.893077,34.6941041]},"properties":{"id":"osm-node-3942537665","source":"osm-place","place":"neighbourhood","name":"Lotissement Al Kawtar تجزئة الكوثر","name_ar":"تجزئة الكوثر","name_fr":"Lotissement Al Kawtar","type_osm":"node"}},{"type":"Feature","geometry":{"type":"Point","coordinates":[-8.065229,31.6441587]},"properties":{"id":"osm-node-3942697014","source":"osm-place","place":"neighbourhood","name":"Massira 3","type_osm":"node"}},{"type":"Feature","geometry":{"type":"Point","coordinates":[-9.5279465,30.3669407]},"properties":{"id":"osm-node-3944512816","source":"osm-place","place":"suburb","name":"El Jihadia ⵍⵊⵉⵀⴰⴷⵉⵢⴰ الجهادية","name_ar":"الجهادية","name_fr":"El Jihadia","type_osm":"node"}},{"type":"Feature","geometry":{"type":"Point","coordinates":[-9.5392155,30.3697677]},"properties":{"id":"osm-node-3944516595","source":"osm-place","place":"suburb","name":"Dcheïra ⴷⵛⴰⵢⵔⴰ الدشيرة","name_ar":"الدشيرة","name_fr":"Dcheïra","type_osm":"node"}},{"type":"Feature","geometry":{"type":"Point","coordinates":[-1.8962547,34.6885841]},"properties":{"id":"osm-node-3944945673","source":"osm-place","place":"neighbourhood","name":"Lotissement Kada Houssine تجزئة قادة حسين","name_ar":"تجزئة قادة حسين","name_fr":"Lotissement Kada Houssine","type_osm":"node"}},{"type":"Feature","geometry":{"type":"Point","coordinates":[-1.8982087,34.6888858]},"properties":{"id":"osm-node-3944949048","source":"osm-place","place":"neighbourhood","name":"Hay Sidi Driss حي سيدي إدريس","name_ar":"حي سيدي إدريس","name_fr":"Hay Sidi Driss","type_osm":"node"}},{"type":"Feature","geometry":{"type":"Point","coordinates":[-1.8859644,34.6943854]},"properties":{"id":"osm-node-3949116081","source":"osm-place","place":"neighbourhood","name":"Lotissement Liateni تجزئة الياتني","name_ar":"تجزئة الياتني","name_fr":"Lotissement Liateni","type_osm":"node"}},{"type":"Feature","geometry":{"type":"Point","coordinates":[-1.888017,34.6921229]},"properties":{"id":"osm-node-3949119133","source":"osm-place","place":"neighbourhood","name":"Lotissement Soltani تجزئة السلطاني","name_ar":"تجزئة السلطاني","name_fr":"Lotissement Soltani","type_osm":"node"}},{"type":"Feature","geometry":{"type":"Point","coordinates":[-1.8838188,34.7210725]},"properties":{"id":"osm-node-3961217687","source":"osm-place","place":"neighbourhood","name":"Hay Zghamim","type_osm":"node"}},{"type":"Feature","geometry":{"type":"Point","coordinates":[-1.8930608,34.6897841]},"properties":{"id":"osm-node-3961323842","source":"osm-place","place":"neighbourhood","name":"Lotissement El Amri","type_osm":"node"}},{"type":"Feature","geometry":{"type":"Point","coordinates":[-2.2271607,35.0807697]},"properties":{"id":"osm-node-3963389683","source":"osm-place","place":"neighbourhood","name":"Hay Safaa","type_osm":"node"}},{"type":"Feature","geometry":{"type":"Point","coordinates":[-2.2312628,35.0787117]},"properties":{"id":"osm-node-3963401531","source":"osm-place","place":"neighbourhood","name":"Lotissement Darak","type_osm":"node"}},{"type":"Feature","geometry":{"type":"Point","coordinates":[-2.224926,35.0753456]},"properties":{"id":"osm-node-3963714593","source":"osm-place","place":"neighbourhood","name":"Lotissement Jawhara","type_osm":"node"}},{"type":"Feature","geometry":{"type":"Point","coordinates":[-5.5757372,33.9140465]},"properties":{"id":"osm-node-3972629150","source":"osm-place","place":"suburb","name":"Oualili ⵡⴰⵍⵉⵍⵉ وليلي","name_ar":"وليلي","name_fr":"Oualili","type_osm":"node"}},{"type":"Feature","geometry":{"type":"Point","coordinates":[-2.4153605,34.8037098]},"properties":{"id":"osm-node-4007417910","source":"osm-place","place":"neighbourhood","name":"Hay Labraber","type_osm":"node"}},{"type":"Feature","geometry":{"type":"Point","coordinates":[-9.7477912,29.6997838]},"properties":{"id":"osm-node-4013250205","source":"osm-place","place":"neighbourhood","name":"Lotissement Izdihar إزدهار","name_ar":"إزدهار","name_fr":"Lotissement Izdihar","type_osm":"node"}},{"type":"Feature","geometry":{"type":"Point","coordinates":[-5.3664659,35.5710625]},"properties":{"id":"osm-node-4026734052","source":"osm-place","place":"suburb","name":"Médina المدينة العتيقة","name_ar":"المدينة العتيقة","name_fr":"Médina","type_osm":"node"}},{"type":"Feature","geometry":{"type":"Point","coordinates":[-9.5257259,30.3709385]},"properties":{"id":"osm-node-4027602968","source":"osm-place","place":"quarter","name":"El Mers ⴻⵍ ⵎⴻⵔⵙ المرس","name_ar":"المرس","name_fr":"El Mers","type_osm":"node"}},{"type":"Feature","geometry":{"type":"Point","coordinates":[-5.8307998,35.7864758]},"properties":{"id":"osm-node-4031895464","source":"osm-place","place":"suburb","name":"Dradeb درادب","name_ar":"درادب","name_fr":"Dradeb","type_osm":"node"}},{"type":"Feature","geometry":{"type":"Point","coordinates":[-6.8907214,32.8737344]},"properties":{"id":"osm-node-4033450989","source":"osm-place","place":"quarter","name":"Quartier Benjeloune","type_osm":"node"}},{"type":"Feature","geometry":{"type":"Point","coordinates":[-6.9099855,32.8697097]},"properties":{"id":"osm-node-4033451050","source":"osm-place","place":"quarter","name":"Quartier Hanaa 2","type_osm":"node"}},{"type":"Feature","geometry":{"type":"Point","coordinates":[-6.9033889,32.8677301]},"properties":{"id":"osm-node-4033451340","source":"osm-place","place":"quarter","name":"Quartier Zaytouna","type_osm":"node"}},{"type":"Feature","geometry":{"type":"Point","coordinates":[-6.8925866,32.8667521]},"properties":{"id":"osm-node-4033451345","source":"osm-place","place":"quarter","name":"Quartier Zaytouna 3","type_osm":"node"}},{"type":"Feature","geometry":{"type":"Point","coordinates":[-6.8982372,32.8745301]},"properties":{"id":"osm-node-4033451362","source":"osm-place","place":"quarter","name":"Quartier Labiyoute","type_osm":"node"}},{"type":"Feature","geometry":{"type":"Point","coordinates":[-6.9168093,32.8699994]},"properties":{"id":"osm-node-4033451638","source":"osm-place","place":"quarter","name":"Quartier Hanaa 1","type_osm":"node"}},{"type":"Feature","geometry":{"type":"Point","coordinates":[-6.9098962,32.8761721]},"properties":{"id":"osm-node-4033451649","source":"osm-place","place":"quarter","name":"Village OCP","type_osm":"node"}},{"type":"Feature","geometry":{"type":"Point","coordinates":[-6.938613,32.8945665]},"properties":{"id":"osm-node-4033931962","source":"osm-place","place":"quarter","name":"Hay Fath 2","type_osm":"node"}},{"type":"Feature","geometry":{"type":"Point","coordinates":[-6.9295905,32.8944665]},"properties":{"id":"osm-node-4033932067","source":"osm-place","place":"quarter","name":"Hay Fath 1","type_osm":"node"}},{"type":"Feature","geometry":{"type":"Point","coordinates":[-6.8909659,32.8883746]},"properties":{"id":"osm-node-4033945768","source":"osm-place","place":"quarter","name":"Hay Al Massira","type_osm":"node"}},{"type":"Feature","geometry":{"type":"Point","coordinates":[-6.9088002,32.8929747]},"properties":{"id":"osm-node-4033945781","source":"osm-place","place":"quarter","name":"Hay Dakhla","type_osm":"node"}},{"type":"Feature","geometry":{"type":"Point","coordinates":[-6.9014923,32.8859173]},"properties":{"id":"osm-node-4033946389","source":"osm-place","place":"quarter","name":"Hay Iqbal","type_osm":"node"}},{"type":"Feature","geometry":{"type":"Point","coordinates":[-6.8919436,32.8922035]},"properties":{"id":"osm-node-4033982511","source":"osm-place","place":"quarter","name":"Hay Yassmina 2","type_osm":"node"}},{"type":"Feature","geometry":{"type":"Point","coordinates":[-6.9019332,32.8900612]},"properties":{"id":"osm-node-4033982514","source":"osm-place","place":"quarter","name":"Hay Yassmina 1","type_osm":"node"}},{"type":"Feature","geometry":{"type":"Point","coordinates":[-9.6478334,30.4583937]},"properties":{"id":"osm-node-4038500352","source":"osm-place","place":"suburb","name":"Taddart ⵜⴰⴷⴷⴰⵔⵜ تدارت","name_ar":"تدارت","name_fr":"Taddart","type_osm":"node"}},{"type":"Feature","geometry":{"type":"Point","coordinates":[-9.6317217,30.4550002]},"properties":{"id":"osm-node-4038502028","source":"osm-place","place":"suburb","name":"Haut Anza ⴰⵏⵣⴰ ⵓⴼⵍⴰ أنزا العليا","name_ar":"أنزا العليا","name_fr":"Haut Anza","type_osm":"node"}},{"type":"Feature","geometry":{"type":"Point","coordinates":[-9.5470506,30.3631583]},"properties":{"id":"osm-node-4038508255","source":"osm-place","place":"suburb","name":"Rmel ⵔⵎⴰⵍ الرمل","name_ar":"الرمل","name_fr":"Rmel","type_osm":"node"}},{"type":"Feature","geometry":{"type":"Point","coordinates":[-9.5060615,30.3349962]},"properties":{"id":"osm-node-4038513693","source":"osm-place","place":"suburb","name":"Al Massira ⵍⵎⴰⵙⵙⵉⵔⴰ المسيرة","name_ar":"المسيرة","name_fr":"Al Massira","type_osm":"node"}},{"type":"Feature","geometry":{"type":"Point","coordinates":[-2.3151793,34.9231549]},"properties":{"id":"osm-node-4040767447","source":"osm-place","place":"suburb","name":"Hay Mohammadi El Makteb ⴰⵥⵢⴰ ⴰⵎⵓⵃⵎⵎⴰⴷⵉ ⵍⵎⴽⵜⴱ حي المحمدي المكتب","name_ar":"حي المحمدي المكتب","name_fr":"Hay Mohammadi El Makteb","population":5000,"type_osm":"node"}},{"type":"Feature","geometry":{"type":"Point","coordinates":[-2.3102226,34.9232342]},"properties":{"id":"osm-node-4044699492","source":"osm-place","place":"suburb","name":"Hay Essadek Bensaid ⵃⵢⵢ ⵚⴷⴷⵉⵇ ⴱⵏⵙⵄⵉⴷ حي الصديق بنسعيد","name_ar":"حي الصديق بنسعيد","name_fr":"Hay Essadek Bensaid","type_osm":"node"}},{"type":"Feature","geometry":{"type":"Point","coordinates":[-7.586155,33.5594601]},"properties":{"id":"osm-node-4057991313","source":"osm-place","place":"neighbourhood","name":"Calogera","type_osm":"node"}},{"type":"Feature","geometry":{"type":"Point","coordinates":[-7.5823784,33.5593528]},"properties":{"id":"osm-node-4057991314","source":"osm-place","place":"neighbourhood","name":"Hassania 2","type_osm":"node"}},{"type":"Feature","geometry":{"type":"Point","coordinates":[-7.5565598,33.5728335]},"properties":{"id":"osm-node-4057991342","source":"osm-place","place":"neighbourhood","name":"Bournazel","name_ar":"بورنازيل","type_osm":"node"}},{"type":"Feature","geometry":{"type":"Point","coordinates":[-7.5543089,33.5696488]},"properties":{"id":"osm-node-4057991343","source":"osm-place","place":"neighbourhood","name":"Hay Sedri","type_osm":"node"}},{"type":"Feature","geometry":{"type":"Point","coordinates":[-2.3211076,34.9219466]},"properties":{"id":"osm-node-4058608747","source":"osm-place","place":"neighbourhood","name":"Tahtaha ⵟⵃⵟⴰⵃⴰ طحطاحة","name_ar":"طحطاحة","name_fr":"Tahtaha","type_osm":"node"}},{"type":"Feature","geometry":{"type":"Point","coordinates":[-2.3059319,34.9243469]},"properties":{"id":"osm-node-4141370541","source":"osm-place","place":"suburb","name":"Hay Riad ⴰⵥⵢⴰ ⵏ ⵕⵢⴰⴹ حي الرياض","name_ar":"حي الرياض","name_fr":"Hay Riad","type_osm":"node"}},{"type":"Feature","geometry":{"type":"Point","coordinates":[-2.309915,34.9280171]},"properties":{"id":"osm-node-4144900643","source":"osm-place","place":"suburb","name":"Quartier Al Amal ⴰⵥⵢⴰ ⵏ ⵜⵓⵏⴰⵔⵓⵣ ⵏ ⵉⵙⵍⵎⴰⴷⵏ حي الأمل المعلمين","name_ar":"حي الأمل المعلمين","name_fr":"Quartier Al Amal","type_osm":"node"}},{"type":"Feature","geometry":{"type":"Point","coordinates":[-2.3213734,34.9356695]},"properties":{"id":"osm-node-4144912256","source":"osm-place","place":"suburb","name":"Hay Al Majd ⴰⵥⵢⴰ ⵏ ⵍⵎⴰⵊⴷ حي المجد","name_ar":"حي المجد","name_fr":"Hay Al Majd","type_osm":"node"}},{"type":"Feature","geometry":{"type":"Point","coordinates":[-8.0162102,31.654225]},"properties":{"id":"osm-node-4147079714","source":"osm-place","place":"neighbourhood","name":"Sidi Abbad ⵙⵉⴷⵉ ⵄⴱⴱⴰⴷ سيدي عباد","name_ar":"سيدي عباد","name_fr":"Sidi Abbad","type_osm":"node"}},{"type":"Feature","geometry":{"type":"Point","coordinates":[-2.3168727,34.9435677]},"properties":{"id":"osm-node-4149780855","source":"osm-place","place":"suburb","name":"Beni mehdi ⴱⵏⵉ ⵎⵀⴷⵉ بني مهدي","name_ar":"بني مهدي","name_fr":"Beni mehdi","type_osm":"node"}},{"type":"Feature","geometry":{"type":"Point","coordinates":[-2.2985625,34.9287749]},"properties":{"id":"osm-node-4155440693","source":"osm-place","place":"suburb","name":"Lalla rakia ⵍⴰⵍⵍⴰ ⵕⵇⵢⵢⴰ للا رقية","name_ar":"للا رقية","name_fr":"Lalla rakia","type_osm":"node"}},{"type":"Feature","geometry":{"type":"Point","coordinates":[-2.3108363,34.9331553]},"properties":{"id":"osm-node-4155449212","source":"osm-place","place":"suburb","name":"Janane zitoune ⵓⵔⵜⵉ ⵏ ⵓⵣⵎⵎⵓⵔ جنان الزيتون","name_ar":"جنان الزيتون","name_fr":"Janane zitoune","type_osm":"node"}},{"type":"Feature","geometry":{"type":"Point","coordinates":[-2.3049408,34.9329882]},"properties":{"id":"osm-node-4155450424","source":"osm-place","place":"suburb","name":"Bab el madina ⵜⵉⴼⵍⵓⵜ ⵏ ⵜⵉⵖⵕⵎⵜ باب المدينة","name_ar":"باب المدينة","name_fr":"Bab el madina","type_osm":"node"}},{"type":"Feature","geometry":{"type":"Point","coordinates":[-2.3350888,34.9213066]},"properties":{"id":"osm-node-4155453444","source":"osm-place","place":"suburb","name":"Hay Hamza ⴰⵥⵢⴰ ⵏ ⵃⵎⵣⴰ حي حمزة","name_ar":"حي حمزة","name_fr":"Hay Hamza","type_osm":"node"}},{"type":"Feature","geometry":{"type":"Point","coordinates":[-9.5447838,30.3751825]},"properties":{"id":"osm-node-4157449301","source":"osm-place","place":"neighbourhood","name":"Takerkourte ⵜⴰⴽⵔⴽⵓⵔⵜ تكركورت","name_ar":"تكركورت","name_fr":"Takerkourte","type_osm":"node"}},{"type":"Feature","geometry":{"type":"Point","coordinates":[-9.4338312,30.363085]},"properties":{"id":"osm-node-4157757480","source":"osm-place","place":"suburb","name":"Dar ben cheikh ⴷⴰⵔ ⴱⴰⵏ ⵛⵉⵅ دار بن الشيخ","name_ar":"دار بن الشيخ","name_fr":"Dar ben cheikh","type_osm":"node"}},{"type":"Feature","geometry":{"type":"Point","coordinates":[-7.3550503,33.7121484]},"properties":{"id":"osm-node-4166709149","source":"osm-place","place":"neighbourhood","name":"Lotissement Monica","type_osm":"node"}},{"type":"Feature","geometry":{"type":"Point","coordinates":[-7.4798982,33.5851845]},"properties":{"id":"osm-node-4200387943","source":"osm-place","place":"neighbourhood","name":"Ahl Assalam أهل السلام","name_ar":"أهل السلام","name_fr":"Ahl Assalam","type_osm":"node"}},{"type":"Feature","geometry":{"type":"Point","coordinates":[-2.3015767,34.9245944]},"properties":{"id":"osm-node-4200593373","source":"osm-place","place":"suburb","name":"Hay rami ⴰⵥⵢⴰ ⵏ ⵕⴰⵎⵉ حي الرامي","name_ar":"حي الرامي","name_fr":"Hay rami","type_osm":"node"}},{"type":"Feature","geometry":{"type":"Point","coordinates":[-2.304731,34.9212868]},"properties":{"id":"osm-node-4200593415","source":"osm-place","place":"suburb","name":"Hmidou Hay el Fath ⵃⵎⵉⴷⵓ ⴰⵥⵢⴰ ⵏ ⵍⴼⴰⵜⵃ حميدو حي الفتح","name_ar":"حميدو حي الفتح","name_fr":"Hmidou Hay el Fath","type_osm":"node"}},{"type":"Feature","geometry":{"type":"Point","coordinates":[-7.593948,33.5686188]},"properties":{"id":"osm-node-4206033142","source":"osm-place","place":"neighbourhood","name":"Hay El Amal","type_osm":"node"}},{"type":"Feature","geometry":{"type":"Point","coordinates":[-7.5993038,33.5566938]},"properties":{"id":"osm-node-4206033320","source":"osm-place","place":"neighbourhood","name":"Hay Rmila","type_osm":"node"}},{"type":"Feature","geometry":{"type":"Point","coordinates":[-7.5871927,33.5682583]},"properties":{"id":"osm-node-4206033473","source":"osm-place","place":"neighbourhood","name":"Hay El Farah","type_osm":"node"}},{"type":"Feature","geometry":{"type":"Point","coordinates":[-2.3315118,34.9417619]},"properties":{"id":"osm-node-4207576033","source":"osm-place","place":"neighbourhood","name":"Hay karrakchou ⵍⵉⵎⵓⵏ ⴽⵕⵕⴰⴽⵛⵓ حي الليمون كراكشو","name_ar":"حي الليمون كراكشو","name_fr":"Hay karrakchou","type_osm":"node"}},{"type":"Feature","geometry":{"type":"Point","coordinates":[-7.5581006,33.5605055]},"properties":{"id":"osm-node-4211194805","source":"osm-place","place":"neighbourhood","name":"Hay Salama 3","type_osm":"node"}},{"type":"Feature","geometry":{"type":"Point","coordinates":[-7.6599127,33.5200939]},"properties":{"id":"osm-node-4211461824","source":"osm-place","place":"neighbourhood","name":"Ennassim","name_fr":"Ennassim","type_osm":"node"}},{"type":"Feature","geometry":{"type":"Point","coordinates":[-2.2369993,35.0859064]},"properties":{"id":"osm-node-4212906291","source":"osm-place","place":"neighbourhood","name":"Lotissement Al Amal","type_osm":"node"}},{"type":"Feature","geometry":{"type":"Point","coordinates":[-7.6846492,33.5310777]},"properties":{"id":"osm-node-4213171044","source":"osm-place","place":"neighbourhood","name":"Kasbat Al Amine","name_fr":"Kasbat Al Amine","type_osm":"node"}},{"type":"Feature","geometry":{"type":"Point","coordinates":[-7.6724261,33.5314545]},"properties":{"id":"osm-node-4213195806","source":"osm-place","place":"suburb","name":"Lissasfa ليساسفة","name_ar":"ليساسفة","name_fr":"Lissasfa","type_osm":"node"}},{"type":"Feature","geometry":{"type":"Point","coordinates":[-7.6973696,33.5571011]},"properties":{"id":"osm-node-4214435579","source":"osm-place","place":"neighbourhood","name":"Hay Riyad","type_osm":"node"}},{"type":"Feature","geometry":{"type":"Point","coordinates":[-7.6069902,33.5644153]},"properties":{"id":"osm-node-4216080643","source":"osm-place","place":"neighbourhood","name":"Bouchentouf","type_osm":"node"}},{"type":"Feature","geometry":{"type":"Point","coordinates":[-9.5484404,30.370985]},"properties":{"id":"osm-node-4217673158","source":"osm-place","place":"neighbourhood","name":"Rochdi ⵔⵓⵛⴷⵉ رشدي","name_ar":"رشدي","name_fr":"Rochdi","type_osm":"node"}},{"type":"Feature","geometry":{"type":"Point","coordinates":[-7.6121917,33.5325713]},"properties":{"id":"osm-node-4224401209","source":"osm-place","place":"neighbourhood","name":"Hay Mandarona","type_osm":"node"}},{"type":"Feature","geometry":{"type":"Point","coordinates":[-7.5832613,33.5733019]},"properties":{"id":"osm-node-4226030619","source":"osm-place","place":"neighbourhood","name":"Hay Tissir","type_osm":"node"}},{"type":"Feature","geometry":{"type":"Point","coordinates":[-7.6836789,33.5409391]},"properties":{"id":"osm-node-4226030625","source":"osm-place","place":"neighbourhood","name":"Hay Zoubair","type_osm":"node"}},{"type":"Feature","geometry":{"type":"Point","coordinates":[-9.5433096,30.370923]},"properties":{"id":"osm-node-4228330299","source":"osm-place","place":"neighbourhood","name":"Cadi Ayyad ⵇⴰⴷⵉ ⵄⵉⵢⴰⴹ القاضي عياض","name_ar":"القاضي عياض","name_fr":"Cadi Ayyad","type_osm":"node"}},{"type":"Feature","geometry":{"type":"Point","coordinates":[-7.550001,33.5599758]},"properties":{"id":"osm-node-4232154571","source":"osm-place","place":"neighbourhood","name":"Hay El Falah","type_osm":"node"}},{"type":"Feature","geometry":{"type":"Point","coordinates":[-9.5461356,30.3690584]},"properties":{"id":"osm-node-4233838689","source":"osm-place","place":"neighbourhood","name":"Idder ⵉⴷⴷⴰⵔ ادر","name_ar":"ادر","name_fr":"Idder","type_osm":"node"}},{"type":"Feature","geometry":{"type":"Point","coordinates":[-7.5817496,33.5575771]},"properties":{"id":"osm-node-4237649391","source":"osm-place","place":"neighbourhood","name":"Khaddouj Hlima","type_osm":"node"}},{"type":"Feature","geometry":{"type":"Point","coordinates":[-9.5332448,30.3722603]},"properties":{"id":"osm-node-4244150181","source":"osm-place","place":"neighbourhood","name":"Al Mostawsaf ⵍⵎⵓⵙⵜⴰⵡⵚⴰⴼ المستوصف","name_ar":"المستوصف","name_fr":"Al Mostawsaf","type_osm":"node"}},{"type":"Feature","geometry":{"type":"Point","coordinates":[-9.5459358,30.3708861]},"properties":{"id":"osm-node-4244181935","source":"osm-place","place":"neighbourhood","name":"Zaitoun ⵣⴰⵢⵜⵓⵏ الزيتون","name_ar":"الزيتون","name_fr":"Zaitoun","type_osm":"node"}},{"type":"Feature","geometry":{"type":"Point","coordinates":[-7.9605552,31.5970564]},"properties":{"id":"osm-node-4246740641","source":"osm-place","place":"neighbourhood","name":"Douar Chouhada","type_osm":"node"}},{"type":"Feature","geometry":{"type":"Point","coordinates":[-9.531686,30.3637947]},"properties":{"id":"osm-node-4248798633","source":"osm-place","place":"neighbourhood","name":"Jdid ⴰⵎⴰⵢⵏⵓ الجديد","name_ar":"الجديد","name_fr":"Jdid","type_osm":"node"}},{"type":"Feature","geometry":{"type":"Point","coordinates":[-9.5298439,30.3670164]},"properties":{"id":"osm-node-4248815475","source":"osm-place","place":"neighbourhood","name":"Ihsane ⵉⵃⵙⴰⵏ الإحسان","name_ar":"الإحسان","name_fr":"Ihsane","type_osm":"node"}},{"type":"Feature","geometry":{"type":"Point","coordinates":[-9.5278112,30.3679615]},"properties":{"id":"osm-node-4248832319","source":"osm-place","place":"neighbourhood","name":"Rabiaa ⵔⴰⴱⵉⵄ الربيع","name_ar":"الربيع","name_fr":"Rabiaa","type_osm":"node"}},{"type":"Feature","geometry":{"type":"Point","coordinates":[-9.5373037,30.3745218]},"properties":{"id":"osm-node-4248901883","source":"osm-place","place":"neighbourhood","name":"El Faiz ⵍⴼⴰⵢⵣ الفايز","name_ar":"الفايز","name_fr":"El Faiz","type_osm":"node"}},{"type":"Feature","geometry":{"type":"Point","coordinates":[-9.5267124,30.3661691]},"properties":{"id":"osm-node-4249294900","source":"osm-place","place":"neighbourhood","name":"Nassim ⵏⴰⵙⵉⵎ النسيم","name_ar":"النسيم","name_fr":"Nassim","type_osm":"node"}},{"type":"Feature","geometry":{"type":"Point","coordinates":[-9.5258787,30.3646505]},"properties":{"id":"osm-node-4249294901","source":"osm-place","place":"neighbourhood","name":"Salam ⵙⴰⵍⴰⵎ السلام","name_ar":"السلام","name_fr":"Salam","type_osm":"node"}},{"type":"Feature","geometry":{"type":"Point","coordinates":[-9.524532,30.368668]},"properties":{"id":"osm-node-4250412568","source":"osm-place","place":"neighbourhood","name":"Yassamine ⵢⴰⵙⴰⵎⵉⵏ الياسمين","name_ar":"الياسمين","name_fr":"Yassamine","type_osm":"node"}},{"type":"Feature","geometry":{"type":"Point","coordinates":[-9.5240814,30.366549]},"properties":{"id":"osm-node-4250425676","source":"osm-place","place":"neighbourhood","name":"Doha ⴷⵓⵃⴰ الضحى","name_ar":"الضحى","name_fr":"Doha","type_osm":"node"}},{"type":"Feature","geometry":{"type":"Point","coordinates":[-9.5285717,30.3638434]},"properties":{"id":"osm-node-4251447389","source":"osm-place","place":"neighbourhood","name":"Ilham ⵉⵍⵀⴰⵎ إلهام","name_ar":"إلهام","name_fr":"Ilham","type_osm":"node"}},{"type":"Feature","geometry":{"type":"Point","coordinates":[-8.064403,31.6192533]},"properties":{"id":"osm-node-4251945873","source":"osm-place","place":"neighbourhood","name":"Socoma","type_osm":"node"}},{"type":"Feature","geometry":{"type":"Point","coordinates":[-9.5319616,30.3760527]},"properties":{"id":"osm-node-4252840733","source":"osm-place","place":"neighbourhood","name":"Adarissa ⴰⴷⴰⵔⵉⵙⴰ الادارسة","name_ar":"الادارسة","name_fr":"Adarissa","type_osm":"node"}},{"type":"Feature","geometry":{"type":"Point","coordinates":[-9.5339626,30.3764923]},"properties":{"id":"osm-node-4252840734","source":"osm-place","place":"neighbourhood","name":"Sbaai ⵙⴱⴰⵄⵉ السباعي","name_ar":"السباعي","name_fr":"Sbaai","type_osm":"node"}},{"type":"Feature","geometry":{"type":"Point","coordinates":[-9.5358079,30.3766358]},"properties":{"id":"osm-node-4252843561","source":"osm-place","place":"neighbourhood","name":"Nahda ⵏⴰⵀⴹⴰ النهضة","name_ar":"النهضة","name_fr":"Nahda","type_osm":"node"}},{"type":"Feature","geometry":{"type":"Point","coordinates":[-9.5297666,30.3729293]},"properties":{"id":"osm-node-4253042254","source":"osm-place","place":"neighbourhood","name":"Quds ⵇⵓⴷⵙ القدس","name_ar":"القدس","name_fr":"Quds","type_osm":"node"}},{"type":"Feature","geometry":{"type":"Point","coordinates":[-9.5381332,30.3765458]},"properties":{"id":"osm-node-4253399325","source":"osm-place","place":"neighbourhood","name":"Ait Talb ⴰⵢⵜ ⵟⴰⵍⴱ ايت طالب","name_ar":"ايت طالب","name_fr":"Ait Talb","type_osm":"node"}},{"type":"Feature","geometry":{"type":"Point","coordinates":[-9.5330747,30.3692396]},"properties":{"id":"osm-node-4253404371","source":"osm-place","place":"neighbourhood","name":"Ait kiwan ⴰⵢⵜ ⴽⵉⵡⴰⵏ ايت كيوان","name_ar":"ايت كيوان","name_fr":"Ait kiwan","type_osm":"node"}},{"type":"Feature","geometry":{"type":"Point","coordinates":[-9.5377416,30.3618143]},"properties":{"id":"osm-node-4255358503","source":"osm-place","place":"suburb","name":"Taghzout ⵜⴰⵖⵣⵓⵜ تغزوت","name_ar":"تغزوت","name_fr":"Taghzout","type_osm":"node"}},{"type":"Feature","geometry":{"type":"Point","coordinates":[-9.540361,30.3749686]},"properties":{"id":"osm-node-4256348521","source":"osm-place","place":"neighbourhood","name":"Anache ⵖⵏⴰⵛ عناش","name_ar":"عناش","name_fr":"Anache","type_osm":"node"}},{"type":"Feature","geometry":{"type":"Point","coordinates":[-8.0547755,31.6527663]},"properties":{"id":"osm-node-4258612948","source":"osm-place","place":"neighbourhood","name":"Masmoudi","name_ar":"المصمودي","name_fr":"Masmoudi","type_osm":"node"}},{"type":"Feature","geometry":{"type":"Point","coordinates":[-9.5443387,30.373223]},"properties":{"id":"osm-node-4259457113","source":"osm-place","place":"neighbourhood","name":"Ait Daoud ⴰⵢⵜ ⴷⴰⵡⴷ ايت داود","name_ar":"ايت داود","name_fr":"Ait Daoud","type_osm":"node"}},{"type":"Feature","geometry":{"type":"Point","coordinates":[-8.0280919,31.6686216]},"properties":{"id":"osm-node-4262364214","source":"osm-place","place":"neighbourhood","name":"Sanaoubar صنوبر","name_ar":"صنوبر","name_fr":"Sanaoubar","type_osm":"node"}},{"type":"Feature","geometry":{"type":"Point","coordinates":[-9.5380967,30.3778602]},"properties":{"id":"osm-node-4262388746","source":"osm-place","place":"neighbourhood","name":"Kabrane ⴽⴰⴱⵔⴰⵏ كبران","name_ar":"كبران","name_fr":"Kabrane","type_osm":"node"}},{"type":"Feature","geometry":{"type":"Point","coordinates":[-7.6735958,33.5456748]},"properties":{"id":"osm-node-4264877830","source":"osm-place","place":"neighbourhood","name":"Hay Salam","type_osm":"node"}},{"type":"Feature","geometry":{"type":"Point","coordinates":[-9.525467,30.3618907]},"properties":{"id":"osm-node-4266260289","source":"osm-place","place":"neighbourhood","name":"Al-Amane ⴰⵍ-ⴰⵎⴰⵏ الامان","name_ar":"الامان","name_fr":"Al-Amane","type_osm":"node"}},{"type":"Feature","geometry":{"type":"Point","coordinates":[-9.5219426,30.3673524]},"properties":{"id":"osm-node-4266260290","source":"osm-place","place":"neighbourhood","name":"Narjiss ⵏⴰⵔⵊⵉⵙ النرجس","name_ar":"النرجس","name_fr":"Narjiss","type_osm":"node"}},{"type":"Feature","geometry":{"type":"Point","coordinates":[-9.5242761,30.3635385]},"properties":{"id":"osm-node-4266260291","source":"osm-place","place":"neighbourhood","name":"Zohor ⵣⵓⵀⵓⵔ الزهور","name_ar":"الزهور","name_fr":"Zohor","type_osm":"node"}},{"type":"Feature","geometry":{"type":"Point","coordinates":[-9.5257582,30.3765395]},"properties":{"id":"osm-node-4271524939","source":"osm-place","place":"neighbourhood","name":"Riad Sidi Faris ⵔⵉⵢⴰⴷ ⵙⵉⴷⵉ ⴼⴰⵔⵉⵙ رياض سيدي فارس","name_ar":"رياض سيدي فارس","name_fr":"Riad Sidi Faris","type_osm":"node"}},{"type":"Feature","geometry":{"type":"Point","coordinates":[-9.5236946,30.3751992]},"properties":{"id":"osm-node-4271524940","source":"osm-place","place":"neighbourhood","name":"Tafoukt ⵜⴰⴼⵓⴽⵜ تفوكت","name_ar":"تفوكت","name_fr":"Tafoukt","type_osm":"node"}},{"type":"Feature","geometry":{"type":"Point","coordinates":[-9.5289484,30.3874571]},"properties":{"id":"osm-node-4271563396","source":"osm-place","place":"neighbourhood","name":"Tassila-1 ⵟⴰⵙⵙⵉⵍⴰ-1 1-تاسيلا","name_ar":"تاسيلا-1","name_fr":"Tassila-1","type_osm":"node"}},{"type":"Feature","geometry":{"type":"Point","coordinates":[-9.5208374,30.3902521]},"properties":{"id":"osm-node-4271563397","source":"osm-place","place":"neighbourhood","name":"Tassila-2 ⵟⴰⵙⵙⵉⵍⴰ-2 2-تاسيلا","name_ar":"تاسيلا-2","name_fr":"Tassila-2","type_osm":"node"}},{"type":"Feature","geometry":{"type":"Point","coordinates":[-9.5145074,30.3847176]},"properties":{"id":"osm-node-4271563398","source":"osm-place","place":"neighbourhood","name":"Tassila-3 ⵟⴰⵙⵙⵉⵍⴰ-3 3-تاسيلا","name_ar":"تاسيلا-3","name_fr":"Tassila-3","type_osm":"node"}},{"type":"Feature","geometry":{"type":"Point","coordinates":[-7.6000413,33.577719]},"properties":{"id":"osm-node-4279367531","source":"osm-place","place":"neighbourhood","name":"Garage Allal گراج علال","name_ar":"گراج علال","name_fr":"Garage Allal","type_osm":"node"}},{"type":"Feature","geometry":{"type":"Point","coordinates":[-9.5421689,30.3642601]},"properties":{"id":"osm-node-4302926203","source":"osm-place","place":"neighbourhood","name":"les chalets ⵍⵉⵛⴰⵍⵉ ليشالي","name_ar":"ليشالي","name_fr":"les chalets","type_osm":"node"}},{"type":"Feature","geometry":{"type":"Point","coordinates":[-9.5304499,30.3708459]},"properties":{"id":"osm-node-4359478600","source":"osm-place","place":"neighbourhood","name":"Atlasia ⴰⵜⵍⴰⵙⵉⵢⴰ الاطلسية","name_ar":"الاطلسية","name_fr":"Atlasia","type_osm":"node"}},{"type":"Feature","geometry":{"type":"Point","coordinates":[-1.2346337,32.1180782]},"properties":{"id":"osm-node-4381458182","source":"osm-place","place":"neighbourhood","name":"Mellah Oudaghir ملاح الوداغير","name_ar":"ملاح الوداغير","name_fr":"Mellah Oudaghir","type_osm":"node"}},{"type":"Feature","geometry":{"type":"Point","coordinates":[-5.0075514,33.7331846]},"properties":{"id":"osm-node-4393941978","source":"osm-place","place":"suburb","name":"Lalla Arbiya","type_osm":"node"}},{"type":"Feature","geometry":{"type":"Point","coordinates":[-1.874642,34.6984647]},"properties":{"id":"osm-node-4399990589","source":"osm-place","place":"neighbourhood","name":"Douar Tazaghine","type_osm":"node"}},{"type":"Feature","geometry":{"type":"Point","coordinates":[-1.9039585,34.687235]},"properties":{"id":"osm-node-4399995686","source":"osm-place","place":"neighbourhood","name":"Hay Maghreb Al Arabi","type_osm":"node"}},{"type":"Feature","geometry":{"type":"Point","coordinates":[-1.2356329,32.1162882]},"properties":{"id":"osm-node-4405648218","source":"osm-place","place":"neighbourhood","name":"Tlat Ksar Oudaghir ثلاث قصر الوداغير","name_ar":"ثلاث قصر الوداغير","name_fr":"Tlat Ksar Oudaghir","type_osm":"node"}},{"type":"Feature","geometry":{"type":"Point","coordinates":[-1.2223578,32.1163687]},"properties":{"id":"osm-node-4405777764","source":"osm-place","place":"neighbourhood","name":"Ait Gernit آيت جرنيت","name_ar":"آيت جرنيت","name_fr":"Ait Gernit","type_osm":"node"}},{"type":"Feature","geometry":{"type":"Point","coordinates":[-1.876982,34.6829005]},"properties":{"id":"osm-node-4422650026","source":"osm-place","place":"neighbourhood","name":"Lazaret Mexico","type_osm":"node"}},{"type":"Feature","geometry":{"type":"Point","coordinates":[-1.8799607,34.6676187]},"properties":{"id":"osm-node-4426492849","source":"osm-place","place":"neighbourhood","name":"Lotissement Sitr","type_osm":"node"}},{"type":"Feature","geometry":{"type":"Point","coordinates":[-1.8992633,34.6817514]},"properties":{"id":"osm-node-4429357422","source":"osm-place","place":"neighbourhood","name":"Hay Hassani","type_osm":"node"}},{"type":"Feature","geometry":{"type":"Point","coordinates":[-1.8884819,34.672811]},"properties":{"id":"osm-node-4439983646","source":"osm-place","place":"neighbourhood","name":"Lotissement Missaoui","type_osm":"node"}},{"type":"Feature","geometry":{"type":"Point","coordinates":[-1.8840456,34.6729731]},"properties":{"id":"osm-node-4439998549","source":"osm-place","place":"neighbourhood","name":"Lotissement Belhoucine Héritières","type_osm":"node"}},{"type":"Feature","geometry":{"type":"Point","coordinates":[-1.9439205,34.6841408]},"properties":{"id":"osm-node-4440022622","source":"osm-place","place":"neighbourhood","name":"Lotissement Mchiouer","type_osm":"node"}},{"type":"Feature","geometry":{"type":"Point","coordinates":[-1.9470707,34.6603]},"properties":{"id":"osm-node-4441399113","source":"osm-place","place":"neighbourhood","name":"Lotissement Toutya","type_osm":"node"}},{"type":"Feature","geometry":{"type":"Point","coordinates":[-1.8932089,34.6913181]},"properties":{"id":"osm-node-4455520016","source":"osm-place","place":"neighbourhood","name":"Lotissement Haj Kadour","type_osm":"node"}},{"type":"Feature","geometry":{"type":"Point","coordinates":[-1.9366164,34.6594106]},"properties":{"id":"osm-node-4496442669","source":"osm-place","place":"suburb","name":"Hay Hammou","type_osm":"node"}},{"type":"Feature","geometry":{"type":"Point","coordinates":[-1.9318327,34.6583074]},"properties":{"id":"osm-node-4497050310","source":"osm-place","place":"suburb","name":"Lotissement Benkhirane","type_osm":"node"}},{"type":"Feature","geometry":{"type":"Point","coordinates":[-1.8738877,34.6813053]},"properties":{"id":"osm-node-4497351406","source":"osm-place","place":"suburb","name":"Hay Saada","type_osm":"node"}},{"type":"Feature","geometry":{"type":"Point","coordinates":[-1.8790922,34.6791097]},"properties":{"id":"osm-node-4497367314","source":"osm-place","place":"suburb","name":"Lotissement Laaj","type_osm":"node"}},{"type":"Feature","geometry":{"type":"Point","coordinates":[-1.9055818,34.6633925]},"properties":{"id":"osm-node-4498327036","source":"osm-place","place":"neighbourhood","name":"Cité Inara","type_osm":"node"}},{"type":"Feature","geometry":{"type":"Point","coordinates":[-1.8985522,34.6725699]},"properties":{"id":"osm-node-4498656582","source":"osm-place","place":"suburb","name":"Lotissement Ben Abdelmoumen","type_osm":"node"}},{"type":"Feature","geometry":{"type":"Point","coordinates":[-1.9083733,34.6596148]},"properties":{"id":"osm-node-4498694213","source":"osm-place","place":"suburb","name":"Lotissement Oued El Makhazine","type_osm":"node"}},{"type":"Feature","geometry":{"type":"Point","coordinates":[-1.8832079,34.668535]},"properties":{"id":"osm-node-4498747389","source":"osm-place","place":"suburb","name":"Lotissement Al Amri","type_osm":"node"}},{"type":"Feature","geometry":{"type":"Point","coordinates":[-1.9311515,34.6805775]},"properties":{"id":"osm-node-4500536849","source":"osm-place","place":"neighbourhood","name":"Lotissement Ben Bouziane","type_osm":"node"}},{"type":"Feature","geometry":{"type":"Point","coordinates":[-1.9302946,34.6650468]},"properties":{"id":"osm-node-4501801987","source":"osm-place","place":"neighbourhood","name":"Lotissement OLM","type_osm":"node"}},{"type":"Feature","geometry":{"type":"Point","coordinates":[-1.9099666,34.7089517]},"properties":{"id":"osm-node-4502524168","source":"osm-place","place":"neighbourhood","name":"Lotissement El Wifak","type_osm":"node"}},{"type":"Feature","geometry":{"type":"Point","coordinates":[-1.8970075,34.7182169]},"properties":{"id":"osm-node-4504082530","source":"osm-place","place":"neighbourhood","name":"Lotissement Jnane Chark","type_osm":"node"}},{"type":"Feature","geometry":{"type":"Point","coordinates":[-1.903642,34.6830826]},"properties":{"id":"osm-node-4508581935","source":"osm-place","place":"neighbourhood","name":"Hay Al Amal","type_osm":"node"}},{"type":"Feature","geometry":{"type":"Point","coordinates":[-13.1641041,27.1327507]},"properties":{"id":"osm-node-4510208590","source":"osm-place","place":"neighbourhood","name":"Alaouda حي العودة","name_ar":"حي العودة","name_fr":"Alaouda","type_osm":"node"}},{"type":"Feature","geometry":{"type":"Point","coordinates":[-1.9431516,34.6694087]},"properties":{"id":"osm-node-4511022974","source":"osm-place","place":"neighbourhood","name":"Lotissement Al Waha","type_osm":"node"}},{"type":"Feature","geometry":{"type":"Point","coordinates":[-1.8702378,34.6844586]},"properties":{"id":"osm-node-4511618661","source":"osm-place","place":"neighbourhood","name":"Lotissement Lebyayed","type_osm":"node"}},{"type":"Feature","geometry":{"type":"Point","coordinates":[-1.8934427,34.6991893]},"properties":{"id":"osm-node-4511627593","source":"osm-place","place":"neighbourhood","name":"Lotissement El Makri","type_osm":"node"}},{"type":"Feature","geometry":{"type":"Point","coordinates":[-1.8852598,34.6924176]},"properties":{"id":"osm-node-4512525392","source":"osm-place","place":"neighbourhood","name":"Lotissement Mouhoub","type_osm":"node"}},{"type":"Feature","geometry":{"type":"Point","coordinates":[-1.8629327,34.6766934]},"properties":{"id":"osm-node-4514109435","source":"osm-place","place":"neighbourhood","name":"Lotissement Bensahli","type_osm":"node"}},{"type":"Feature","geometry":{"type":"Point","coordinates":[-6.5621896,34.2693265]},"properties":{"id":"osm-node-4535619866","source":"osm-place","place":"suburb","name":"Bab Fès","name_ar":"باب فاس","type_osm":"node"}},{"type":"Feature","geometry":{"type":"Point","coordinates":[-6.5684942,34.2594252]},"properties":{"id":"osm-node-4535629665","source":"osm-place","place":"suburb","name":"La Cigogne","type_osm":"node"}},{"type":"Feature","geometry":{"type":"Point","coordinates":[-6.6112252,34.2538313]},"properties":{"id":"osm-node-4535632010","source":"osm-place","place":"suburb","name":"Maghreb Al Arabi","type_osm":"node"}},{"type":"Feature","geometry":{"type":"Point","coordinates":[-6.6016561,34.2461009]},"properties":{"id":"osm-node-4535635720","source":"osm-place","place":"neighbourhood","name":"Bir Rami est","type_osm":"node"}},{"type":"Feature","geometry":{"type":"Point","coordinates":[-6.5485278,34.2515804]},"properties":{"id":"osm-node-4535639066","source":"osm-place","place":"suburb","name":"Assaknia","type_osm":"node"}},{"type":"Feature","geometry":{"type":"Point","coordinates":[-6.6218953,34.2595543]},"properties":{"id":"osm-node-4535648452","source":"osm-place","place":"suburb","name":"Ouled Oujih","type_osm":"node"}},{"type":"Feature","geometry":{"type":"Point","coordinates":[-6.6495437,34.2607615]},"properties":{"id":"osm-node-4535652068","source":"osm-place","place":"suburb","name":"Kasbat el Mehdia","type_osm":"node"}},{"type":"Feature","geometry":{"type":"Point","coordinates":[-6.5830166,34.2583411]},"properties":{"id":"osm-node-4535719834","source":"osm-place","place":"suburb","name":"Maamora","type_osm":"node"}},{"type":"Feature","geometry":{"type":"Point","coordinates":[-6.608235,34.2741244]},"properties":{"id":"osm-node-4535723912","source":"osm-place","place":"suburb","name":"Al Ismailia","type_osm":"node"}},{"type":"Feature","geometry":{"type":"Point","coordinates":[-6.6053381,34.2691527]},"properties":{"id":"osm-node-4535726906","source":"osm-place","place":"suburb","name":"Sayad","type_osm":"node"}},{"type":"Feature","geometry":{"type":"Point","coordinates":[-6.6149549,34.2696457]},"properties":{"id":"osm-node-4535739095","source":"osm-place","place":"suburb","name":"Al Houzia","type_osm":"node"}},{"type":"Feature","geometry":{"type":"Point","coordinates":[-7.623582,32.9994739]},"properties":{"id":"osm-node-4542034497","source":"osm-place","place":"suburb","name":"Quartier Essmaâla حي السماعلة","name_ar":"حي السماعلة","name_fr":"Quartier Essmaâla","type_osm":"node"}},{"type":"Feature","geometry":{"type":"Point","coordinates":[-7.605038,33.009776]},"properties":{"id":"osm-node-4542056954","source":"osm-place","place":"suburb","name":"Hay ALOUANE","type_osm":"node"}},{"type":"Feature","geometry":{"type":"Point","coordinates":[-7.6276463,33.0029412]},"properties":{"id":"osm-node-4542056958","source":"osm-place","place":"suburb","name":"Bloc Tahiri","type_osm":"node"}},{"type":"Feature","geometry":{"type":"Point","coordinates":[-7.6279648,33.0050664]},"properties":{"id":"osm-node-4542056959","source":"osm-place","place":"suburb","name":"Hay Mimouna","type_osm":"node"}},{"type":"Feature","geometry":{"type":"Point","coordinates":[-7.6274269,33.0077435]},"properties":{"id":"osm-node-4542056960","source":"osm-place","place":"suburb","name":"Hay Al Irak","type_osm":"node"}},{"type":"Feature","geometry":{"type":"Point","coordinates":[-7.6311501,33.0071381]},"properties":{"id":"osm-node-4542056961","source":"osm-place","place":"suburb","name":"Hay Kassam","type_osm":"node"}},{"type":"Feature","geometry":{"type":"Point","coordinates":[-7.6402816,33.0048201]},"properties":{"id":"osm-node-4542056962","source":"osm-place","place":"suburb","name":"Hay El Kamal","type_osm":"node"}},{"type":"Feature","geometry":{"type":"Point","coordinates":[-7.6357419,33.008527]},"properties":{"id":"osm-node-4542056963","source":"osm-place","place":"suburb","name":"Hay Al Farah","type_osm":"node"}},{"type":"Feature","geometry":{"type":"Point","coordinates":[-7.6312335,33.0020243]},"properties":{"id":"osm-node-4542056964","source":"osm-place","place":"suburb","name":"Hay Kilz","type_osm":"node"}},{"type":"Feature","geometry":{"type":"Point","coordinates":[-7.6335427,32.9991058]},"properties":{"id":"osm-node-4542056965","source":"osm-place","place":"suburb","name":"Hay Salam","type_osm":"node"}},{"type":"Feature","geometry":{"type":"Point","coordinates":[-7.6389416,33.0010288]},"properties":{"id":"osm-node-4542056966","source":"osm-place","place":"suburb","name":"Hay Qoteê Chikh","type_osm":"node"}},{"type":"Feature","geometry":{"type":"Point","coordinates":[-7.6491703,32.9948368]},"properties":{"id":"osm-node-4542056967","source":"osm-place","place":"suburb","name":"Hay Hassani","type_osm":"node"}},{"type":"Feature","geometry":{"type":"Point","coordinates":[-7.6064292,32.9978257]},"properties":{"id":"osm-node-4542056968","source":"osm-place","place":"suburb","name":"Hay Sidi Abdelkarim","type_osm":"node"}},{"type":"Feature","geometry":{"type":"Point","coordinates":[-7.6091124,33.0030219]},"properties":{"id":"osm-node-4542056969","source":"osm-place","place":"suburb","name":"Hay Mania","type_osm":"node"}},{"type":"Feature","geometry":{"type":"Point","coordinates":[-7.6086571,32.99222]},"properties":{"id":"osm-node-4542056970","source":"osm-place","place":"suburb","name":"Hay El Kheir","type_osm":"node"}},{"type":"Feature","geometry":{"type":"Point","coordinates":[-7.6152106,32.9974165]},"properties":{"id":"osm-node-4542056971","source":"osm-place","place":"suburb","name":"Hay Mabrouka","type_osm":"node"}},{"type":"Feature","geometry":{"type":"Point","coordinates":[-7.613991,33.0014126]},"properties":{"id":"osm-node-4542056972","source":"osm-place","place":"suburb","name":"Derb Omar","type_osm":"node"}},{"type":"Feature","geometry":{"type":"Point","coordinates":[-6.5225199,34.2531394]},"properties":{"id":"osm-node-4545610797","source":"osm-place","place":"suburb","name":"Fouarat","type_osm":"node"}},{"type":"Feature","geometry":{"type":"Point","coordinates":[-6.5653434,34.2629294]},"properties":{"id":"osm-node-4549812258","source":"osm-place","place":"suburb","name":"Khabbazate","type_osm":"node"}},{"type":"Feature","geometry":{"type":"Point","coordinates":[-6.5902809,34.2609146]},"properties":{"id":"osm-node-4549825193","source":"osm-place","place":"suburb","name":"La Ville Haute","type_osm":"node"}},{"type":"Feature","geometry":{"type":"Point","coordinates":[-6.3003763,34.3055142]},"properties":{"id":"osm-node-4571574983","source":"osm-place","place":"neighbourhood","name":"Hay Al Wahda","type_osm":"node"}},{"type":"Feature","geometry":{"type":"Point","coordinates":[-9.5600711,30.4230965]},"properties":{"id":"osm-node-4577761874","source":"osm-place","place":"neighbourhood","name":"Lirak ⵍⵉⵔⴰⴽ ليراك","name_ar":"ليراك","name_fr":"Lirak","type_osm":"node"}},{"type":"Feature","geometry":{"type":"Point","coordinates":[-5.3469325,35.6980634]},"properties":{"id":"osm-node-4620409976","source":"osm-place","place":"neighbourhood","name":"Bouzeghlal","name_fr":"Bouzeghlal","type_osm":"node"}},{"type":"Feature","geometry":{"type":"Point","coordinates":[-5.3561129,35.5748313]},"properties":{"id":"osm-node-4636374692","source":"osm-place","place":"neighbourhood","name":"Hay Sania Rmel","type_osm":"node"}},{"type":"Feature","geometry":{"type":"Point","coordinates":[-5.3505876,35.588024]},"properties":{"id":"osm-node-4636374702","source":"osm-place","place":"neighbourhood","name":"Touilaa","type_osm":"node"}},{"type":"Feature","geometry":{"type":"Point","coordinates":[-5.3519072,35.5816982]},"properties":{"id":"osm-node-4636374719","source":"osm-place","place":"neighbourhood","name":"Hay Safir","type_osm":"node"}},{"type":"Feature","geometry":{"type":"Point","coordinates":[-5.3435393,35.5947341]},"properties":{"id":"osm-node-4636374768","source":"osm-place","place":"neighbourhood","name":"Hay Boussafou","type_osm":"node"}},{"type":"Feature","geometry":{"type":"Point","coordinates":[-5.3393867,35.5889144]},"properties":{"id":"osm-node-4636374824","source":"osm-place","place":"neighbourhood","name":"Wilaya","type_osm":"node"}},{"type":"Feature","geometry":{"type":"Point","coordinates":[-5.358624,35.5860958]},"properties":{"id":"osm-node-4636374993","source":"osm-place","place":"neighbourhood","name":"Hay Boujarah","type_osm":"node"}},{"type":"Feature","geometry":{"type":"Point","coordinates":[-5.3857661,35.5701486]},"properties":{"id":"osm-node-4640921121","source":"osm-place","place":"neighbourhood","name":"Hay Hamama","type_osm":"node"}},{"type":"Feature","geometry":{"type":"Point","coordinates":[-5.4206818,35.5723216]},"properties":{"id":"osm-node-4640921132","source":"osm-place","place":"neighbourhood","name":"Hay Nassim Nakata","name_fr":"Hay Nassim Nakata","type_osm":"node"}},{"type":"Feature","geometry":{"type":"Point","coordinates":[-5.4013725,35.5685697]},"properties":{"id":"osm-node-4641964796","source":"osm-place","place":"neighbourhood","name":"Taboula","type_osm":"node"}},{"type":"Feature","geometry":{"type":"Point","coordinates":[-5.345647,35.5806121]},"properties":{"id":"osm-node-4641964797","source":"osm-place","place":"neighbourhood","name":"Touabel","type_osm":"node"}},{"type":"Feature","geometry":{"type":"Point","coordinates":[-5.3824469,35.574198]},"properties":{"id":"osm-node-4641964798","source":"osm-place","place":"neighbourhood","name":"Bario","type_osm":"node"}},{"type":"Feature","geometry":{"type":"Point","coordinates":[-6.5726682,34.2649142]},"properties":{"id":"osm-node-4675269813","source":"osm-place","place":"suburb","name":"El Mellah","type_osm":"node"}},{"type":"Feature","geometry":{"type":"Point","coordinates":[-7.6369836,33.5748756]},"properties":{"id":"osm-node-4685515491","source":"osm-place","place":"suburb","name":"Val Fleuri ڤال فلوري","name_ar":"ڤال فلوري","name_fr":"Val Fleuri","type_osm":"node"}},{"type":"Feature","geometry":{"type":"Point","coordinates":[-5.823807,35.7646237]},"properties":{"id":"osm-node-4693394475","source":"osm-place","place":"suburb","name":"Casabarata كاساباراطا","name_ar":"كاساباراطا","name_fr":"Casabarata","type_osm":"node"}},{"type":"Feature","geometry":{"type":"Point","coordinates":[-5.8189344,35.7873434]},"properties":{"id":"osm-node-4693395006","source":"osm-place","place":"suburb","name":"Marchan مرشان","name_ar":"مرشان","name_fr":"Marchan","type_osm":"node"}},{"type":"Feature","geometry":{"type":"Point","coordinates":[-5.8376664,35.7422614]},"properties":{"id":"osm-node-4693416184","source":"osm-place","place":"suburb","name":"Ahlan","name_fr":"Ahlan","type_osm":"node"}},{"type":"Feature","geometry":{"type":"Point","coordinates":[-5.8314538,35.7756024]},"properties":{"id":"osm-node-4693686725","source":"osm-place","place":"suburb","name":"Marstarkhouch","type_osm":"node"}},{"type":"Feature","geometry":{"type":"Point","coordinates":[-5.8358982,35.769499]},"properties":{"id":"osm-node-4693686726","source":"osm-place","place":"suburb","name":"Val Fleuri","name_fr":"Val Fleuri","type_osm":"node"}},{"type":"Feature","geometry":{"type":"Point","coordinates":[-5.8442361,35.7712561]},"properties":{"id":"osm-node-4693692154","source":"osm-place","place":"suburb","name":"Moujahidine المجاهدين","name_ar":"المجاهدين","name_fr":"Moujahidine","type_osm":"node"}},{"type":"Feature","geometry":{"type":"Point","coordinates":[-5.8058187,35.7509384]},"properties":{"id":"osm-node-4693765268","source":"osm-place","place":"suburb","name":"Jirari","name_ar":"الجيراري","type_osm":"node"}},{"type":"Feature","geometry":{"type":"Point","coordinates":[-5.8095779,35.770368]},"properties":{"id":"osm-node-4693779271","source":"osm-place","place":"suburb","name":"Moulay Ismaïl","name_fr":"Moulay Ismaïl","type_osm":"node"}},{"type":"Feature","geometry":{"type":"Point","coordinates":[-6.6260358,34.2676705]},"properties":{"id":"osm-node-4702355838","source":"osm-place","place":"suburb","name":"Haddada","type_osm":"node"}},{"type":"Feature","geometry":{"type":"Point","coordinates":[-7.5306159,33.5771695]},"properties":{"id":"osm-node-4708821208","source":"osm-place","place":"neighbourhood","name":"Noor City","type_osm":"node"}},{"type":"Feature","geometry":{"type":"Point","coordinates":[-6.6100263,34.2329255]},"properties":{"id":"osm-node-4713663734","source":"osm-place","place":"neighbourhood","name":"Bir Rami sud","type_osm":"node"}},{"type":"Feature","geometry":{"type":"Point","coordinates":[-7.5564766,33.5915034]},"properties":{"id":"osm-node-4726578247","source":"osm-place","place":"neighbourhood","name":"Dar Lamane","type_osm":"node"}},{"type":"Feature","geometry":{"type":"Point","coordinates":[-2.3455481,35.0160831]},"properties":{"id":"osm-node-4751728824","source":"osm-place","place":"suburb","name":"Hay Essalam","name_fr":"Hay Essalam","type_osm":"node"}},{"type":"Feature","geometry":{"type":"Point","coordinates":[-8.8788193,30.472925]},"properties":{"id":"osm-node-4784021683","source":"osm-place","place":"suburb","name":"Medina المدينة العتيقة","name_ar":"المدينة العتيقة","name_fr":"Medina","type_osm":"node"}},{"type":"Feature","geometry":{"type":"Point","coordinates":[-8.8722935,30.473522]},"properties":{"id":"osm-node-4784047421","source":"osm-place","place":"suburb","name":"Kasbah القصبة","name_ar":"القصبة","name_fr":"Kasbah","type_osm":"node"}},{"type":"Feature","geometry":{"type":"Point","coordinates":[-5.8140545,35.7311889]},"properties":{"id":"osm-node-4793814226","source":"osm-place","place":"neighbourhood","name":"Dhar Alkanfoud ضهر القنفوذ","name_ar":"ضهر القنفوذ","name_fr":"Dhar Alkanfoud","type_osm":"node"}},{"type":"Feature","geometry":{"type":"Point","coordinates":[-5.8167213,35.7317382]},"properties":{"id":"osm-node-4793814625","source":"osm-place","place":"neighbourhood","name":"Dhaha Baraka ضحى البركة","name_ar":"ضحى البركة","name_fr":"Dhaha Baraka","type_osm":"node"}},{"type":"Feature","geometry":{"type":"Point","coordinates":[-5.7146906,35.1735323]},"properties":{"id":"osm-node-4825296140","source":"osm-place","place":"neighbourhood","name":"Alhjar Dar Rati الحجار دار الراطي","name_ar":"الحجار دار الراطي","name_fr":"Alhjar Dar Rati","population":50,"type_osm":"node"}},{"type":"Feature","geometry":{"type":"Point","coordinates":[-5.8359089,30.3276292]},"properties":{"id":"osm-node-4826846589","source":"osm-place","place":"neighbourhood","name":"Hay Drâa","name_fr":"Hay Drâa","type_osm":"node"}},{"type":"Feature","geometry":{"type":"Point","coordinates":[-6.6029709,34.2472614]},"properties":{"id":"osm-node-4830988486","source":"osm-place","place":"suburb","name":"Bir Rami","type_osm":"node"}},{"type":"Feature","geometry":{"type":"Point","coordinates":[-5.0243261,34.0353937]},"properties":{"id":"osm-node-4836132016","source":"osm-place","place":"neighbourhood","name":"Hay Tarik حي طارق","name_ar":"حي طارق","name_fr":"Hay Tarik","type_osm":"node"}},{"type":"Feature","geometry":{"type":"Point","coordinates":[-5.0200541,34.0410849]},"properties":{"id":"osm-node-4847421588","source":"osm-place","place":"neighbourhood","name":"Hay Doukkarate حي الدكارات","name_ar":"حي الدكارات","name_fr":"Hay Doukkarate","type_osm":"node"}},{"type":"Feature","geometry":{"type":"Point","coordinates":[-5.0242268,34.0273728]},"properties":{"id":"osm-node-4847550043","source":"osm-place","place":"neighbourhood","name":"حي طارق 2","name_ar":"حي طارق 2","name_fr":"Hay Tarik 2","type_osm":"node"}},{"type":"Feature","geometry":{"type":"Point","coordinates":[-5.0235972,34.0286777]},"properties":{"id":"osm-node-4851078344","source":"osm-place","place":"neighbourhood","name":"حي طارق 2","name_ar":"حي طارق 2","name_fr":"Hay Tarik 2","type_osm":"node"}},{"type":"Feature","geometry":{"type":"Point","coordinates":[-2.3215673,34.9122085]},"properties":{"id":"osm-node-4862319844","source":"osm-place","place":"quarter","name":"Douar El Mika Zalaka دوار الميكة","name_ar":"دوار الميكة","name_fr":"Douar El Mika Zalaka","type_osm":"node"}},{"type":"Feature","geometry":{"type":"Point","coordinates":[-5.2941252,35.6586498]},"properties":{"id":"osm-node-4943770727","source":"osm-place","place":"neighbourhood","name":"Maha Beach Resort","type_osm":"node"}},{"type":"Feature","geometry":{"type":"Point","coordinates":[-5.0189779,34.0255498]},"properties":{"id":"osm-node-4975360702","source":"osm-place","place":"neighbourhood","name":"Hay Ghorfa","type_osm":"node"}},{"type":"Feature","geometry":{"type":"Point","coordinates":[-5.0194835,34.0257554]},"properties":{"id":"osm-node-4975360703","source":"osm-place","place":"neighbourhood","name":"Lotissement Yasmine","type_osm":"node"}},{"type":"Feature","geometry":{"type":"Point","coordinates":[-5.0195794,34.0250218]},"properties":{"id":"osm-node-4975364119","source":"osm-place","place":"neighbourhood","name":"Hay Badr حي بدر","name_ar":"حي بدر","name_fr":"Hay Badr","type_osm":"node"}},{"type":"Feature","geometry":{"type":"Point","coordinates":[-4.9877331,34.0266576]},"properties":{"id":"osm-node-4978237289","source":"osm-place","place":"neighbourhood","name":"Sidi Brahim","type_osm":"node"}},{"type":"Feature","geometry":{"type":"Point","coordinates":[-4.9948257,34.0295238]},"properties":{"id":"osm-node-4978244986","source":"osm-place","place":"neighbourhood","name":"Dar Dbibagh دار دبيغ","name_ar":"دار دبيغ","name_fr":"Dar Dbibagh","type_osm":"node"}},{"type":"Feature","geometry":{"type":"Point","coordinates":[-7.6929139,33.5391272]},"properties":{"id":"osm-node-4986585198","source":"osm-place","place":"neighbourhood","name":"Farah Salam","type_osm":"node"}},{"type":"Feature","geometry":{"type":"Point","coordinates":[-4.970512,34.022152]},"properties":{"id":"osm-node-4990211275","source":"osm-place","place":"neighbourhood","name":"Aouinat el Hajjaj","type_osm":"node"}},{"type":"Feature","geometry":{"type":"Point","coordinates":[-5.8208983,35.7825706]},"properties":{"id":"osm-node-4993129394","source":"osm-place","place":"neighbourhood","name":"Iberia إيبريا","name_ar":"إيبريا","name_fr":"Iberia","type_osm":"node"}},{"type":"Feature","geometry":{"type":"Point","coordinates":[-5.8050053,35.7384367]},"properties":{"id":"osm-node-4997519893","source":"osm-place","place":"neighbourhood","name":"Hay el Haddad حي الحداد","name_ar":"حي الحداد","name_fr":"Hay el Haddad","type_osm":"node"}},{"type":"Feature","geometry":{"type":"Point","coordinates":[-5.7956061,35.7219982]},"properties":{"id":"osm-node-4997742325","source":"osm-place","place":"neighbourhood","name":"Dchar el Aouama العوامة الدشر","name_ar":"العوامة الدشر","name_fr":"Dchar el Aouama","type_osm":"node"}},{"type":"Feature","geometry":{"type":"Point","coordinates":[-5.7551633,35.7787383]},"properties":{"id":"osm-node-4999723123","source":"osm-place","place":"neighbourhood","name":"Sania سانية","name_ar":"سانية","name_fr":"Sania","type_osm":"node"}},{"type":"Feature","geometry":{"type":"Point","coordinates":[-5.0243578,34.0278485]},"properties":{"id":"osm-node-5056880100","source":"osm-place","place":"neighbourhood","name":"Tarik 2طارق 2","name_ar":"طارق 2","name_fr":"Tarik 2","type_osm":"node"}},{"type":"Feature","geometry":{"type":"Point","coordinates":[-7.6263272,33.5501396]},"properties":{"id":"osm-node-5062058869","source":"osm-place","place":"neighbourhood","name":"Vermont ⵯⵉⵔⵎoⵏ حي فيرمونت","name_ar":"حي فيرمونت","name_fr":"Vermont","type_osm":"node"}},{"type":"Feature","geometry":{"type":"Point","coordinates":[-7.692353,33.56611]},"properties":{"id":"osm-node-5078862539","source":"osm-place","place":"neighbourhood","name":"Lotissement Yaksour","type_osm":"node"}},{"type":"Feature","geometry":{"type":"Point","coordinates":[-7.6289276,33.5806544]},"properties":{"id":"osm-node-5081578456","source":"osm-place","place":"suburb","name":"Palmiers النخيل","name_ar":"النخيل","name_fr":"Palmiers","type_osm":"node"}},{"type":"Feature","geometry":{"type":"Point","coordinates":[-6.5918093,34.2548715]},"properties":{"id":"osm-node-5083826370","source":"osm-place","place":"neighbourhood","name":"Mimosa","type_osm":"node"}},{"type":"Feature","geometry":{"type":"Point","coordinates":[-9.0365126,32.7340067]},"properties":{"id":"osm-node-5089690780","source":"osm-place","place":"neighbourhood","name":"Cité de la Lagune ⵃⴰⵢ ⵍⴱⵃⵉⵔⴰ حي البحيرة","name_ar":"حي البحيرة","name_fr":"Cité de la Lagune","type_osm":"node"}},{"type":"Feature","geometry":{"type":"Point","coordinates":[-4.9695968,34.0617425]},"properties":{"id":"osm-node-5131301638","source":"osm-place","place":"neighbourhood","name":"Oued Zitoun","type_osm":"node"}},{"type":"Feature","geometry":{"type":"Point","coordinates":[-5.0099827,34.0261278]},"properties":{"id":"osm-node-5137222851","source":"osm-place","place":"neighbourhood","name":"Hay Riad حي الرياض","name_ar":"حي الرياض","name_fr":"Hay Riad","type_osm":"node"}},{"type":"Feature","geometry":{"type":"Point","coordinates":[-5.0103518,34.0230898]},"properties":{"id":"osm-node-5137227765","source":"osm-place","place":"neighbourhood","name":"Hay Nour حي النور","name_ar":"حي النور","name_fr":"Hay Nour","type_osm":"node"}},{"type":"Feature","geometry":{"type":"Point","coordinates":[-5.0044144,34.0240856]},"properties":{"id":"osm-node-5147876873","source":"osm-place","place":"neighbourhood","name":"Hay Zaza حي زازة","name_ar":"حي زازة","name_fr":"Hay Zaza","type_osm":"node"}},{"type":"Feature","geometry":{"type":"Point","coordinates":[-7.6792838,33.5213874]},"properties":{"id":"osm-node-5158476556","source":"osm-place","place":"neighbourhood","name":"Riad Sofia ⵔⵉⵢⴰⴷ ⵚoⴼⵉⵢⴰ رياض صوفيا","name_ar":"رياض صوفيا","name_fr":"Riad Sofia","type_osm":"node"}},{"type":"Feature","geometry":{"type":"Point","coordinates":[-4.963444,34.022849]},"properties":{"id":"osm-node-5163944906","source":"osm-place","place":"neighbourhood","name":"Aouint Hajjaj","type_osm":"node"}},{"type":"Feature","geometry":{"type":"Point","coordinates":[-7.5178771,33.5887609]},"properties":{"id":"osm-node-5181579617","source":"osm-place","place":"neighbourhood","name":"Carrières Rehamna كريان الرحامنة","name_ar":"كريان الرحامنة","name_fr":"Carrières Rehamna","type_osm":"node"}},{"type":"Feature","geometry":{"type":"Point","coordinates":[-7.5613688,33.5897557]},"properties":{"id":"osm-node-5181579620","source":"osm-place","place":"neighbourhood","name":"Carrières Centrales كريان سنطرال","name_ar":"كريان سنطرال","name_fr":"Carrières Centrales","type_osm":"node"}},{"type":"Feature","geometry":{"type":"Point","coordinates":[-4.838988,33.828938]},"properties":{"id":"osm-node-5214893322","source":"osm-place","place":"quarter","name":"Derb Nass Aadloun","type_osm":"node"}},{"type":"Feature","geometry":{"type":"Point","coordinates":[-4.8388568,33.8285923]},"properties":{"id":"osm-node-5214893323","source":"osm-place","place":"quarter","name":"Derb Omar","type_osm":"node"}},{"type":"Feature","geometry":{"type":"Point","coordinates":[-4.8350248,33.8284545]},"properties":{"id":"osm-node-5214893324","source":"osm-place","place":"quarter","name":"derb El Metre","type_osm":"node"}},{"type":"Feature","geometry":{"type":"Point","coordinates":[-4.8358566,33.8292249]},"properties":{"id":"osm-node-5214893325","source":"osm-place","place":"quarter","name":"Derb Beni Madrek","type_osm":"node"}},{"type":"Feature","geometry":{"type":"Point","coordinates":[-4.8377905,33.8290124]},"properties":{"id":"osm-node-5214893334","source":"osm-place","place":"quarter","name":"Derb Taksabt","type_osm":"node"}},{"type":"Feature","geometry":{"type":"Point","coordinates":[-4.837599,33.8293848]},"properties":{"id":"osm-node-5214893335","source":"osm-place","place":"quarter","name":"Derb Mollah","type_osm":"node"}},{"type":"Feature","geometry":{"type":"Point","coordinates":[-4.8337791,33.8314059]},"properties":{"id":"osm-node-5214893796","source":"osm-place","place":"quarter","name":"Setti Messaouda","type_osm":"node"}},{"type":"Feature","geometry":{"type":"Point","coordinates":[-4.832433,33.8350903]},"properties":{"id":"osm-node-5214998849","source":"osm-place","place":"quarter","name":"Hay Mhirez","type_osm":"node"}},{"type":"Feature","geometry":{"type":"Point","coordinates":[-4.8431816,33.8311794]},"properties":{"id":"osm-node-5214998868","source":"osm-place","place":"quarter","name":"Sidi Ahmed Tadli","type_osm":"node"}},{"type":"Feature","geometry":{"type":"Point","coordinates":[-4.8328642,33.8268872]},"properties":{"id":"osm-node-5214998957","source":"osm-place","place":"quarter","name":"Hay Habbouna","type_osm":"node"}},{"type":"Feature","geometry":{"type":"Point","coordinates":[-4.9862276,34.0153264]},"properties":{"id":"osm-node-5224749804","source":"osm-place","place":"neighbourhood","name":"Zohour 1","type_osm":"node"}},{"type":"Feature","geometry":{"type":"Point","coordinates":[-6.89626,30.8979997]},"properties":{"id":"osm-node-5257616841","source":"osm-place","place":"neighbourhood","name":"Douar Tajda","type_osm":"node"}},{"type":"Feature","geometry":{"type":"Point","coordinates":[-4.9641019,34.0205758]},"properties":{"id":"osm-node-5306382588","source":"osm-place","place":"neighbourhood","name":"Awint Al Hajaj","type_osm":"node"}},{"type":"Feature","geometry":{"type":"Point","coordinates":[-7.491909,33.5909369]},"properties":{"id":"osm-node-5315125695","source":"osm-place","place":"neighbourhood","name":"Anassi اناسي","name_ar":"اناسي","name_fr":"Anassi","type_osm":"node"}},{"type":"Feature","geometry":{"type":"Point","coordinates":[-5.0369015,34.0154195]},"properties":{"id":"osm-node-5434726895","source":"osm-place","place":"neighbourhood","name":"حي زواغة","name_ar":"حي زواغة","name_fr":"Zouagha","type_osm":"node"}},{"type":"Feature","geometry":{"type":"Point","coordinates":[-7.6369972,33.5691699]},"properties":{"id":"osm-node-5467941989","source":"osm-place","place":"suburb","name":"Cité Plateau","type_osm":"node"}},{"type":"Feature","geometry":{"type":"Point","coordinates":[-5.3493672,35.8557771]},"properties":{"id":"osm-node-5597511625","source":"osm-place","place":"neighbourhood","name":"Résidence Le Méditerranéen","name_fr":"Résidence Le Méditerranéen","type_osm":"node"}},{"type":"Feature","geometry":{"type":"Point","coordinates":[-7.6563231,33.5539732]},"properties":{"id":"osm-node-5604704417","source":"osm-place","place":"neighbourhood","name":"Anfa Halles","type_osm":"node"}},{"type":"Feature","geometry":{"type":"Point","coordinates":[-7.6569711,33.5574197]},"properties":{"id":"osm-node-5604704418","source":"osm-place","place":"neighbourhood","name":"Cité de l'Artisanat","type_osm":"node"}},{"type":"Feature","geometry":{"type":"Point","coordinates":[-7.6558984,33.5565569]},"properties":{"id":"osm-node-5604704419","source":"osm-place","place":"neighbourhood","name":"Les Folies","type_osm":"node"}},{"type":"Feature","geometry":{"type":"Point","coordinates":[-7.6539023,33.5559198]},"properties":{"id":"osm-node-5604704420","source":"osm-place","place":"neighbourhood","name":"Anfa Cité des Arts","type_osm":"node"}},{"type":"Feature","geometry":{"type":"Point","coordinates":[-7.6644066,33.5605561]},"properties":{"id":"osm-node-5604704421","source":"osm-place","place":"neighbourhood","name":"La Palmeraie النخيل","name_ar":"النخيل","name_fr":"La Palmeraie","type_osm":"node"}},{"type":"Feature","geometry":{"type":"Point","coordinates":[-7.6679458,33.5594236]},"properties":{"id":"osm-node-5604704423","source":"osm-place","place":"neighbourhood","name":"Anfa Aéropostale","type_osm":"node"}},{"type":"Feature","geometry":{"type":"Point","coordinates":[-7.663812,33.5682473]},"properties":{"id":"osm-node-5604704428","source":"osm-place","place":"neighbourhood","name":"Anfa Cité de l'Air","type_osm":"node"}},{"type":"Feature","geometry":{"type":"Point","coordinates":[-7.6548366,33.5605443]},"properties":{"id":"osm-node-5604704429","source":"osm-place","place":"neighbourhood","name":"Anfa Clubs","type_osm":"node"}},{"type":"Feature","geometry":{"type":"Point","coordinates":[-7.6669124,33.5472364]},"properties":{"id":"osm-node-5604704432","source":"osm-place","place":"neighbourhood","name":"Anfa Préfecture","type_osm":"node"}},{"type":"Feature","geometry":{"type":"Point","coordinates":[-7.6569318,33.5499854]},"properties":{"id":"osm-node-5604710120","source":"osm-place","place":"neighbourhood","name":"Anfa Université","type_osm":"node"}},{"type":"Feature","geometry":{"type":"Point","coordinates":[-1.9544049,34.6869338]},"properties":{"id":"osm-node-5618911774","source":"osm-place","place":"neighbourhood","name":"Hay Drafif","type_osm":"node"}},{"type":"Feature","geometry":{"type":"Point","coordinates":[-5.5635898,33.8746759]},"properties":{"id":"osm-node-5625783246","source":"osm-place","place":"neighbourhood","name":"Lotissement Saramito","type_osm":"node"}},{"type":"Feature","geometry":{"type":"Point","coordinates":[-6.5496006,32.8660804]},"properties":{"id":"osm-node-5646573385","source":"osm-place","place":"neighbourhood","name":"Hay Al Massira","type_osm":"node"}},{"type":"Feature","geometry":{"type":"Point","coordinates":[-6.5775058,32.858655]},"properties":{"id":"osm-node-5646573434","source":"osm-place","place":"neighbourhood","name":"Quartier Al Wahda","type_osm":"node"}},{"type":"Feature","geometry":{"type":"Point","coordinates":[-7.6052546,33.4926624]},"properties":{"id":"osm-node-5670794434","source":"osm-place","place":"neighbourhood","name":"Casa Green Town كازا قرين تَون","name_ar":"كازا قرين تَون","name_fr":"Casa Green Town","type_osm":"node"}},{"type":"Feature","geometry":{"type":"Point","coordinates":[-7.4873629,33.60308]},"properties":{"id":"osm-node-5676756427","source":"osm-place","place":"neighbourhood","name":"Hay Al Azhar","type_osm":"node"}},{"type":"Feature","geometry":{"type":"Point","coordinates":[-3.9379942,35.2311083]},"properties":{"id":"osm-node-5696691083","source":"osm-place","place":"neighbourhood","name":"Boujibar بوجيبار","name_ar":"بوجيبار","name_fr":"Boujibar","type_osm":"node"}},{"type":"Feature","geometry":{"type":"Point","coordinates":[-3.9272144,35.2225712]},"properties":{"id":"osm-node-5696691099","source":"osm-place","place":"neighbourhood","name":"Egr Azoggagh أكر أزكواغ","name_ar":"أكر أزكواغ","name_fr":"Iguer Azegouagh","type_osm":"node"}},{"type":"Feature","geometry":{"type":"Point","coordinates":[-11.6764271,26.7343897]},"properties":{"id":"osm-node-5709338327","source":"osm-place","place":"neighbourhood","name":"El Hejra حي الحجرة","name_ar":"حي الحجرة","name_fr":"El Hejra","type_osm":"node"}},{"type":"Feature","geometry":{"type":"Point","coordinates":[-11.6727798,26.7342963]},"properties":{"id":"osm-node-5709338328","source":"osm-place","place":"neighbourhood","name":"Tantane حي الطانطان","name_ar":"حي الطانطان","name_fr":"Tantane","type_osm":"node"}},{"type":"Feature","geometry":{"type":"Point","coordinates":[-11.6704984,26.7359114]},"properties":{"id":"osm-node-5709338329","source":"osm-place","place":"neighbourhood","name":"Sakena حي السكنى","name_ar":"حي السكنى","name_fr":"Sakena","type_osm":"node"}},{"type":"Feature","geometry":{"type":"Point","coordinates":[-11.6597214,26.73351]},"properties":{"id":"osm-node-5709338330","source":"osm-place","place":"neighbourhood","name":"Lezab حي لزاب","name_ar":"حي لزاب","name_fr":"Lezab","type_osm":"node"}},{"type":"Feature","geometry":{"type":"Point","coordinates":[-11.6576162,26.7430996]},"properties":{"id":"osm-node-5709338331","source":"osm-place","place":"neighbourhood","name":"Alaouda حي العودة","name_ar":"حي العودة","name_fr":"Alaouda","type_osm":"node"}},{"type":"Feature","geometry":{"type":"Point","coordinates":[-11.6770348,26.7363745]},"properties":{"id":"osm-node-5709338343","source":"osm-place","place":"neighbourhood","name":"Colomina حي كولومينا","name_ar":"حي كولومينا","name_fr":"Colomina","type_osm":"node"}},{"type":"Feature","geometry":{"type":"Point","coordinates":[-9.5056093,30.3473151]},"properties":{"id":"osm-node-5723332409","source":"osm-place","place":"suburb","name":"Assais ⴰⵙⵙⴰⵢⵙ أسايس","name_ar":"أسايس","name_fr":"Assais","type_osm":"node"}},{"type":"Feature","geometry":{"type":"Point","coordinates":[-9.4977129,30.345093]},"properties":{"id":"osm-node-5723332410","source":"osm-place","place":"suburb","name":"Lhrach ⵍⵃⵔⴰⵛ لحرش","name_ar":"لحرش","name_fr":"Lhrach","type_osm":"node"}},{"type":"Feature","geometry":{"type":"Point","coordinates":[-9.5017308,30.337579]},"properties":{"id":"osm-node-5723348016","source":"osm-place","place":"suburb","name":"Agdal ⴰⴳⴷⴰⵍ أگدال","name_ar":"أگدال","name_fr":"Agdal","type_osm":"node"}},{"type":"Feature","geometry":{"type":"Point","coordinates":[-9.4995582,30.3311295]},"properties":{"id":"osm-node-5723360200","source":"osm-place","place":"suburb","name":"Argana ⴰⵔⴳⴰⵏⴰ أركانة","name_ar":"أركانة","name_fr":"Argana","type_osm":"node"}},{"type":"Feature","geometry":{"type":"Point","coordinates":[-9.5009208,30.3156914]},"properties":{"id":"osm-node-5723391168","source":"osm-place","place":"suburb","name":"Tohmo ⵜⵓⵀⵎⵓ توهمو","name_ar":"توهمو","name_fr":"Tohmo","type_osm":"node"}},{"type":"Feature","geometry":{"type":"Point","coordinates":[-9.4847592,30.3479615]},"properties":{"id":"osm-node-5726894497","source":"osm-place","place":"suburb","name":"Admin ⴰⴷⵎⵉⵏ أدمين","name_ar":"أدمين","name_fr":"Admin","type_osm":"node"}},{"type":"Feature","geometry":{"type":"Point","coordinates":[-3.8652455,35.1263228]},"properties":{"id":"osm-node-5726984946","source":"osm-place","place":"neighbourhood","name":"Bergem","type_osm":"node"}},{"type":"Feature","geometry":{"type":"Point","coordinates":[-9.5055127,30.3242859]},"properties":{"id":"osm-node-5728381636","source":"osm-place","place":"suburb","name":"Al Maghrib Al Kabir ⵍⵎⴰⵔⵓⴽ ⵎⵇⵓⵔⵏ المغرب الكبير","name_ar":"المغرب الكبير","name_fr":"Al Maghrib Al Kabir","type_osm":"node"}},{"type":"Feature","geometry":{"type":"Point","coordinates":[-9.4942957,30.3532822]},"properties":{"id":"osm-node-5735282814","source":"osm-place","place":"suburb","name":"Ait Oujrar ⴰⵢⵜ ⵓⵊⵔⴰⵔ ايت اوجرار","name_ar":"ايت اوجرار","name_fr":"Ait Oujrar","type_osm":"node"}},{"type":"Feature","geometry":{"type":"Point","coordinates":[-9.513377,30.3471577]},"properties":{"id":"osm-node-5735298043","source":"osm-place","place":"suburb","name":"Tamazarte ⵜⴰⵎⴰⵣⴰⵔⵜ تمزارت","name_ar":"تمزارت","name_fr":"Tamazarte","type_osm":"node"}},{"type":"Feature","geometry":{"type":"Point","coordinates":[-9.5035923,30.3416393]},"properties":{"id":"osm-node-5735303955","source":"osm-place","place":"suburb","name":"Al Arab ⵍⵄⵔⴰⴱ العرب","name_ar":"العرب","name_fr":"Al Arab","type_osm":"node"}},{"type":"Feature","geometry":{"type":"Point","coordinates":[-9.5195675,30.3359169]},"properties":{"id":"osm-node-5735303956","source":"osm-place","place":"suburb","name":"El khattarate ⵍⵅⴰⵜⴰⵔⴰⵜ الخطارات","name_ar":"الخطارات","name_fr":"El khattarate","type_osm":"node"}},{"type":"Feature","geometry":{"type":"Point","coordinates":[-13.2172658,27.1613476]},"properties":{"id":"osm-node-5746070070","source":"osm-place","place":"neighbourhood","name":"Al Qassam حي القسم","name_ar":"حي القسم","name_fr":"Al Qassam","type_osm":"node"}},{"type":"Feature","geometry":{"type":"Point","coordinates":[-5.1190721,33.5402671]},"properties":{"id":"osm-node-5893753145","source":"osm-place","place":"neighbourhood","name":"Timdiqine","type_osm":"node"}},{"type":"Feature","geometry":{"type":"Point","coordinates":[-2.3018273,34.8990145]},"properties":{"id":"osm-node-5910426264","source":"osm-place","place":"suburb","name":"Lotissement Ennassim  تجزئة النسيم","name_ar":"تجزئة النسيم","name_fr":"Lotissement Ennassim","type_osm":"node"}},{"type":"Feature","geometry":{"type":"Point","coordinates":[-10.16155,29.3868603]},"properties":{"id":"osm-node-5938918773","source":"osm-place","place":"neighbourhood","name":"Hay Lalla Meryam","type_osm":"node"}},{"type":"Feature","geometry":{"type":"Point","coordinates":[-7.9878398,31.6352053]},"properties":{"id":"osm-node-6002434152","source":"osm-place","place":"quarter","name":"Derb Lalla Aouich","type_osm":"node"}},{"type":"Feature","geometry":{"type":"Point","coordinates":[-5.553356,33.8804707]},"properties":{"id":"osm-node-6006594243","source":"osm-place","place":"neighbourhood","name":"Jnane Ben Halima","type_osm":"node"}},{"type":"Feature","geometry":{"type":"Point","coordinates":[-6.3177254,33.895725]},"properties":{"id":"osm-node-6006683637","source":"osm-place","place":"neighbourhood","name":"Mabrouka","type_osm":"node"}},{"type":"Feature","geometry":{"type":"Point","coordinates":[-7.6464243,33.56399]},"properties":{"id":"osm-node-6037675578","source":"osm-place","place":"suburb","name":"Ferme Bretonne ضيعة بروطون","name_ar":"ضيعة بروطون","name_fr":"Ferme Bretonne","type_osm":"node"}},{"type":"Feature","geometry":{"type":"Point","coordinates":[-4.9771275,34.0622522]},"properties":{"id":"osm-node-6038550556","source":"osm-place","place":"neighbourhood","name":"Sidi Ahmed Chaoui","type_osm":"node"}},{"type":"Feature","geometry":{"type":"Point","coordinates":[-9.407537,30.3600451]},"properties":{"id":"osm-node-6371155591","source":"osm-place","place":"suburb","name":"Amhaych","name_fr":"Amhaych","type_osm":"node"}},{"type":"Feature","geometry":{"type":"Point","coordinates":[-9.420476,30.36497]},"properties":{"id":"osm-node-6371155592","source":"osm-place","place":"suburb","name":"Tifrdite ⵜⵉⴼⵔⴷⵉⵜ تفرديت","name_ar":"تفرديت","name_fr":"Tifrdite","type_osm":"node"}},{"type":"Feature","geometry":{"type":"Point","coordinates":[-9.4060135,30.3693762]},"properties":{"id":"osm-node-6371155593","source":"osm-place","place":"suburb","name":"Taamirite","name_fr":"Taamirite","type_osm":"node"}},{"type":"Feature","geometry":{"type":"Point","coordinates":[-8.0005404,31.630282]},"properties":{"id":"osm-node-6475678437","source":"osm-place","place":"quarter","name":"El Hara","type_osm":"node"}},{"type":"Feature","geometry":{"type":"Point","coordinates":[-5.3683037,35.552096]},"properties":{"id":"osm-node-6486856178","source":"osm-place","place":"neighbourhood","name":"Torréta","type_osm":"node"}},{"type":"Feature","geometry":{"type":"Point","coordinates":[-5.3792031,35.5481239]},"properties":{"id":"osm-node-6486856596","source":"osm-place","place":"neighbourhood","name":"Bouanan","type_osm":"node"}},{"type":"Feature","geometry":{"type":"Point","coordinates":[-5.7092787,34.2037738]},"properties":{"id":"osm-node-6510216055","source":"osm-place","place":"suburb","name":"Quartier Miloud","type_osm":"node"}},{"type":"Feature","geometry":{"type":"Point","coordinates":[-5.7153716,34.1960884]},"properties":{"id":"osm-node-6510216433","source":"osm-place","place":"neighbourhood","name":"Sidi Kacem Ezaouia","type_osm":"node"}},{"type":"Feature","geometry":{"type":"Point","coordinates":[-5.3260889,35.5999147]},"properties":{"id":"osm-node-6543817425","source":"osm-place","place":"neighbourhood","name":"Souani","type_osm":"node"}},{"type":"Feature","geometry":{"type":"Point","coordinates":[-6.6535772,34.2605948]},"properties":{"id":"osm-node-6637123885","source":"osm-place","place":"neighbourhood","name":"Sec 8","type_osm":"node"}},{"type":"Feature","geometry":{"type":"Point","coordinates":[-9.6032497,30.4213178]},"properties":{"id":"osm-node-6674224252","source":"osm-place","place":"suburb","name":"Quartier administratif الحي الإداري","name_ar":"الحي الإداري","name_fr":"Quartier administratif","type_osm":"node"}},{"type":"Feature","geometry":{"type":"Point","coordinates":[-5.2780627,35.6235614]},"properties":{"id":"osm-node-6897145333","source":"osm-place","place":"neighbourhood","name":"Hay Chbar","type_osm":"node"}},{"type":"Feature","geometry":{"type":"Point","coordinates":[-5.272119,35.6196717]},"properties":{"id":"osm-node-6897145381","source":"osm-place","place":"neighbourhood","name":"Hay Miramar","type_osm":"node"}},{"type":"Feature","geometry":{"type":"Point","coordinates":[-5.2843549,35.6253968]},"properties":{"id":"osm-node-6897145426","source":"osm-place","place":"neighbourhood","name":"Ahrik","type_osm":"node"}},{"type":"Feature","geometry":{"type":"Point","coordinates":[-5.2875368,35.6329094]},"properties":{"id":"osm-node-6897145445","source":"osm-place","place":"neighbourhood","name":"Hay Oued Elmalh","type_osm":"node"}},{"type":"Feature","geometry":{"type":"Point","coordinates":[-5.2817961,35.6224798]},"properties":{"id":"osm-node-6897145499","source":"osm-place","place":"neighbourhood","name":"Hay Catalan","type_osm":"node"}},{"type":"Feature","geometry":{"type":"Point","coordinates":[-5.2849077,35.618599]},"properties":{"id":"osm-node-6897145502","source":"osm-place","place":"neighbourhood","name":"Hay Mixta","type_osm":"node"}},{"type":"Feature","geometry":{"type":"Point","coordinates":[-5.3880112,35.5540888]},"properties":{"id":"osm-node-6903918962","source":"osm-place","place":"neighbourhood","name":"Korrat Sbaa","type_osm":"node"}},{"type":"Feature","geometry":{"type":"Point","coordinates":[-5.3569392,35.5646246]},"properties":{"id":"osm-node-6903918964","source":"osm-place","place":"neighbourhood","name":"Mhannech","type_osm":"node"}},{"type":"Feature","geometry":{"type":"Point","coordinates":[-5.3450964,35.5639258]},"properties":{"id":"osm-node-6903918965","source":"osm-place","place":"neighbourhood","name":"Coëlma","type_osm":"node"}},{"type":"Feature","geometry":{"type":"Point","coordinates":[-5.3633109,35.5894812]},"properties":{"id":"osm-node-6907409784","source":"osm-place","place":"neighbourhood","name":"Kariane","type_osm":"node"}},{"type":"Feature","geometry":{"type":"Point","coordinates":[-5.3419232,35.6027551]},"properties":{"id":"osm-node-6907472788","source":"osm-place","place":"neighbourhood","name":"Hjar Laaroussi","type_osm":"node"}},{"type":"Feature","geometry":{"type":"Point","coordinates":[-6.904155,32.8992281]},"properties":{"id":"osm-node-6916266655","source":"osm-place","place":"neighbourhood","name":"Quartier Orange","type_osm":"node"}},{"type":"Feature","geometry":{"type":"Point","coordinates":[-6.9293973,32.864607]},"properties":{"id":"osm-node-6917210989","source":"osm-place","place":"neighbourhood","name":"Hay Faraj","type_osm":"node"}},{"type":"Feature","geometry":{"type":"Point","coordinates":[-6.9297699,32.8722827]},"properties":{"id":"osm-node-6917210999","source":"osm-place","place":"neighbourhood","name":"Hay Ryad","type_osm":"node"}},{"type":"Feature","geometry":{"type":"Point","coordinates":[-6.528318,34.2296268]},"properties":{"id":"osm-node-6919374773","source":"osm-place","place":"suburb","name":"Ain Sebaa","type_osm":"node"}},{"type":"Feature","geometry":{"type":"Point","coordinates":[-7.6843877,33.5811626]},"properties":{"id":"osm-node-7229046882","source":"osm-place","place":"suburb","name":"Ain Diab عين الذئاب","name_ar":"عين الذئاب","name_fr":"Ain Diab","type_osm":"node"}},{"type":"Feature","geometry":{"type":"Point","coordinates":[-8.0530988,31.6410774]},"properties":{"id":"osm-node-7264875244","source":"osm-place","place":"neighbourhood","name":"Inara","name_ar":"إنارة","name_fr":"Inara","type_osm":"node"}},{"type":"Feature","geometry":{"type":"Point","coordinates":[-8.0445698,31.6503599]},"properties":{"id":"osm-node-7264875245","source":"osm-place","place":"neighbourhood","name":"Lalla Hiya","name_ar":"لالة حية","name_fr":"Lalla Hiya","type_osm":"node"}},{"type":"Feature","geometry":{"type":"Point","coordinates":[-8.0636222,31.6256553]},"properties":{"id":"osm-node-7264896097","source":"osm-place","place":"neighbourhood","name":"Douar Iziki","name_ar":"دوار إزيكي","name_fr":"Douar Iziki","type_osm":"node"}},{"type":"Feature","geometry":{"type":"Point","coordinates":[-8.0530254,31.6233704]},"properties":{"id":"osm-node-7264896098","source":"osm-place","place":"neighbourhood","name":"Azli","name_ar":"أزلي","name_fr":"Azli","type_osm":"node"}},{"type":"Feature","geometry":{"type":"Point","coordinates":[-8.0501427,31.6157534]},"properties":{"id":"osm-node-7264896099","source":"osm-place","place":"neighbourhood","name":"Azli Sud","type_osm":"node"}},{"type":"Feature","geometry":{"type":"Point","coordinates":[-7.9923741,31.651777]},"properties":{"id":"osm-node-7264896100","source":"osm-place","place":"neighbourhood","name":"Taqaddoum","name_ar":"حي التقدم","name_fr":"Taqaddoum","type_osm":"node"}},{"type":"Feature","geometry":{"type":"Point","coordinates":[-7.9875592,31.6549977]},"properties":{"id":"osm-node-7264896101","source":"osm-place","place":"neighbourhood","name":"Belbekkar","name_ar":"بلبكار","name_fr":"Belbekkar","type_osm":"node"}},{"type":"Feature","geometry":{"type":"Point","coordinates":[-8.0211261,31.5937554]},"properties":{"id":"osm-node-7264896103","source":"osm-place","place":"neighbourhood","name":"Bouaâkkaz","name_ar":"بوعكاز","name_fr":"Bouaâkkaz","type_osm":"node"}},{"type":"Feature","geometry":{"type":"Point","coordinates":[-8.0367202,31.6436983]},"properties":{"id":"osm-node-7264948880","source":"osm-place","place":"neighbourhood","name":"Bin Laqchali","name_ar":"بين القشالي","name_fr":"Bin Laqchali","type_osm":"node"}},{"type":"Feature","geometry":{"type":"Point","coordinates":[-8.0367845,31.6386107]},"properties":{"id":"osm-node-7264948881","source":"osm-place","place":"neighbourhood","name":"Hay Zitoun","name_ar":"حي الزيتون","name_fr":"Hay Zitoun","type_osm":"node"}},{"type":"Feature","geometry":{"type":"Point","coordinates":[-8.0083128,31.6225589]},"properties":{"id":"osm-node-7264948882","source":"osm-place","place":"neighbourhood","name":"L'Hivernage","name_ar":"الحي الشتوي","name_fr":"L'Hivernage","type_osm":"node"}},{"type":"Feature","geometry":{"type":"Point","coordinates":[-8.0098679,31.6592655]},"properties":{"id":"osm-node-7264948883","source":"osm-place","place":"neighbourhood","name":"Issil","name_ar":"إسيل","name_fr":"Issil","type_osm":"node"}},{"type":"Feature","geometry":{"type":"Point","coordinates":[-8.0056702,31.6543389]},"properties":{"id":"osm-node-7264948884","source":"osm-place","place":"neighbourhood","name":"Assif","name_ar":"اسيف","name_fr":"Assif","type_osm":"node"}},{"type":"Feature","geometry":{"type":"Point","coordinates":[-5.6802149,30.2593899]},"properties":{"id":"osm-node-7266538534","source":"osm-place","place":"neighbourhood","name":"Ksar Tamegroute","type_osm":"node"}},{"type":"Feature","geometry":{"type":"Point","coordinates":[-2.9032683,34.4000559]},"properties":{"id":"osm-node-7541679147","source":"osm-place","place":"neighbourhood","name":"Hay 20 Aout","name_ar":"حي 20 غشت","name_fr":"Quartier 20 Aout","type_osm":"node"}},{"type":"Feature","geometry":{"type":"Point","coordinates":[-6.6368589,34.2679741]},"properties":{"id":"osm-node-7696011969","source":"osm-place","place":"suburb","name":"Golf","type_osm":"node"}},{"type":"Feature","geometry":{"type":"Point","coordinates":[-7.0022982,31.734025]},"properties":{"id":"osm-node-8319393158","source":"osm-place","place":"neighbourhood","name":"Mellah","type_osm":"node"}},{"type":"Feature","geometry":{"type":"Point","coordinates":[-3.5947926,35.0019231]},"properties":{"id":"osm-node-8371587533","source":"osm-place","place":"neighbourhood","name":"Aït Chita","name_fr":"Aït Chita","type_osm":"node"}},{"type":"Feature","geometry":{"type":"Point","coordinates":[-7.3887783,33.6989311]},"properties":{"id":"osm-node-8391222407","source":"osm-place","place":"neighbourhood","name":"Centre","type_osm":"node"}},{"type":"Feature","geometry":{"type":"Point","coordinates":[-7.5313843,33.5583092]},"properties":{"id":"osm-node-8391233224","source":"osm-place","place":"neighbourhood","name":"Cite Almadina Aljadida","type_osm":"node"}},{"type":"Feature","geometry":{"type":"Point","coordinates":[-7.3575943,33.7049934]},"properties":{"id":"osm-node-8391233305","source":"osm-place","place":"neighbourhood","name":"Facultés","type_osm":"node"}},{"type":"Feature","geometry":{"type":"Point","coordinates":[-7.3792832,33.685229]},"properties":{"id":"osm-node-8391233322","source":"osm-place","place":"neighbourhood","name":"Massira Hassania","type_osm":"node"}},{"type":"Feature","geometry":{"type":"Point","coordinates":[-7.4304711,33.6725507]},"properties":{"id":"osm-node-8391233398","source":"osm-place","place":"neighbourhood","name":"Industries","type_osm":"node"}},{"type":"Feature","geometry":{"type":"Point","coordinates":[-3.4656495,34.9898726]},"properties":{"id":"osm-node-8392206665","source":"osm-place","place":"neighbourhood","name":"Ouled Mellouk","type_osm":"node"}},{"type":"Feature","geometry":{"type":"Point","coordinates":[-3.9319843,35.2509221]},"properties":{"id":"osm-node-8402470122","source":"osm-place","place":"neighbourhood","name":"Barrio Briro","type_osm":"node"}},{"type":"Feature","geometry":{"type":"Point","coordinates":[-3.9275694,35.2402497]},"properties":{"id":"osm-node-8402470131","source":"osm-place","place":"neighbourhood","name":"Morro Viejo","type_osm":"node"}},{"type":"Feature","geometry":{"type":"Point","coordinates":[-3.9269042,35.2335464]},"properties":{"id":"osm-node-8402470179","source":"osm-place","place":"neighbourhood","name":"Cala Bonita","type_osm":"node"}},{"type":"Feature","geometry":{"type":"Point","coordinates":[-3.9360505,35.2522668]},"properties":{"id":"osm-node-8402470182","source":"osm-place","place":"neighbourhood","name":"Sidi Abid","type_osm":"node"}},{"type":"Feature","geometry":{"type":"Point","coordinates":[-3.9348114,35.2460158]},"properties":{"id":"osm-node-8402470203","source":"osm-place","place":"neighbourhood","name":"Hay el Manzeh","type_osm":"node"}},{"type":"Feature","geometry":{"type":"Point","coordinates":[-3.9401758,35.2519207]},"properties":{"id":"osm-node-8402470206","source":"osm-place","place":"neighbourhood","name":"Sabadilla","type_osm":"node"}},{"type":"Feature","geometry":{"type":"Point","coordinates":[-3.9534044,35.2446765]},"properties":{"id":"osm-node-8402471961","source":"osm-place","place":"neighbourhood","name":"Badès","name_ar":"بادس","type_osm":"node"}},{"type":"Feature","geometry":{"type":"Point","coordinates":[-3.9371502,35.2493185]},"properties":{"id":"osm-node-8402471982","source":"osm-place","place":"neighbourhood","name":"Barrio Heddú","type_osm":"node"}},{"type":"Feature","geometry":{"type":"Point","coordinates":[-3.9410448,35.2400135]},"properties":{"id":"osm-node-8402471986","source":"osm-place","place":"neighbourhood","name":"Marmuca","type_osm":"node"}},{"type":"Feature","geometry":{"type":"Point","coordinates":[-3.948496,35.2495551]},"properties":{"id":"osm-node-8402471990","source":"osm-place","place":"neighbourhood","name":"Mirador","type_osm":"node"}},{"type":"Feature","geometry":{"type":"Point","coordinates":[-2.9498286,35.1707964]},"properties":{"id":"osm-node-8495202664","source":"osm-place","place":"neighbourhood","name":"Hay Oulad Boutaïeb","name_fr":"Hay Oulad Boutaïeb","type_osm":"node"}},{"type":"Feature","geometry":{"type":"Point","coordinates":[-2.9183282,35.1501931]},"properties":{"id":"osm-node-8495202665","source":"osm-place","place":"neighbourhood","name":"Hay al Matar حي المطار","name_ar":"حي المطار","name_fr":"Hay al Matar","type_osm":"node"}},{"type":"Feature","geometry":{"type":"Point","coordinates":[-2.9255379,35.1751029]},"properties":{"id":"osm-node-8495202666","source":"osm-place","place":"neighbourhood","name":"Quartier Administratif الحي الإداري","name_ar":"الحي الإداري","name_fr":"Quartier Administratif","type_osm":"node"}},{"type":"Feature","geometry":{"type":"Point","coordinates":[-2.9363971,35.1706478]},"properties":{"id":"osm-node-8495202667","source":"osm-place","place":"neighbourhood","name":"Oulad Mimoun","name_ar":"أولاد ميمون","type_osm":"node"}},{"type":"Feature","geometry":{"type":"Point","coordinates":[-2.9278983,35.1684903]},"properties":{"id":"osm-node-8495202668","source":"osm-place","place":"neighbourhood","name":"El Kindi","name_ar":"الكندي","type_osm":"node"}},{"type":"Feature","geometry":{"type":"Point","coordinates":[-5.0379707,34.0595128]},"properties":{"id":"osm-node-8520737714","source":"osm-place","place":"neighbourhood","name":"Hay Oued fes","type_osm":"node"}},{"type":"Feature","geometry":{"type":"Point","coordinates":[-5.059247,34.0125609]},"properties":{"id":"osm-node-8538789356","source":"osm-place","place":"neighbourhood","name":"Bensouda","type_osm":"node"}},{"type":"Feature","geometry":{"type":"Point","coordinates":[-4.9923527,34.021427]},"properties":{"id":"osm-node-8539508652","source":"osm-place","place":"neighbourhood","name":"Bouremmana","type_osm":"node"}},{"type":"Feature","geometry":{"type":"Point","coordinates":[-4.9944127,34.0307453]},"properties":{"id":"osm-node-8539508659","source":"osm-place","place":"suburb","name":"Hay Atlas حي الأطلس","name_ar":"حي الأطلس","name_fr":"Hay Atlas","type_osm":"node"}},{"type":"Feature","geometry":{"type":"Point","coordinates":[-4.9947825,34.0324483]},"properties":{"id":"osm-node-8555517373","source":"osm-place","place":"neighbourhood","name":"Hay Atlas حي الاطلس","name_ar":"حي الاطلس","name_fr":"Hay Atlas","type_osm":"node"}},{"type":"Feature","geometry":{"type":"Point","coordinates":[-5.0141634,34.0183147]},"properties":{"id":"osm-node-8555517375","source":"osm-place","place":"neighbourhood","name":"Hay Al Adarissa حي الأدارسة","name_ar":"حي الأدارسة","name_fr":"Al-Adarissa","type_osm":"node"}},{"type":"Feature","geometry":{"type":"Point","coordinates":[-5.025323,34.0179097]},"properties":{"id":"osm-node-8555542935","source":"osm-place","place":"neighbourhood","name":"Hay Lalla Soukaïna حي لالة سكينة","name_ar":"حي لالة سكينة","name_fr":"Hay Lalla Soukaïna","type_osm":"node"}},{"type":"Feature","geometry":{"type":"Point","coordinates":[-5.0939752,33.9712149]},"properties":{"id":"osm-node-8555542974","source":"osm-place","place":"suburb","name":"Ras El Ma راس الماء","name_ar":"راس الماء","name_fr":"Ras El Ma","type_osm":"node"}},{"type":"Feature","geometry":{"type":"Point","coordinates":[-2.3181896,34.9319983]},"properties":{"id":"osm-node-8593130543","source":"osm-place","place":"suburb","name":"le quartier administratif الحي الإداري","name_ar":"الحي الإداري","name_fr":"le quartier administratif","type_osm":"node"}},{"type":"Feature","geometry":{"type":"Point","coordinates":[-2.28758,34.899481]},"properties":{"id":"osm-node-8619158734","source":"osm-place","place":"suburb","name":"sidi ali ben yakhlef سيدي علي بن يخلف","name_ar":"سيدي علي بن يخلف","name_fr":"sidi ali ben yakhlef","type_osm":"node"}},{"type":"Feature","geometry":{"type":"Point","coordinates":[-2.1155217,34.9504511]},"properties":{"id":"osm-node-8723131490","source":"osm-place","place":"suburb","name":"Zidour زيدور","name_ar":"زيدور","name_fr":"Zidour","type_osm":"node"}},{"type":"Feature","geometry":{"type":"Point","coordinates":[-6.8991853,33.9693645]},"properties":{"id":"osm-node-9267256549","source":"osm-place","place":"suburb","name":"حي الفتح","name_ar":"حي الفتح","name_fr":"Hay Al Fath","type_osm":"node"}},{"type":"Feature","geometry":{"type":"Point","coordinates":[-5.7134324,34.2269746]},"properties":{"id":"osm-node-9347211756","source":"osm-place","place":"neighbourhood","name":"Moka shop","type_osm":"node"}},{"type":"Feature","geometry":{"type":"Point","coordinates":[-13.2025308,27.1571926]},"properties":{"id":"osm-node-9626790374","source":"osm-place","place":"neighbourhood","name":"Cité administrative","name_ar":"الحي الإداري","name_fr":"Cité administrative","type_osm":"node"}},{"type":"Feature","geometry":{"type":"Point","coordinates":[-13.4201791,27.0952597]},"properties":{"id":"osm-node-9920839060","source":"osm-place","place":"quarter","name":"Plage de Laâyoune","name_fr":"Plage de Laâyoune","type_osm":"node"}},{"type":"Feature","geometry":{"type":"Point","coordinates":[-13.4263716,27.0962326]},"properties":{"id":"osm-node-9920839061","source":"osm-place","place":"quarter","name":"Port de Laâyoune","name_fr":"Port de Laâyoune","type_osm":"node"}},{"type":"Feature","geometry":{"type":"Point","coordinates":[-9.7559952,29.3558693]},"properties":{"id":"osm-node-9920940779","source":"osm-place","place":"quarter","name":"Centro de Lajsas","type_osm":"node"}},{"type":"Feature","geometry":{"type":"Point","coordinates":[-2.9526724,35.1790116]},"properties":{"id":"osm-node-10007462474","source":"osm-place","place":"quarter","name":"Q.Ouled Boutayeb","type_osm":"node"}},{"type":"Feature","geometry":{"type":"Point","coordinates":[-2.9513926,35.2646823]},"properties":{"id":"osm-node-10010196396","source":"osm-place","place":"quarter","name":"Quartier Zarouala","name_fr":"Quartier Zarouala","type_osm":"node"}},{"type":"Feature","geometry":{"type":"Point","coordinates":[-2.9540235,35.2697428]},"properties":{"id":"osm-node-10019176943","source":"osm-place","place":"quarter","name":"Barrio Chino","type_osm":"node"}},{"type":"Feature","geometry":{"type":"Point","coordinates":[-3.9942654,34.2355992]},"properties":{"id":"osm-node-10025789859","source":"osm-place","place":"quarter","name":"Al Massira 1","type_osm":"node"}},{"type":"Feature","geometry":{"type":"Point","coordinates":[-3.9799128,34.229681]},"properties":{"id":"osm-node-10025789860","source":"osm-place","place":"quarter","name":"Al Quds","type_osm":"node"}},{"type":"Feature","geometry":{"type":"Point","coordinates":[-6.5222871,34.2552714]},"properties":{"id":"osm-node-10027558789","source":"osm-place","place":"quarter","name":"Hay Al Bassatine","type_osm":"node"}},{"type":"Feature","geometry":{"type":"Point","coordinates":[-6.5528144,34.2426287]},"properties":{"id":"osm-node-10027558790","source":"osm-place","place":"quarter","name":"Hay Maamora","type_osm":"node"}},{"type":"Feature","geometry":{"type":"Point","coordinates":[-6.5464988,34.2443171]},"properties":{"id":"osm-node-10027558791","source":"osm-place","place":"quarter","name":"Hay Safaa","type_osm":"node"}},{"type":"Feature","geometry":{"type":"Point","coordinates":[-6.5549674,34.2517173]},"properties":{"id":"osm-node-10027658832","source":"osm-place","place":"quarter","name":"Hay Al Amal","type_osm":"node"}},{"type":"Feature","geometry":{"type":"Point","coordinates":[-6.5521319,34.2531661]},"properties":{"id":"osm-node-10027658833","source":"osm-place","place":"quarter","name":"Hay Nahda","type_osm":"node"}},{"type":"Feature","geometry":{"type":"Point","coordinates":[-6.5500119,34.2555019]},"properties":{"id":"osm-node-10027658834","source":"osm-place","place":"quarter","name":"Hay Al Ouahda","type_osm":"node"}},{"type":"Feature","geometry":{"type":"Point","coordinates":[-6.5548983,34.2566402]},"properties":{"id":"osm-node-10027658835","source":"osm-place","place":"quarter","name":"Hay Essalam","type_osm":"node"}},{"type":"Feature","geometry":{"type":"Point","coordinates":[-6.5576513,34.2585345]},"properties":{"id":"osm-node-10027658836","source":"osm-place","place":"quarter","name":"Hay Al Inara","type_osm":"node"}},{"type":"Feature","geometry":{"type":"Point","coordinates":[-6.5473973,34.257291]},"properties":{"id":"osm-node-10027658837","source":"osm-place","place":"quarter","name":"Hay Lalla Meryem","type_osm":"node"}},{"type":"Feature","geometry":{"type":"Point","coordinates":[-6.5451915,34.2560193]},"properties":{"id":"osm-node-10027658838","source":"osm-place","place":"quarter","name":"Hay Rabia","type_osm":"node"}},{"type":"Feature","geometry":{"type":"Point","coordinates":[-6.5467341,34.2304611]},"properties":{"id":"osm-node-10032595956","source":"osm-place","place":"quarter","name":"hay El Wafaa","type_osm":"node"}},{"type":"Feature","geometry":{"type":"Point","coordinates":[-6.5371044,34.2428496]},"properties":{"id":"osm-node-10032595957","source":"osm-place","place":"quarter","name":"Hay El Amal","type_osm":"node"}},{"type":"Feature","geometry":{"type":"Point","coordinates":[-6.5129632,34.2242926]},"properties":{"id":"osm-node-10032688624","source":"osm-place","place":"quarter","name":"Ain Ariss","type_osm":"node"}},{"type":"Feature","geometry":{"type":"Point","coordinates":[-6.5400629,34.2415775]},"properties":{"id":"osm-node-10033834768","source":"osm-place","place":"quarter","name":"Hay Ouled Arfaa","type_osm":"node"}},{"type":"Feature","geometry":{"type":"Point","coordinates":[-5.7566797,35.7251717]},"properties":{"id":"osm-node-10069584495","source":"osm-place","place":"quarter","name":"Ikhlass","name_fr":"Ikhlass","type_osm":"node"}},{"type":"Feature","geometry":{"type":"Point","coordinates":[-6.8862954,33.9394209]},"properties":{"id":"osm-node-10089975543","source":"osm-place","place":"quarter","name":"كيش الوداية","name_ar":"كيش الوداية","name_fr":"Guich Oudaya","type_osm":"node"}},{"type":"Feature","geometry":{"type":"Point","coordinates":[-7.5132584,33.5130952]},"properties":{"id":"osm-node-10172268481","source":"osm-place","place":"quarter","name":"Al Hamd","type_osm":"node"}},{"type":"Feature","geometry":{"type":"Point","coordinates":[-7.5091747,33.5593611]},"properties":{"id":"osm-node-10177380870","source":"osm-place","place":"quarter","name":"El Fadl","type_osm":"node"}},{"type":"Feature","geometry":{"type":"Point","coordinates":[-6.8646296,33.9816535]},"properties":{"id":"osm-node-10225836569","source":"osm-place","place":"suburb","name":"مدينة العرفان","name_ar":"مدينة العرفان","type_osm":"node"}},{"type":"Feature","geometry":{"type":"Point","coordinates":[-7.5658307,33.5646333]},"properties":{"id":"osm-node-10279055675","source":"osm-place","place":"neighbourhood","name":"Hay Mabrouka","name_ar":"حي مبروكة","type_osm":"node"}},{"type":"Feature","geometry":{"type":"Point","coordinates":[-7.5682724,33.5659199]},"properties":{"id":"osm-node-10279073447","source":"osm-place","place":"neighbourhood","name":"Hay moulay laarbi alaoui","type_osm":"node"}},{"type":"Feature","geometry":{"type":"Point","coordinates":[-4.8612386,34.6190161]},"properties":{"id":"osm-node-10292841784","source":"osm-place","place":"quarter","name":"دوار الرواضي عين باردة","type_osm":"node"}},{"type":"Feature","geometry":{"type":"Point","coordinates":[-4.8465175,34.6219221]},"properties":{"id":"osm-node-10303055545","source":"osm-place","place":"quarter","name":"أسطار  astar","type_osm":"node"}},{"type":"Feature","geometry":{"type":"Point","coordinates":[-7.6598203,33.5665503]},"properties":{"id":"osm-node-10914433795","source":"osm-place","place":"quarter","name":"Les Faubourgs d'Anfa","type_osm":"node"}},{"type":"Feature","geometry":{"type":"Point","coordinates":[-9.2147489,29.3099856]},"properties":{"id":"osm-node-11098535808","source":"osm-place","place":"neighbourhood","name":"إغير","name_ar":"إغير","type_osm":"node"}},{"type":"Feature","geometry":{"type":"Point","coordinates":[-9.2154731,29.3122467]},"properties":{"id":"osm-node-11098535809","source":"osm-place","place":"neighbourhood","name":"إهاضيدن","name_ar":"إهاضيدن","type_osm":"node"}},{"type":"Feature","geometry":{"type":"Point","coordinates":[-9.2149941,29.3126735]},"properties":{"id":"osm-node-11098535810","source":"osm-place","place":"neighbourhood","name":"إكزالن","name_ar":"إكزالن","type_osm":"node"}},{"type":"Feature","geometry":{"type":"Point","coordinates":[-9.2144792,29.3135589]},"properties":{"id":"osm-node-11098535811","source":"osm-place","place":"neighbourhood","name":"إكرامن","type_osm":"node"}},{"type":"Feature","geometry":{"type":"Point","coordinates":[-9.214643,29.3120347]},"properties":{"id":"osm-node-11099808412","source":"osm-place","place":"neighbourhood","name":"أيت لحسن","name_ar":"أيت لحسن","type_osm":"node"}},{"type":"Feature","geometry":{"type":"Point","coordinates":[-13.214,27.161]},"properties":{"id":"osm-node-11185624244","source":"osm-place","place":"suburb","name":"Laâyoune Souk Jemal","name_fr":"Laâyoune Souk Jemal","type_osm":"node"}},{"type":"Feature","geometry":{"type":"Point","coordinates":[-4.9935801,34.0571617]},"properties":{"id":"osm-node-11210212271","source":"osm-place","place":"quarter","name":"Moulay Abdellah","type_osm":"node"}},{"type":"Feature","geometry":{"type":"Point","coordinates":[-4.9908304,34.0559324]},"properties":{"id":"osm-node-11210212272","source":"osm-place","place":"quarter","name":"Fes Jdid فاس الجديد","name_ar":"فاس الجديد","type_osm":"node"}},{"type":"Feature","geometry":{"type":"Point","coordinates":[-8.7776326,31.2128202]},"properties":{"id":"osm-node-11222519147","source":"osm-place","place":"quarter","name":"Larba Idwirane","type_osm":"node"}},{"type":"Feature","geometry":{"type":"Point","coordinates":[-8.6840385,31.254436]},"properties":{"id":"osm-node-11222519176","source":"osm-place","place":"quarter","name":"Azib Sidi Jaa","type_osm":"node"}},{"type":"Feature","geometry":{"type":"Point","coordinates":[-8.7309938,31.2521211]},"properties":{"id":"osm-node-11222519177","source":"osm-place","place":"quarter","name":"Tigoudar","type_osm":"node"}},{"type":"Feature","geometry":{"type":"Point","coordinates":[-8.7264233,31.2588348]},"properties":{"id":"osm-node-11222519178","source":"osm-place","place":"quarter","name":"Ait Hassaine","type_osm":"node"}},{"type":"Feature","geometry":{"type":"Point","coordinates":[-8.7218958,31.2573307]},"properties":{"id":"osm-node-11222519179","source":"osm-place","place":"quarter","name":"Agafai","type_osm":"node"}},{"type":"Feature","geometry":{"type":"Point","coordinates":[-8.7389115,31.2403113]},"properties":{"id":"osm-node-11222519180","source":"osm-place","place":"quarter","name":"Azegar Lalla Aziza","type_osm":"node"}},{"type":"Feature","geometry":{"type":"Point","coordinates":[-8.7609164,31.2434209]},"properties":{"id":"osm-node-11222519181","source":"osm-place","place":"quarter","name":"Assersif","type_osm":"node"}},{"type":"Feature","geometry":{"type":"Point","coordinates":[-8.7578933,31.2260412]},"properties":{"id":"osm-node-11222519182","source":"osm-place","place":"quarter","name":"Iguizoulene","type_osm":"node"}},{"type":"Feature","geometry":{"type":"Point","coordinates":[-8.7680946,31.2215839]},"properties":{"id":"osm-node-11222519183","source":"osm-place","place":"quarter","name":"Tagantane","type_osm":"node"}},{"type":"Feature","geometry":{"type":"Point","coordinates":[-8.8440218,31.1920739]},"properties":{"id":"osm-node-11222519184","source":"osm-place","place":"quarter","name":"Al Qacba Et Tahtaniya","type_osm":"node"}},{"type":"Feature","geometry":{"type":"Point","coordinates":[-8.8448794,31.1788706]},"properties":{"id":"osm-node-11222519185","source":"osm-place","place":"quarter","name":"Imintanoute","type_osm":"node"}},{"type":"Feature","geometry":{"type":"Point","coordinates":[-8.8429946,31.2026378]},"properties":{"id":"osm-node-11222519186","source":"osm-place","place":"quarter","name":"Taghjajt","type_osm":"node"}},{"type":"Feature","geometry":{"type":"Point","coordinates":[-8.8435229,31.207825]},"properties":{"id":"osm-node-11222519187","source":"osm-place","place":"quarter","name":"Oumwachfal","type_osm":"node"}},{"type":"Feature","geometry":{"type":"Point","coordinates":[-8.8524832,31.2057804]},"properties":{"id":"osm-node-11222519188","source":"osm-place","place":"quarter","name":"Ait Abdallah","type_osm":"node"}},{"type":"Feature","geometry":{"type":"Point","coordinates":[-8.8523531,31.2021918]},"properties":{"id":"osm-node-11222519189","source":"osm-place","place":"quarter","name":"Ait Yahia","type_osm":"node"}},{"type":"Feature","geometry":{"type":"Point","coordinates":[-8.8528935,31.2084334]},"properties":{"id":"osm-node-11222519190","source":"osm-place","place":"quarter","name":"Ait Mchkpouk","type_osm":"node"}},{"type":"Feature","geometry":{"type":"Point","coordinates":[-8.8511562,31.2109018]},"properties":{"id":"osm-node-11222519192","source":"osm-place","place":"quarter","name":"Bouyigra","type_osm":"node"}},{"type":"Feature","geometry":{"type":"Point","coordinates":[-8.8508988,31.2141275]},"properties":{"id":"osm-node-11222519193","source":"osm-place","place":"quarter","name":"Toukhribine","type_osm":"node"}},{"type":"Feature","geometry":{"type":"Point","coordinates":[-8.8569412,31.2293926]},"properties":{"id":"osm-node-11222519194","source":"osm-place","place":"quarter","name":"Es Skaykima","type_osm":"node"}},{"type":"Feature","geometry":{"type":"Point","coordinates":[-8.8665412,31.2373498]},"properties":{"id":"osm-node-11222519195","source":"osm-place","place":"quarter","name":"Es Skaykima","type_osm":"node"}},{"type":"Feature","geometry":{"type":"Point","coordinates":[-8.8504025,31.2386692]},"properties":{"id":"osm-node-11222519196","source":"osm-place","place":"quarter","name":"Dwafa","type_osm":"node"}},{"type":"Feature","geometry":{"type":"Point","coordinates":[-8.8485762,31.2325685]},"properties":{"id":"osm-node-11222519197","source":"osm-place","place":"quarter","name":"Laqcayba","type_osm":"node"}},{"type":"Feature","geometry":{"type":"Point","coordinates":[-7.9466626,31.3294966]},"properties":{"id":"osm-node-11222593142","source":"osm-place","place":"quarter","name":"Toufsirine","type_osm":"node"}},{"type":"Feature","geometry":{"type":"Point","coordinates":[-8.7715971,31.4843303]},"properties":{"id":"osm-node-11224840975","source":"osm-place","place":"quarter","name":"Zaouia Nouasser","type_osm":"node"}},{"type":"Feature","geometry":{"type":"Point","coordinates":[-7.4817227,31.5329301]},"properties":{"id":"osm-node-11224859433","source":"osm-place","place":"quarter","name":"El Khemis","type_osm":"node"}},{"type":"Feature","geometry":{"type":"Point","coordinates":[-5.7780561,34.9160197]},"properties":{"id":"osm-node-11622412308","source":"osm-place","place":"quarter","name":"Douar Maymouna","type_osm":"node"}},{"type":"Feature","geometry":{"type":"Point","coordinates":[-5.7610568,34.892992]},"properties":{"id":"osm-node-11622412309","source":"osm-place","place":"quarter","name":"Douar Dar Dbaa","type_osm":"node"}},{"type":"Feature","geometry":{"type":"Point","coordinates":[-5.8168723,34.9171868]},"properties":{"id":"osm-node-11622412310","source":"osm-place","place":"quarter","name":"Douar Bni Khallad","type_osm":"node"}},{"type":"Feature","geometry":{"type":"Point","coordinates":[-5.8361086,34.9202481]},"properties":{"id":"osm-node-11622412311","source":"osm-place","place":"quarter","name":"Douar Ktama","type_osm":"node"}},{"type":"Feature","geometry":{"type":"Point","coordinates":[-8.483584,33.1861876]},"properties":{"id":"osm-node-11635454208","source":"osm-place","place":"quarter","name":"Douar El Hemamda","type_osm":"node"}},{"type":"Feature","geometry":{"type":"Point","coordinates":[-8.470459,33.2280343]},"properties":{"id":"osm-node-11635454211","source":"osm-place","place":"quarter","name":"Douar Brahim","type_osm":"node"}},{"type":"Feature","geometry":{"type":"Point","coordinates":[-8.4659024,33.2316693]},"properties":{"id":"osm-node-11635454212","source":"osm-place","place":"quarter","name":"Douar Lachhab","type_osm":"node"}},{"type":"Feature","geometry":{"type":"Point","coordinates":[-8.4656096,33.2357821]},"properties":{"id":"osm-node-11635454213","source":"osm-place","place":"quarter","name":"Douar El Ghenadra","type_osm":"node"}},{"type":"Feature","geometry":{"type":"Point","coordinates":[-8.4637428,33.2387]},"properties":{"id":"osm-node-11635454214","source":"osm-place","place":"quarter","name":"Douar Tajine","type_osm":"node"}},{"type":"Feature","geometry":{"type":"Point","coordinates":[-8.4751797,33.2353423]},"properties":{"id":"osm-node-11635454215","source":"osm-place","place":"quarter","name":"Douar El Massira","type_osm":"node"}},{"type":"Feature","geometry":{"type":"Point","coordinates":[-8.4814686,33.2419551]},"properties":{"id":"osm-node-11635454216","source":"osm-place","place":"quarter","name":"California Bay","type_osm":"node"}},{"type":"Feature","geometry":{"type":"Point","coordinates":[-8.4837592,33.2434634]},"properties":{"id":"osm-node-11635454217","source":"osm-place","place":"quarter","name":"Lot. Tazi","type_osm":"node"}},{"type":"Feature","geometry":{"type":"Point","coordinates":[-8.4865201,33.2388212]},"properties":{"id":"osm-node-11635454219","source":"osm-place","place":"quarter","name":"El Massira","type_osm":"node"}},{"type":"Feature","geometry":{"type":"Point","coordinates":[-8.4897101,33.2348428]},"properties":{"id":"osm-node-11635454220","source":"osm-place","place":"quarter","name":"Sidi Moussa حي سيدي موسى","name_ar":"حي سيدي موسى","name_fr":"Sidi Mouss","type_osm":"node"}},{"type":"Feature","geometry":{"type":"Point","coordinates":[-8.4922708,33.2374153]},"properties":{"id":"osm-node-11635454221","source":"osm-place","place":"quarter","name":"Coopérative Waha","type_osm":"node"}},{"type":"Feature","geometry":{"type":"Point","coordinates":[-8.494016,33.2386656]},"properties":{"id":"osm-node-11635454222","source":"osm-place","place":"quarter","name":"Taïba","type_osm":"node"}},{"type":"Feature","geometry":{"type":"Point","coordinates":[-8.4902394,33.238217]},"properties":{"id":"osm-node-11635454223","source":"osm-place","place":"quarter","name":"Lot. Jamaa","type_osm":"node"}},{"type":"Feature","geometry":{"type":"Point","coordinates":[-8.4932507,33.2374033]},"properties":{"id":"osm-node-11635454224","source":"osm-place","place":"quarter","name":"Hajja Yezza حي الحاجة يزة","name_ar":"حي الحاجة يزة","name_fr":"Hajja Yezza","type_osm":"node"}},{"type":"Feature","geometry":{"type":"Point","coordinates":[-8.4910548,33.2371341]},"properties":{"id":"osm-node-11635454225","source":"osm-place","place":"quarter","name":"Hakima 1 حكيمة 1","type_osm":"node"}},{"type":"Feature","geometry":{"type":"Point","coordinates":[-8.4893597,33.2365837]},"properties":{"id":"osm-node-11635454226","source":"osm-place","place":"quarter","name":"Hakima 2 حكيمة 2","type_osm":"node"}},{"type":"Feature","geometry":{"type":"Point","coordinates":[-8.4920419,33.2339753]},"properties":{"id":"osm-node-11635454227","source":"osm-place","place":"quarter","name":"Dachra","type_osm":"node"}},{"type":"Feature","geometry":{"type":"Point","coordinates":[-8.4863484,33.2331677]},"properties":{"id":"osm-node-11635454228","source":"osm-place","place":"quarter","name":"Mabrouka","type_osm":"node"}},{"type":"Feature","geometry":{"type":"Point","coordinates":[-8.4855474,33.234448]},"properties":{"id":"osm-node-11635454229","source":"osm-place","place":"quarter","name":"Abraj Al Boustane","type_osm":"node"}},{"type":"Feature","geometry":{"type":"Point","coordinates":[-8.4867776,33.2352437]},"properties":{"id":"osm-node-11635454230","source":"osm-place","place":"quarter","name":"Al Bathaa","type_osm":"node"}},{"type":"Feature","geometry":{"type":"Point","coordinates":[-8.4881223,33.2358599]},"properties":{"id":"osm-node-11635454231","source":"osm-place","place":"quarter","name":"Ard Dyafa","type_osm":"node"}},{"type":"Feature","geometry":{"type":"Point","coordinates":[-8.4918988,33.2354291]},"properties":{"id":"osm-node-11635454232","source":"osm-place","place":"quarter","name":"Lot. Hamza","type_osm":"node"}},{"type":"Feature","geometry":{"type":"Point","coordinates":[-8.4493007,33.1932212]},"properties":{"id":"osm-node-11635520070","source":"osm-place","place":"quarter","name":"Jawhara Annasim","type_osm":"node"}},{"type":"Feature","geometry":{"type":"Point","coordinates":[-8.5069476,33.2327485]},"properties":{"id":"osm-node-11636079351","source":"osm-place","place":"quarter","name":"Al Ghazwa الغزوة","name_ar":"الغزوة","name_fr":"Al Ghazwa","type_osm":"node"}},{"type":"Feature","geometry":{"type":"Point","coordinates":[-8.5050396,33.2266429]},"properties":{"id":"osm-node-11636079352","source":"osm-place","place":"quarter","name":"Najd II 2 حي النجد","name_ar":"حي النجد 2","name_fr":"Najd II","type_osm":"node"}},{"type":"Feature","geometry":{"type":"Point","coordinates":[-8.5091935,33.2273579]},"properties":{"id":"osm-node-11636079353","source":"osm-place","place":"quarter","name":"Najd I حي النجد 1","name_ar":"حي النجد 1","name_fr":"Najd I","type_osm":"node"}},{"type":"Feature","geometry":{"type":"Point","coordinates":[-8.5109316,33.2281477]},"properties":{"id":"osm-node-11636079354","source":"osm-place","place":"quarter","name":"Lot. Al Hamd","type_osm":"node"}},{"type":"Feature","geometry":{"type":"Point","coordinates":[-8.5126804,33.2251501]},"properties":{"id":"osm-node-11636079357","source":"osm-place","place":"quarter","name":"L'Océan","type_osm":"node"}},{"type":"Feature","geometry":{"type":"Point","coordinates":[-8.5056244,33.2242227]},"properties":{"id":"osm-node-11636079358","source":"osm-place","place":"quarter","name":"Lot. Aya","type_osm":"node"}},{"type":"Feature","geometry":{"type":"Point","coordinates":[-8.5096584,33.2232713]},"properties":{"id":"osm-node-11636079359","source":"osm-place","place":"quarter","name":"Lot. Amana","type_osm":"node"}},{"type":"Feature","geometry":{"type":"Point","coordinates":[-8.5036967,33.2241987]},"properties":{"id":"osm-node-11636079360","source":"osm-place","place":"quarter","name":"Phosphore El Fath","type_osm":"node"}},{"type":"Feature","geometry":{"type":"Point","coordinates":[-8.5037182,33.221949]},"properties":{"id":"osm-node-11636079361","source":"osm-place","place":"quarter","name":"Riad Al Bahr","type_osm":"node"}},{"type":"Feature","geometry":{"type":"Point","coordinates":[-8.4990797,33.2242945]},"properties":{"id":"osm-node-11636079362","source":"osm-place","place":"quarter","name":"Hay Essalam حي السلام","name_ar":"حي السلام","name_fr":"Hay Essalam","type_osm":"node"}},{"type":"Feature","geometry":{"type":"Point","coordinates":[-8.5032891,33.2307771]},"properties":{"id":"osm-node-11636079365","source":"osm-place","place":"quarter","name":"El Wafaa 1","type_osm":"node"}},{"type":"Feature","geometry":{"type":"Point","coordinates":[-8.5052747,33.2323858]},"properties":{"id":"osm-node-11636089477","source":"osm-place","place":"quarter","name":"Lot. Al Hanaa","type_osm":"node"}},{"type":"Feature","geometry":{"type":"Point","coordinates":[-8.5045837,33.2301684]},"properties":{"id":"osm-node-11636089493","source":"osm-place","place":"quarter","name":"Lot. Hiba حي هبة","type_osm":"node"}},{"type":"Feature","geometry":{"type":"Point","coordinates":[-8.5053561,33.2316252]},"properties":{"id":"osm-node-11636089498","source":"osm-place","place":"quarter","name":"Lot. Ennasim","type_osm":"node"}},{"type":"Feature","geometry":{"type":"Point","coordinates":[-8.5039265,33.2329662]},"properties":{"id":"osm-node-11636089532","source":"osm-place","place":"quarter","name":"Charkawa II","type_osm":"node"}},{"type":"Feature","geometry":{"type":"Point","coordinates":[-8.504699,33.2338322]},"properties":{"id":"osm-node-11636089540","source":"osm-place","place":"quarter","name":"Charkawa III","type_osm":"node"}},{"type":"Feature","geometry":{"type":"Point","coordinates":[-8.503644,33.2346697]},"properties":{"id":"osm-node-11636089546","source":"osm-place","place":"quarter","name":"Le Château","type_osm":"node"}},{"type":"Feature","geometry":{"type":"Point","coordinates":[-8.5050584,33.2356673]},"properties":{"id":"osm-node-11636089551","source":"osm-place","place":"quarter","name":"Assanaoubar","type_osm":"node"}},{"type":"Feature","geometry":{"type":"Point","coordinates":[-8.5069377,33.2342614]},"properties":{"id":"osm-node-11636089559","source":"osm-place","place":"quarter","name":"Lot. Lamia","type_osm":"node"}},{"type":"Feature","geometry":{"type":"Point","coordinates":[-8.5084362,33.2374681]},"properties":{"id":"osm-node-11636089560","source":"osm-place","place":"quarter","name":"Al Andalous","type_osm":"node"}},{"type":"Feature","geometry":{"type":"Point","coordinates":[-8.5109502,33.2389513]},"properties":{"id":"osm-node-11636089561","source":"osm-place","place":"quarter","name":"Mont Fleuri مون فلوري","type_osm":"node"}},{"type":"Feature","geometry":{"type":"Point","coordinates":[-8.5336267,33.2426808]},"properties":{"id":"osm-node-11637528515","source":"osm-place","place":"quarter","name":"Douar Chaïbat","name_ar":"الشعيبات","type_osm":"node"}},{"type":"Feature","geometry":{"type":"Point","coordinates":[-8.5172724,33.2435788]},"properties":{"id":"osm-node-11637528529","source":"osm-place","place":"quarter","name":"Seniat El Morakib سانية المراقب","type_osm":"node"}},{"type":"Feature","geometry":{"type":"Point","coordinates":[-8.5145633,33.2444036]},"properties":{"id":"osm-node-11637528531","source":"osm-place","place":"quarter","name":"Lot. Sofia","type_osm":"node"}},{"type":"Feature","geometry":{"type":"Point","coordinates":[-8.5172133,33.2424236]},"properties":{"id":"osm-node-11637528537","source":"osm-place","place":"quarter","name":"Diyar Cheikh ديار الشيخ","type_osm":"node"}},{"type":"Feature","geometry":{"type":"Point","coordinates":[-8.5155915,33.2433119]},"properties":{"id":"osm-node-11637528552","source":"osm-place","place":"quarter","name":"Nassim 5 النسيم 5","type_osm":"node"}},{"type":"Feature","geometry":{"type":"Point","coordinates":[-8.5127752,33.2423922]},"properties":{"id":"osm-node-11637528553","source":"osm-place","place":"quarter","name":"Lot. Mbarek","type_osm":"node"}},{"type":"Feature","geometry":{"type":"Point","coordinates":[-8.511806,33.2415225]},"properties":{"id":"osm-node-11637528554","source":"osm-place","place":"quarter","name":"Lot. Koudiat","type_osm":"node"}},{"type":"Feature","geometry":{"type":"Point","coordinates":[-8.5167466,33.2412212]},"properties":{"id":"osm-node-11637528559","source":"osm-place","place":"quarter","name":"Nassim 4","type_osm":"node"}},{"type":"Feature","geometry":{"type":"Point","coordinates":[-8.516178,33.2388305]},"properties":{"id":"osm-node-11637548111","source":"osm-place","place":"quarter","name":"Coop. Wahda Ennahda","type_osm":"node"}},{"type":"Feature","geometry":{"type":"Point","coordinates":[-8.5154216,33.240163]},"properties":{"id":"osm-node-11637548112","source":"osm-place","place":"quarter","name":"Derb Lahouna درب لاحونة","type_osm":"node"}},{"type":"Feature","geometry":{"type":"Point","coordinates":[-8.5129853,33.2406289]},"properties":{"id":"osm-node-11637548120","source":"osm-place","place":"quarter","name":"Ennaourass","type_osm":"node"}},{"type":"Feature","geometry":{"type":"Point","coordinates":[-8.5166953,33.2379956]},"properties":{"id":"osm-node-11637567046","source":"osm-place","place":"quarter","name":"Coop. La Marche Verte","type_osm":"node"}},{"type":"Feature","geometry":{"type":"Point","coordinates":[-8.5169045,33.2372598]},"properties":{"id":"osm-node-11637567050","source":"osm-place","place":"quarter","name":"Lot. Essalam","type_osm":"node"}},{"type":"Feature","geometry":{"type":"Point","coordinates":[-8.4909103,33.2292893]},"properties":{"id":"osm-node-11637601984","source":"osm-place","place":"quarter","name":"Jawhara حي الجوهرة","name_ar":"حي الجوهرة","name_fr":"Jawhara","type_osm":"node"}},{"type":"Feature","geometry":{"type":"Point","coordinates":[-8.4923069,33.2270711]},"properties":{"id":"osm-node-11637601985","source":"osm-place","place":"quarter","name":"Lot. Firdaous الفردوس","name_ar":"الفردوس","name_fr":"Lot. Firdaous","type_osm":"node"}},{"type":"Feature","geometry":{"type":"Point","coordinates":[-8.5013181,33.2454418]},"properties":{"id":"osm-node-11637679991","source":"osm-place","place":"quarter","name":"Hay Safaa حي الصفاء","name_ar":"حي الصفاء","name_fr":"Hay Safaa","type_osm":"node"}},{"type":"Feature","geometry":{"type":"Point","coordinates":[-8.4978905,33.2458212]},"properties":{"id":"osm-node-11637679992","source":"osm-place","place":"quarter","name":"Hay El Berkaoui حي البركاوي","name_ar":"درب البركاوي","name_fr":"Hay El Berkaoui","type_osm":"node"}},{"type":"Feature","geometry":{"type":"Point","coordinates":[-8.4991273,33.2471274]},"properties":{"id":"osm-node-11637679993","source":"osm-place","place":"quarter","name":"Surcouf السركوف","name_ar":"السركوف","name_fr":"Surcouf","type_osm":"node"}},{"type":"Feature","geometry":{"type":"Point","coordinates":[-8.4994704,33.2480053]},"properties":{"id":"osm-node-11637679994","source":"osm-place","place":"quarter","name":"Carpozen كاربوزين","name_ar":"كاربوزين","type_osm":"node"}},{"type":"Feature","geometry":{"type":"Point","coordinates":[-8.4930589,33.2395714]},"properties":{"id":"osm-node-11637935048","source":"osm-place","place":"quarter","name":"Derb Jdid الدرب الجديد","type_osm":"node"}},{"type":"Feature","geometry":{"type":"Point","coordinates":[-8.5006097,33.231924]},"properties":{"id":"osm-node-11656400752","source":"osm-place","place":"quarter","name":"Coop. Sana Fidiya","type_osm":"node"}},{"type":"Feature","geometry":{"type":"Point","coordinates":[-8.4996218,33.231153]},"properties":{"id":"osm-node-11656400753","source":"osm-place","place":"quarter","name":"Coop. Sanad","type_osm":"node"}},{"type":"Feature","geometry":{"type":"Point","coordinates":[-8.4989866,33.2307962]},"properties":{"id":"osm-node-11656400754","source":"osm-place","place":"quarter","name":"Résidence Al Kadissia","type_osm":"node"}},{"type":"Feature","geometry":{"type":"Point","coordinates":[-8.4975717,33.2294561]},"properties":{"id":"osm-node-11656400755","source":"osm-place","place":"quarter","name":"Coop. Ennajd","type_osm":"node"}},{"type":"Feature","geometry":{"type":"Point","coordinates":[-8.5077695,33.2247234]},"properties":{"id":"osm-node-11656463174","source":"osm-place","place":"quarter","name":"Lot. Adam","type_osm":"node"}},{"type":"Feature","geometry":{"type":"Point","coordinates":[-8.5074056,33.2250786]},"properties":{"id":"osm-node-11656463178","source":"osm-place","place":"quarter","name":"Phosphore El Fath Bloc A - C","type_osm":"node"}},{"type":"Feature","geometry":{"type":"Point","coordinates":[-8.5069621,33.2239358]},"properties":{"id":"osm-node-11656463181","source":"osm-place","place":"quarter","name":"Phosphore El Fath Bloc C","type_osm":"node"}},{"type":"Feature","geometry":{"type":"Point","coordinates":[-8.4942762,33.2253209]},"properties":{"id":"osm-node-11657179474","source":"osm-place","place":"quarter","name":"Lot. Annasr","type_osm":"node"}},{"type":"Feature","geometry":{"type":"Point","coordinates":[-8.4938399,33.2239372]},"properties":{"id":"osm-node-11657179483","source":"osm-place","place":"quarter","name":"Lot. Zahraoui","type_osm":"node"}},{"type":"Feature","geometry":{"type":"Point","coordinates":[-8.4943835,33.2247524]},"properties":{"id":"osm-node-11657179488","source":"osm-place","place":"quarter","name":"Lot. El Borj","type_osm":"node"}},{"type":"Feature","geometry":{"type":"Point","coordinates":[-8.4931662,33.2296993]},"properties":{"id":"osm-node-11657309623","source":"osm-place","place":"quarter","name":"Al Bouchra","type_osm":"node"}},{"type":"Feature","geometry":{"type":"Point","coordinates":[-8.5021346,33.2362647]},"properties":{"id":"osm-node-11657309625","source":"osm-place","place":"quarter","name":"Les Cheminoits","type_osm":"node"}},{"type":"Feature","geometry":{"type":"Point","coordinates":[-8.5025816,33.2393801]},"properties":{"id":"osm-node-11657309626","source":"osm-place","place":"quarter","name":"Yacout V","type_osm":"node"}},{"type":"Feature","geometry":{"type":"Point","coordinates":[-8.5058843,33.2394219]},"properties":{"id":"osm-node-11657309627","source":"osm-place","place":"quarter","name":"Lot. Ibn Badiss","type_osm":"node"}},{"type":"Feature","geometry":{"type":"Point","coordinates":[-8.5078906,33.2411186]},"properties":{"id":"osm-node-11657309628","source":"osm-place","place":"quarter","name":"Cité des Hors Cadre","type_osm":"node"}},{"type":"Feature","geometry":{"type":"Point","coordinates":[-8.5085406,33.2392387]},"properties":{"id":"osm-node-11657350061","source":"osm-place","place":"quarter","name":"Azhar II","type_osm":"node"}},{"type":"Feature","geometry":{"type":"Point","coordinates":[-8.5029178,33.2313955]},"properties":{"id":"osm-node-11659304430","source":"osm-place","place":"quarter","name":"Les Jardins de Mazagan II","type_osm":"node"}},{"type":"Feature","geometry":{"type":"Point","coordinates":[-8.5014757,33.231053]},"properties":{"id":"osm-node-11659304431","source":"osm-place","place":"quarter","name":"Basma","type_osm":"node"}},{"type":"Feature","geometry":{"type":"Point","coordinates":[-4.3748526,35.0567348]},"properties":{"id":"osm-node-11688900821","source":"osm-place","place":"quarter","name":"الخربة","name_ar":"الخربة","type_osm":"node"}},{"type":"Feature","geometry":{"type":"Point","coordinates":[-4.3704237,35.0748291]},"properties":{"id":"osm-node-11688916725","source":"osm-place","place":"neighbourhood","name":"تيزي مولود","type_osm":"node"}},{"type":"Feature","geometry":{"type":"Point","coordinates":[-2.983172,35.1551565]},"properties":{"id":"osm-node-11729331719","source":"osm-place","place":"quarter","name":"Jaadar","type_osm":"node"}},{"type":"Feature","geometry":{"type":"Point","coordinates":[-8.4949307,33.2231445]},"properties":{"id":"osm-node-11804563924","source":"osm-place","place":"quarter","name":"Lot. Mabrouka","type_osm":"node"}},{"type":"Feature","geometry":{"type":"Point","coordinates":[-8.5335154,33.2320539]},"properties":{"id":"osm-node-11804574998","source":"osm-place","place":"quarter","name":"Lot. Anass","type_osm":"node"}},{"type":"Feature","geometry":{"type":"Point","coordinates":[-8.5344613,33.2338114]},"properties":{"id":"osm-node-11804574999","source":"osm-place","place":"quarter","name":"Coop. Wiam","type_osm":"node"}},{"type":"Feature","geometry":{"type":"Point","coordinates":[-8.4835579,33.2317294]},"properties":{"id":"osm-node-11804588940","source":"osm-place","place":"quarter","name":"El Boustane 3","type_osm":"node"}},{"type":"Feature","geometry":{"type":"Point","coordinates":[-8.4833228,33.2305165]},"properties":{"id":"osm-node-11804588941","source":"osm-place","place":"quarter","name":"Coop. El Mouhit","type_osm":"node"}},{"type":"Feature","geometry":{"type":"Point","coordinates":[-8.4808889,33.2267173]},"properties":{"id":"osm-node-11804588942","source":"osm-place","place":"quarter","name":"Wissal 1","type_osm":"node"}},{"type":"Feature","geometry":{"type":"Point","coordinates":[-8.4817669,33.2254533]},"properties":{"id":"osm-node-11804588943","source":"osm-place","place":"quarter","name":"Kawtar","type_osm":"node"}},{"type":"Feature","geometry":{"type":"Point","coordinates":[-8.4833225,33.2268175]},"properties":{"id":"osm-node-11804588944","source":"osm-place","place":"quarter","name":"Coop. Abderrahmane Doukkali","type_osm":"node"}},{"type":"Feature","geometry":{"type":"Point","coordinates":[-8.48442,33.2263074]},"properties":{"id":"osm-node-11804588945","source":"osm-place","place":"quarter","name":"Coop. Ibn Khaldoun","type_osm":"node"}},{"type":"Feature","geometry":{"type":"Point","coordinates":[-8.4861532,33.2297088]},"properties":{"id":"osm-node-11804588946","source":"osm-place","place":"quarter","name":"Les Jardins D'El Jadida","type_osm":"node"}},{"type":"Feature","geometry":{"type":"Point","coordinates":[-8.4868248,33.2299384]},"properties":{"id":"osm-node-11804588948","source":"osm-place","place":"quarter","name":"Amicale Essafae","type_osm":"node"}},{"type":"Feature","geometry":{"type":"Point","coordinates":[-8.486404,33.2309877]},"properties":{"id":"osm-node-11804588949","source":"osm-place","place":"quarter","name":"Al Boustane 5","type_osm":"node"}},{"type":"Feature","geometry":{"type":"Point","coordinates":[-8.4867703,33.232194]},"properties":{"id":"osm-node-11804588951","source":"osm-place","place":"quarter","name":"Al Boustane 9","type_osm":"node"}},{"type":"Feature","geometry":{"type":"Point","coordinates":[-8.5032838,33.2534834]},"properties":{"id":"osm-node-11805142433","source":"osm-place","place":"quarter","name":"Place El Hansali ساحة الحنصلي","type_osm":"node"}},{"type":"Feature","geometry":{"type":"Point","coordinates":[-8.5044448,33.2578305]},"properties":{"id":"osm-node-11809515881","source":"osm-place","place":"quarter","name":"Hay Er-Rjila الرجيلة","type_osm":"node"}},{"type":"Feature","geometry":{"type":"Point","coordinates":[-6.6546713,34.2481662]},"properties":{"id":"osm-node-11810492219","source":"osm-place","place":"suburb","name":"Alliance","type_osm":"node"}},{"type":"Feature","geometry":{"type":"Point","coordinates":[-6.639593,34.2518708]},"properties":{"id":"osm-node-11810492220","source":"osm-place","place":"suburb","name":"Tissir","type_osm":"node"}},{"type":"Feature","geometry":{"type":"Point","coordinates":[-6.61938,34.2243742]},"properties":{"id":"osm-node-11810503234","source":"osm-place","place":"suburb","name":"Jnane","type_osm":"node"}},{"type":"Feature","geometry":{"type":"Point","coordinates":[-8.5023323,33.2567967]},"properties":{"id":"osm-node-11812383595","source":"osm-place","place":"quarter","name":"Cité Portugaise الحي البرتغالي","type_osm":"node"}},{"type":"Feature","geometry":{"type":"Point","coordinates":[-8.5146886,33.2591708]},"properties":{"id":"osm-node-11812453043","source":"osm-place","place":"quarter","name":"Panorama حي بانوراما","type_osm":"node"}},{"type":"Feature","geometry":{"type":"Point","coordinates":[-8.5139376,33.2609584]},"properties":{"id":"osm-node-11812453051","source":"osm-place","place":"quarter","name":"Hay Assaadiyine حي السعديين","type_osm":"node"}},{"type":"Feature","geometry":{"type":"Point","coordinates":[-8.5166931,33.2509055]},"properties":{"id":"osm-node-11812453052","source":"osm-place","place":"quarter","name":"El Falora الفلورة","type_osm":"node"}},{"type":"Feature","geometry":{"type":"Point","coordinates":[-8.5200616,33.2510203]},"properties":{"id":"osm-node-11812453056","source":"osm-place","place":"quarter","name":"Mouilha حي المويلحة","type_osm":"node"}},{"type":"Feature","geometry":{"type":"Point","coordinates":[-8.5049879,33.2536016]},"properties":{"id":"osm-node-11812994851","source":"osm-place","place":"quarter","name":"Derb Ben Driss","type_osm":"node"}},{"type":"Feature","geometry":{"type":"Point","coordinates":[-8.5046472,33.2540506]},"properties":{"id":"osm-node-11812994956","source":"osm-place","place":"quarter","name":"Derb Bendagha","type_osm":"node"}},{"type":"Feature","geometry":{"type":"Point","coordinates":[-8.5043554,33.2541485]},"properties":{"id":"osm-node-11815600383","source":"osm-place","place":"quarter","name":"Derb Fqih El Mendili","type_osm":"node"}},{"type":"Feature","geometry":{"type":"Point","coordinates":[-8.5049114,33.255073]},"properties":{"id":"osm-node-11815761643","source":"osm-place","place":"quarter","name":"Derb Lferran (Souika)","type_osm":"node"}},{"type":"Feature","geometry":{"type":"Point","coordinates":[-8.5045754,33.2528241]},"properties":{"id":"osm-node-11831349436","source":"osm-place","place":"quarter","name":"Derb Somic","type_osm":"node"}},{"type":"Feature","geometry":{"type":"Point","coordinates":[-8.5044273,33.2509277]},"properties":{"id":"osm-node-11978083061","source":"osm-place","place":"quarter","name":"Derb Eddaya","type_osm":"node"}},{"type":"Feature","geometry":{"type":"Point","coordinates":[-8.5169375,33.2257884]},"properties":{"id":"osm-node-11997846409","source":"osm-place","place":"quarter","name":"El Gaour","type_osm":"node"}},{"type":"Feature","geometry":{"type":"Point","coordinates":[-8.5217431,33.2301314]},"properties":{"id":"osm-node-11997846419","source":"osm-place","place":"quarter","name":"Ennakhil 4","type_osm":"node"}},{"type":"Feature","geometry":{"type":"Point","coordinates":[-8.5220194,33.2285235]},"properties":{"id":"osm-node-11997846423","source":"osm-place","place":"quarter","name":"Ennakhil 5","type_osm":"node"}},{"type":"Feature","geometry":{"type":"Point","coordinates":[-8.5221597,33.2271092]},"properties":{"id":"osm-node-11997846434","source":"osm-place","place":"quarter","name":"Ennakhil 7","type_osm":"node"}},{"type":"Feature","geometry":{"type":"Point","coordinates":[-8.5242197,33.2276499]},"properties":{"id":"osm-node-11997846448","source":"osm-place","place":"quarter","name":"Al Qods","type_osm":"node"}},{"type":"Feature","geometry":{"type":"Point","coordinates":[-8.5204127,33.2243786]},"properties":{"id":"osm-node-11997849287","source":"osm-place","place":"quarter","name":"Amira","type_osm":"node"}},{"type":"Feature","geometry":{"type":"Point","coordinates":[-8.5260296,33.2267745]},"properties":{"id":"osm-node-11997849351","source":"osm-place","place":"quarter","name":"El Braija","type_osm":"node"}},{"type":"Feature","geometry":{"type":"Point","coordinates":[-8.5277999,33.2253034]},"properties":{"id":"osm-node-11997849366","source":"osm-place","place":"quarter","name":"Cata Z","type_osm":"node"}},{"type":"Feature","geometry":{"type":"Point","coordinates":[-8.526584,33.2249691]},"properties":{"id":"osm-node-11997849387","source":"osm-place","place":"quarter","name":"Lot. Hanane","type_osm":"node"}},{"type":"Feature","geometry":{"type":"Point","coordinates":[-8.5285529,33.2235525]},"properties":{"id":"osm-node-11998025400","source":"osm-place","place":"quarter","name":"Dyar Al Morjane","type_osm":"node"}},{"type":"Feature","geometry":{"type":"Point","coordinates":[-8.5173355,33.2312021]},"properties":{"id":"osm-node-11998752689","source":"osm-place","place":"quarter","name":"Assadaka","type_osm":"node"}},{"type":"Feature","geometry":{"type":"Point","coordinates":[-8.5253493,33.2301972]},"properties":{"id":"osm-node-11998752713","source":"osm-place","place":"quarter","name":"Hay El Matar حي المطر","type_osm":"node"}},{"type":"Feature","geometry":{"type":"Point","coordinates":[-8.5245267,33.2331812]},"properties":{"id":"osm-node-11998752714","source":"osm-place","place":"quarter","name":"Coop. Badr","type_osm":"node"}},{"type":"Feature","geometry":{"type":"Point","coordinates":[-8.5226331,33.2378558]},"properties":{"id":"osm-node-11998752722","source":"osm-place","place":"quarter","name":"Hay Nassim","type_osm":"node"}},{"type":"Feature","geometry":{"type":"Point","coordinates":[-8.5208995,33.2396976]},"properties":{"id":"osm-node-11998752736","source":"osm-place","place":"quarter","name":"Hay Erryad","type_osm":"node"}},{"type":"Feature","geometry":{"type":"Point","coordinates":[-8.5194189,33.2405322]},"properties":{"id":"osm-node-11998752741","source":"osm-place","place":"quarter","name":"Ennakhil 2","type_osm":"node"}},{"type":"Feature","geometry":{"type":"Point","coordinates":[-8.5195655,33.2429116]},"properties":{"id":"osm-node-11998752750","source":"osm-place","place":"quarter","name":"Cités des Cadres","type_osm":"node"}},{"type":"Feature","geometry":{"type":"Point","coordinates":[-8.5221119,33.2405381]},"properties":{"id":"osm-node-11998752762","source":"osm-place","place":"quarter","name":"Lot. 240","type_osm":"node"}},{"type":"Feature","geometry":{"type":"Point","coordinates":[-8.52471,33.2370392]},"properties":{"id":"osm-node-11999714019","source":"osm-place","place":"quarter","name":"Maghreb Binae حي المغرب بينا","type_osm":"node"}},{"type":"Feature","geometry":{"type":"Point","coordinates":[-8.5260404,33.2370355]},"properties":{"id":"osm-node-11999714025","source":"osm-place","place":"quarter","name":"Karima 5","type_osm":"node"}},{"type":"Feature","geometry":{"type":"Point","coordinates":[-8.5269326,33.2376188]},"properties":{"id":"osm-node-11999714029","source":"osm-place","place":"quarter","name":"Lot. Al Manzeh","type_osm":"node"}},{"type":"Feature","geometry":{"type":"Point","coordinates":[-8.5282523,33.238392]},"properties":{"id":"osm-node-11999714039","source":"osm-place","place":"quarter","name":"Fadl Allah","type_osm":"node"}},{"type":"Feature","geometry":{"type":"Point","coordinates":[-8.5242853,33.2405082]},"properties":{"id":"osm-node-11999714068","source":"osm-place","place":"quarter","name":"Lot. Asfi","type_osm":"node"}},{"type":"Feature","geometry":{"type":"Point","coordinates":[-8.5253037,33.2387304]},"properties":{"id":"osm-node-11999726570","source":"osm-place","place":"quarter","name":"Hay Al Amal حي الأمل","type_osm":"node"}},{"type":"Feature","geometry":{"type":"Point","coordinates":[-8.5280172,33.2393439]},"properties":{"id":"osm-node-11999726573","source":"osm-place","place":"quarter","name":"Hay Chakir","type_osm":"node"}},{"type":"Feature","geometry":{"type":"Point","coordinates":[-8.5271088,33.2400842]},"properties":{"id":"osm-node-11999726576","source":"osm-place","place":"quarter","name":"Najmat Al Janoub 2","type_osm":"node"}},{"type":"Feature","geometry":{"type":"Point","coordinates":[-8.5242096,33.2417429]},"properties":{"id":"osm-node-11999726791","source":"osm-place","place":"quarter","name":"Soprija","type_osm":"node"}},{"type":"Feature","geometry":{"type":"Point","coordinates":[-8.5262751,33.2342088]},"properties":{"id":"osm-node-11999726809","source":"osm-place","place":"quarter","name":"Asmae 2","type_osm":"node"}},{"type":"Feature","geometry":{"type":"Point","coordinates":[-8.5274585,33.2360389]},"properties":{"id":"osm-node-11999964977","source":"osm-place","place":"quarter","name":"Amine","type_osm":"node"}},{"type":"Feature","geometry":{"type":"Point","coordinates":[-8.5330098,33.235653]},"properties":{"id":"osm-node-11999964990","source":"osm-place","place":"quarter","name":"Coop. El Hassania","type_osm":"node"}},{"type":"Feature","geometry":{"type":"Point","coordinates":[-8.5290115,33.2369004]},"properties":{"id":"osm-node-11999964999","source":"osm-place","place":"quarter","name":"Najmat El Janoub 7","type_osm":"node"}},{"type":"Feature","geometry":{"type":"Point","coordinates":[-8.5292028,33.2336564]},"properties":{"id":"osm-node-11999965018","source":"osm-place","place":"quarter","name":"Annakhla","type_osm":"node"}},{"type":"Feature","geometry":{"type":"Point","coordinates":[-8.5247521,33.2349045]},"properties":{"id":"osm-node-11999965034","source":"osm-place","place":"quarter","name":"Feddan Cheikh فدان الشيخ","type_osm":"node"}},{"type":"Feature","geometry":{"type":"Point","coordinates":[-8.5250499,33.2360688]},"properties":{"id":"osm-node-11999965035","source":"osm-place","place":"quarter","name":"Bahraoui","type_osm":"node"}},{"type":"Feature","geometry":{"type":"Point","coordinates":[-8.5237132,33.2355468]},"properties":{"id":"osm-node-11999965040","source":"osm-place","place":"quarter","name":"Adam","type_osm":"node"}},{"type":"Feature","geometry":{"type":"Point","coordinates":[-8.5271,33.2333123]},"properties":{"id":"osm-node-11999965041","source":"osm-place","place":"quarter","name":"Melk Cheikh ملك الشيخ","type_osm":"node"}},{"type":"Feature","geometry":{"type":"Point","coordinates":[-8.5277548,33.23764]},"properties":{"id":"osm-node-12000517189","source":"osm-place","place":"quarter","name":"Lot. Rahmoune","type_osm":"node"}},{"type":"Feature","geometry":{"type":"Point","coordinates":[-8.5284808,33.2350347]},"properties":{"id":"osm-node-12000517192","source":"osm-place","place":"quarter","name":"Isbah 3","type_osm":"node"}},{"type":"Feature","geometry":{"type":"Point","coordinates":[-8.5312399,33.2339137]},"properties":{"id":"osm-node-12000517200","source":"osm-place","place":"quarter","name":"Hasnae","type_osm":"node"}},{"type":"Feature","geometry":{"type":"Point","coordinates":[-8.5305032,33.2374121]},"properties":{"id":"osm-node-12000517211","source":"osm-place","place":"quarter","name":"Najmat Al Janoub III","type_osm":"node"}},{"type":"Feature","geometry":{"type":"Point","coordinates":[-8.5315725,33.235212]},"properties":{"id":"osm-node-12000517221","source":"osm-place","place":"quarter","name":"Tranche 3","type_osm":"node"}},{"type":"Feature","geometry":{"type":"Point","coordinates":[-8.5304522,33.2345232]},"properties":{"id":"osm-node-12000517235","source":"osm-place","place":"quarter","name":"Naima II","type_osm":"node"}},{"type":"Feature","geometry":{"type":"Point","coordinates":[-8.5298156,33.2361759]},"properties":{"id":"osm-node-12000517236","source":"osm-place","place":"quarter","name":"Naima I","type_osm":"node"}},{"type":"Feature","geometry":{"type":"Point","coordinates":[-8.531505,33.2326144]},"properties":{"id":"osm-node-12000517263","source":"osm-place","place":"quarter","name":"Diar Al Alya 1","type_osm":"node"}},{"type":"Feature","geometry":{"type":"Point","coordinates":[-8.5321729,33.2341976]},"properties":{"id":"osm-node-12000520777","source":"osm-place","place":"quarter","name":"La Cigale","type_osm":"node"}},{"type":"Feature","geometry":{"type":"Point","coordinates":[-8.5287075,33.2307724]},"properties":{"id":"osm-node-12001118597","source":"osm-place","place":"quarter","name":"Lot. Al Jadida","type_osm":"node"}},{"type":"Feature","geometry":{"type":"Point","coordinates":[-8.5304071,33.2313468]},"properties":{"id":"osm-node-12001118609","source":"osm-place","place":"quarter","name":"Douar Dahhak","type_osm":"node"}},{"type":"Feature","geometry":{"type":"Point","coordinates":[-8.5303302,33.2294659]},"properties":{"id":"osm-node-12001118643","source":"osm-place","place":"quarter","name":"Al Alya","type_osm":"node"}},{"type":"Feature","geometry":{"type":"Point","coordinates":[-8.5291777,33.2299363]},"properties":{"id":"osm-node-12001118644","source":"osm-place","place":"quarter","name":"Ard Lgor","type_osm":"node"}},{"type":"Feature","geometry":{"type":"Point","coordinates":[-8.5311465,33.2300612]},"properties":{"id":"osm-node-12001190079","source":"osm-place","place":"quarter","name":"Lot. Jdida","type_osm":"node"}},{"type":"Feature","geometry":{"type":"Point","coordinates":[-8.5324527,33.2300335]},"properties":{"id":"osm-node-12001190085","source":"osm-place","place":"quarter","name":"Al Moustakbal","type_osm":"node"}},{"type":"Feature","geometry":{"type":"Point","coordinates":[-8.5316212,33.2295728]},"properties":{"id":"osm-node-12001190086","source":"osm-place","place":"quarter","name":"Fath Allah","type_osm":"node"}},{"type":"Feature","geometry":{"type":"Point","coordinates":[-8.5315193,33.2308584]},"properties":{"id":"osm-node-12001190098","source":"osm-place","place":"quarter","name":"Al Khalil","type_osm":"node"}},{"type":"Feature","geometry":{"type":"Point","coordinates":[-8.5331644,33.228205]},"properties":{"id":"osm-node-12001190108","source":"osm-place","place":"quarter","name":"Al Alya 2","type_osm":"node"}},{"type":"Feature","geometry":{"type":"Point","coordinates":[-8.5352038,33.2271721]},"properties":{"id":"osm-node-12001190126","source":"osm-place","place":"quarter","name":"Palmiers 10","type_osm":"node"}},{"type":"Feature","geometry":{"type":"Point","coordinates":[-8.519663,33.2479656]},"properties":{"id":"osm-node-12001190135","source":"osm-place","place":"quarter","name":"Bir Anzarane","type_osm":"node"}},{"type":"Feature","geometry":{"type":"Point","coordinates":[-8.5234128,33.2505033]},"properties":{"id":"osm-node-12001190154","source":"osm-place","place":"quarter","name":"Derb Bouali","type_osm":"node"}},{"type":"Feature","geometry":{"type":"Point","coordinates":[-8.5255192,33.2503283]},"properties":{"id":"osm-node-12001190159","source":"osm-place","place":"quarter","name":"Hay Narjiss","type_osm":"node"}},{"type":"Feature","geometry":{"type":"Point","coordinates":[-8.5253189,33.2489077]},"properties":{"id":"osm-node-12001190160","source":"osm-place","place":"quarter","name":"Laaroussi","type_osm":"node"}},{"type":"Feature","geometry":{"type":"Point","coordinates":[-8.5226765,33.250608]},"properties":{"id":"osm-node-12001771006","source":"osm-place","place":"quarter","name":"Lot. Boutaina","type_osm":"node"}},{"type":"Feature","geometry":{"type":"Point","coordinates":[-8.5212178,33.2528944]},"properties":{"id":"osm-node-12001771015","source":"osm-place","place":"quarter","name":"Annasr","type_osm":"node"}},{"type":"Feature","geometry":{"type":"Point","coordinates":[-8.5253174,33.2540278]},"properties":{"id":"osm-node-12001771024","source":"osm-place","place":"quarter","name":"Ennasser","type_osm":"node"}},{"type":"Feature","geometry":{"type":"Point","coordinates":[-8.5255226,33.2463494]},"properties":{"id":"osm-node-12001771053","source":"osm-place","place":"quarter","name":"Al Mouahidine","type_osm":"node"}},{"type":"Feature","geometry":{"type":"Point","coordinates":[-8.525097,33.2458409]},"properties":{"id":"osm-node-12001771054","source":"osm-place","place":"quarter","name":"Tibari","type_osm":"node"}},{"type":"Feature","geometry":{"type":"Point","coordinates":[-8.5247072,33.2475113]},"properties":{"id":"osm-node-12001771057","source":"osm-place","place":"quarter","name":"Machaa Allah","type_osm":"node"}},{"type":"Feature","geometry":{"type":"Point","coordinates":[-8.5221823,33.2472302]},"properties":{"id":"osm-node-12001771064","source":"osm-place","place":"quarter","name":"Lot. Hind","type_osm":"node"}},{"type":"Feature","geometry":{"type":"Point","coordinates":[-8.522674,33.246395]},"properties":{"id":"osm-node-12001771073","source":"osm-place","place":"quarter","name":"Al Mohit","type_osm":"node"}},{"type":"Feature","geometry":{"type":"Point","coordinates":[-8.5240143,33.2456794]},"properties":{"id":"osm-node-12001771081","source":"osm-place","place":"quarter","name":"Labatiya","type_osm":"node"}},{"type":"Feature","geometry":{"type":"Point","coordinates":[-8.5265918,33.2527561]},"properties":{"id":"osm-node-12002670447","source":"osm-place","place":"quarter","name":"Al Bahr","type_osm":"node"}},{"type":"Feature","geometry":{"type":"Point","coordinates":[-8.5299699,33.2467587]},"properties":{"id":"osm-node-12002709244","source":"osm-place","place":"quarter","name":"Al Moutanabi","type_osm":"node"}},{"type":"Feature","geometry":{"type":"Point","coordinates":[-8.5309963,33.2450621]},"properties":{"id":"osm-node-12002709247","source":"osm-place","place":"quarter","name":"Chams 1","type_osm":"node"}},{"type":"Feature","geometry":{"type":"Point","coordinates":[-8.5285072,33.2455803]},"properties":{"id":"osm-node-12002709248","source":"osm-place","place":"quarter","name":"Chams 2","type_osm":"node"}},{"type":"Feature","geometry":{"type":"Point","coordinates":[-8.5326427,33.2466429]},"properties":{"id":"osm-node-12003580468","source":"osm-place","place":"quarter","name":"El Herraz","type_osm":"node"}},{"type":"Feature","geometry":{"type":"Point","coordinates":[-8.532637,33.2440542]},"properties":{"id":"osm-node-12003627671","source":"osm-place","place":"quarter","name":"Lot. Lamiaa","type_osm":"node"}},{"type":"Feature","geometry":{"type":"Point","coordinates":[-8.5339097,33.2455741]},"properties":{"id":"osm-node-12003627678","source":"osm-place","place":"quarter","name":"Lot. Oussama","type_osm":"node"}},{"type":"Feature","geometry":{"type":"Point","coordinates":[-8.5356198,33.2440794]},"properties":{"id":"osm-node-12003627686","source":"osm-place","place":"quarter","name":"Nour Al Mouhit","type_osm":"node"}},{"type":"Feature","geometry":{"type":"Point","coordinates":[-8.5350869,33.2427977]},"properties":{"id":"osm-node-12003627695","source":"osm-place","place":"quarter","name":"Coop. Attadamoune","type_osm":"node"}},{"type":"Feature","geometry":{"type":"Point","coordinates":[-8.5346828,33.244712]},"properties":{"id":"osm-node-12003627697","source":"osm-place","place":"quarter","name":"Les Jardins de l'Océan","type_osm":"node"}},{"type":"Feature","geometry":{"type":"Point","coordinates":[-8.5323931,33.2420769]},"properties":{"id":"osm-node-12003627706","source":"osm-place","place":"quarter","name":"Nouzha","type_osm":"node"}},{"type":"Feature","geometry":{"type":"Point","coordinates":[-8.5309595,33.2406193]},"properties":{"id":"osm-node-12003627713","source":"osm-place","place":"quarter","name":"Soujda","type_osm":"node"}},{"type":"Feature","geometry":{"type":"Point","coordinates":[-8.5312885,33.2392148]},"properties":{"id":"osm-node-12003627722","source":"osm-place","place":"quarter","name":"Résidence Al Jadida","type_osm":"node"}},{"type":"Feature","geometry":{"type":"Point","coordinates":[-8.5337937,33.2378628]},"properties":{"id":"osm-node-12006298390","source":"osm-place","place":"quarter","name":"El Hilal","type_osm":"node"}},{"type":"Feature","geometry":{"type":"Point","coordinates":[-8.5320779,33.2377648]},"properties":{"id":"osm-node-12006298391","source":"osm-place","place":"quarter","name":"Rés. Nadia","type_osm":"node"}},{"type":"Feature","geometry":{"type":"Point","coordinates":[-8.5323202,33.2388656]},"properties":{"id":"osm-node-12006298400","source":"osm-place","place":"quarter","name":"Coop. Al Khair","type_osm":"node"}},{"type":"Feature","geometry":{"type":"Point","coordinates":[-8.5337901,33.2389149]},"properties":{"id":"osm-node-12006298403","source":"osm-place","place":"quarter","name":"Rés. Azilal","type_osm":"node"}},{"type":"Feature","geometry":{"type":"Point","coordinates":[-8.5353297,33.2384722]},"properties":{"id":"osm-node-12006298410","source":"osm-place","place":"quarter","name":"Rés. Jamila","type_osm":"node"}},{"type":"Feature","geometry":{"type":"Point","coordinates":[-8.5344606,33.2372159]},"properties":{"id":"osm-node-12006298418","source":"osm-place","place":"quarter","name":"Lot. Ezzahour","type_osm":"node"}},{"type":"Feature","geometry":{"type":"Point","coordinates":[-8.5362738,33.2388342]},"properties":{"id":"osm-node-12006298428","source":"osm-place","place":"quarter","name":"Toubkal","type_osm":"node"}},{"type":"Feature","geometry":{"type":"Point","coordinates":[-8.5365581,33.2397285]},"properties":{"id":"osm-node-12006298437","source":"osm-place","place":"quarter","name":"Rés. Zohour","type_osm":"node"}},{"type":"Feature","geometry":{"type":"Point","coordinates":[-8.5362103,33.2411725]},"properties":{"id":"osm-node-12006298455","source":"osm-place","place":"quarter","name":"Hay Chrifa 2","type_osm":"node"}},{"type":"Feature","geometry":{"type":"Point","coordinates":[-8.5374155,33.2418829]},"properties":{"id":"osm-node-12006298464","source":"osm-place","place":"quarter","name":"Taraj","type_osm":"node"}},{"type":"Feature","geometry":{"type":"Point","coordinates":[-8.5369765,33.2431391]},"properties":{"id":"osm-node-12006308783","source":"osm-place","place":"quarter","name":"Kerdouss","type_osm":"node"}},{"type":"Feature","geometry":{"type":"Point","coordinates":[-8.537994,33.2387115]},"properties":{"id":"osm-node-12006308822","source":"osm-place","place":"quarter","name":"Hay Chrifa 1","type_osm":"node"}},{"type":"Feature","geometry":{"type":"Point","coordinates":[-8.5318455,33.2406004]},"properties":{"id":"osm-node-12006308826","source":"osm-place","place":"quarter","name":"Coop. Ennour","type_osm":"node"}},{"type":"Feature","geometry":{"type":"Point","coordinates":[-8.5315469,33.2401607]},"properties":{"id":"osm-node-12006308834","source":"osm-place","place":"quarter","name":"Coop. Attawhid","type_osm":"node"}},{"type":"Feature","geometry":{"type":"Point","coordinates":[-8.5316416,33.2395386]},"properties":{"id":"osm-node-12006308836","source":"osm-place","place":"quarter","name":"Al Hanaa","type_osm":"node"}},{"type":"Feature","geometry":{"type":"Point","coordinates":[-8.5360727,33.2430875]},"properties":{"id":"osm-node-12006308837","source":"osm-place","place":"quarter","name":"Bennani","type_osm":"node"}},{"type":"Feature","geometry":{"type":"Point","coordinates":[-8.5335317,33.2407724]},"properties":{"id":"osm-node-12006308846","source":"osm-place","place":"quarter","name":"Saada 3","type_osm":"node"}},{"type":"Feature","geometry":{"type":"Point","coordinates":[-8.5249786,33.2424201]},"properties":{"id":"osm-node-12006308855","source":"osm-place","place":"quarter","name":"Sophal","type_osm":"node"}},{"type":"Feature","geometry":{"type":"Point","coordinates":[-8.5228511,33.2437141]},"properties":{"id":"osm-node-12006308856","source":"osm-place","place":"quarter","name":"L'Océan","type_osm":"node"}},{"type":"Feature","geometry":{"type":"Point","coordinates":[-8.5306769,33.2420578]},"properties":{"id":"osm-node-12006308866","source":"osm-place","place":"quarter","name":"Lot. Faycel","type_osm":"node"}},{"type":"Feature","geometry":{"type":"Point","coordinates":[-8.5288834,33.2412383]},"properties":{"id":"osm-node-12006308870","source":"osm-place","place":"quarter","name":"Al Mostakbal","type_osm":"node"}},{"type":"Feature","geometry":{"type":"Point","coordinates":[-8.5237515,33.2445135]},"properties":{"id":"osm-node-12006308879","source":"osm-place","place":"quarter","name":"Lot. Ouard","type_osm":"node"}},{"type":"Feature","geometry":{"type":"Point","coordinates":[-8.5281083,33.2434083]},"properties":{"id":"osm-node-12006308881","source":"osm-place","place":"quarter","name":"Hay Saada حي السعادة","type_osm":"node"}},{"type":"Feature","geometry":{"type":"Point","coordinates":[-8.5286867,33.2493655]},"properties":{"id":"osm-node-12006308882","source":"osm-place","place":"quarter","name":"El Manar حي المنار","type_osm":"node"}},{"type":"Feature","geometry":{"type":"Point","coordinates":[-8.517038,33.2499761]},"properties":{"id":"osm-node-12006361187","source":"osm-place","place":"quarter","name":"Lot. Annakhl","type_osm":"node"}},{"type":"Feature","geometry":{"type":"Point","coordinates":[-8.5181744,33.2553893]},"properties":{"id":"osm-node-12006361205","source":"osm-place","place":"quarter","name":"Dyour Chouhada","type_osm":"node"}},{"type":"Feature","geometry":{"type":"Point","coordinates":[-8.5157819,33.2574169]},"properties":{"id":"osm-node-12006361212","source":"osm-place","place":"quarter","name":"Derb Lhaj Chaoui","type_osm":"node"}},{"type":"Feature","geometry":{"type":"Point","coordinates":[-8.5111139,33.2631421]},"properties":{"id":"osm-node-12007017060","source":"osm-place","place":"quarter","name":"Lot. Al Hamd","type_osm":"node"}},{"type":"Feature","geometry":{"type":"Point","coordinates":[-8.5132034,33.2553392]},"properties":{"id":"osm-node-12007017068","source":"osm-place","place":"quarter","name":"Derb Bouhafid","type_osm":"node"}},{"type":"Feature","geometry":{"type":"Point","coordinates":[-8.5140456,33.256584]},"properties":{"id":"osm-node-12007031075","source":"osm-place","place":"quarter","name":"Al Malaki","type_osm":"node"}},{"type":"Feature","geometry":{"type":"Point","coordinates":[-8.5165365,33.2558439]},"properties":{"id":"osm-node-12007031081","source":"osm-place","place":"quarter","name":"Al Khiyari","type_osm":"node"}},{"type":"Feature","geometry":{"type":"Point","coordinates":[-8.5162977,33.2543874]},"properties":{"id":"osm-node-12007031101","source":"osm-place","place":"quarter","name":"Derb Belfakih","type_osm":"node"}},{"type":"Feature","geometry":{"type":"Point","coordinates":[-8.5176728,33.2537616]},"properties":{"id":"osm-node-12007031102","source":"osm-place","place":"quarter","name":"Derb Chaoui El Guerrab","type_osm":"node"}},{"type":"Feature","geometry":{"type":"Point","coordinates":[-8.5121627,33.2540106]},"properties":{"id":"osm-node-12007031112","source":"osm-place","place":"quarter","name":"Derb Erridzou","type_osm":"node"}},{"type":"Feature","geometry":{"type":"Point","coordinates":[-8.5145606,33.2534484]},"properties":{"id":"osm-node-12007031113","source":"osm-place","place":"quarter","name":"Lalla Zahra لالة زهرة","type_osm":"node"}},{"type":"Feature","geometry":{"type":"Point","coordinates":[-8.5119463,33.2547336]},"properties":{"id":"osm-node-12007031119","source":"osm-place","place":"quarter","name":"Derb 640","type_osm":"node"}},{"type":"Feature","geometry":{"type":"Point","coordinates":[-8.5114492,33.256525]},"properties":{"id":"osm-node-12007031124","source":"osm-place","place":"quarter","name":"Derb Fourniss","type_osm":"node"}},{"type":"Feature","geometry":{"type":"Point","coordinates":[-8.5121779,33.2564794]},"properties":{"id":"osm-node-12007031125","source":"osm-place","place":"quarter","name":"El Hassania","type_osm":"node"}},{"type":"Feature","geometry":{"type":"Point","coordinates":[-8.5127188,33.2625792]},"properties":{"id":"osm-node-12008276794","source":"osm-place","place":"quarter","name":"El Gourna","type_osm":"node"}},{"type":"Feature","geometry":{"type":"Point","coordinates":[-8.5121359,33.2594676]},"properties":{"id":"osm-node-12008276808","source":"osm-place","place":"quarter","name":"Derb Ghallef درب غلف","type_osm":"node"}},{"type":"Feature","geometry":{"type":"Point","coordinates":[-8.5102467,33.2598616]},"properties":{"id":"osm-node-12008276813","source":"osm-place","place":"quarter","name":"Lot. El Fath","type_osm":"node"}},{"type":"Feature","geometry":{"type":"Point","coordinates":[-8.5080562,33.2607558]},"properties":{"id":"osm-node-12008276821","source":"osm-place","place":"quarter","name":"Derb Ksiksou","type_osm":"node"}},{"type":"Feature","geometry":{"type":"Point","coordinates":[-8.508362,33.2627788]},"properties":{"id":"osm-node-12008276833","source":"osm-place","place":"quarter","name":"Essim","type_osm":"node"}},{"type":"Feature","geometry":{"type":"Point","coordinates":[-8.5094367,33.2635129]},"properties":{"id":"osm-node-12008276834","source":"osm-place","place":"quarter","name":"Lot. Yasmine","type_osm":"node"}},{"type":"Feature","geometry":{"type":"Point","coordinates":[-8.5098792,33.2622177]},"properties":{"id":"osm-node-12008276841","source":"osm-place","place":"quarter","name":"Ksar Lahmar","type_osm":"node"}},{"type":"Feature","geometry":{"type":"Point","coordinates":[-8.5080945,33.2581456]},"properties":{"id":"osm-node-12009775371","source":"osm-place","place":"quarter","name":"20 Août","type_osm":"node"}},{"type":"Feature","geometry":{"type":"Point","coordinates":[-8.5067214,33.2586269]},"properties":{"id":"osm-node-12009775398","source":"osm-place","place":"quarter","name":"Barq Allil","type_osm":"node"}},{"type":"Feature","geometry":{"type":"Point","coordinates":[-8.5067933,33.257778]},"properties":{"id":"osm-node-12009775399","source":"osm-place","place":"quarter","name":"Derb Benshimon","type_osm":"node"}},{"type":"Feature","geometry":{"type":"Point","coordinates":[-8.5068061,33.2582464]},"properties":{"id":"osm-node-12009775407","source":"osm-place","place":"quarter","name":"Docteur Blanc","type_osm":"node"}},{"type":"Feature","geometry":{"type":"Point","coordinates":[-8.4974172,33.2379686]},"properties":{"id":"osm-node-12009916941","source":"osm-place","place":"quarter","name":"Lot. Kohen","type_osm":"node"}},{"type":"Feature","geometry":{"type":"Point","coordinates":[-8.5090571,33.2425958]},"properties":{"id":"osm-node-12012429565","source":"osm-place","place":"quarter","name":"Al Asdikaa","type_osm":"node"}},{"type":"Feature","geometry":{"type":"Point","coordinates":[-8.499192,33.2455285]},"properties":{"id":"osm-node-12012429566","source":"osm-place","place":"quarter","name":"CIBAJ","type_osm":"node"}},{"type":"Feature","geometry":{"type":"Point","coordinates":[-8.498474,33.2477455]},"properties":{"id":"osm-node-12012429567","source":"osm-place","place":"quarter","name":"Miftah Al Khair","type_osm":"node"}},{"type":"Feature","geometry":{"type":"Point","coordinates":[-8.502173,33.2457494]},"properties":{"id":"osm-node-12012538165","source":"osm-place","place":"quarter","name":"Derb Melillia","type_osm":"node"}},{"type":"Feature","geometry":{"type":"Point","coordinates":[-8.4996812,33.2437406]},"properties":{"id":"osm-node-12012538167","source":"osm-place","place":"quarter","name":"Derb Sidi Kacem","type_osm":"node"}},{"type":"Feature","geometry":{"type":"Point","coordinates":[-8.5047667,33.2516529]},"properties":{"id":"osm-node-12012890792","source":"osm-place","place":"quarter","name":"Habous","type_osm":"node"}},{"type":"Feature","geometry":{"type":"Point","coordinates":[-8.5053366,33.2525378]},"properties":{"id":"osm-node-12013037373","source":"osm-place","place":"quarter","name":"Derb Ouled Salem","type_osm":"node"}},{"type":"Feature","geometry":{"type":"Point","coordinates":[-8.5126354,33.2446499]},"properties":{"id":"osm-node-12013037376","source":"osm-place","place":"quarter","name":"Al Adarissa","type_osm":"node"}},{"type":"Feature","geometry":{"type":"Point","coordinates":[-8.5149117,33.2469835]},"properties":{"id":"osm-node-12013037407","source":"osm-place","place":"quarter","name":"Hay Ezzouhour","type_osm":"node"}},{"type":"Feature","geometry":{"type":"Point","coordinates":[-8.5182841,33.2462941]},"properties":{"id":"osm-node-12013037444","source":"osm-place","place":"quarter","name":"Bendagha Alami","type_osm":"node"}},{"type":"Feature","geometry":{"type":"Point","coordinates":[-8.5211058,33.2443231]},"properties":{"id":"osm-node-12013037445","source":"osm-place","place":"quarter","name":"Najmat Al Janoub 1","type_osm":"node"}},{"type":"Feature","geometry":{"type":"Point","coordinates":[-8.5188957,33.2447493]},"properties":{"id":"osm-node-12013037451","source":"osm-place","place":"quarter","name":"Lot. Oualidia","type_osm":"node"}},{"type":"Feature","geometry":{"type":"Point","coordinates":[-8.4966521,33.2439687]},"properties":{"id":"osm-node-12013311014","source":"osm-place","place":"quarter","name":"Hay Annakhil","type_osm":"node"}},{"type":"Feature","geometry":{"type":"Point","coordinates":[-8.5050585,33.2526429]},"properties":{"id":"osm-node-12015274559","source":"osm-place","place":"quarter","name":"Ettronba","type_osm":"node"}},{"type":"Feature","geometry":{"type":"Point","coordinates":[-8.4939537,33.2395845]},"properties":{"id":"osm-node-12017254174","source":"osm-place","place":"quarter","name":"Derb El Khyala","type_osm":"node"}},{"type":"Feature","geometry":{"type":"Point","coordinates":[-8.4875102,33.240483]},"properties":{"id":"osm-node-12017254190","source":"osm-place","place":"quarter","name":"Camping International","type_osm":"node"}},{"type":"Feature","geometry":{"type":"Point","coordinates":[-8.4949962,33.2397801]},"properties":{"id":"osm-node-12017254202","source":"osm-place","place":"quarter","name":"Carrière Khadija","type_osm":"node"}},{"type":"Feature","geometry":{"type":"Point","coordinates":[-8.4954987,33.2402452]},"properties":{"id":"osm-node-12017254203","source":"osm-place","place":"quarter","name":"Carrière Hassan","type_osm":"node"}},{"type":"Feature","geometry":{"type":"Point","coordinates":[-8.4907458,33.2240647]},"properties":{"id":"osm-node-12017254252","source":"osm-place","place":"quarter","name":"Centrale Laitière","type_osm":"node"}},{"type":"Feature","geometry":{"type":"Point","coordinates":[-8.4899617,33.2426672]},"properties":{"id":"osm-node-12017254258","source":"osm-place","place":"quarter","name":"Complexe Touristique","type_osm":"node"}},{"type":"Feature","geometry":{"type":"Point","coordinates":[-8.4925724,33.2367597]},"properties":{"id":"osm-node-12017254259","source":"osm-place","place":"quarter","name":"Coop. Mohammedia","type_osm":"node"}},{"type":"Feature","geometry":{"type":"Point","coordinates":[-8.4921736,33.225283]},"properties":{"id":"osm-node-12017254262","source":"osm-place","place":"quarter","name":"Lot. Reda","type_osm":"node"}},{"type":"Feature","geometry":{"type":"Point","coordinates":[-8.491664,33.222046]},"properties":{"id":"osm-node-12017260275","source":"osm-place","place":"quarter","name":"Lot. Mahrech","type_osm":"node"}},{"type":"Feature","geometry":{"type":"Point","coordinates":[-8.491614,33.2228762]},"properties":{"id":"osm-node-12017260276","source":"osm-place","place":"quarter","name":"Lot. Farah","type_osm":"node"}},{"type":"Feature","geometry":{"type":"Point","coordinates":[-8.4916819,33.220954]},"properties":{"id":"osm-node-12017260281","source":"osm-place","place":"quarter","name":"Lot. Jamila","type_osm":"node"}},{"type":"Feature","geometry":{"type":"Point","coordinates":[-8.4916515,33.2199009]},"properties":{"id":"osm-node-12017260286","source":"osm-place","place":"quarter","name":"Lot. Mehdi","type_osm":"node"}},{"type":"Feature","geometry":{"type":"Point","coordinates":[-8.4918428,33.2186862]},"properties":{"id":"osm-node-12017260293","source":"osm-place","place":"quarter","name":"Abou El Faraj","type_osm":"node"}},{"type":"Feature","geometry":{"type":"Point","coordinates":[-8.5011117,33.2429738]},"properties":{"id":"osm-node-12017260312","source":"osm-place","place":"quarter","name":"El Moukaouama","type_osm":"node"}},{"type":"Feature","geometry":{"type":"Point","coordinates":[-8.4746678,33.2405506]},"properties":{"id":"osm-node-12017260344","source":"osm-place","place":"quarter","name":"Rés. Nour","type_osm":"node"}},{"type":"Feature","geometry":{"type":"Point","coordinates":[-8.5100923,33.2571796]},"properties":{"id":"osm-node-12017283523","source":"osm-place","place":"quarter","name":"Rue de France","type_osm":"node"}},{"type":"Feature","geometry":{"type":"Point","coordinates":[-8.5109532,33.2549158]},"properties":{"id":"osm-node-12017312123","source":"osm-place","place":"quarter","name":"Lalla Meryem","type_osm":"node"}},{"type":"Feature","geometry":{"type":"Point","coordinates":[-8.5054541,33.260423]},"properties":{"id":"osm-node-12020109233","source":"osm-place","place":"quarter","name":"Sidi Daoui","type_osm":"node"}},{"type":"Feature","geometry":{"type":"Point","coordinates":[-8.4938383,33.2327003]},"properties":{"id":"osm-node-12020109234","source":"osm-place","place":"quarter","name":"Al Omrane","type_osm":"node"}},{"type":"Feature","geometry":{"type":"Point","coordinates":[-8.4959894,33.2312928]},"properties":{"id":"osm-node-12020109250","source":"osm-place","place":"quarter","name":"Hay Al Qods حي القدس","type_osm":"node"}},{"type":"Feature","geometry":{"type":"Point","coordinates":[-8.498643,33.2344876]},"properties":{"id":"osm-node-12020109267","source":"osm-place","place":"quarter","name":"Hay Koudiat Ben Driss حي كديات بن إدريس","type_osm":"node"}},{"type":"Feature","geometry":{"type":"Point","coordinates":[-8.4947865,33.2357907]},"properties":{"id":"osm-node-12020109268","source":"osm-place","place":"quarter","name":"Douar El Haj Jilali","type_osm":"node"}},{"type":"Feature","geometry":{"type":"Point","coordinates":[-8.0540472,31.6234522]},"properties":{"id":"osm-node-12116908871","source":"osm-place","place":"neighbourhood","name":"Azli","name_ar":"أزلي","name_fr":"Azli","type_osm":"node"}},{"type":"Feature","geometry":{"type":"Point","coordinates":[-8.4808729,33.2411875]},"properties":{"id":"osm-node-12120857098","source":"osm-place","place":"quarter","name":"California II","type_osm":"node"}},{"type":"Feature","geometry":{"type":"Point","coordinates":[-8.482401,33.2399773]},"properties":{"id":"osm-node-12121208482","source":"osm-place","place":"quarter","name":"Luxia","type_osm":"node"}},{"type":"Feature","geometry":{"type":"Point","coordinates":[-8.4851288,33.2412081]},"properties":{"id":"osm-node-12121337527","source":"osm-place","place":"quarter","name":"Atlantic Beach Resort","type_osm":"node"}},{"type":"Feature","geometry":{"type":"Point","coordinates":[-8.4810262,33.2311014]},"properties":{"id":"osm-node-12121337564","source":"osm-place","place":"quarter","name":"Al Irfane","type_osm":"node"}},{"type":"Feature","geometry":{"type":"Point","coordinates":[-8.495771,33.2361992]},"properties":{"id":"osm-node-12121337571","source":"osm-place","place":"quarter","name":"Al Qods","type_osm":"node"}},{"type":"Feature","geometry":{"type":"Point","coordinates":[-8.5332392,33.2250246]},"properties":{"id":"osm-node-12121337572","source":"osm-place","place":"quarter","name":"Résidence Khalil Jabrane","type_osm":"node"}},{"type":"Feature","geometry":{"type":"Point","coordinates":[-8.497965,33.2186103]},"properties":{"id":"osm-node-12121337598","source":"osm-place","place":"quarter","name":"Lot. Sabil","type_osm":"node"}},{"type":"Feature","geometry":{"type":"Point","coordinates":[-8.515694,33.2317152]},"properties":{"id":"osm-node-12121337599","source":"osm-place","place":"quarter","name":"Assadaka","type_osm":"node"}},{"type":"Feature","geometry":{"type":"Point","coordinates":[-8.4816483,33.22667]},"properties":{"id":"osm-node-12121347206","source":"osm-place","place":"quarter","name":"Al Badr Ext","type_osm":"node"}},{"type":"Feature","geometry":{"type":"Point","coordinates":[-8.4575102,33.2443919]},"properties":{"id":"osm-node-12121418682","source":"osm-place","place":"quarter","name":"Amwaj El Jadida","type_osm":"node"}},{"type":"Feature","geometry":{"type":"Point","coordinates":[-8.4833821,33.2423505]},"properties":{"id":"osm-node-12121881380","source":"osm-place","place":"quarter","name":"Club JLEC","type_osm":"node"}},{"type":"Feature","geometry":{"type":"Point","coordinates":[-8.4867717,33.2430168]},"properties":{"id":"osm-node-12121881385","source":"osm-place","place":"quarter","name":"Club de l'Ormvad","type_osm":"node"}},{"type":"Feature","geometry":{"type":"Point","coordinates":[-8.4861709,33.2436195]},"properties":{"id":"osm-node-12121881386","source":"osm-place","place":"quarter","name":"El Jador","type_osm":"node"}},{"type":"Feature","geometry":{"type":"Point","coordinates":[-8.5018458,33.219595]},"properties":{"id":"osm-node-12122672149","source":"osm-place","place":"quarter","name":"Lot. Taamoul","type_osm":"node"}},{"type":"Feature","geometry":{"type":"Point","coordinates":[-8.5002785,33.219328]},"properties":{"id":"osm-node-12122672156","source":"osm-place","place":"quarter","name":"Lot. Erraha","type_osm":"node"}},{"type":"Feature","geometry":{"type":"Point","coordinates":[-8.5009875,33.218755]},"properties":{"id":"osm-node-12122672157","source":"osm-place","place":"quarter","name":"Lot. El Baraka","type_osm":"node"}},{"type":"Feature","geometry":{"type":"Point","coordinates":[-8.4952923,33.2192273]},"properties":{"id":"osm-node-12122735000","source":"osm-place","place":"quarter","name":"Mabra Al Wafaa","type_osm":"node"}},{"type":"Feature","geometry":{"type":"Point","coordinates":[-8.4957154,33.2183701]},"properties":{"id":"osm-node-12122775610","source":"osm-place","place":"quarter","name":"Hasnaa 3","type_osm":"node"}},{"type":"Feature","geometry":{"type":"Point","coordinates":[-8.4930562,33.2177014]},"properties":{"id":"osm-node-12122775617","source":"osm-place","place":"quarter","name":"Lot. Kaimoussi","type_osm":"node"}},{"type":"Feature","geometry":{"type":"Point","coordinates":[-8.4927183,33.2191929]},"properties":{"id":"osm-node-12122775622","source":"osm-place","place":"quarter","name":"El Barraka 5","type_osm":"node"}},{"type":"Feature","geometry":{"type":"Point","coordinates":[-8.4944653,33.2186439]},"properties":{"id":"osm-node-12122775637","source":"osm-place","place":"quarter","name":"Lot. Salim","type_osm":"node"}},{"type":"Feature","geometry":{"type":"Point","coordinates":[-8.4925037,33.218035]},"properties":{"id":"osm-node-12122775642","source":"osm-place","place":"quarter","name":"Nour El Houda","type_osm":"node"}},{"type":"Feature","geometry":{"type":"Point","coordinates":[-8.4932332,33.2209969]},"properties":{"id":"osm-node-12122775653","source":"osm-place","place":"quarter","name":"Lot. Ghizlane","type_osm":"node"}},{"type":"Feature","geometry":{"type":"Point","coordinates":[-8.5012057,33.2220022]},"properties":{"id":"osm-node-12123136902","source":"osm-place","place":"quarter","name":"Lot. Nadia","type_osm":"node"}},{"type":"Feature","geometry":{"type":"Point","coordinates":[-8.4953656,33.2207911]},"properties":{"id":"osm-node-12123136997","source":"osm-place","place":"quarter","name":"Lot. El Houda","type_osm":"node"}},{"type":"Feature","geometry":{"type":"Point","coordinates":[-8.4943142,33.2215153]},"properties":{"id":"osm-node-12123137006","source":"osm-place","place":"quarter","name":"Zitouna","type_osm":"node"}},{"type":"Feature","geometry":{"type":"Point","coordinates":[-8.4970232,33.2213402]},"properties":{"id":"osm-node-12123137055","source":"osm-place","place":"quarter","name":"Lot. Anouar","type_osm":"node"}},{"type":"Feature","geometry":{"type":"Point","coordinates":[-8.4948742,33.2258947]},"properties":{"id":"osm-node-12123137236","source":"osm-place","place":"quarter","name":"Al Boustane 7","type_osm":"node"}},{"type":"Feature","geometry":{"type":"Point","coordinates":[-8.497407,33.2256868]},"properties":{"id":"osm-node-12123137237","source":"osm-place","place":"quarter","name":"Oum Rabii","type_osm":"node"}},{"type":"Feature","geometry":{"type":"Point","coordinates":[-8.4954657,33.2269665]},"properties":{"id":"osm-node-12123137238","source":"osm-place","place":"quarter","name":"Lot. Karima 2","type_osm":"node"}},{"type":"Feature","geometry":{"type":"Point","coordinates":[-8.4939708,33.2270517]},"properties":{"id":"osm-node-12123137239","source":"osm-place","place":"quarter","name":"Lot. Karima 1","type_osm":"node"}},{"type":"Feature","geometry":{"type":"Point","coordinates":[-8.4817913,33.2319152]},"properties":{"id":"osm-node-12123737391","source":"osm-place","place":"quarter","name":"Résidence Al Ouaha","type_osm":"node"}},{"type":"Feature","geometry":{"type":"Point","coordinates":[-8.4768534,33.2254804]},"properties":{"id":"osm-node-12123760333","source":"osm-place","place":"quarter","name":"Douar Isawi","type_osm":"node"}},{"type":"Feature","geometry":{"type":"Point","coordinates":[-8.4742686,33.232343]},"properties":{"id":"osm-node-12123760354","source":"osm-place","place":"quarter","name":"El Adarissa","type_osm":"node"}},{"type":"Feature","geometry":{"type":"Point","coordinates":[-8.4765216,33.2315132]},"properties":{"id":"osm-node-12124100346","source":"osm-place","place":"quarter","name":"Lot. Bennani","type_osm":"node"}},{"type":"Feature","geometry":{"type":"Point","coordinates":[-8.4776053,33.2304766]},"properties":{"id":"osm-node-12124100360","source":"osm-place","place":"quarter","name":"Lot. Al Firdaous","type_osm":"node"}},{"type":"Feature","geometry":{"type":"Point","coordinates":[-8.4853104,33.2315416]},"properties":{"id":"osm-node-12124100457","source":"osm-place","place":"quarter","name":"Hay Al Boustane (El Amal)","type_osm":"node"}},{"type":"Feature","geometry":{"type":"Point","coordinates":[-8.4833121,33.2341613]},"properties":{"id":"osm-node-12124100487","source":"osm-place","place":"quarter","name":"Lot. El Omrania","type_osm":"node"}},{"type":"Feature","geometry":{"type":"Point","coordinates":[-8.4940732,33.2244688]},"properties":{"id":"osm-node-12124100488","source":"osm-place","place":"quarter","name":"Lot. Nasiria","type_osm":"node"}},{"type":"Feature","geometry":{"type":"Point","coordinates":[-8.4805083,33.2283789]},"properties":{"id":"osm-node-12124100511","source":"osm-place","place":"quarter","name":"Lot. Ennakhil 2","type_osm":"node"}},{"type":"Feature","geometry":{"type":"Point","coordinates":[-8.4808302,33.2273602]},"properties":{"id":"osm-node-12124100514","source":"osm-place","place":"quarter","name":"Lot. Ennakhil 2 (Extension)","type_osm":"node"}},{"type":"Feature","geometry":{"type":"Point","coordinates":[-8.4697598,33.2315423]},"properties":{"id":"osm-node-12124100609","source":"osm-place","place":"quarter","name":"Lot. Al Fadl","type_osm":"node"}},{"type":"Feature","geometry":{"type":"Point","coordinates":[-8.4794719,33.2229426]},"properties":{"id":"osm-node-12124808955","source":"osm-place","place":"quarter","name":"Lot. Al Bassatine","type_osm":"node"}},{"type":"Feature","geometry":{"type":"Point","coordinates":[-8.481482,33.2341002]},"properties":{"id":"osm-node-12124809385","source":"osm-place","place":"quarter","name":"Résidence des Eaux et Forêts","type_osm":"node"}},{"type":"Feature","geometry":{"type":"Point","coordinates":[-8.4822681,33.2352191]},"properties":{"id":"osm-node-12124809386","source":"osm-place","place":"quarter","name":"La Caserne","type_osm":"node"}},{"type":"Feature","geometry":{"type":"Point","coordinates":[-8.4880538,33.2308]},"properties":{"id":"osm-node-12125541872","source":"osm-place","place":"quarter","name":"Lot. Les Facultées Extension","type_osm":"node"}},{"type":"Feature","geometry":{"type":"Point","coordinates":[-8.4755105,33.2407778]},"properties":{"id":"osm-node-12125555817","source":"osm-place","place":"quarter","name":"Lot. Khalid","type_osm":"node"}},{"type":"Feature","geometry":{"type":"Point","coordinates":[-8.4694308,33.2372722]},"properties":{"id":"osm-node-12125721435","source":"osm-place","place":"quarter","name":"Anfa","type_osm":"node"}},{"type":"Feature","geometry":{"type":"Point","coordinates":[-8.4712976,33.2367278]},"properties":{"id":"osm-node-12125721454","source":"osm-place","place":"quarter","name":"California Atlantic","type_osm":"node"}},{"type":"Feature","geometry":{"type":"Point","coordinates":[-8.4678545,33.2385682]},"properties":{"id":"osm-node-12125721463","source":"osm-place","place":"quarter","name":"Anfa 1","type_osm":"node"}},{"type":"Feature","geometry":{"type":"Point","coordinates":[-8.4734764,33.2394476]},"properties":{"id":"osm-node-12125721477","source":"osm-place","place":"quarter","name":"Lot. Rania","type_osm":"node"}},{"type":"Feature","geometry":{"type":"Point","coordinates":[-8.4840523,33.2410134]},"properties":{"id":"osm-node-12125721487","source":"osm-place","place":"quarter","name":"Résidence Deauville Plage","type_osm":"node"}},{"type":"Feature","geometry":{"type":"Point","coordinates":[-8.4716489,33.2398865]},"properties":{"id":"osm-node-12125721494","source":"osm-place","place":"quarter","name":"Les Portes Californie","type_osm":"node"}},{"type":"Feature","geometry":{"type":"Point","coordinates":[-8.4668416,33.2409949]},"properties":{"id":"osm-node-12125721503","source":"osm-place","place":"quarter","name":"Manzah Californie","type_osm":"node"}},{"type":"Feature","geometry":{"type":"Point","coordinates":[-8.4677285,33.2404639]},"properties":{"id":"osm-node-12125721521","source":"osm-place","place":"quarter","name":"Anfa 4","type_osm":"node"}},{"type":"Feature","geometry":{"type":"Point","coordinates":[-8.4696793,33.2395635]},"properties":{"id":"osm-node-12125721527","source":"osm-place","place":"quarter","name":"Anfa 3","type_osm":"node"}},{"type":"Feature","geometry":{"type":"Point","coordinates":[-8.4708099,33.2427591]},"properties":{"id":"osm-node-12125721529","source":"osm-place","place":"quarter","name":"Anfa","type_osm":"node"}},{"type":"Feature","geometry":{"type":"Point","coordinates":[-8.4739128,33.2424051]},"properties":{"id":"osm-node-12125721530","source":"osm-place","place":"quarter","name":"Colonie de Vacances OCP","type_osm":"node"}},{"type":"Feature","geometry":{"type":"Point","coordinates":[-8.4702381,33.2406329]},"properties":{"id":"osm-node-12125721579","source":"osm-place","place":"quarter","name":"Lot. Ard El Hatba","type_osm":"node"}},{"type":"Feature","geometry":{"type":"Point","coordinates":[-8.5195858,33.2292686]},"properties":{"id":"osm-node-12128601290","source":"osm-place","place":"quarter","name":"Ikhlass 2","type_osm":"node"}},{"type":"Feature","geometry":{"type":"Point","coordinates":[-8.4846369,33.2221474]},"properties":{"id":"osm-node-12132538713","source":"osm-place","place":"quarter","name":"Cité Universitaire","type_osm":"node"}},{"type":"Feature","geometry":{"type":"Point","coordinates":[-8.4862874,33.2232917]},"properties":{"id":"osm-node-12132538765","source":"osm-place","place":"quarter","name":"Douar Es Swifet","type_osm":"node"}},{"type":"Feature","geometry":{"type":"Point","coordinates":[-8.4747288,33.2188923]},"properties":{"id":"osm-node-12132538879","source":"osm-place","place":"quarter","name":"Lot. Hilali","type_osm":"node"}},{"type":"Feature","geometry":{"type":"Point","coordinates":[-8.472865,33.2206054]},"properties":{"id":"osm-node-12132828522","source":"osm-place","place":"quarter","name":"Bladat Izza","type_osm":"node"}},{"type":"Feature","geometry":{"type":"Point","coordinates":[-8.5028907,33.2198074]},"properties":{"id":"osm-node-12138533486","source":"osm-place","place":"quarter","name":"Lot. Dhaibya","type_osm":"node"}},{"type":"Feature","geometry":{"type":"Point","coordinates":[-8.500953,33.2299349]},"properties":{"id":"osm-node-12138561667","source":"osm-place","place":"quarter","name":"Lot. Kenza","type_osm":"node"}},{"type":"Feature","geometry":{"type":"Point","coordinates":[-8.4775981,33.227609]},"properties":{"id":"osm-node-12138689992","source":"osm-place","place":"quarter","name":"Lot. Ama-Zone","type_osm":"node"}},{"type":"Feature","geometry":{"type":"Point","coordinates":[-8.5011045,33.2287862]},"properties":{"id":"osm-node-12138689993","source":"osm-place","place":"quarter","name":"Lot. Imane","type_osm":"node"}},{"type":"Feature","geometry":{"type":"Point","coordinates":[-8.5022326,33.2277317]},"properties":{"id":"osm-node-12138689995","source":"osm-place","place":"quarter","name":"Hay Essalam Extension","type_osm":"node"}},{"type":"Feature","geometry":{"type":"Point","coordinates":[-8.5058887,33.2298474]},"properties":{"id":"osm-node-12138690000","source":"osm-place","place":"quarter","name":"Lot. Azzaytouna 2","type_osm":"node"}},{"type":"Feature","geometry":{"type":"Point","coordinates":[-8.4911223,33.2259749]},"properties":{"id":"osm-node-12138713820","source":"osm-place","place":"quarter","name":"Lot. Hasane","type_osm":"node"}},{"type":"Feature","geometry":{"type":"Point","coordinates":[-8.4895684,33.2257191]},"properties":{"id":"osm-node-12138713822","source":"osm-place","place":"quarter","name":"Lot. Limoune 2","type_osm":"node"}},{"type":"Feature","geometry":{"type":"Point","coordinates":[-8.5111604,33.2271943]},"properties":{"id":"osm-node-12139396423","source":"osm-place","place":"quarter","name":"Lot. Soukaina","type_osm":"node"}},{"type":"Feature","geometry":{"type":"Point","coordinates":[-8.5066043,33.2358948]},"properties":{"id":"osm-node-12139396431","source":"osm-place","place":"quarter","name":"Garden City 5","type_osm":"node"}},{"type":"Feature","geometry":{"type":"Point","coordinates":[-8.5028027,33.2463442]},"properties":{"id":"osm-node-12139396434","source":"osm-place","place":"quarter","name":"Lot. Ennouste","type_osm":"node"}},{"type":"Feature","geometry":{"type":"Point","coordinates":[-8.4949605,33.2224405]},"properties":{"id":"osm-node-12139396435","source":"osm-place","place":"quarter","name":"Seven Stars","type_osm":"node"}},{"type":"Feature","geometry":{"type":"Point","coordinates":[-8.5203675,33.2382321]},"properties":{"id":"osm-node-12140589286","source":"osm-place","place":"quarter","name":"Al Barama","type_osm":"node"}},{"type":"Feature","geometry":{"type":"Point","coordinates":[-8.5324892,33.2351713]},"properties":{"id":"osm-node-12140589293","source":"osm-place","place":"quarter","name":"Lot. Kababi","type_osm":"node"}},{"type":"Feature","geometry":{"type":"Point","coordinates":[-8.5360754,33.2362803]},"properties":{"id":"osm-node-12140606093","source":"osm-place","place":"quarter","name":"Coop. Essabile","type_osm":"node"}},{"type":"Feature","geometry":{"type":"Point","coordinates":[-8.5363472,33.2350823]},"properties":{"id":"osm-node-12140606111","source":"osm-place","place":"quarter","name":"Coop. Erraja","type_osm":"node"}},{"type":"Feature","geometry":{"type":"Point","coordinates":[-8.5338724,33.2352139]},"properties":{"id":"osm-node-12140606112","source":"osm-place","place":"quarter","name":"Oulfa","type_osm":"node"}},{"type":"Feature","geometry":{"type":"Point","coordinates":[-8.5336033,33.2325957]},"properties":{"id":"osm-node-12140606162","source":"osm-place","place":"quarter","name":"Al Mital","type_osm":"node"}},{"type":"Feature","geometry":{"type":"Point","coordinates":[-8.535336,33.2323744]},"properties":{"id":"osm-node-12140606186","source":"osm-place","place":"quarter","name":"Niema 2","type_osm":"node"}},{"type":"Feature","geometry":{"type":"Point","coordinates":[-8.5125968,33.2592442]},"properties":{"id":"osm-node-12140616189","source":"osm-place","place":"quarter","name":"Lot. Trii","type_osm":"node"}},{"type":"Feature","geometry":{"type":"Point","coordinates":[-8.508932,33.247289]},"properties":{"id":"osm-node-12140707690","source":"osm-place","place":"quarter","name":"Plateau","type_osm":"node"}},{"type":"Feature","geometry":{"type":"Point","coordinates":[-8.5184178,33.2277564]},"properties":{"id":"osm-node-12141938926","source":"osm-place","place":"quarter","name":"Chamss Al Khalil","type_osm":"node"}},{"type":"Feature","geometry":{"type":"Point","coordinates":[-8.5162193,33.2312228]},"properties":{"id":"osm-node-12141938929","source":"osm-place","place":"quarter","name":"Résidence Yassamine","type_osm":"node"}},{"type":"Feature","geometry":{"type":"Point","coordinates":[-8.5171876,33.2317949]},"properties":{"id":"osm-node-12141938932","source":"osm-place","place":"quarter","name":"Ennakhil 12","type_osm":"node"}},{"type":"Feature","geometry":{"type":"Point","coordinates":[-8.5232029,33.2262846]},"properties":{"id":"osm-node-12141938933","source":"osm-place","place":"quarter","name":"Al Maghrib Al Arabi","type_osm":"node"}},{"type":"Feature","geometry":{"type":"Point","coordinates":[-8.5376617,33.2371314]},"properties":{"id":"osm-node-12141938934","source":"osm-place","place":"quarter","name":"Ryad Ennakhil 11","type_osm":"node"}},{"type":"Feature","geometry":{"type":"Point","coordinates":[-8.5058855,33.2511982]},"properties":{"id":"osm-node-12142194107","source":"osm-place","place":"quarter","name":"Derb Fqih Belhiba","type_osm":"node"}},{"type":"Feature","geometry":{"type":"Point","coordinates":[-8.5067326,33.251792]},"properties":{"id":"osm-node-12142282631","source":"osm-place","place":"quarter","name":"Derb El Heddada","type_osm":"node"}},{"type":"Feature","geometry":{"type":"Point","coordinates":[-8.5066262,33.2512718]},"properties":{"id":"osm-node-12142282639","source":"osm-place","place":"quarter","name":"Derb Ouadoudi Haboul","type_osm":"node"}},{"type":"Feature","geometry":{"type":"Point","coordinates":[-8.5080709,33.2516317]},"properties":{"id":"osm-node-12144754370","source":"osm-place","place":"quarter","name":"Derb Sbitar","type_osm":"node"}},{"type":"Feature","geometry":{"type":"Point","coordinates":[-8.5071152,33.2522605]},"properties":{"id":"osm-node-12144911847","source":"osm-place","place":"quarter","name":"Derb El Jirrari","type_osm":"node"}},{"type":"Feature","geometry":{"type":"Point","coordinates":[-8.5072931,33.2517896]},"properties":{"id":"osm-node-12144911857","source":"osm-place","place":"quarter","name":"Derb Mustapha Ghayat","type_osm":"node"}},{"type":"Feature","geometry":{"type":"Point","coordinates":[-8.5060108,33.252362]},"properties":{"id":"osm-node-12144911858","source":"osm-place","place":"quarter","name":"Derb El Wesaa","type_osm":"node"}},{"type":"Feature","geometry":{"type":"Point","coordinates":[-8.5063262,33.2529296]},"properties":{"id":"osm-node-12144911861","source":"osm-place","place":"quarter","name":"Derb Ferran Haouzi","type_osm":"node"}},{"type":"Feature","geometry":{"type":"Point","coordinates":[-8.5065821,33.2534244]},"properties":{"id":"osm-node-12144911867","source":"osm-place","place":"quarter","name":"Derb Sania","type_osm":"node"}},{"type":"Feature","geometry":{"type":"Point","coordinates":[-8.506929,33.2532143]},"properties":{"id":"osm-node-12144911872","source":"osm-place","place":"quarter","name":"Lot. Palestrino","type_osm":"node"}},{"type":"Feature","geometry":{"type":"Point","coordinates":[-8.5075294,33.2531384]},"properties":{"id":"osm-node-12144911874","source":"osm-place","place":"quarter","name":"Derb El Mers","type_osm":"node"}},{"type":"Feature","geometry":{"type":"Point","coordinates":[-8.5055818,33.2538967]},"properties":{"id":"osm-node-12144942906","source":"osm-place","place":"quarter","name":"Derb Ahmed Tahiri","type_osm":"node"}},{"type":"Feature","geometry":{"type":"Point","coordinates":[-8.5061245,33.2541912]},"properties":{"id":"osm-node-12144942910","source":"osm-place","place":"quarter","name":"Balestrino","type_osm":"node"}},{"type":"Feature","geometry":{"type":"Point","coordinates":[-8.5043712,33.2547198]},"properties":{"id":"osm-node-12144947214","source":"osm-place","place":"quarter","name":"Kissariat Benezha","type_osm":"node"}},{"type":"Feature","geometry":{"type":"Point","coordinates":[-8.5078152,33.253321]},"properties":{"id":"osm-node-12144947217","source":"osm-place","place":"quarter","name":"Derb Benslimane","type_osm":"node"}},{"type":"Feature","geometry":{"type":"Point","coordinates":[-8.5084714,33.259483]},"properties":{"id":"osm-node-12145945215","source":"osm-place","place":"quarter","name":"Bd Triaai","type_osm":"node"}},{"type":"Feature","geometry":{"type":"Point","coordinates":[-8.4775324,33.2344261]},"properties":{"id":"osm-node-12148728637","source":"osm-place","place":"quarter","name":"Lot. Floride","type_osm":"node"}},{"type":"Feature","geometry":{"type":"Point","coordinates":[-8.4668894,33.2373844]},"properties":{"id":"osm-node-12149677654","source":"osm-place","place":"quarter","name":"Lot. Normandie","type_osm":"node"}},{"type":"Feature","geometry":{"type":"Point","coordinates":[-8.4949449,33.2399385]},"properties":{"id":"osm-node-12152424923","source":"osm-place","place":"quarter","name":"El Houma","type_osm":"node"}},{"type":"Feature","geometry":{"type":"Point","coordinates":[-8.4951555,33.2237229]},"properties":{"id":"osm-node-12153444639","source":"osm-place","place":"quarter","name":"Palmiers 6","type_osm":"node"}},{"type":"Feature","geometry":{"type":"Point","coordinates":[-8.4811044,33.2404972]},"properties":{"id":"osm-node-12153444640","source":"osm-place","place":"quarter","name":"Résidence Marjana","type_osm":"node"}},{"type":"Feature","geometry":{"type":"Point","coordinates":[-8.5196754,33.2285663]},"properties":{"id":"osm-node-12153520604","source":"osm-place","place":"quarter","name":"Lot. Hajar","type_osm":"node"}},{"type":"Feature","geometry":{"type":"Point","coordinates":[-8.5196334,33.2304532]},"properties":{"id":"osm-node-12153520613","source":"osm-place","place":"quarter","name":"Lot. Assadaqa","type_osm":"node"}},{"type":"Feature","geometry":{"type":"Point","coordinates":[-8.5013179,33.2325057]},"properties":{"id":"osm-node-12153520659","source":"osm-place","place":"quarter","name":"Lot. Hakimo","type_osm":"node"}},{"type":"Feature","geometry":{"type":"Point","coordinates":[-8.5002295,33.2468963]},"properties":{"id":"osm-node-12154184831","source":"osm-place","place":"quarter","name":"Bd. Mohammed V","type_osm":"node"}},{"type":"Feature","geometry":{"type":"Point","coordinates":[-8.5051127,33.2287478]},"properties":{"id":"osm-node-12154365971","source":"osm-place","place":"quarter","name":"Lot. Badr","type_osm":"node"}},{"type":"Feature","geometry":{"type":"Point","coordinates":[-8.4947084,33.2428349]},"properties":{"id":"osm-node-12154400787","source":"osm-place","place":"quarter","name":"Av. du Caire","type_osm":"node"}},{"type":"Feature","geometry":{"type":"Point","coordinates":[-8.5021779,33.2220507]},"properties":{"id":"osm-node-12155385165","source":"osm-place","place":"quarter","name":"Lot. Taha","type_osm":"node"}},{"type":"Feature","geometry":{"type":"Point","coordinates":[-8.5152993,33.2286547]},"properties":{"id":"osm-node-12155385166","source":"osm-place","place":"quarter","name":"Dyar Al Matar","type_osm":"node"}},{"type":"Feature","geometry":{"type":"Point","coordinates":[-8.5394893,33.2285553]},"properties":{"id":"osm-node-12155477431","source":"osm-place","place":"quarter","name":"Nassim El Bahr","type_osm":"node"}},{"type":"Feature","geometry":{"type":"Point","coordinates":[-8.539019,33.2299673]},"properties":{"id":"osm-node-12155477450","source":"osm-place","place":"quarter","name":"Palmiers 11","type_osm":"node"}},{"type":"Feature","geometry":{"type":"Point","coordinates":[-8.5036294,33.229708]},"properties":{"id":"osm-node-12163422816","source":"osm-place","place":"quarter","name":"Lot. Annouz","type_osm":"node"}},{"type":"Feature","geometry":{"type":"Point","coordinates":[-8.4841698,33.2291976]},"properties":{"id":"osm-node-12167777535","source":"osm-place","place":"quarter","name":"Lot. Newton","type_osm":"node"}},{"type":"Feature","geometry":{"type":"Point","coordinates":[-7.6420884,33.5796583]},"properties":{"id":"osm-node-12178902639","source":"osm-place","place":"suburb","name":"Maârif Extension المعاريف امتداد","name_ar":"المعاريف امتداد","name_fr":"Maârif Extension","type_osm":"node"}},{"type":"Feature","geometry":{"type":"Point","coordinates":[-7.6407011,33.5896092]},"properties":{"id":"osm-node-12178947325","source":"osm-place","place":"suburb","name":"Racine راسين","name_ar":"راسين","type_osm":"node"}},{"type":"Feature","geometry":{"type":"Point","coordinates":[-7.6306305,33.5898333]},"properties":{"id":"osm-node-12189801867","source":"osm-place","place":"suburb","name":"Gauthier غوتيي","name_ar":"غوتيي","name_fr":"Gauthier","type_osm":"node"}},{"type":"Feature","geometry":{"type":"Point","coordinates":[-7.6577176,33.5724839]},"properties":{"id":"osm-node-12189837248","source":"osm-place","place":"suburb","name":"CIL سيل","name_ar":"سيل","name_fr":"CIL","type_osm":"node"}},{"type":"Feature","geometry":{"type":"Point","coordinates":[-7.6501754,33.6042193]},"properties":{"id":"osm-node-12189839361","source":"osm-place","place":"suburb","name":"El Hank العنق","name_ar":"العنق","name_fr":"El Hank","type_osm":"node"}},{"type":"Feature","geometry":{"type":"Point","coordinates":[-7.6418596,33.5985679]},"properties":{"id":"osm-node-12189841324","source":"osm-place","place":"suburb","name":"Bourgogne بورغون","name_ar":"بورغون","name_fr":"Bourgogne","type_osm":"node"}},{"type":"Feature","geometry":{"type":"Point","coordinates":[-7.6492935,33.5684105]},"properties":{"id":"osm-node-12206926143","source":"osm-place","place":"suburb","name":"Beauséjour بوسيجور","name_ar":"بوسيجور","name_fr":"Beauséjour","type_osm":"node"}},{"type":"Feature","geometry":{"type":"Point","coordinates":[-7.6293301,33.6028391]},"properties":{"id":"osm-node-12207065930","source":"osm-place","place":"suburb","name":"Sour Jdid السور الجديد","name_ar":"السور الجديد","name_fr":"Sour Jdid","type_osm":"node"}},{"type":"Feature","geometry":{"type":"Point","coordinates":[-7.626038,33.5411922]},"properties":{"id":"osm-node-12207065976","source":"osm-place","place":"suburb","name":"Californie كاليفورنيا","name_ar":"كاليفورنيا","name_fr":"Californie","type_osm":"node"}},{"type":"Feature","geometry":{"type":"Point","coordinates":[-7.6296039,33.5736066]},"properties":{"id":"osm-node-12207089177","source":"osm-place","place":"suburb","name":"Derb Ghallef درب غلف","type_osm":"node"}},{"type":"Feature","geometry":{"type":"Point","coordinates":[-8.5266106,33.2321179]},"properties":{"id":"osm-node-12208749717","source":"osm-place","place":"quarter","name":"Al Boustane 2","type_osm":"node"}},{"type":"Feature","geometry":{"type":"Point","coordinates":[-7.6203326,33.6007224]},"properties":{"id":"osm-node-12215166612","source":"osm-place","place":"suburb","name":"Ancienne Medina المدينة القديمة","name_ar":"المدينة القديمة","name_fr":"Ancienne Medina","type_osm":"node"}},{"type":"Feature","geometry":{"type":"Point","coordinates":[-7.6604232,33.5631545]},"properties":{"id":"osm-node-12223124337","source":"osm-place","place":"neighbourhood","name":"Casablanca Finance City القطب المالي للدار البيضاء","name_ar":"القطب المالي للدار البيضاء","name_fr":"Casablanca Finance City","type_osm":"node"}},{"type":"Feature","geometry":{"type":"Point","coordinates":[-7.6170525,33.5771288]},"properties":{"id":"osm-node-12241613617","source":"osm-place","place":"suburb","name":"Les Hôpitaux المستشفيات","name_ar":"المستشفيات","name_fr":"Les Hôpitaux","type_osm":"node"}},{"type":"Feature","geometry":{"type":"Point","coordinates":[-7.6407346,33.5621584]},"properties":{"id":"osm-node-12244916589","source":"osm-place","place":"suburb","name":"Riviera ريفييرا","name_ar":"ريفييرا","name_fr":"Riviera","type_osm":"node"}},{"type":"Feature","geometry":{"type":"Point","coordinates":[-7.6359154,33.5568766]},"properties":{"id":"osm-node-12244916590","source":"osm-place","place":"suburb","name":"L'Oasis الوازيس","name_ar":"الوازيس","name_fr":"L'Oasis","type_osm":"node"}},{"type":"Feature","geometry":{"type":"Point","coordinates":[-7.6480351,33.5770141]},"properties":{"id":"osm-node-12244922250","source":"osm-place","place":"suburb","name":"Les Princesses الأميرات","name_ar":"الأميرات","name_fr":"Les Princesses","type_osm":"node"}},{"type":"Feature","geometry":{"type":"Point","coordinates":[-7.6274253,33.5570776]},"properties":{"id":"osm-node-12250555074","source":"osm-place","place":"suburb","name":"Bachkou باشكو","name_ar":"باشكو","name_fr":"Bachkou","type_osm":"node"}},{"type":"Feature","geometry":{"type":"Point","coordinates":[-7.646462,33.5286123]},"properties":{"id":"osm-node-12269473986","source":"osm-place","place":"suburb","name":"Sidi Maârouf سيدي معروف","name_ar":"سيدي معروف","name_fr":"Sidi Maârouf","type_osm":"node"}},{"type":"Feature","geometry":{"type":"Point","coordinates":[-7.6209496,33.5666079]},"properties":{"id":"osm-node-12296411472","source":"osm-place","place":"suburb","name":"L'Hermitage","type_osm":"node"}},{"type":"Feature","geometry":{"type":"Point","coordinates":[-8.5047326,33.2620071]},"properties":{"id":"osm-node-12307731852","source":"osm-place","place":"quarter","name":"Lot. Annasr","type_osm":"node"}},{"type":"Feature","geometry":{"type":"Point","coordinates":[-8.5117117,33.263124]},"properties":{"id":"osm-node-12307731862","source":"osm-place","place":"quarter","name":"Lot. Tasnim","type_osm":"node"}},{"type":"Feature","geometry":{"type":"Point","coordinates":[-8.506079,33.2624209]},"properties":{"id":"osm-node-12309582859","source":"osm-place","place":"quarter","name":"Skippa","type_osm":"node"}},{"type":"Feature","geometry":{"type":"Point","coordinates":[-8.5376483,33.2407005]},"properties":{"id":"osm-node-12311747726","source":"osm-place","place":"quarter","name":"Lillia 1","type_osm":"node"}},{"type":"Feature","geometry":{"type":"Point","coordinates":[-8.5061034,33.2305108]},"properties":{"id":"osm-node-12325737915","source":"osm-place","place":"quarter","name":"Bled El Hatta","type_osm":"node"}},{"type":"Feature","geometry":{"type":"Point","coordinates":[-7.6852231,33.508014]},"properties":{"id":"osm-node-12328697410","source":"osm-place","place":"neighbourhood","name":"Almaz ألماز","name_ar":"ألماز","name_fr":"Almaz","type_osm":"node"}},{"type":"Feature","geometry":{"type":"Point","coordinates":[-8.5121501,33.2443861]},"properties":{"id":"osm-node-12348170577","source":"osm-place","place":"quarter","name":"Lot. Olivette","type_osm":"node"}},{"type":"Feature","geometry":{"type":"Point","coordinates":[-8.5343658,33.23883]},"properties":{"id":"osm-node-12373824226","source":"osm-place","place":"quarter","name":"Lot. Oum Al Qora","type_osm":"node"}},{"type":"Feature","geometry":{"type":"Point","coordinates":[-8.5277148,33.2317855]},"properties":{"id":"osm-node-12373824227","source":"osm-place","place":"quarter","name":"Lot. Camélia 3","type_osm":"node"}},{"type":"Feature","geometry":{"type":"Point","coordinates":[-8.5240759,33.2253492]},"properties":{"id":"osm-node-12373824228","source":"osm-place","place":"quarter","name":"Lot. Belkoufa (Riyad El Marjane)","type_osm":"node"}},{"type":"Feature","geometry":{"type":"Point","coordinates":[-8.5074784,33.2313921]},"properties":{"id":"osm-node-12373824229","source":"osm-place","place":"quarter","name":"Lot. Mamounia","type_osm":"node"}},{"type":"Feature","geometry":{"type":"Point","coordinates":[-8.5039933,33.2410734]},"properties":{"id":"osm-node-12373824230","source":"osm-place","place":"quarter","name":"Lot. Belle Vue 2","type_osm":"node"}},{"type":"Feature","geometry":{"type":"Point","coordinates":[-8.4649582,33.2405948]},"properties":{"id":"osm-node-12373824231","source":"osm-place","place":"quarter","name":"Lot. Nour Californie","type_osm":"node"}},{"type":"Feature","geometry":{"type":"Point","coordinates":[-8.4940907,33.2139419]},"properties":{"id":"osm-node-12387798118","source":"osm-place","place":"quarter","name":"Résidence Ben Allal","type_osm":"node"}},{"type":"Feature","geometry":{"type":"Point","coordinates":[-8.4948355,33.2106925]},"properties":{"id":"osm-node-12387798149","source":"osm-place","place":"quarter","name":"Résidence Palmiers 6","type_osm":"node"}},{"type":"Feature","geometry":{"type":"Point","coordinates":[-7.6389278,33.5891491]},"properties":{"id":"osm-node-12428743816","source":"osm-place","place":"neighbourhood","name":"Les Arènes","type_osm":"node"}},{"type":"Feature","geometry":{"type":"Point","coordinates":[-7.5672945,33.260491]},"properties":{"id":"osm-node-12444163940","source":"osm-place","place":"neighbourhood","name":"Hay Wafiq حي وفيق","name_ar":"حي وفيق","name_fr":"Hay Wafiq","type_osm":"node"}},{"type":"Feature","geometry":{"type":"Point","coordinates":[-7.5656597,33.2570447]},"properties":{"id":"osm-node-12444163942","source":"osm-place","place":"neighbourhood","name":"Lot Chama تجزئة شامة","name_ar":"تجزئة شامة","name_fr":"Lot Chama","type_osm":"node"}},{"type":"Feature","geometry":{"type":"Point","coordinates":[-7.5637558,33.2594506]},"properties":{"id":"osm-node-12444163943","source":"osm-place","place":"neighbourhood","name":"Hay Faraj حي الفرج","name_ar":"حي الفرج","name_fr":"Hay Faraj","type_osm":"node"}},{"type":"Feature","geometry":{"type":"Point","coordinates":[-7.573411,33.2648164]},"properties":{"id":"osm-node-12444163944","source":"osm-place","place":"neighbourhood","name":"Hay Yasmina حي ياسمينة","name_ar":"حي ياسمينة","name_fr":"Hay Yasmina","type_osm":"node"}},{"type":"Feature","geometry":{"type":"Point","coordinates":[-7.5777473,33.2588844]},"properties":{"id":"osm-node-12444163945","source":"osm-place","place":"neighbourhood","name":"Lot Nasrallah تجزئة نصرالله","name_ar":"تجزئة نصرالله","name_fr":"Lot Nasrallah","type_osm":"node"}},{"type":"Feature","geometry":{"type":"Point","coordinates":[-7.5902899,33.257246]},"properties":{"id":"osm-node-12444163946","source":"osm-place","place":"neighbourhood","name":"Lot Benchaib تجزئة بن الشايب","name_ar":"تجزئة بن الشايب","name_fr":"Lot Benchaib","type_osm":"node"}},{"type":"Feature","geometry":{"type":"Point","coordinates":[-7.5885911,33.2585399]},"properties":{"id":"osm-node-12444163947","source":"osm-place","place":"neighbourhood","name":"Bourehal بورحال","name_ar":"بورحال","name_fr":"Bourehal","type_osm":"node"}},{"type":"Feature","geometry":{"type":"Point","coordinates":[-7.575096,33.2534612]},"properties":{"id":"osm-node-12444163948","source":"osm-place","place":"neighbourhood","name":"Karam الكرم","name_ar":"الكرم","name_fr":"Karam","type_osm":"node"}},{"type":"Feature","geometry":{"type":"Point","coordinates":[-7.5724185,33.2557018]},"properties":{"id":"osm-node-12444163950","source":"osm-place","place":"neighbourhood","name":"Regraga رڭراڭة","name_ar":"رڭراڭة","name_fr":"Regraga","type_osm":"node"}},{"type":"Feature","geometry":{"type":"Point","coordinates":[-7.5643442,33.2613314]},"properties":{"id":"osm-node-12444163951","source":"osm-place","place":"neighbourhood","name":"Lot Assaad تجزئة السعد","name_ar":"تجزئة السعد","name_fr":"Lot Assaad","type_osm":"node"}},{"type":"Feature","geometry":{"type":"Point","coordinates":[-7.5667319,33.267774]},"properties":{"id":"osm-node-12444163952","source":"osm-place","place":"neighbourhood","name":"Kabbaj القباج","name_ar":"القباج","name_fr":"Kabbaj","type_osm":"node"}},{"type":"Feature","geometry":{"type":"Point","coordinates":[-7.5732477,33.2713823]},"properties":{"id":"osm-node-12444163953","source":"osm-place","place":"neighbourhood","name":"Hay Hassani الحي الحسني","name_ar":"الحي الحسني","name_fr":"Hay Hassani","type_osm":"node"}},{"type":"Feature","geometry":{"type":"Point","coordinates":[-7.5748028,33.2725513]},"properties":{"id":"osm-node-12444163954","source":"osm-place","place":"neighbourhood","name":"Bloc البلوك","name_ar":"البلوك","type_osm":"node"}},{"type":"Feature","geometry":{"type":"Point","coordinates":[-7.5802133,33.2738572]},"properties":{"id":"osm-node-12444163955","source":"osm-place","place":"neighbourhood","name":"Sidi Amer سيدي عمر","name_ar":"سيدي عمر","name_fr":"Sidi Amer","type_osm":"node"}},{"type":"Feature","geometry":{"type":"Point","coordinates":[-7.565956,33.2933723]},"properties":{"id":"osm-node-12444163956","source":"osm-place","place":"neighbourhood","name":"Arsat Chaouia عرصة الشاوية","name_ar":"عرصة الشاوية","name_fr":"Arsat Chaouia","type_osm":"node"}},{"type":"Feature","geometry":{"type":"Point","coordinates":[-7.5671273,33.2802053]},"properties":{"id":"osm-node-12444163957","source":"osm-place","place":"neighbourhood","name":"Lot Jabrane تجزئة جبران","name_ar":"تجزئة جبران","name_fr":"Lot Jabrane","type_osm":"node"}},{"type":"Feature","geometry":{"type":"Point","coordinates":[-7.5702011,33.2731579]},"properties":{"id":"osm-node-12444163958","source":"osm-place","place":"neighbourhood","name":"Coopérative Chaouia تعاونية الشاوية","name_ar":"تعاونية الشاوية","name_fr":"Coopérative Chaouia","type_osm":"node"}},{"type":"Feature","geometry":{"type":"Point","coordinates":[-7.5773119,33.2696689]},"properties":{"id":"osm-node-12444163959","source":"osm-place","place":"neighbourhood","name":"Hay Tissir 2 حي التيسير","name_ar":"2 حي التيسير","name_fr":"Hay Tissir 2","type_osm":"node"}},{"type":"Feature","geometry":{"type":"Point","coordinates":[-7.571841,33.2607944]},"properties":{"id":"osm-node-12444163960","source":"osm-place","place":"neighbourhood","name":"Hay Massira حي المسيرة","name_ar":"حي المسيرة","name_fr":"Hay Massira","type_osm":"node"}},{"type":"Feature","geometry":{"type":"Point","coordinates":[-7.5844323,33.2758821]},"properties":{"id":"osm-node-12444163961","source":"osm-place","place":"neighbourhood","name":"Layali الليالي","name_ar":"الليالي","name_fr":"Layali","type_osm":"node"}},{"type":"Feature","geometry":{"type":"Point","coordinates":[-7.5966032,33.2606766]},"properties":{"id":"osm-node-12444163962","source":"osm-place","place":"neighbourhood","name":"Hay Errabii حي الربيع","name_ar":"حي الربيع","name_fr":"Hay Errabii","type_osm":"node"}},{"type":"Feature","geometry":{"type":"Point","coordinates":[-7.5712419,33.2695727]},"properties":{"id":"osm-node-12444163963","source":"osm-place","place":"neighbourhood","name":"Hay Tadamon حي التضامن","name_ar":"حي التضامن","name_fr":"Hay Tadamon","type_osm":"node"}},{"type":"Feature","geometry":{"type":"Point","coordinates":[-7.5504179,33.3549563]},"properties":{"id":"osm-node-12444165448","source":"osm-place","place":"neighbourhood","name":"Lot Rabha تجزئة رابحة","name_ar":"تجزئة رابحة","type_osm":"node"}},{"type":"Feature","geometry":{"type":"Point","coordinates":[-7.5873152,33.2803415]},"properties":{"id":"osm-node-12444249968","source":"osm-place","place":"neighbourhood","name":"Lot Zoubida تجزئة زبيدة","name_ar":"تجزئة زبيدة","name_fr":"Lot Zoubida","type_osm":"node"}},{"type":"Feature","geometry":{"type":"Point","coordinates":[-7.5836899,33.2633903]},"properties":{"id":"osm-node-12449750843","source":"osm-place","place":"neighbourhood","name":"Quartier des Émirats arabes unis حي الإمارات العربية المتحدة","name_ar":"حي الإمارات العربية المتحدة","name_fr":"Quartier des Émirats arabes unis","type_osm":"node"}},{"type":"Feature","geometry":{"type":"Point","coordinates":[-7.5600416,33.2581673]},"properties":{"id":"osm-node-12452978476","source":"osm-place","place":"neighbourhood","name":"Riad Ouled El Bekri رياض أولاد البكري","name_ar":"رياض أولاد البكري","name_fr":"Riad Ouled El Bekri","type_osm":"node"}},{"type":"Feature","geometry":{"type":"Point","coordinates":[-7.5649683,33.2708092]},"properties":{"id":"osm-node-12455722392","source":"osm-place","place":"neighbourhood","name":"Hay Moulay Rachid حي مولاي رشيد","name_ar":"حي مولاي رشيد","name_fr":"Hay Moulay Rachid","type_osm":"node"}},{"type":"Feature","geometry":{"type":"Point","coordinates":[-7.5887023,33.2620214]},"properties":{"id":"osm-node-12480414081","source":"osm-place","place":"neighbourhood","name":"Hay Essaada حي السعادة","name_ar":"حي السعادة","name_fr":"Hay Essaada","type_osm":"node"}},{"type":"Feature","geometry":{"type":"Point","coordinates":[-7.5860277,33.2678093]},"properties":{"id":"osm-node-12480414082","source":"osm-place","place":"neighbourhood","name":"Hay Takadom حي التقدم","name_ar":"حي التقدم","name_fr":"Hay Takadom","type_osm":"node"}},{"type":"Feature","geometry":{"type":"Point","coordinates":[-7.5763408,33.2624388]},"properties":{"id":"osm-node-12536385332","source":"osm-place","place":"neighbourhood","name":"Lot Al Yousr تجزئة اليسر","name_ar":"تجزئة اليسر","name_fr":"Lot Al Yousr","type_osm":"node"}},{"type":"Feature","geometry":{"type":"Point","coordinates":[-7.5651502,33.2633466]},"properties":{"id":"osm-node-12556206815","source":"osm-place","place":"neighbourhood","name":"Lot Baydi II تجزئة البايضي 2","name_ar":"تجزئة البايضي 2","name_fr":"Lot Baydi II","type_osm":"node"}},{"type":"Feature","geometry":{"type":"Point","coordinates":[-7.5877432,33.2646056]},"properties":{"id":"osm-node-12556206816","source":"osm-place","place":"neighbourhood","name":"Hay Moustakbal حي المستقبل","name_ar":"حي المستقبل","name_fr":"Hay Moustakbal","type_osm":"node"}},{"type":"Feature","geometry":{"type":"Point","coordinates":[-7.5897972,33.2751773]},"properties":{"id":"osm-node-12556206817","source":"osm-place","place":"neighbourhood","name":"Hay El Houda حي الهدى","name_ar":"حي الهدى","name_fr":"Hay El Houda","type_osm":"node"}},{"type":"Feature","geometry":{"type":"Point","coordinates":[-7.5764953,33.2667359]},"properties":{"id":"osm-node-12556206818","source":"osm-place","place":"neighbourhood","name":"Hay Tissir حي التيسير","name_ar":"حي التيسير","name_fr":"Hay Tissir","type_osm":"node"}},{"type":"Feature","geometry":{"type":"Point","coordinates":[-7.5821521,33.2523185]},"properties":{"id":"osm-node-12556206819","source":"osm-place","place":"neighbourhood","name":"La Perle d'Abrar جوهرة الأبرار","name_ar":"جوهرة الأبرار","name_fr":"La Perle d'Abrar","type_osm":"node"}},{"type":"Feature","geometry":{"type":"Point","coordinates":[-7.5728984,33.2624931]},"properties":{"id":"osm-node-12556233936","source":"osm-place","place":"neighbourhood","name":"Hay Al Wahda حي الوحدة","name_ar":"حي الوحدة","name_fr":"Hay Al Wahda","type_osm":"node"}},{"type":"Feature","geometry":{"type":"Point","coordinates":[-7.5732084,33.2587556]},"properties":{"id":"osm-node-12556233937","source":"osm-place","place":"neighbourhood","name":"Hay Amine حي أمين","name_ar":"حي أمين","name_fr":"Hay Amine","type_osm":"node"}},{"type":"Feature","geometry":{"type":"Point","coordinates":[-7.5772352,33.2635551]},"properties":{"id":"osm-node-12556249345","source":"osm-place","place":"neighbourhood","name":"Hay Ezzahra حي الزهراء","name_ar":"حي الزهراء","name_fr":"Hay Ezzahra","type_osm":"node"}},{"type":"Feature","geometry":{"type":"Point","coordinates":[-7.5727424,33.2754399]},"properties":{"id":"osm-node-12556249346","source":"osm-place","place":"neighbourhood","name":"Hay Raha حي الراحة","name_ar":"حي الراحة","name_fr":"Hay Raha","type_osm":"node"}},{"type":"Feature","geometry":{"type":"Point","coordinates":[-7.5914109,33.2653158]},"properties":{"id":"osm-node-12556249388","source":"osm-place","place":"neighbourhood","name":"Derb Jdid الدرب الجديد","name_ar":"الدرب الجديد","name_fr":"Derb Jdid","type_osm":"node"}},{"type":"Feature","geometry":{"type":"Point","coordinates":[-7.590923,33.2770554]},"properties":{"id":"osm-node-12556249389","source":"osm-place","place":"neighbourhood","name":"Lot Samira تجزئة سميرة","name_ar":"تجزئة سميرة","name_fr":"Lot Samira","type_osm":"node"}},{"type":"Feature","geometry":{"type":"Point","coordinates":[-7.587752,33.2722264]},"properties":{"id":"osm-node-12574102732","source":"osm-place","place":"neighbourhood","name":"Hay Kadiri حي القادري","name_ar":"حي القادري","name_fr":"Hay Kadiri","type_osm":"node"}},{"type":"Feature","geometry":{"type":"Point","coordinates":[-7.5871995,33.2706095]},"properties":{"id":"osm-node-12574102733","source":"osm-place","place":"neighbourhood","name":"Derb Arlaud درب أرلو","name_ar":"درب أرلو","name_fr":"Derb Arlaud","type_osm":"node"}},{"type":"Feature","geometry":{"type":"Point","coordinates":[-7.5895676,33.2712383]},"properties":{"id":"osm-node-12574102734","source":"osm-place","place":"neighbourhood","name":"Derb Tahiri درب الطاهري","name_ar":"درب الطاهري","name_fr":"Derb Tahiri","type_osm":"node"}},{"type":"Feature","geometry":{"type":"Point","coordinates":[-7.5909451,33.262642]},"properties":{"id":"osm-node-12574102738","source":"osm-place","place":"neighbourhood","name":"Derb Lihoudi درب اليهودي","name_ar":"درب اليهودي","name_fr":"Derb Lihoudi","type_osm":"node"}},{"type":"Feature","geometry":{"type":"Point","coordinates":[-7.5917761,33.2740999]},"properties":{"id":"osm-node-12574102745","source":"osm-place","place":"neighbourhood","name":"Hay Al Izzdihar حي الازدهار","name_ar":"حي الازدهار","name_fr":"Hay Al Izzdihar","type_osm":"node"}},{"type":"Feature","geometry":{"type":"Point","coordinates":[-7.5836375,33.2644271]},"properties":{"id":"osm-node-12574102746","source":"osm-place","place":"neighbourhood","name":"Quartier Souk lakdim حي سوق القديم","name_ar":"حي سوق القديم","name_fr":"Quartier Souk lakdim","type_osm":"node"}},{"type":"Feature","geometry":{"type":"Point","coordinates":[-6.8271762,34.0314104]},"properties":{"id":"osm-node-12606451042","source":"osm-place","place":"quarter","name":"Bab Al Bahr","type_osm":"node"}},{"type":"Feature","geometry":{"type":"Point","coordinates":[-7.7324388,33.5585574]},"properties":{"id":"osm-node-12696287913","source":"osm-place","place":"suburb","name":"Domaine d'Anfa","type_osm":"node"}},{"type":"Feature","geometry":{"type":"Point","coordinates":[-7.6543731,33.5949159]},"properties":{"id":"osm-node-12790126448","source":"osm-place","place":"suburb","name":"Val d'Anfa ڨال أنفا","name_ar":"ڨال أنفا","name_fr":"Val d'Anfa","type_osm":"node"}},{"type":"Feature","geometry":{"type":"Point","coordinates":[-6.6407752,34.2383026]},"properties":{"id":"osm-node-12873428952","source":"osm-place","place":"suburb","name":"Al Bouhaira","type_osm":"node"}},{"type":"Feature","geometry":{"type":"Point","coordinates":[-7.6163969,33.5587054]},"properties":{"id":"osm-node-12897000264","source":"osm-place","place":"suburb","name":"Polo بولو","name_ar":"بولو","name_fr":"Polo","type_osm":"node"}},{"type":"Feature","geometry":{"type":"Point","coordinates":[-6.6419097,34.2252109]},"properties":{"id":"osm-node-12903840767","source":"osm-place","place":"suburb","name":"Les Jardins de Hellala","type_osm":"node"}},{"type":"Feature","geometry":{"type":"Point","coordinates":[-8.5366792,33.2402276]},"properties":{"id":"osm-node-12973740823","source":"osm-place","place":"quarter","name":"Lot. Charifa 3","type_osm":"node"}},{"type":"Feature","geometry":{"type":"Point","coordinates":[-8.4800401,33.2222168]},"properties":{"id":"osm-node-12973740824","source":"osm-place","place":"quarter","name":"Yousr Mazagan","type_osm":"node"}},{"type":"Feature","geometry":{"type":"Point","coordinates":[-8.4721258,33.2191472]},"properties":{"id":"osm-node-12973740825","source":"osm-place","place":"quarter","name":"Lot. Joudani","type_osm":"node"}},{"type":"Feature","geometry":{"type":"Point","coordinates":[-8.49475,33.2264691]},"properties":{"id":"osm-node-12980209702","source":"osm-place","place":"quarter","name":"Lot. Malak","type_osm":"node"}},{"type":"Feature","geometry":{"type":"Point","coordinates":[-8.5343968,33.225643]},"properties":{"id":"osm-node-12980209703","source":"osm-place","place":"quarter","name":"Palmiers 8","type_osm":"node"}},{"type":"Feature","geometry":{"type":"Point","coordinates":[-8.4798554,33.2268684]},"properties":{"id":"osm-node-12980343126","source":"osm-place","place":"quarter","name":"Lot. Wissal","type_osm":"node"}},{"type":"Feature","geometry":{"type":"Point","coordinates":[-8.5188208,33.2310741]},"properties":{"id":"osm-node-12980343135","source":"osm-place","place":"quarter","name":"Lot. Assadaka","type_osm":"node"}},{"type":"Feature","geometry":{"type":"Point","coordinates":[-8.5266126,33.2238794]},"properties":{"id":"osm-node-12980343149","source":"osm-place","place":"quarter","name":"Lot. Lina","type_osm":"node"}},{"type":"Feature","geometry":{"type":"Point","coordinates":[-8.5316149,33.249081]},"properties":{"id":"osm-node-12980399228","source":"osm-place","place":"quarter","name":"Lot. El Basma","type_osm":"node"}},{"type":"Feature","geometry":{"type":"Point","coordinates":[-8.5379235,33.239995]},"properties":{"id":"osm-node-13004587453","source":"osm-place","place":"quarter","name":"Résidence Al Khalil","type_osm":"node"}},{"type":"Feature","geometry":{"type":"Point","coordinates":[-8.4796266,33.240091]},"properties":{"id":"osm-node-13006215947","source":"osm-place","place":"quarter","name":"Bab California","type_osm":"node"}},{"type":"Feature","geometry":{"type":"Point","coordinates":[-8.4764154,33.2322095]},"properties":{"id":"osm-node-13006215948","source":"osm-place","place":"quarter","name":"Lot. Masarat Simo","type_osm":"node"}},{"type":"Feature","geometry":{"type":"Point","coordinates":[-8.4758306,33.2335795]},"properties":{"id":"osm-node-13006215949","source":"osm-place","place":"quarter","name":"Lot. Floride 2","type_osm":"node"}},{"type":"Feature","geometry":{"type":"Point","coordinates":[-8.4867785,33.2288493]},"properties":{"id":"osm-node-13006215950","source":"osm-place","place":"quarter","name":"Résidence Bihi","type_osm":"node"}},{"type":"Feature","geometry":{"type":"Point","coordinates":[-8.4783376,33.2328532]},"properties":{"id":"osm-node-13006215993","source":"osm-place","place":"quarter","name":"Lot. Haris","type_osm":"node"}},{"type":"Feature","geometry":{"type":"Point","coordinates":[-8.5006221,33.1919623]},"properties":{"id":"osm-node-13040989635","source":"osm-place","place":"quarter","name":"Douar El Queriwat ⴷⵓⴰⵔ ⵍⵇⵓⵔⵉⵡⴰⵜ دوار القريوات","type_osm":"node"}},{"type":"Feature","geometry":{"type":"Point","coordinates":[-8.5027893,33.190418]},"properties":{"id":"osm-node-13040989636","source":"osm-place","place":"quarter","name":"Douar El Kfitat دوار الكفيتات ⴷⵓⴰⵔ ⴻⵍ ⴽⴼⵉⵜⴰⵜ","type_osm":"node"}},{"type":"Feature","geometry":{"type":"Point","coordinates":[-8.5515147,33.2267512]},"properties":{"id":"osm-node-13050108372","source":"osm-place","place":"quarter","name":"Lot. Hassar","type_osm":"node"}},{"type":"Feature","geometry":{"type":"Point","coordinates":[-8.5501879,33.2279359]},"properties":{"id":"osm-node-13050108381","source":"osm-place","place":"quarter","name":"Hacienda 1","type_osm":"node"}},{"type":"Feature","geometry":{"type":"Point","coordinates":[-8.5525424,33.2250871]},"properties":{"id":"osm-node-13050115435","source":"osm-place","place":"quarter","name":"Hacienda 2","type_osm":"node"}},{"type":"Feature","geometry":{"type":"Point","coordinates":[-8.5476939,33.2290936]},"properties":{"id":"osm-node-13050631380","source":"osm-place","place":"quarter","name":"Lot. Rizq","type_osm":"node"}},{"type":"Feature","geometry":{"type":"Point","coordinates":[-8.546427,33.2285522]},"properties":{"id":"osm-node-13050631394","source":"osm-place","place":"quarter","name":"Résidence Les Roseries","type_osm":"node"}},{"type":"Feature","geometry":{"type":"Point","coordinates":[-8.5596181,33.2195412]},"properties":{"id":"osm-node-13050638107","source":"osm-place","place":"quarter","name":"Résidence Rizq","type_osm":"node"}},{"type":"Feature","geometry":{"type":"Point","coordinates":[-8.5674153,33.2168036]},"properties":{"id":"osm-node-13050638112","source":"osm-place","place":"quarter","name":"Haymills Beach","type_osm":"node"}},{"type":"Feature","geometry":{"type":"Point","coordinates":[-8.5669982,33.2151184]},"properties":{"id":"osm-node-13050638127","source":"osm-place","place":"quarter","name":"Résidence Oasis","type_osm":"node"}},{"type":"Feature","geometry":{"type":"Point","coordinates":[-8.5666245,33.2160781]},"properties":{"id":"osm-node-13050638133","source":"osm-place","place":"quarter","name":"Résidence Sokhour","type_osm":"node"}},{"type":"Feature","geometry":{"type":"Point","coordinates":[-8.5613539,33.2146098]},"properties":{"id":"osm-node-13050638141","source":"osm-place","place":"quarter","name":"Résidence Marbella","type_osm":"node"}},{"type":"Feature","geometry":{"type":"Point","coordinates":[-8.5583588,33.2157946]},"properties":{"id":"osm-node-13050638149","source":"osm-place","place":"quarter","name":"Résidence Marwa","type_osm":"node"}},{"type":"Feature","geometry":{"type":"Point","coordinates":[-8.5591822,33.2175434]},"properties":{"id":"osm-node-13050638156","source":"osm-place","place":"quarter","name":"Résidence Zina","type_osm":"node"}},{"type":"Feature","geometry":{"type":"Point","coordinates":[-8.5646987,33.2143794]},"properties":{"id":"osm-node-13051095055","source":"osm-place","place":"quarter","name":"Hay Al Baraka","type_osm":"node"}},{"type":"Feature","geometry":{"type":"Point","coordinates":[-8.5610365,33.2136015]},"properties":{"id":"osm-node-13051095072","source":"osm-place","place":"quarter","name":"Lot. Manarat Sidi Bouzid","type_osm":"node"}},{"type":"Feature","geometry":{"type":"Point","coordinates":[-8.5619449,33.2149426]},"properties":{"id":"osm-node-13051095076","source":"osm-place","place":"quarter","name":"Résidence El Omari","type_osm":"node"}},{"type":"Feature","geometry":{"type":"Point","coordinates":[-8.5615363,33.2169136]},"properties":{"id":"osm-node-13051095081","source":"osm-place","place":"quarter","name":"5ème Tranche","type_osm":"node"}},{"type":"Feature","geometry":{"type":"Point","coordinates":[-8.5588163,33.2207965]},"properties":{"id":"osm-node-13051095086","source":"osm-place","place":"quarter","name":"Cos'One 2","type_osm":"node"}},{"type":"Feature","geometry":{"type":"Point","coordinates":[-8.5555554,33.2217021]},"properties":{"id":"osm-node-13051095097","source":"osm-place","place":"quarter","name":"Les Chalets","type_osm":"node"}},{"type":"Feature","geometry":{"type":"Point","coordinates":[-8.5536872,33.2186136]},"properties":{"id":"osm-node-13051279713","source":"osm-place","place":"quarter","name":"Mers Beach","type_osm":"node"}},{"type":"Feature","geometry":{"type":"Point","coordinates":[-8.5558732,33.2184536]},"properties":{"id":"osm-node-13051328571","source":"osm-place","place":"quarter","name":"Diamant Vert 7","type_osm":"node"}},{"type":"Feature","geometry":{"type":"Point","coordinates":[-8.5550435,33.2173107]},"properties":{"id":"osm-node-13051328581","source":"osm-place","place":"quarter","name":"Diamant Vert 8","type_osm":"node"}},{"type":"Feature","geometry":{"type":"Point","coordinates":[-8.5562917,33.2194858]},"properties":{"id":"osm-node-13051328585","source":"osm-place","place":"quarter","name":"Résidence Hamza","type_osm":"node"}},{"type":"Feature","geometry":{"type":"Point","coordinates":[-8.5530837,33.2212315]},"properties":{"id":"osm-node-13051328598","source":"osm-place","place":"quarter","name":"Lot. Essabil","type_osm":"node"}},{"type":"Feature","geometry":{"type":"Point","coordinates":[-8.5483398,33.224838]},"properties":{"id":"osm-node-13051334610","source":"osm-place","place":"quarter","name":"El Castillejo","type_osm":"node"}},{"type":"Feature","geometry":{"type":"Point","coordinates":[-8.5555702,33.2207296]},"properties":{"id":"osm-node-13051334620","source":"osm-place","place":"quarter","name":"Russibis B","type_osm":"node"}},{"type":"Feature","geometry":{"type":"Point","coordinates":[-8.5588274,33.2194927]},"properties":{"id":"osm-node-13051334637","source":"osm-place","place":"quarter","name":"Coopérative El Basma","type_osm":"node"}},{"type":"Feature","geometry":{"type":"Point","coordinates":[-8.5570393,33.2213476]},"properties":{"id":"osm-node-13051334658","source":"osm-place","place":"quarter","name":"Costa Blanca","type_osm":"node"}},{"type":"Feature","geometry":{"type":"Point","coordinates":[-8.5589562,33.2151156]},"properties":{"id":"osm-node-13051334664","source":"osm-place","place":"quarter","name":"Résidence Al Waha","type_osm":"node"}},{"type":"Feature","geometry":{"type":"Point","coordinates":[-8.5585395,33.2149764]},"properties":{"id":"osm-node-13051334667","source":"osm-place","place":"quarter","name":"Résidence Boumane 2","type_osm":"node"}},{"type":"Feature","geometry":{"type":"Point","coordinates":[-8.5570446,33.2194553]},"properties":{"id":"osm-node-13051334673","source":"osm-place","place":"quarter","name":"Résidence Oumaima","type_osm":"node"}},{"type":"Feature","geometry":{"type":"Point","coordinates":[-8.5467418,33.2258442]},"properties":{"id":"osm-node-13051334686","source":"osm-place","place":"quarter","name":"Résidence Riad Annakhil","type_osm":"node"}},{"type":"Feature","geometry":{"type":"Point","coordinates":[-8.541052,33.2307458]},"properties":{"id":"osm-node-13051334700","source":"osm-place","place":"quarter","name":"Résidence Aya","type_osm":"node"}},{"type":"Feature","geometry":{"type":"Point","coordinates":[-8.5539268,33.223231]},"properties":{"id":"osm-node-13051334708","source":"osm-place","place":"quarter","name":"Résidence Boumane 1","type_osm":"node"}},{"type":"Feature","geometry":{"type":"Point","coordinates":[-8.5581263,33.216115]},"properties":{"id":"osm-node-13051334711","source":"osm-place","place":"quarter","name":"Ryad Sidi Bouzid","type_osm":"node"}},{"type":"Feature","geometry":{"type":"Point","coordinates":[-8.547401,33.22478]},"properties":{"id":"osm-node-13051339282","source":"osm-place","place":"quarter","name":"ÔBateau","type_osm":"node"}},{"type":"Feature","geometry":{"type":"Point","coordinates":[-8.5473831,33.2341404]},"properties":{"id":"osm-node-13051343304","source":"osm-place","place":"quarter","name":"Résidence Boumane 3","type_osm":"node"}},{"type":"Feature","geometry":{"type":"Point","coordinates":[-8.5480573,33.2346459]},"properties":{"id":"osm-node-13051343311","source":"osm-place","place":"quarter","name":"Résidence Amitié","type_osm":"node"}},{"type":"Feature","geometry":{"type":"Point","coordinates":[-8.5497596,33.2253349]},"properties":{"id":"osm-node-13051343314","source":"osm-place","place":"quarter","name":"La Perla","type_osm":"node"}},{"type":"Feature","geometry":{"type":"Point","coordinates":[-8.5470291,33.2266557]},"properties":{"id":"osm-node-13051362169","source":"osm-place","place":"quarter","name":"Résidence El Menzeh","type_osm":"node"}},{"type":"Feature","geometry":{"type":"Point","coordinates":[-8.5695525,33.2147642]},"properties":{"id":"osm-node-13051362181","source":"osm-place","place":"quarter","name":"Résidence Marwa 2","type_osm":"node"}},{"type":"Feature","geometry":{"type":"Point","coordinates":[-8.5526957,33.2192985]},"properties":{"id":"osm-node-13051362191","source":"osm-place","place":"quarter","name":"Résidence Plamier","type_osm":"node"}},{"type":"Feature","geometry":{"type":"Point","coordinates":[-8.559798,33.2155247]},"properties":{"id":"osm-node-13051844630","source":"osm-place","place":"quarter","name":"Diamant Vert 3","type_osm":"node"}},{"type":"Feature","geometry":{"type":"Point","coordinates":[-8.5462635,33.2270475]},"properties":{"id":"osm-node-13051844641","source":"osm-place","place":"quarter","name":"Diamant Vert 2","type_osm":"node"}},{"type":"Feature","geometry":{"type":"Point","coordinates":[-8.5455858,33.2275052]},"properties":{"id":"osm-node-13051844649","source":"osm-place","place":"quarter","name":"Diamant Vert 1","type_osm":"node"}},{"type":"Feature","geometry":{"type":"Point","coordinates":[-8.5579472,33.216809]},"properties":{"id":"osm-node-13051849152","source":"osm-place","place":"quarter","name":"Lot. Imane","type_osm":"node"}},{"type":"Feature","geometry":{"type":"Point","coordinates":[-8.5581046,33.2184112]},"properties":{"id":"osm-node-13051849158","source":"osm-place","place":"quarter","name":"Résidence Belle Vue","type_osm":"node"}},{"type":"Feature","geometry":{"type":"Point","coordinates":[-8.5490495,33.2284782]},"properties":{"id":"osm-node-13051875597","source":"osm-place","place":"quarter","name":"Lot. Amzirira","type_osm":"node"}},{"type":"Feature","geometry":{"type":"Point","coordinates":[-8.5594756,33.2208144]},"properties":{"id":"osm-node-13052311676","source":"osm-place","place":"quarter","name":"Résidence Santa","type_osm":"node"}},{"type":"Feature","geometry":{"type":"Point","coordinates":[-8.5444633,33.2277805]},"properties":{"id":"osm-node-13052311683","source":"osm-place","place":"quarter","name":"Marjana","type_osm":"node"}},{"type":"Feature","geometry":{"type":"Point","coordinates":[-8.543951,33.228221]},"properties":{"id":"osm-node-13052311686","source":"osm-place","place":"quarter","name":"Alhambra","type_osm":"node"}},{"type":"Feature","geometry":{"type":"Point","coordinates":[-8.5458089,33.2386384]},"properties":{"id":"osm-node-13055158543","source":"osm-place","place":"quarter","name":"Villas Joury","type_osm":"node"}},{"type":"Feature","geometry":{"type":"Point","coordinates":[-8.5430972,33.2291289]},"properties":{"id":"osm-node-13055158553","source":"osm-place","place":"quarter","name":"Calabonita","type_osm":"node"}},{"type":"Feature","geometry":{"type":"Point","coordinates":[-8.5420458,33.2300503]},"properties":{"id":"osm-node-13055158561","source":"osm-place","place":"quarter","name":"Résidence Al Bahara","type_osm":"node"}},{"type":"Feature","geometry":{"type":"Point","coordinates":[-8.5467754,33.2372587]},"properties":{"id":"osm-node-13055158565","source":"osm-place","place":"quarter","name":"Vague D'Or","type_osm":"node"}},{"type":"Feature","geometry":{"type":"Point","coordinates":[-8.5460101,33.2390841]},"properties":{"id":"osm-node-13055158570","source":"osm-place","place":"quarter","name":"Pavillon Bleu","type_osm":"node"}},{"type":"Feature","geometry":{"type":"Point","coordinates":[-8.5452805,33.2400517]},"properties":{"id":"osm-node-13055158587","source":"osm-place","place":"quarter","name":"Nourou Ssamaa","type_osm":"node"}},{"type":"Feature","geometry":{"type":"Point","coordinates":[-8.5436616,33.2420735]},"properties":{"id":"osm-node-13056178236","source":"osm-place","place":"quarter","name":"Lot. Al Kawtar","type_osm":"node"}},{"type":"Feature","geometry":{"type":"Point","coordinates":[-8.5447487,33.2421393]},"properties":{"id":"osm-node-13056178244","source":"osm-place","place":"quarter","name":"Résidence Dalia","type_osm":"node"}},{"type":"Feature","geometry":{"type":"Point","coordinates":[-8.5692355,33.2155358]},"properties":{"id":"osm-node-13056178248","source":"osm-place","place":"quarter","name":"Five Brother","type_osm":"node"}},{"type":"Feature","geometry":{"type":"Point","coordinates":[-8.5473264,33.2353688]},"properties":{"id":"osm-node-13056178260","source":"osm-place","place":"quarter","name":"Bel-Air","type_osm":"node"}},{"type":"Feature","geometry":{"type":"Point","coordinates":[-8.5550954,33.2222562]},"properties":{"id":"osm-node-13057226444","source":"osm-place","place":"quarter","name":"Diamant Vert 9","type_osm":"node"}},{"type":"Feature","geometry":{"type":"Point","coordinates":[-8.5526265,33.2244176]},"properties":{"id":"osm-node-13058257445","source":"osm-place","place":"quarter","name":"SNEP","type_osm":"node"}},{"type":"Feature","geometry":{"type":"Point","coordinates":[-8.5562171,33.2212344]},"properties":{"id":"osm-node-13058257451","source":"osm-place","place":"quarter","name":"Widadiat Nour Essakin","type_osm":"node"}},{"type":"Feature","geometry":{"type":"Point","coordinates":[-8.5607527,33.2147256]},"properties":{"id":"osm-node-13058257452","source":"osm-place","place":"quarter","name":"Sidi Bouzid 1","type_osm":"node"}},{"type":"Feature","geometry":{"type":"Point","coordinates":[-8.5602386,33.2144982]},"properties":{"id":"osm-node-13058257454","source":"osm-place","place":"quarter","name":"Diamant Vert 5","type_osm":"node"}},{"type":"Feature","geometry":{"type":"Point","coordinates":[-8.5624845,33.215033]},"properties":{"id":"osm-node-13058257457","source":"osm-place","place":"quarter","name":"Sidi Bouzid 2","type_osm":"node"}},{"type":"Feature","geometry":{"type":"Point","coordinates":[-8.5632642,33.2150023]},"properties":{"id":"osm-node-13058257458","source":"osm-place","place":"quarter","name":"Lot. Ghita","type_osm":"node"}},{"type":"Feature","geometry":{"type":"Point","coordinates":[-8.5576905,33.2193331]},"properties":{"id":"osm-node-13058257461","source":"osm-place","place":"quarter","name":"Résidence Russibbus","type_osm":"node"}},{"type":"Feature","geometry":{"type":"Point","coordinates":[-8.5570522,33.2177699]},"properties":{"id":"osm-node-13058257466","source":"osm-place","place":"quarter","name":"Résidence Kabila","type_osm":"node"}},{"type":"Feature","geometry":{"type":"Point","coordinates":[-8.5934177,33.1937458]},"properties":{"id":"osm-node-13063982707","source":"osm-place","place":"quarter","name":"Hay El Massira 1","type_osm":"node"}},{"type":"Feature","geometry":{"type":"Point","coordinates":[-8.5835024,33.2006722]},"properties":{"id":"osm-node-13063982725","source":"osm-place","place":"quarter","name":"Lot. Essalam A","type_osm":"node"}},{"type":"Feature","geometry":{"type":"Point","coordinates":[-8.5827163,33.1994382]},"properties":{"id":"osm-node-13063982735","source":"osm-place","place":"quarter","name":"Lot. Tit","type_osm":"node"}},{"type":"Feature","geometry":{"type":"Point","coordinates":[-8.5955587,33.1893034]},"properties":{"id":"osm-node-13063982776","source":"osm-place","place":"quarter","name":"Hay El Massira 2","type_osm":"node"}},{"type":"Feature","geometry":{"type":"Point","coordinates":[-8.5824499,33.2027493]},"properties":{"id":"osm-node-13064026316","source":"osm-place","place":"quarter","name":"Lot. Gaza","type_osm":"node"}},{"type":"Feature","geometry":{"type":"Point","coordinates":[-8.5809745,33.2044438]},"properties":{"id":"osm-node-13064431986","source":"osm-place","place":"quarter","name":"Lot. Amina","type_osm":"node"}},{"type":"Feature","geometry":{"type":"Point","coordinates":[-8.5811301,33.2050303]},"properties":{"id":"osm-node-13064431989","source":"osm-place","place":"quarter","name":"Lot. Al Basma","type_osm":"node"}},{"type":"Feature","geometry":{"type":"Point","coordinates":[-8.5808062,33.201754]},"properties":{"id":"osm-node-13064431999","source":"osm-place","place":"quarter","name":"Lot. Khabbar","type_osm":"node"}},{"type":"Feature","geometry":{"type":"Point","coordinates":[-8.5800033,33.2007621]},"properties":{"id":"osm-node-13064432013","source":"osm-place","place":"quarter","name":"Lot. Ben Rkia","type_osm":"node"}},{"type":"Feature","geometry":{"type":"Point","coordinates":[-8.4781679,33.240049]},"properties":{"id":"osm-node-13064503620","source":"osm-place","place":"quarter","name":"Lot. Prestigia","type_osm":"node"}},{"type":"Feature","geometry":{"type":"Point","coordinates":[-8.4767776,33.2406487]},"properties":{"id":"osm-node-13064503621","source":"osm-place","place":"quarter","name":"Lot. Badaouia","type_osm":"node"}},{"type":"Feature","geometry":{"type":"Point","coordinates":[-8.4788751,33.2275362]},"properties":{"id":"osm-node-13064503622","source":"osm-place","place":"quarter","name":"Lot. Ennakhil 2","type_osm":"node"}},{"type":"Feature","geometry":{"type":"Point","coordinates":[-8.482826,33.2283821]},"properties":{"id":"osm-node-13064503623","source":"osm-place","place":"quarter","name":"Lot. Badr","type_osm":"node"}},{"type":"Feature","geometry":{"type":"Point","coordinates":[-8.4857165,33.2282258]},"properties":{"id":"osm-node-13064503624","source":"osm-place","place":"quarter","name":"Lot. Touirsa","type_osm":"node"}},{"type":"Feature","geometry":{"type":"Point","coordinates":[-8.4809091,33.2294373]},"properties":{"id":"osm-node-13064503625","source":"osm-place","place":"quarter","name":"Lot. Al Badr","type_osm":"node"}},{"type":"Feature","geometry":{"type":"Point","coordinates":[-8.4814035,33.2240226]},"properties":{"id":"osm-node-13064503626","source":"osm-place","place":"quarter","name":"Lot. Al Amal","type_osm":"node"}},{"type":"Feature","geometry":{"type":"Point","coordinates":[-8.4742496,33.2372984]},"properties":{"id":"osm-node-13064503627","source":"osm-place","place":"quarter","name":"California Atlantic","type_osm":"node"}},{"type":"Feature","geometry":{"type":"Point","coordinates":[-8.5815255,33.2036077]},"properties":{"id":"osm-node-13064503628","source":"osm-place","place":"quarter","name":"Lot. Saad","type_osm":"node"}},{"type":"Feature","geometry":{"type":"Point","coordinates":[-8.5831026,33.2023255]},"properties":{"id":"osm-node-13064503629","source":"osm-place","place":"quarter","name":"Lot. Dar Ghazza 2","type_osm":"node"}},{"type":"Feature","geometry":{"type":"Point","coordinates":[-8.5821603,33.1997295]},"properties":{"id":"osm-node-13064503630","source":"osm-place","place":"quarter","name":"Lot. El Khair 2","type_osm":"node"}},{"type":"Feature","geometry":{"type":"Point","coordinates":[-8.594671,33.1921432]},"properties":{"id":"osm-node-13064503631","source":"osm-place","place":"quarter","name":"Lot. Al Massira 3","type_osm":"node"}},{"type":"Feature","geometry":{"type":"Point","coordinates":[-8.4695764,33.2389048]},"properties":{"id":"osm-node-13064905073","source":"osm-place","place":"quarter","name":"Lot. Anfa 3","type_osm":"node"}},{"type":"Feature","geometry":{"type":"Point","coordinates":[-8.4713252,33.2385009]},"properties":{"id":"osm-node-13064905074","source":"osm-place","place":"quarter","name":"Lot. Ghita","type_osm":"node"}},{"type":"Feature","geometry":{"type":"Point","coordinates":[-8.4712805,33.24033]},"properties":{"id":"osm-node-13064905075","source":"osm-place","place":"quarter","name":"Lot. Chafik","type_osm":"node"}},{"type":"Feature","geometry":{"type":"Point","coordinates":[-8.4707601,33.239515]},"properties":{"id":"osm-node-13064905076","source":"osm-place","place":"quarter","name":"Lot. Claire de Lune","type_osm":"node"}},{"type":"Feature","geometry":{"type":"Point","coordinates":[-8.4704991,33.2414068]},"properties":{"id":"osm-node-13064905077","source":"osm-place","place":"quarter","name":"Lot. Karima","type_osm":"node"}},{"type":"Feature","geometry":{"type":"Point","coordinates":[-8.4691579,33.2416461]},"properties":{"id":"osm-node-13064905078","source":"osm-place","place":"quarter","name":"Lot. Charaf","type_osm":"node"}},{"type":"Feature","geometry":{"type":"Point","coordinates":[-8.4799386,33.2384755]},"properties":{"id":"osm-node-13064905079","source":"osm-place","place":"quarter","name":"Lot. Riad Californie","type_osm":"node"}},{"type":"Feature","geometry":{"type":"Point","coordinates":[-8.4891086,33.2429725]},"properties":{"id":"osm-node-13064905084","source":"osm-place","place":"quarter","name":"Lot. Marcilly","type_osm":"node"}},{"type":"Feature","geometry":{"type":"Point","coordinates":[-8.5074049,33.2437591]},"properties":{"id":"osm-node-13064905085","source":"osm-place","place":"quarter","name":"Lot. Plateau d'Anfa","type_osm":"node"}},{"type":"Feature","geometry":{"type":"Point","coordinates":[-8.4803664,33.2326304]},"properties":{"id":"osm-node-13064905087","source":"osm-place","place":"quarter","name":"Lot. Massar Assalam","type_osm":"node"}},{"type":"Feature","geometry":{"type":"Point","coordinates":[-8.4777843,33.2326513]},"properties":{"id":"osm-node-13064905093","source":"osm-place","place":"quarter","name":"Lot. Arraha","type_osm":"node"}},{"type":"Feature","geometry":{"type":"Point","coordinates":[-8.4762018,33.2267566]},"properties":{"id":"osm-node-13064905094","source":"osm-place","place":"quarter","name":"Lot. Berrada","type_osm":"node"}},{"type":"Feature","geometry":{"type":"Point","coordinates":[-8.5894259,33.1905468]},"properties":{"id":"osm-node-13064975621","source":"osm-place","place":"quarter","name":"Lot. Ben Lahsen","type_osm":"node"}},{"type":"Feature","geometry":{"type":"Point","coordinates":[-8.5792261,33.1991418]},"properties":{"id":"osm-node-13064975623","source":"osm-place","place":"quarter","name":"Lot. Al Akhawayne","type_osm":"node"}},{"type":"Feature","geometry":{"type":"Point","coordinates":[-8.579877,33.1990423]},"properties":{"id":"osm-node-13064975624","source":"osm-place","place":"quarter","name":"Lot. Hiba","type_osm":"node"}},{"type":"Feature","geometry":{"type":"Point","coordinates":[-8.5914668,33.1947217]},"properties":{"id":"osm-node-13064975631","source":"osm-place","place":"quarter","name":"Lot. Saniat Al Arab","type_osm":"node"}},{"type":"Feature","geometry":{"type":"Point","coordinates":[-8.5628119,33.2126131]},"properties":{"id":"osm-node-13065098085","source":"osm-place","place":"quarter","name":"Lot. Baraka T6 T7","type_osm":"node"}},{"type":"Feature","geometry":{"type":"Point","coordinates":[-8.5661155,33.2163688]},"properties":{"id":"osm-node-13065098087","source":"osm-place","place":"quarter","name":"Ile des Sables","type_osm":"node"}},{"type":"Feature","geometry":{"type":"Point","coordinates":[-8.5540625,33.2204026]},"properties":{"id":"osm-node-13065098088","source":"osm-place","place":"quarter","name":"Lot. Essafaa","type_osm":"node"}},{"type":"Feature","geometry":{"type":"Point","coordinates":[-8.5506579,33.2256755]},"properties":{"id":"osm-node-13065098089","source":"osm-place","place":"quarter","name":"Lot. Sikal","type_osm":"node"}},{"type":"Feature","geometry":{"type":"Point","coordinates":[-8.5492261,33.2273992]},"properties":{"id":"osm-node-13065098090","source":"osm-place","place":"quarter","name":"Lot. Mzayrira","type_osm":"node"}},{"type":"Feature","geometry":{"type":"Point","coordinates":[-8.5502113,33.2267983]},"properties":{"id":"osm-node-13065098091","source":"osm-place","place":"quarter","name":"Lot. Ennasser 7","type_osm":"node"}},{"type":"Feature","geometry":{"type":"Point","coordinates":[-8.5489521,33.2305848]},"properties":{"id":"osm-node-13065098092","source":"osm-place","place":"quarter","name":"Lot. Ocean Belle Vue","type_osm":"node"}},{"type":"Feature","geometry":{"type":"Point","coordinates":[-8.5472119,33.2316571]},"properties":{"id":"osm-node-13065098096","source":"osm-place","place":"quarter","name":"Lot. Toubkal","type_osm":"node"}},{"type":"Feature","geometry":{"type":"Point","coordinates":[-8.5477171,33.2350612]},"properties":{"id":"osm-node-13065098097","source":"osm-place","place":"quarter","name":"Lot. Sable d'Or","type_osm":"node"}},{"type":"Feature","geometry":{"type":"Point","coordinates":[-8.5405985,33.2296289]},"properties":{"id":"osm-node-13065098100","source":"osm-place","place":"quarter","name":"Les Jardins de Mazagan","type_osm":"node"}},{"type":"Feature","geometry":{"type":"Point","coordinates":[-8.5383544,33.2369368]},"properties":{"id":"osm-node-13065144627","source":"osm-place","place":"quarter","name":"Lot. Nessma","type_osm":"node"}},{"type":"Feature","geometry":{"type":"Point","coordinates":[-8.5373137,33.2379837]},"properties":{"id":"osm-node-13065144628","source":"osm-place","place":"quarter","name":"Lot. Al Massira","type_osm":"node"}},{"type":"Feature","geometry":{"type":"Point","coordinates":[-8.5318313,33.247712]},"properties":{"id":"osm-node-13065144631","source":"osm-place","place":"quarter","name":"Lot. Adam 2","type_osm":"node"}},{"type":"Feature","geometry":{"type":"Point","coordinates":[-8.5243551,33.2532749]},"properties":{"id":"osm-node-13065144653","source":"osm-place","place":"quarter","name":"Lot. Oussama 5","type_osm":"node"}},{"type":"Feature","geometry":{"type":"Point","coordinates":[-8.5218882,33.2245938]},"properties":{"id":"osm-node-13065244418","source":"osm-place","place":"quarter","name":"Lot. Al Yassamine","type_osm":"node"}},{"type":"Feature","geometry":{"type":"Point","coordinates":[-8.5216701,33.2258937]},"properties":{"id":"osm-node-13065244419","source":"osm-place","place":"quarter","name":"Lot. Ouid","type_osm":"node"}},{"type":"Feature","geometry":{"type":"Point","coordinates":[-8.5227108,33.2257666]},"properties":{"id":"osm-node-13065244420","source":"osm-place","place":"quarter","name":"Lot. Bouhris","type_osm":"node"}},{"type":"Feature","geometry":{"type":"Point","coordinates":[-8.523494,33.2259281]},"properties":{"id":"osm-node-13065244421","source":"osm-place","place":"quarter","name":"Lot. Al Hamd","type_osm":"node"}},{"type":"Feature","geometry":{"type":"Point","coordinates":[-8.5275334,33.2245026]},"properties":{"id":"osm-node-13065244433","source":"osm-place","place":"quarter","name":"Lot. Majliss Sakane","type_osm":"node"}},{"type":"Feature","geometry":{"type":"Point","coordinates":[-8.5256737,33.2262946]},"properties":{"id":"osm-node-13065244434","source":"osm-place","place":"quarter","name":"Lot. Afif 2","type_osm":"node"}},{"type":"Feature","geometry":{"type":"Point","coordinates":[-8.5184818,33.2297079]},"properties":{"id":"osm-node-13065244435","source":"osm-place","place":"quarter","name":"Lot. Hadaik El Jadida","type_osm":"node"}},{"type":"Feature","geometry":{"type":"Point","coordinates":[-8.5176396,33.2273506]},"properties":{"id":"osm-node-13065244436","source":"osm-place","place":"quarter","name":"Lot. Al Baraka","type_osm":"node"}},{"type":"Feature","geometry":{"type":"Point","coordinates":[-8.4935015,33.2201945]},"properties":{"id":"osm-node-13065244437","source":"osm-place","place":"quarter","name":"Lot. Al Amane","type_osm":"node"}},{"type":"Feature","geometry":{"type":"Point","coordinates":[-8.4935283,33.2192745]},"properties":{"id":"osm-node-13065244438","source":"osm-place","place":"quarter","name":"Lot. Assafwa","type_osm":"node"}},{"type":"Feature","geometry":{"type":"Point","coordinates":[-8.4931573,33.2184218]},"properties":{"id":"osm-node-13065244439","source":"osm-place","place":"quarter","name":"Lot. Hanane","type_osm":"node"}},{"type":"Feature","geometry":{"type":"Point","coordinates":[-8.4515732,33.2484513]},"properties":{"id":"osm-node-13065257076","source":"osm-place","place":"quarter","name":"Ard Labhar","type_osm":"node"}},{"type":"Feature","geometry":{"type":"Point","coordinates":[-8.4963447,33.2207756]},"properties":{"id":"osm-node-13065274086","source":"osm-place","place":"quarter","name":"El Borj (Douar Lahouaoura)","type_osm":"node"}},{"type":"Feature","geometry":{"type":"Point","coordinates":[-8.4994131,33.219178]},"properties":{"id":"osm-node-13065274087","source":"osm-place","place":"quarter","name":"Lot. Errabii","type_osm":"node"}},{"type":"Feature","geometry":{"type":"Point","coordinates":[-8.5145801,33.2301903]},"properties":{"id":"osm-node-13065274088","source":"osm-place","place":"quarter","name":"Lot. Jawhara","type_osm":"node"}},{"type":"Feature","geometry":{"type":"Point","coordinates":[-8.5184426,33.2307005]},"properties":{"id":"osm-node-13065274089","source":"osm-place","place":"quarter","name":"Lot. Assadaka","type_osm":"node"}},{"type":"Feature","geometry":{"type":"Point","coordinates":[-8.5249317,33.2271346]},"properties":{"id":"osm-node-13065274090","source":"osm-place","place":"quarter","name":"Lot. Takafoul","type_osm":"node"}},{"type":"Feature","geometry":{"type":"Point","coordinates":[-8.5194439,33.2244332]},"properties":{"id":"osm-node-13065274093","source":"osm-place","place":"quarter","name":"Lot. Al Baraka 2","type_osm":"node"}},{"type":"Feature","geometry":{"type":"Point","coordinates":[-8.5195463,33.2253236]},"properties":{"id":"osm-node-13065274094","source":"osm-place","place":"quarter","name":"Lot. Miftah Al Khair","type_osm":"node"}},{"type":"Feature","geometry":{"type":"Point","coordinates":[-8.5189817,33.2282153]},"properties":{"id":"osm-node-13065274095","source":"osm-place","place":"quarter","name":"Lot. Al Borouj","type_osm":"node"}},{"type":"Feature","geometry":{"type":"Point","coordinates":[-8.5352091,33.2406204]},"properties":{"id":"osm-node-13065274096","source":"osm-place","place":"quarter","name":"Lot. Amal","type_osm":"node"}},{"type":"Feature","geometry":{"type":"Point","coordinates":[-8.5373995,33.2426438]},"properties":{"id":"osm-node-13065274099","source":"osm-place","place":"quarter","name":"Lot. Koutbi","type_osm":"node"}},{"type":"Feature","geometry":{"type":"Point","coordinates":[-8.5311965,33.24655]},"properties":{"id":"osm-node-13065274100","source":"osm-place","place":"quarter","name":"Lot. Ali","type_osm":"node"}},{"type":"Feature","geometry":{"type":"Point","coordinates":[-8.525301,33.2480649]},"properties":{"id":"osm-node-13065341801","source":"osm-place","place":"quarter","name":"Lot. Puymalet","type_osm":"node"}},{"type":"Feature","geometry":{"type":"Point","coordinates":[-8.5258982,33.2478316]},"properties":{"id":"osm-node-13065341802","source":"osm-place","place":"quarter","name":"Lot. Yahia","type_osm":"node"}},{"type":"Feature","geometry":{"type":"Point","coordinates":[-8.525461,33.2474869]},"properties":{"id":"osm-node-13065341803","source":"osm-place","place":"quarter","name":"Lot. Kharba Ville","type_osm":"node"}},{"type":"Feature","geometry":{"type":"Point","coordinates":[-8.4845341,33.2325754]},"properties":{"id":"osm-node-13066084897","source":"osm-place","place":"quarter","name":"Lot. Mazagan","type_osm":"node"}},{"type":"Feature","geometry":{"type":"Point","coordinates":[-8.489455,33.2399735]},"properties":{"id":"osm-node-13066084900","source":"osm-place","place":"quarter","name":"Lot. Morjana","type_osm":"node"}},{"type":"Feature","geometry":{"type":"Point","coordinates":[-8.4728933,33.239827]},"properties":{"id":"osm-node-13066226906","source":"osm-place","place":"quarter","name":"Lot. Najmat Californie","type_osm":"node"}},{"type":"Feature","geometry":{"type":"Point","coordinates":[-8.4688387,33.2404177]},"properties":{"id":"osm-node-13066226907","source":"osm-place","place":"quarter","name":"Lot. Californie 2","type_osm":"node"}},{"type":"Feature","geometry":{"type":"Point","coordinates":[-8.5088108,33.2454658]},"properties":{"id":"osm-node-13066226908","source":"osm-place","place":"quarter","name":"Lot. Kafaf et Afaf","type_osm":"node"}},{"type":"Feature","geometry":{"type":"Point","coordinates":[-8.4875203,33.2344801]},"properties":{"id":"osm-node-13067746550","source":"osm-place","place":"quarter","name":"Lot. Salama","type_osm":"node"}},{"type":"Feature","geometry":{"type":"Point","coordinates":[-8.4865216,33.2344809]},"properties":{"id":"osm-node-13067746551","source":"osm-place","place":"quarter","name":"Lot. Zahra 2","type_osm":"node"}},{"type":"Feature","geometry":{"type":"Point","coordinates":[-8.4945226,33.2377361]},"properties":{"id":"osm-node-13067746552","source":"osm-place","place":"quarter","name":"Lot. Chafik","type_osm":"node"}},{"type":"Feature","geometry":{"type":"Point","coordinates":[-8.5323784,33.2395802]},"properties":{"id":"osm-node-13067746553","source":"osm-place","place":"quarter","name":"Coop. Moulay Rachid","type_osm":"node"}},{"type":"Feature","geometry":{"type":"Point","coordinates":[-8.5057781,33.2339716]},"properties":{"id":"osm-node-13067746556","source":"osm-place","place":"quarter","name":"Lot. Al Farah","type_osm":"node"}},{"type":"Feature","geometry":{"type":"Point","coordinates":[-8.5053525,33.2343784]},"properties":{"id":"osm-node-13067746557","source":"osm-place","place":"quarter","name":"Lot. El Wahrani","type_osm":"node"}},{"type":"Feature","geometry":{"type":"Point","coordinates":[-8.5035858,33.2319988]},"properties":{"id":"osm-node-13067746558","source":"osm-place","place":"quarter","name":"Lot. Chbani","type_osm":"node"}},{"type":"Feature","geometry":{"type":"Point","coordinates":[-8.4947962,33.2227923]},"properties":{"id":"osm-node-13067783723","source":"osm-place","place":"quarter","name":"Lot. Ouardia Hassania","type_osm":"node"}},{"type":"Feature","geometry":{"type":"Point","coordinates":[-8.5302282,33.234285]},"properties":{"id":"osm-node-13067803608","source":"osm-place","place":"quarter","name":"Lot. Sanabil 1","type_osm":"node"}},{"type":"Feature","geometry":{"type":"Point","coordinates":[-8.5301272,33.2355585]},"properties":{"id":"osm-node-13067803609","source":"osm-place","place":"quarter","name":"Lot. Tassnim","type_osm":"node"}},{"type":"Feature","geometry":{"type":"Point","coordinates":[-8.5281772,33.2330368]},"properties":{"id":"osm-node-13067803610","source":"osm-place","place":"quarter","name":"Lot. Janate Al Binaa","type_osm":"node"}},{"type":"Feature","geometry":{"type":"Point","coordinates":[-8.5278982,33.2323488]},"properties":{"id":"osm-node-13067803611","source":"osm-place","place":"quarter","name":"Lot. Camelia 1","type_osm":"node"}},{"type":"Feature","geometry":{"type":"Point","coordinates":[-8.5367173,33.2315778]},"properties":{"id":"osm-node-13067805126","source":"osm-place","place":"quarter","name":"Lot. Jnane","type_osm":"node"}},{"type":"Feature","geometry":{"type":"Point","coordinates":[-8.4790197,33.2236998]},"properties":{"id":"osm-node-13067812376","source":"osm-place","place":"quarter","name":"Lot. Prestigia 2","type_osm":"node"}},{"type":"Feature","geometry":{"type":"Point","coordinates":[-8.4783438,33.2227484]},"properties":{"id":"osm-node-13067812377","source":"osm-place","place":"quarter","name":"Lot. Dotas","type_osm":"node"}},{"type":"Feature","geometry":{"type":"Point","coordinates":[-8.5032738,33.2222373]},"properties":{"id":"osm-node-13067814399","source":"osm-place","place":"quarter","name":"Lot. Zehar","type_osm":"node"}},{"type":"Feature","geometry":{"type":"Point","coordinates":[-8.4949004,33.2212665]},"properties":{"id":"osm-node-13067814400","source":"osm-place","place":"quarter","name":"Lot. Faicel","type_osm":"node"}},{"type":"Feature","geometry":{"type":"Point","coordinates":[-8.5145098,33.2285402]},"properties":{"id":"osm-node-13068392699","source":"osm-place","place":"quarter","name":"Lot. Al Wifak","type_osm":"node"}},{"type":"Feature","geometry":{"type":"Point","coordinates":[-8.5151245,33.2281333]},"properties":{"id":"osm-node-13068413307","source":"osm-place","place":"quarter","name":"Lot. Al Ikhlass 2","type_osm":"node"}},{"type":"Feature","geometry":{"type":"Point","coordinates":[-8.5144955,33.2278331]},"properties":{"id":"osm-node-13068413317","source":"osm-place","place":"quarter","name":"Lot. Al Ikhlass 3","type_osm":"node"}},{"type":"Feature","geometry":{"type":"Point","coordinates":[-8.5128268,33.228489]},"properties":{"id":"osm-node-13068413326","source":"osm-place","place":"quarter","name":"Ryad Salam","type_osm":"node"}},{"type":"Feature","geometry":{"type":"Point","coordinates":[-8.516526,33.2279456]},"properties":{"id":"osm-node-13068413329","source":"osm-place","place":"quarter","name":"Jnane El Matar","type_osm":"node"}},{"type":"Feature","geometry":{"type":"Point","coordinates":[-8.5155854,33.2287702]},"properties":{"id":"osm-node-13068413389","source":"osm-place","place":"quarter","name":"Douar Lakrainate","type_osm":"node"}},{"type":"Feature","geometry":{"type":"Point","coordinates":[-8.5015579,33.2190223]},"properties":{"id":"osm-node-13068424188","source":"osm-place","place":"quarter","name":"Lot. Lokman","type_osm":"node"}},{"type":"Feature","geometry":{"type":"Point","coordinates":[-8.5022025,33.22904]},"properties":{"id":"osm-node-13068511846","source":"osm-place","place":"quarter","name":"Lot. Fath Faycal","type_osm":"node"}},{"type":"Feature","geometry":{"type":"Point","coordinates":[-8.5041873,33.2310876]},"properties":{"id":"osm-node-13068540656","source":"osm-place","place":"quarter","name":"Lot. Mazagan","type_osm":"node"}},{"type":"Feature","geometry":{"type":"Point","coordinates":[-8.5179712,33.2368352]},"properties":{"id":"osm-node-13068605055","source":"osm-place","place":"quarter","name":"Lot. Hazmi 2","type_osm":"node"}},{"type":"Feature","geometry":{"type":"Point","coordinates":[-8.5182421,33.2376414]},"properties":{"id":"osm-node-13068605056","source":"osm-place","place":"quarter","name":"Lot. Melk Hazmi 2","type_osm":"node"}},{"type":"Feature","geometry":{"type":"Point","coordinates":[-8.5198134,33.2278282]},"properties":{"id":"osm-node-13069355362","source":"osm-place","place":"quarter","name":"Lot. Nahda","type_osm":"node"}},{"type":"Feature","geometry":{"type":"Point","coordinates":[-8.4832298,33.2384611]},"properties":{"id":"osm-node-13069355367","source":"osm-place","place":"quarter","name":"Lot. Luxia Sud","type_osm":"node"}},{"type":"Feature","geometry":{"type":"Point","coordinates":[-8.4828418,33.2379929]},"properties":{"id":"osm-node-13069355374","source":"osm-place","place":"quarter","name":"Lot. El Khalil","type_osm":"node"}},{"type":"Feature","geometry":{"type":"Point","coordinates":[-8.5431379,33.221091]},"properties":{"id":"osm-node-13069393253","source":"osm-place","place":"quarter","name":"Lot. Badr","type_osm":"node"}},{"type":"Feature","geometry":{"type":"Point","coordinates":[-8.5238224,33.2493348]},"properties":{"id":"osm-node-13070630839","source":"osm-place","place":"quarter","name":"Lot. Bouafi","type_osm":"node"}},{"type":"Feature","geometry":{"type":"Point","coordinates":[-8.5219806,33.2510209]},"properties":{"id":"osm-node-13070630840","source":"osm-place","place":"quarter","name":"Lot. Annasro Minallah","type_osm":"node"}},{"type":"Feature","geometry":{"type":"Point","coordinates":[-8.5249981,33.2518523]},"properties":{"id":"osm-node-13070630856","source":"osm-place","place":"quarter","name":"Lot. Guessous","type_osm":"node"}},{"type":"Feature","geometry":{"type":"Point","coordinates":[-8.5059222,33.237244]},"properties":{"id":"osm-node-13070840100","source":"osm-place","place":"quarter","name":"Lot. Yakout","type_osm":"node"}},{"type":"Feature","geometry":{"type":"Point","coordinates":[-8.5076585,33.2388353]},"properties":{"id":"osm-node-13070848861","source":"osm-place","place":"quarter","name":"Lot. Ibn Badis 3","type_osm":"node"}},{"type":"Feature","geometry":{"type":"Point","coordinates":[-8.5036873,33.2387607]},"properties":{"id":"osm-node-13072263374","source":"osm-place","place":"quarter","name":"Lot. Zhour","type_osm":"node"}},{"type":"Feature","geometry":{"type":"Point","coordinates":[-8.5046085,33.2422868]},"properties":{"id":"osm-node-13072263381","source":"osm-place","place":"quarter","name":"Lot. Benmansour","type_osm":"node"}},{"type":"Feature","geometry":{"type":"Point","coordinates":[-8.5061651,33.2421282]},"properties":{"id":"osm-node-13072263382","source":"osm-place","place":"quarter","name":"El Yacout 2","type_osm":"node"}},{"type":"Feature","geometry":{"type":"Point","coordinates":[-8.4935147,33.2234575]},"properties":{"id":"osm-node-13072630595","source":"osm-place","place":"quarter","name":"Lot. Feddan Draa","type_osm":"node"}},{"type":"Feature","geometry":{"type":"Point","coordinates":[-8.5193018,33.2270936]},"properties":{"id":"osm-node-13072642103","source":"osm-place","place":"quarter","name":"Lot. Lahmam","type_osm":"node"}},{"type":"Feature","geometry":{"type":"Point","coordinates":[-8.5201048,33.2376448]},"properties":{"id":"osm-node-13078272546","source":"osm-place","place":"quarter","name":"Lot. Al Yamane","type_osm":"node"}},{"type":"Feature","geometry":{"type":"Point","coordinates":[-8.5271796,33.2387762]},"properties":{"id":"osm-node-13078272552","source":"osm-place","place":"quarter","name":"Lot. El Kaddioui","type_osm":"node"}},{"type":"Feature","geometry":{"type":"Point","coordinates":[-8.4888727,33.2313394]},"properties":{"id":"osm-node-13081890685","source":"osm-place","place":"quarter","name":"Lot. Les Facultées","type_osm":"node"}},{"type":"Feature","geometry":{"type":"Point","coordinates":[-8.4430105,33.1805354]},"properties":{"id":"osm-node-13082024727","source":"osm-place","place":"quarter","name":"Lot. Riad Haouzia","type_osm":"node"}},{"type":"Feature","geometry":{"type":"Point","coordinates":[-8.448299,33.1939453]},"properties":{"id":"osm-node-13082024832","source":"osm-place","place":"quarter","name":"Ard Abderrahmane","type_osm":"node"}},{"type":"Feature","geometry":{"type":"Point","coordinates":[-8.4452676,33.1947097]},"properties":{"id":"osm-node-13082024881","source":"osm-place","place":"quarter","name":"Difaf Haouzia","type_osm":"node"}},{"type":"Feature","geometry":{"type":"Point","coordinates":[-8.5806128,33.209907]},"properties":{"id":"osm-node-13094872993","source":"osm-place","place":"quarter","name":"Résidence Nour Amira","type_osm":"node"}},{"type":"Feature","geometry":{"type":"Point","coordinates":[-7.6436131,33.5727285]},"properties":{"id":"osm-node-13111279501","source":"osm-place","place":"suburb","name":"Berger بيرجي","name_ar":"بيرجي","name_fr":"Berger","type_osm":"node"}},{"type":"Feature","geometry":{"type":"Point","coordinates":[-7.6590687,33.5588917]},"properties":{"id":"osm-node-13158317482","source":"osm-place","place":"suburb","name":"Casa Anfa","type_osm":"node"}},{"type":"Feature","geometry":{"type":"Point","coordinates":[-7.5830415,33.5669075]},"properties":{"id":"osm-node-13373093206","source":"osm-place","place":"neighbourhood","name":"Derb Milan درب ميلان","name_ar":"درب ميلان","name_fr":"Derb Milan","type_osm":"node"}},{"type":"Feature","geometry":{"type":"Point","coordinates":[-8.5179765,33.254467]},"properties":{"id":"osm-node-13384405395","source":"osm-place","place":"quarter","name":"Lot. Badaoui","type_osm":"node"}},{"type":"Feature","geometry":{"type":"Point","coordinates":[-8.518031,33.2539786]},"properties":{"id":"osm-node-13384429106","source":"osm-place","place":"quarter","name":"Lot. Zoubir","type_osm":"node"}},{"type":"Feature","geometry":{"type":"Point","coordinates":[-8.5177574,33.2525864]},"properties":{"id":"osm-node-13384429115","source":"osm-place","place":"quarter","name":"Lot. Habiba","type_osm":"node"}},{"type":"Feature","geometry":{"type":"Point","coordinates":[-8.5315118,33.2345461]},"properties":{"id":"osm-node-13384439630","source":"osm-place","place":"quarter","name":"Lot. Al Khalil","type_osm":"node"}},{"type":"Feature","geometry":{"type":"Point","coordinates":[-8.5307572,33.2340675]},"properties":{"id":"osm-node-13384439631","source":"osm-place","place":"quarter","name":"Naïma II","type_osm":"node"}},{"type":"Feature","geometry":{"type":"Point","coordinates":[-8.5253123,33.2349754]},"properties":{"id":"osm-node-13384439632","source":"osm-place","place":"quarter","name":"Lot. Garden City","type_osm":"node"}},{"type":"Feature","geometry":{"type":"Point","coordinates":[-8.5230267,33.246801]},"properties":{"id":"osm-node-13387666892","source":"osm-place","place":"quarter","name":"Lot. El Ayachi","type_osm":"node"}},{"type":"Feature","geometry":{"type":"Point","coordinates":[-5.8124593,34.9996543]},"properties":{"id":"osm-node-13503592235","source":"osm-place","place":"neighbourhood","name":"الدباريين Dbariyyin","name_ar":"الدباريين","name_fr":"Dbariyyin","type_osm":"node"}},{"type":"Feature","geometry":{"type":"Point","coordinates":[-5.78981,35.4761529]},"properties":{"id":"osm-node-13503936402","source":"osm-place","place":"neighbourhood","name":"اجبيلة","name_ar":"اجبيلة","type_osm":"node"}},{"type":"Feature","geometry":{"type":"Point","coordinates":[-5.7907182,35.4705735]},"properties":{"id":"osm-node-13503936403","source":"osm-place","place":"neighbourhood","name":"Boumzoued بومزواد","name_ar":"بومزواد","name_fr":"Boumzoued","type_osm":"node"}},{"type":"Feature","geometry":{"type":"Point","coordinates":[-5.786566,35.4651294]},"properties":{"id":"osm-node-13503936404","source":"osm-place","place":"neighbourhood","name":"الخروب","type_osm":"node"}},{"type":"Feature","geometry":{"type":"Point","coordinates":[-4.3195266,34.9452694]},"properties":{"id":"osm-node-13509674056","source":"osm-place","place":"neighbourhood","name":"Maalemines لمعلمين","name_ar":"لمعلمين","name_fr":"Maalemines","type_osm":"node"}},{"type":"Feature","geometry":{"type":"Point","coordinates":[-7.5812576,33.5447972]},"properties":{"id":"osm-node-13577945533","source":"osm-place","place":"neighbourhood","name":"Derb Moulay Bouchaib","type_osm":"node"}},{"type":"Feature","geometry":{"type":"Point","coordinates":[-7.5746587,33.5384088]},"properties":{"id":"osm-node-13577985530","source":"osm-place","place":"neighbourhood","name":"Hay Laalou حي لعلو","name_ar":"حي لعلو","name_fr":"Hay Laalou","type_osm":"node"}},{"type":"Feature","geometry":{"type":"Point","coordinates":[-7.5795689,33.5458253]},"properties":{"id":"osm-node-13577985531","source":"osm-place","place":"neighbourhood","name":"Messaoudia","type_osm":"node"}},{"type":"Feature","geometry":{"type":"Point","coordinates":[-7.5731857,33.5498577]},"properties":{"id":"osm-node-13577985532","source":"osm-place","place":"neighbourhood","name":"Artisanat","type_osm":"node"}},{"type":"Feature","geometry":{"type":"Point","coordinates":[-7.578515,33.5506761]},"properties":{"id":"osm-node-13577985533","source":"osm-place","place":"neighbourhood","name":"Derb Salama","type_osm":"node"}},{"type":"Feature","geometry":{"type":"Point","coordinates":[-7.5804192,33.5494086]},"properties":{"id":"osm-node-13577985534","source":"osm-place","place":"neighbourhood","name":"Derb El Kodia","type_osm":"node"}},{"type":"Feature","geometry":{"type":"Point","coordinates":[-7.5831977,33.5498078]},"properties":{"id":"osm-node-13577985535","source":"osm-place","place":"neighbourhood","name":"Ksar Bhar","type_osm":"node"}},{"type":"Feature","geometry":{"type":"Point","coordinates":[-7.5839642,33.5514946]},"properties":{"id":"osm-node-13577985536","source":"osm-place","place":"neighbourhood","name":"El Ahd El Jadid","type_osm":"node"}},{"type":"Feature","geometry":{"type":"Point","coordinates":[-7.5859522,33.5544987]},"properties":{"id":"osm-node-13577985537","source":"osm-place","place":"neighbourhood","name":"Jawadi","type_osm":"node"}},{"type":"Feature","geometry":{"type":"Point","coordinates":[-7.5703832,33.5510155]},"properties":{"id":"osm-node-13577985538","source":"osm-place","place":"neighbourhood","name":"Derb Friha","type_osm":"node"}},{"type":"Feature","geometry":{"type":"Point","coordinates":[-7.5703234,33.5488496]},"properties":{"id":"osm-node-13577985539","source":"osm-place","place":"neighbourhood","name":"Derb Lahjar","type_osm":"node"}},{"type":"Feature","geometry":{"type":"Point","coordinates":[-7.5759881,33.5453961]},"properties":{"id":"osm-node-13577985540","source":"osm-place","place":"neighbourhood","name":"Derb Douam","type_osm":"node"}},{"type":"Feature","geometry":{"type":"Point","coordinates":[-7.5667545,33.546504]},"properties":{"id":"osm-node-13577985541","source":"osm-place","place":"neighbourhood","name":"Jamila 4","type_osm":"node"}},{"type":"Feature","geometry":{"type":"Point","coordinates":[-7.5635089,33.5451665]},"properties":{"id":"osm-node-13577985542","source":"osm-place","place":"neighbourhood","name":"Jamila 6","type_osm":"node"}},{"type":"Feature","geometry":{"type":"Point","coordinates":[-7.569497,33.5412737]},"properties":{"id":"osm-node-13577985543","source":"osm-place","place":"neighbourhood","name":"Jamila 7","type_osm":"node"}},{"type":"Feature","geometry":{"type":"Point","coordinates":[-7.578515,33.5428009]},"properties":{"id":"osm-node-13577985544","source":"osm-place","place":"neighbourhood","name":"Jamila 3","type_osm":"node"}},{"type":"Feature","geometry":{"type":"Point","coordinates":[-6.1494792,35.1965366]},"properties":{"id":"osm-node-13606312674","source":"osm-place","place":"neighbourhood","name":"Casbah","type_osm":"node"}},{"type":"Feature","geometry":{"type":"Point","coordinates":[-6.1506593,35.197501]},"properties":{"id":"osm-node-13606312675","source":"osm-place","place":"neighbourhood","name":"Hay Hadjira","type_osm":"node"}},{"type":"Feature","geometry":{"type":"Point","coordinates":[-6.1522472,35.197878]},"properties":{"id":"osm-node-13606312676","source":"osm-place","place":"neighbourhood","name":"Hay Kbibat","type_osm":"node"}},{"type":"Feature","geometry":{"type":"Point","coordinates":[-3.9547777,35.2287416]},"properties":{"id":"osm-node-13606312677","source":"osm-place","place":"neighbourhood","name":"Haj Yahya الحاج يحيى","name_ar":"الحاج يحيى","name_fr":"Haj Yahya","type_osm":"node"}},{"type":"Feature","geometry":{"type":"Point","coordinates":[-6.027841,35.4713524]},"properties":{"id":"osm-node-13606312678","source":"osm-place","place":"neighbourhood","name":"Nakhil","name_fr":"Nakhil","type_osm":"node"}},{"type":"Feature","geometry":{"type":"Point","coordinates":[-5.3486252,35.7499604]},"properties":{"id":"osm-node-13606312680","source":"osm-place","place":"neighbourhood","name":"Jawhara Smir","type_osm":"node"}},{"type":"Feature","geometry":{"type":"Point","coordinates":[-5.2667427,35.1725367]},"properties":{"id":"osm-node-13606312682","source":"osm-place","place":"suburb","name":"Souk السوق","name_ar":"السوق","name_fr":"Souk","type_osm":"node"}},{"type":"Feature","geometry":{"type":"Point","coordinates":[-5.2614749,35.1700284]},"properties":{"id":"osm-node-13606312683","source":"osm-place","place":"suburb","name":"Rif Al Andalous","type_osm":"node"}},{"type":"Feature","geometry":{"type":"Point","coordinates":[-5.2625263,35.1672482]},"properties":{"id":"osm-node-13606312684","source":"osm-place","place":"suburb","name":"Souika","type_osm":"node"}},{"type":"Feature","geometry":{"type":"Point","coordinates":[-5.2594471,35.1675552]},"properties":{"id":"osm-node-13606312685","source":"osm-place","place":"suburb","name":"Sebbanine","type_osm":"node"}},{"type":"Feature","geometry":{"type":"Point","coordinates":[-7.576036,33.5479813]},"properties":{"id":"osm-node-13612806366","source":"osm-place","place":"neighbourhood","name":"Derb Laadam","type_osm":"node"}},{"type":"Feature","geometry":{"type":"Point","coordinates":[-5.3678971,35.8448533]},"properties":{"id":"osm-node-13722329194","source":"osm-place","place":"neighbourhood","name":"حي رأس لوطا","name_ar":"حي رأس لوطا","type_osm":"node"}},{"type":"Feature","geometry":{"type":"Point","coordinates":[-4.6302826,34.5331414]},"properties":{"id":"osm-node-13836113282","source":"osm-place","place":"suburb","name":"حي القلعة","type_osm":"node"}},{"type":"Feature","geometry":{"type":"Point","coordinates":[-7.1228078,33.6238086]},"properties":{"id":"osm-node-13847133507","source":"osm-place","place":"neighbourhood","name":"حي الحسني","name_ar":"حي الحسني","type_osm":"node"}},{"type":"Feature","geometry":{"type":"Point","coordinates":[-7.1317516,33.6256051]},"properties":{"id":"osm-node-13847133508","source":"osm-place","place":"neighbourhood","name":"حي كريم","name_ar":"حي كريم","type_osm":"node"}},{"type":"Feature","geometry":{"type":"Point","coordinates":[-4.6333752,34.536923]},"properties":{"id":"osm-node-13851340720","source":"osm-place","place":"suburb","name":"حي القلايع","type_osm":"node"}},{"type":"Feature","geometry":{"type":"Point","coordinates":[-4.6360951,34.5414583]},"properties":{"id":"osm-node-13851340721","source":"osm-place","place":"suburb","name":"حي حجر دريان","type_osm":"node"}},{"type":"Feature","geometry":{"type":"Point","coordinates":[-4.6533363,34.5523449]},"properties":{"id":"osm-node-13851340722","source":"osm-place","place":"suburb","name":"حي أسطار","type_osm":"node"}},{"type":"Feature","geometry":{"type":"Point","coordinates":[-4.6569271,34.5478507]},"properties":{"id":"osm-node-13851340723","source":"osm-place","place":"suburb","name":"حي العشايش","type_osm":"node"}},{"type":"Feature","geometry":{"type":"Point","coordinates":[-4.6375838,34.5497135]},"properties":{"id":"osm-node-13851340724","source":"osm-place","place":"suburb","name":"حي الگلسة الحايلة","type_osm":"node"}},{"type":"Feature","geometry":{"type":"Point","coordinates":[-6.898448,33.9268155]},"properties":{"id":"osm-way-135780275","source":"osm-place","place":"suburb","name":"Hay Massira 1","type_osm":"way"}},{"type":"Feature","geometry":{"type":"Point","coordinates":[-1.236537,32.0985147]},"properties":{"id":"osm-way-147499038","source":"osm-place","place":"neighbourhood","name":"Ksar Zenaga قصر زناكة","name_ar":"قصر زناكة","name_fr":"Ksar Zenaga","type_osm":"way"}},{"type":"Feature","geometry":{"type":"Point","coordinates":[-8.3534951,33.280923]},"properties":{"id":"osm-way-167316950","source":"osm-place","place":"neighbourhood","name":"Hay Oum R'bia","type_osm":"way"}},{"type":"Feature","geometry":{"type":"Point","coordinates":[-9.2341277,32.3272642]},"properties":{"id":"osm-way-176338255","source":"osm-place","place":"suburb","name":"Quartier Chichane","type_osm":"way"}},{"type":"Feature","geometry":{"type":"Point","coordinates":[-4.9902949,34.0520827]},"properties":{"id":"osm-way-194132852","source":"osm-place","place":"neighbourhood","name":"Mellah الملاح","name_ar":"الملاح","type_osm":"way"}},{"type":"Feature","geometry":{"type":"Point","coordinates":[-1.9775051,32.5360726]},"properties":{"id":"osm-way-247956292","source":"osm-place","place":"neighbourhood","name":"Haya Lahona","type_osm":"way"}},{"type":"Feature","geometry":{"type":"Point","coordinates":[-6.2526796,32.5933175]},"properties":{"id":"osm-way-259343052","source":"osm-place","place":"suburb","name":"Hay alwahat حي الواحة","name_ar":"حي الواحة","name_fr":"Hay alwahat","population":1200,"type_osm":"way"}},{"type":"Feature","geometry":{"type":"Point","coordinates":[-6.275809,32.6056851]},"properties":{"id":"osm-way-260243392","source":"osm-place","place":"suburb","name":"Hay Arrashidia حي الراشدية","name_ar":"حي الراشدية","name_fr":"Hay Arrashidia","population":2600,"type_osm":"way"}},{"type":"Feature","geometry":{"type":"Point","coordinates":[-6.2791431,32.6081569]},"properties":{"id":"osm-way-260243684","source":"osm-place","place":"suburb","name":"Hay arrahmat حي الرحمة","name_ar":"حي الرحمة","name_fr":"Hay arrahmat","population":1400,"type_osm":"way"}},{"type":"Feature","geometry":{"type":"Point","coordinates":[-6.2662061,32.60454]},"properties":{"id":"osm-way-260245105","source":"osm-place","place":"suburb","name":"Hay Felistine حي فلسطين","name_ar":"حي فلسطين","name_fr":"Hay Felistine","population":2400,"type_osm":"way"}},{"type":"Feature","geometry":{"type":"Point","coordinates":[-6.2749474,32.6117057]},"properties":{"id":"osm-way-260245610","source":"osm-place","place":"suburb","name":"Hay alma'mal حي المعمل","name_ar":"حي المعمل","name_fr":"Hay alma'mal","population":2400,"type_osm":"way"}},{"type":"Feature","geometry":{"type":"Point","coordinates":[-6.256994,32.5934793]},"properties":{"id":"osm-way-260282101","source":"osm-place","place":"suburb","name":"Hay Addakhla حي الداخلة","name_ar":"حي الداخلة","name_fr":"Hay Addakhla","population":1100,"type_osm":"way"}},{"type":"Feature","geometry":{"type":"Point","coordinates":[-6.2663713,32.5986736]},"properties":{"id":"osm-way-260313814","source":"osm-place","place":"suburb","name":"Hay Al Amal حي الامل","name_ar":"حي الامل","name_fr":"Hay Al Amal","population":2500,"type_osm":"way"}},{"type":"Feature","geometry":{"type":"Point","coordinates":[-6.2692074,32.5984046]},"properties":{"id":"osm-way-260416874","source":"osm-place","place":"suburb","name":"Hay Arriad حي الرياض","name_ar":"حي الرياض","name_fr":"Hay Arriad","population":3200,"type_osm":"way"}},{"type":"Feature","geometry":{"type":"Point","coordinates":[-6.2624954,32.5926229]},"properties":{"id":"osm-way-260753011","source":"osm-place","place":"suburb","name":"Hay Muqawama حي المقاومة","name_ar":"حي المقاومة","name_fr":"Hay Muqawama","type_osm":"way"}},{"type":"Feature","geometry":{"type":"Point","coordinates":[-6.7670813,34.0672271]},"properties":{"id":"osm-way-295731073","source":"osm-place","place":"neighbourhood","name":"Secteur Nahda Laayayda قطاع النهضة لعيايدة","name_ar":"قطاع النهضة لعيايدة","name_fr":"Secteur Nahda Laayayda","type_osm":"way"}},{"type":"Feature","geometry":{"type":"Point","coordinates":[-8.0242961,31.6775717]},"properties":{"id":"osm-way-302781463","source":"osm-place","place":"neighbourhood","name":"Al Fadel","type_osm":"way"}},{"type":"Feature","geometry":{"type":"Point","coordinates":[-1.9101674,34.6529388]},"properties":{"id":"osm-way-306127719","source":"osm-place","place":"neighbourhood","name":"Lotissement La Colline","type_osm":"way"}},{"type":"Feature","geometry":{"type":"Point","coordinates":[-6.3719729,32.3207911]},"properties":{"id":"osm-way-307193786","source":"osm-place","place":"neighbourhood","name":"تجزئة عين العاطي","name_ar":"تجزئة عين العاطي","name_fr":"Ain Alati","type_osm":"way"}},{"type":"Feature","geometry":{"type":"Point","coordinates":[-5.5659516,33.8888077]},"properties":{"id":"osm-way-307426034","source":"osm-place","place":"suburb","name":"Place Bin Laqbab بين القباب","name_ar":"بين القباب","name_fr":"Place Bin Laqbab","type_osm":"way"}},{"type":"Feature","geometry":{"type":"Point","coordinates":[-8.360054,33.2813283]},"properties":{"id":"osm-way-323027084","source":"osm-place","place":"neighbourhood","name":"Hay El Wifak 2","type_osm":"way"}},{"type":"Feature","geometry":{"type":"Point","coordinates":[-8.3506811,33.2828871]},"properties":{"id":"osm-way-323031614","source":"osm-place","place":"neighbourhood","name":"Hay Amal","type_osm":"way"}},{"type":"Feature","geometry":{"type":"Point","coordinates":[-8.3582536,33.279678]},"properties":{"id":"osm-way-323031648","source":"osm-place","place":"neighbourhood","name":"Hay Al Wifak 1","type_osm":"way"}},{"type":"Feature","geometry":{"type":"Point","coordinates":[-5.3155668,31.6323666]},"properties":{"id":"osm-way-346102691","source":"osm-place","place":"neighbourhood","name":"Ighrm Aqdim n'taghia","type_osm":"way"}},{"type":"Feature","geometry":{"type":"Point","coordinates":[-9.219435,32.2854585]},"properties":{"id":"osm-way-355292301","source":"osm-place","place":"neighbourhood","name":"Lotissement Rayhan تجزئة الريحان","name_ar":"تجزئة الريحان","name_fr":"Lotissement Rayhan","type_osm":"way"}},{"type":"Feature","geometry":{"type":"Point","coordinates":[-9.2474816,32.2634827]},"properties":{"id":"osm-way-370445912","source":"osm-place","place":"suburb","name":"دار بوعودة","name_ar":"دار بوعودة","name_fr":"Dar Bououda","type_osm":"way"}},{"type":"Feature","geometry":{"type":"Point","coordinates":[-7.5218567,33.586011]},"properties":{"id":"osm-way-375456667","source":"osm-place","place":"neighbourhood","name":"Diar Essaada","type_osm":"way"}},{"type":"Feature","geometry":{"type":"Point","coordinates":[-5.5258037,31.5307529]},"properties":{"id":"osm-way-378059598","source":"osm-place","place":"suburb","name":"Afanour","name_fr":"Afanour","population":3000,"type_osm":"way"}},{"type":"Feature","geometry":{"type":"Point","coordinates":[-5.542478,31.506666]},"properties":{"id":"osm-way-378061232","source":"osm-place","place":"suburb","name":"Tichka","population":3000,"type_osm":"way"}},{"type":"Feature","geometry":{"type":"Point","coordinates":[-5.2582008,35.1705884]},"properties":{"id":"osm-way-379729908","source":"osm-place","place":"suburb","name":"Onsar","type_osm":"way"}},{"type":"Feature","geometry":{"type":"Point","coordinates":[-1.2270201,32.1226642]},"properties":{"id":"osm-way-438426689","source":"osm-place","place":"quarter","name":"Hay Al Massira حي المسيرة","name_ar":"حي المسيرة","name_fr":"Hay Al Massira","type_osm":"way"}},{"type":"Feature","geometry":{"type":"Point","coordinates":[-1.2333464,32.1237877]},"properties":{"id":"osm-way-438427954","source":"osm-place","place":"neighbourhood","name":"Ancien terrain de football ملعب الكرة القديم","name_ar":"ملعب الكرة القديم","name_fr":"Ancien terrain de football","type_osm":"way"}},{"type":"Feature","geometry":{"type":"Point","coordinates":[-1.2392724,32.1187674]},"properties":{"id":"osm-way-438477460","source":"osm-place","place":"suburb","name":"Ksar Laabidate Ait Annaj قصر لعبيدات أيت النج","name_ar":"قصر لعبيدات أيت النج","name_fr":"Ksar Laabidate Ait Annaj","type_osm":"way"}},{"type":"Feature","geometry":{"type":"Point","coordinates":[-1.2338114,32.1156656]},"properties":{"id":"osm-way-438478107","source":"osm-place","place":"suburb","name":"Ksar Oudaghir Ait Addi قصرالوداغير آيت عدي","name_ar":"قصرالوداغير آيت عدي","name_fr":"Ksar Oudaghir Ait Addi","type_osm":"way"}},{"type":"Feature","geometry":{"type":"Point","coordinates":[-1.230193,32.1140051]},"properties":{"id":"osm-way-438478679","source":"osm-place","place":"suburb","name":"Ksar Oulad Slimane قصر أولاد سليمان","name_ar":"قصر أولاد سليمان","name_fr":"Ksar Oulad Slimane","type_osm":"way"}},{"type":"Feature","geometry":{"type":"Point","coordinates":[-1.2370443,32.1152034]},"properties":{"id":"osm-way-438480737","source":"osm-place","place":"neighbourhood","name":"Ksar Jouaber (Oulad Jaber) قصر الجوابر (أولاد جابر)","name_ar":"قصر الجوابر (أولاد جابر)","name_fr":"Ksar Jouaber (Oulad Jaber)","type_osm":"way"}},{"type":"Feature","geometry":{"type":"Point","coordinates":[-1.2334274,32.1127231]},"properties":{"id":"osm-way-438480963","source":"osm-place","place":"neighbourhood","name":"Ksar Oulad Mahrez قصر أولاد محرز","name_ar":"قصر أولاد محرز","name_fr":"Ksar Oulad Mahrez","type_osm":"way"}},{"type":"Feature","geometry":{"type":"Point","coordinates":[-1.2464983,32.1132742]},"properties":{"id":"osm-way-438481346","source":"osm-place","place":"suburb","name":"Ksar Tachroumet قصر تاشرومت","name_ar":"قصر تاشرومت","name_fr":"Ksar Tachroumet","type_osm":"way"}},{"type":"Feature","geometry":{"type":"Point","coordinates":[-1.2277762,32.1143835]},"properties":{"id":"osm-way-438481457","source":"osm-place","place":"suburb","name":"Ksar Al Maiz قصر المعيز","name_ar":"قصر المعيز","name_fr":"Ksar Al Maiz","type_osm":"way"}},{"type":"Feature","geometry":{"type":"Point","coordinates":[-1.2177138,32.1184287]},"properties":{"id":"osm-way-438481563","source":"osm-place","place":"suburb","name":"Ksar Hammam Fougani Ait Aamer قصر الحمام الفوقاني آيت عامر","name_ar":"قصر الحمام الفوقاني آيت عامر","name_fr":"Ksar Hammam Fougani Ait Aamer","type_osm":"way"}},{"type":"Feature","geometry":{"type":"Point","coordinates":[-1.2176003,32.1156098]},"properties":{"id":"osm-way-438482152","source":"osm-place","place":"suburb","name":"Ksar Hammam Tahtani (Ait Ouadday) قصر الحمام التحتاني (آيت وداي)","name_ar":"قصر الحمام التحتاني (آيت وداي)","name_fr":"Ksar Hammam Tahtani (Ait Ouadday)","type_osm":"way"}},{"type":"Feature","geometry":{"type":"Point","coordinates":[-1.2296627,32.1101617]},"properties":{"id":"osm-way-438482609","source":"osm-place","place":"neighbourhood","name":"Quartier Administratif الحي الإداري","name_ar":"الحي الإداري","name_fr":"Quartier Administratif","type_osm":"way"}},{"type":"Feature","geometry":{"type":"Point","coordinates":[-1.2369752,32.0915734]},"properties":{"id":"osm-way-438531071","source":"osm-place","place":"neighbourhood","name":"Diaouanat الديوانة","name_ar":"الديوانة","name_fr":"Diaouanat","type_osm":"way"}},{"type":"Feature","geometry":{"type":"Point","coordinates":[-1.2377378,32.0878018]},"properties":{"id":"osm-way-438531534","source":"osm-place","place":"neighbourhood","name":"Quartier Berkoukes حي بركوكس","name_ar":"حي بركوكس","name_fr":"Quartier Berkoukes","type_osm":"way"}},{"type":"Feature","geometry":{"type":"Point","coordinates":[-1.2184905,32.0981291]},"properties":{"id":"osm-way-438532302","source":"osm-place","place":"neighbourhood","name":"Baghdad بغداد","name_ar":"بغداد","name_fr":"Baghdad","type_osm":"way"}},{"type":"Feature","geometry":{"type":"Point","coordinates":[-1.2232035,32.0922481]},"properties":{"id":"osm-way-438533073","source":"osm-place","place":"neighbourhood","name":"Quartier Baba Amar حي بابا عمرو","name_ar":"حي بابا عمرو","name_fr":"Quartier Baba Amar","type_osm":"way"}},{"type":"Feature","geometry":{"type":"Point","coordinates":[-1.2251237,32.0923388]},"properties":{"id":"osm-way-438533109","source":"osm-place","place":"neighbourhood","name":"Charlot شارلو","name_ar":"شارلو","name_fr":"Charlot","type_osm":"way"}},{"type":"Feature","geometry":{"type":"Point","coordinates":[-6.9022542,30.9295856]},"properties":{"id":"osm-way-475133577","source":"osm-place","place":"suburb","name":"El Wahda حي الوحدة","name_ar":"حي الوحدة","name_fr":"El Wahda","type_osm":"way"}},{"type":"Feature","geometry":{"type":"Point","coordinates":[-6.8932247,30.9268978]},"properties":{"id":"osm-way-475136035","source":"osm-place","place":"suburb","name":"Al Qods القدس","name_ar":"القدس","name_fr":"Al Qods","type_osm":"way"}},{"type":"Feature","geometry":{"type":"Point","coordinates":[-6.6057494,34.2619159]},"properties":{"id":"osm-way-475612620","source":"osm-place","place":"suburb","name":"Le Valon","type_osm":"way"}},{"type":"Feature","geometry":{"type":"Point","coordinates":[-8.8727027,30.4735439]},"properties":{"id":"osm-way-485338990","source":"osm-place","place":"suburb","name":"Kasbah القصبة","name_ar":"القصبة","name_fr":"Kasbah","type_osm":"way"}},{"type":"Feature","geometry":{"type":"Point","coordinates":[-6.601574,34.2569584]},"properties":{"id":"osm-way-488690067","source":"osm-place","place":"neighbourhood","name":"Bir Rami - Quest","type_osm":"way"}},{"type":"Feature","geometry":{"type":"Point","coordinates":[-7.9214858,30.5296535]},"properties":{"id":"osm-way-492134041","source":"osm-place","place":"neighbourhood","name":"Tabia","type_osm":"way"}},{"type":"Feature","geometry":{"type":"Point","coordinates":[-8.0032416,31.602118]},"properties":{"id":"osm-way-592824807","source":"osm-place","place":"neighbourhood","name":"Ambre Marrekesch Gold City","type_osm":"way"}},{"type":"Feature","geometry":{"type":"Point","coordinates":[-7.9855934,31.5704754]},"properties":{"id":"osm-way-592824839","source":"osm-place","place":"neighbourhood","name":"Alhadika Lahna","type_osm":"way"}},{"type":"Feature","geometry":{"type":"Point","coordinates":[-5.861407,35.7566073]},"properties":{"id":"osm-way-598420658","source":"osm-place","place":"neighbourhood","name":"Mesnana","type_osm":"way"}},{"type":"Feature","geometry":{"type":"Point","coordinates":[-7.994835,31.594399]},"properties":{"id":"osm-way-603090387","source":"osm-place","place":"neighbourhood","name":"Agdal","type_osm":"way"}},{"type":"Feature","geometry":{"type":"Point","coordinates":[-6.8871097,33.9392929]},"properties":{"id":"osm-way-624413286","source":"osm-place","place":"quarter","name":"Guich Loudaya","type_osm":"way"}},{"type":"Feature","geometry":{"type":"Point","coordinates":[-6.8952745,33.9409388]},"properties":{"id":"osm-way-624431750","source":"osm-place","place":"quarter","name":"Oulad Mtaa","type_osm":"way"}},{"type":"Feature","geometry":{"type":"Point","coordinates":[-7.9998564,31.5989334]},"properties":{"id":"osm-way-685013694","source":"osm-place","place":"neighbourhood","name":"Les Parcs de l'Agdal","type_osm":"way"}},{"type":"Feature","geometry":{"type":"Point","coordinates":[-8.0111057,31.6594907]},"properties":{"id":"osm-way-690224420","source":"osm-place","place":"suburb","name":"Issil","name_ar":"إسيل","name_fr":"Issil","type_osm":"way"}},{"type":"Feature","geometry":{"type":"Point","coordinates":[-6.6558001,34.2450088]},"properties":{"id":"osm-way-723807761","source":"osm-place","place":"neighbourhood","name":"Lotissement Alliance","type_osm":"way"}},{"type":"Feature","geometry":{"type":"Point","coordinates":[-6.6445362,34.2632068]},"properties":{"id":"osm-way-723813177","source":"osm-place","place":"neighbourhood","name":"ERAC","type_osm":"way"}},{"type":"Feature","geometry":{"type":"Point","coordinates":[-6.3611558,32.3547927]},"properties":{"id":"osm-way-760472649","source":"osm-place","place":"quarter","name":"Massira 2 / المسيرة 2","name_ar":"المسيرة 2","name_fr":"Massira 2","type_osm":"way"}},{"type":"Feature","geometry":{"type":"Point","coordinates":[-7.8208838,33.4208156]},"properties":{"id":"osm-way-765404271","source":"osm-place","place":"quarter","name":"ⵄⵓⵎⵕⴰⵏ ⵙⵙⴰⵃⵍ عمران الساحل","name_ar":"عمران الساحل","name_fr":"Omrane Sahel","type_osm":"way"}},{"type":"Feature","geometry":{"type":"Point","coordinates":[-3.8563316,35.1633443]},"properties":{"id":"osm-way-853337095","source":"osm-place","place":"quarter","name":"Zorine","population":null,"type_osm":"way"}},{"type":"Feature","geometry":{"type":"Point","coordinates":[-7.0022059,31.7340286]},"properties":{"id":"osm-way-895020087","source":"osm-place","place":"neighbourhood","name":"Mellah","type_osm":"way"}},{"type":"Feature","geometry":{"type":"Point","coordinates":[-5.561725,33.8542508]},"properties":{"id":"osm-way-936736474","source":"osm-place","place":"neighbourhood","name":"Marjane Amicale","type_osm":"way"}}]}